participant_id,condition,movie_id,target_img,lure_img,resp.keys,resp.corr,resp.rt,conf_radio.response,conf_radio.rt,is_repeat,vigilance_pressed,vigilance_correct,age,gender,handedness,vision
SUB54_nb,NB,1.0,frames/Vid1_EM_T.png,frames/Vid1_L.png,l,1.0,10.366105600027367,5.0,2.798678799998015,,,,25.0,Male,Right handed,Corrected to normal
SUB54_nb,NB,2.0,frames/Vid2_BB_T.png,frames/Vid2_L.png,r,1.0,3.638018700061366,5.0,1.297657799907029,,,,25.0,Male,Right handed,Corrected to normal
SUB54_nb,NB,3.0,frames/Vid3_BB_T.png,frames/Vid3_L.png,l,1.0,3.4559755999362096,5.0,1.9654360000276936,,,,25.0,Male,Right handed,Corrected to normal
SUB54_nb,NB,4.0,frames/Vid4_EM_T.png,frames/Vid4_L.png,l,1.0,4.974068899988197,5.0,2.081415000022389,,,,25.0,Male,Right handed,Corrected to normal
SUB54_nb,NB,5.0,frames/Vid5_EM_T.png,frames/Vid5_L.png,r,1.0,5.068483599927276,5.0,1.3964632999850437,,,,25.0,Male,Right handed,Corrected to normal
SUB54_nb,NB,6.0,frames/Vid6_BB_T.png,frames/Vid6_L.png,l,1.0,4.988708899938501,5.0,1.715578700066544,,,,25.0,Male,Right handed,Corrected to normal
SUB54_nb,NB,7.0,frames/Vid7_EM_T.png,frames/Vid7_L.png,l,1.0,4.1459051999263465,5.0,1.7971535000251606,,,,25.0,Male,Right handed,Corrected to normal
SUB54_nb,NB,8.0,frames/Vid8_BB_T.png,frames/Vid8_L.png,l,0.0,10.026263399980962,5.0,1.9994943999918176,,,,25.0,Male,Right handed,Corrected to normal
SUB54_nb,NB,9.0,frames/Vid9_EM_T.png,frames/Vid9_L.png,l,1.0,6.7913918000413105,5.0,1.8647098001092672,,,,25.0,Male,Right handed,Corrected to normal
SUB54_nb,NB,10.0,frames/Vid10_BB_T.png,frames/Vid10_L.png,r,1.0,2.818796299980022,5.0,1.9825701999943703,,,,25.0,Male,Right handed,Corrected to normal
SUB54_nb,NB,11.0,frames/Vid11_EM_T.png,frames/Vid11_L.png,l,1.0,2.7251702999928966,5.0,2.230999500025064,,,,25.0,Male,Right handed,Corrected to normal
SUB54_nb,NB,12.0,frames/Vid12_EM_T.png,frames/Vid12_L.png,r,1.0,3.868526600068435,5.0,1.8323417999781668,,,,25.0,Male,Right handed,Corrected to normal
SUB54_nb,NB,13.0,frames/Vid13_BB_T.png,frames/Vid13_L.png,l,1.0,3.5125027000904083,5.0,3.1810741999652237,,,,25.0,Male,Right handed,Corrected to normal
SUB54_nb,NB,14.0,frames/Vid14_BB_T.png,frames/Vid14_L.png,r,1.0,3.841702700010501,5.0,3.1479237000457942,,,,25.0,Male,Right handed,Corrected to normal
SUB54_nb,NB,15.0,frames/Vid15_BB_T.png,frames/Vid15_L.png,l,0.0,6.392836699960753,5.0,2.397647300036624,,,,25.0,Male,Right handed,Corrected to normal
SUB54_nb,NB,16.0,frames/Vid16_EM_T.png,frames/Vid16_L.png,l,1.0,3.77143540000543,5.0,2.0974143999628723,,,,25.0,Male,Right handed,Corrected to normal
SUB54_nb,NB,17.0,frames/Vid17_BB_T.png,frames/Vid17_L.png,l,1.0,3.642982400022447,5.0,1.8487097000470385,,,,25.0,Male,Right handed,Corrected to normal
SUB54_nb,NB,18.0,frames/Vid18_EM_T.png,frames/Vid18_L.png,l,1.0,5.310285300016403,5.0,1.9971666999626905,,,,25.0,Male,Right handed,Corrected to normal
SUB54_nb,NB,19.0,frames/Vid19_BB_T.png,frames/Vid19_L.png,l,1.0,8.113262499915436,5.0,2.0986269999993965,,,,25.0,Male,Right handed,Corrected to normal
SUB54_nb,NB,20.0,frames/Vid20_EM_T.png,frames/Vid20_L.png,l,1.0,3.028892800095491,5.0,2.165544099989347,,,,25.0,Male,Right handed,Corrected to normal
SUB54_nb,NB,21.0,frames/Vid21_BB_T.png,frames/Vid21_L.png,l,1.0,3.512693400029093,5.0,1.4806006000144407,,,,25.0,Male,Right handed,Corrected to normal
SUB54_nb,NB,22.0,frames/Vid22_EM_T.png,frames/Vid22_L.png,r,1.0,2.95175410003867,5.0,2.347931500058621,,,,25.0,Male,Right handed,Corrected to normal
SUB54_nb,NB,23.0,frames/Vid23_EM_T.png,frames/Vid23_L.png,r,1.0,3.708878300036304,5.0,1.3308410999597982,,,,25.0,Male,Right handed,Corrected to normal
SUB54_nb,NB,24.0,frames/Vid24_BB_T.png,frames/Vid24_L.png,l,1.0,5.199394800001755,5.0,2.0640724999830127,,,,25.0,Male,Right handed,Corrected to normal
SUB54_nb,NB,25.0,frames/Vid25_BB_T.png,frames/Vid25_L.png,l,1.0,5.144751999992877,5.0,1.731965500046499,,,,25.0,Male,Right handed,Corrected to normal
SUB54_nb,NB,26.0,frames/Vid26_EM_T.png,frames/Vid26_L.png,r,1.0,12.24165959993843,5.0,1.7646162000019103,,,,25.0,Male,Right handed,Corrected to normal
SUB54_nb,NB,27.0,frames/Vid27_BB_T.png,frames/Vid27_L.png,r,1.0,3.959179400000721,5.0,2.398117100005038,,,,25.0,Male,Right handed,Corrected to normal
SUB54_nb,NB,28.0,frames/Vid28_EM_T.png,frames/Vid28_L.png,r,1.0,5.639328600023873,5.0,2.0969582999823615,,,,25.0,Male,Right handed,Corrected to normal
SUB54_nb,NB,29.0,frames/Vid29_BB_T.png,frames/Vid29_L.png,r,1.0,9.32380979997106,4.0,1.9314102999633176,,,,25.0,Male,Right handed,Corrected to normal
SUB54_nb,NB,30.0,frames/Vid30_EM_T.png,frames/Vid30_L.png,l,1.0,16.128096999949776,3.0,2.765403800061904,,,,25.0,Male,Right handed,Corrected to normal
SUB54_nb,NB,31.0,frames/Vid31_EM_T.png,frames/Vid31_L.png,l,1.0,3.5681224999716505,5.0,1.6798237999901175,,,,25.0,Male,Right handed,Corrected to normal
SUB54_nb,NB,32.0,frames/Vid32_EM_T.png,frames/Vid32_L.png,r,1.0,3.5866801000665873,5.0,1.4149143999675289,,,,25.0,Male,Right handed,Corrected to normal
SUB54_nb,NB,33.0,frames/Vid33_BB_T.png,frames/Vid33_L.png,r,1.0,3.3577627000631765,5.0,1.714769400074147,,,,25.0,Male,Right handed,Corrected to normal
SUB54_nb,NB,34.0,frames/Vid34_BB_T.png,frames/Vid34_L.png,r,0.0,5.021512100007385,4.0,4.615395699976943,,,,25.0,Male,Right handed,Corrected to normal
SUB54_nb,NB,35.0,frames/Vid35_EM_T.png,frames/Vid35_L.png,l,1.0,4.1930386000312865,5.0,2.1985498999711126,,,,25.0,Male,Right handed,Corrected to normal
SUB54_nb,NB,36.0,frames/Vid36_BB_T.png,frames/Vid36_L.png,l,0.0,4.4442731000017375,5.0,9.930263499962166,,,,25.0,Male,Right handed,Corrected to normal
SUB54_nb,NB,37.0,frames/Vid37_BB_T.png,frames/Vid37_L.png,l,1.0,5.008589999983087,5.0,1.7143838999327272,,,,25.0,Male,Right handed,Corrected to normal
SUB54_nb,NB,38.0,frames/Vid38_EM_T.png,frames/Vid38_L.png,l,0.0,8.147578100091778,4.0,2.3317505000159144,,,,25.0,Male,Right handed,Corrected to normal
SUB54_nb,NB,39.0,frames/Vid39_BB_T.png,frames/Vid39_L.png,l,1.0,7.515687000006437,3.0,3.148113499977626,,,,25.0,Male,Right handed,Corrected to normal
SUB54_nb,NB,40.0,frames/Vid40_EM_T.png,frames/Vid40_L.png,r,0.0,9.166708400007336,3.0,1.2647193000884729,,,,25.0,Male,Right handed,Corrected to normal
SUB61_nb,NB,1.0,frames/Vid1_EM_T.png,frames/Vid1_L.png,l,1.0,3.3593916000027093,3.0,2.6481443000011495,,,,21.0,Male,Right handed,Normal
SUB61_nb,NB,2.0,frames/Vid2_BB_T.png,frames/Vid2_L.png,l,1.0,3.205722300001071,4.0,1.6479018999962136,,,,21.0,Male,Right handed,Normal
SUB61_nb,NB,3.0,frames/Vid3_BB_T.png,frames/Vid3_L.png,l,1.0,1.6714603000000352,4.0,1.3307247000047937,,,,21.0,Male,Right handed,Normal
SUB61_nb,NB,4.0,frames/Vid4_EM_T.png,frames/Vid4_L.png,l,0.0,2.838626099997782,4.0,1.281917300002533,,,,21.0,Male,Right handed,Normal
SUB61_nb,NB,5.0,frames/Vid5_EM_T.png,frames/Vid5_L.png,l,1.0,5.9396491999941645,2.0,1.6487886999966577,,,,21.0,Male,Right handed,Normal
SUB61_nb,NB,6.0,frames/Vid6_BB_T.png,frames/Vid6_L.png,r,1.0,5.193081199999142,4.0,1.182540699999663,,,,21.0,Male,Right handed,Normal
SUB61_nb,NB,7.0,frames/Vid7_EM_T.png,frames/Vid7_L.png,r,1.0,5.055806600001233,3.0,1.1481664999955683,,,,21.0,Male,Right handed,Normal
SUB61_nb,NB,8.0,frames/Vid8_BB_T.png,frames/Vid8_L.png,r,0.0,4.802561999997124,4.0,1.4486318999988723,,,,21.0,Male,Right handed,Normal
SUB61_nb,NB,9.0,frames/Vid9_EM_T.png,frames/Vid9_L.png,r,1.0,7.850884999999835,2.0,1.8809365000051912,,,,21.0,Male,Right handed,Normal
SUB61_nb,NB,10.0,frames/Vid10_BB_T.png,frames/Vid10_L.png,l,1.0,2.1966193999978714,4.0,1.5499353999985033,,,,21.0,Male,Right handed,Normal
SUB61_nb,NB,11.0,frames/Vid11_EM_T.png,frames/Vid11_L.png,l,1.0,2.441853700001957,4.0,1.5152857000066433,,,,21.0,Male,Right handed,Normal
SUB61_nb,NB,12.0,frames/Vid12_EM_T.png,frames/Vid12_L.png,l,1.0,2.800450800001272,4.0,1.4153576999960933,,,,21.0,Male,Right handed,Normal
SUB61_nb,NB,13.0,frames/Vid13_BB_T.png,frames/Vid13_L.png,l,0.0,10.128813600000283,2.0,1.6820903999978327,,,,21.0,Male,Right handed,Normal
SUB61_nb,NB,14.0,frames/Vid14_BB_T.png,frames/Vid14_L.png,r,1.0,3.188280800000939,4.0,1.2483027999987826,,,,21.0,Male,Right handed,Normal
SUB61_nb,NB,15.0,frames/Vid15_BB_T.png,frames/Vid15_L.png,l,1.0,3.447268500000064,4.0,1.7805389999994077,,,,21.0,Male,Right handed,Normal
SUB61_nb,NB,16.0,frames/Vid16_EM_T.png,frames/Vid16_L.png,l,1.0,3.1275920000043698,3.0,2.6485513000006904,,,,21.0,Male,Right handed,Normal
SUB61_nb,NB,17.0,frames/Vid17_BB_T.png,frames/Vid17_L.png,r,0.0,3.777968000002147,1.0,1.1292519999988144,,,,21.0,Male,Right handed,Normal
SUB61_nb,NB,18.0,frames/Vid18_EM_T.png,frames/Vid18_L.png,r,1.0,4.945923700004641,4.0,1.8981956999996328,,,,21.0,Male,Right handed,Normal
SUB61_nb,NB,19.0,frames/Vid19_BB_T.png,frames/Vid19_L.png,l,0.0,8.048614699997415,3.0,2.245516499999212,,,,21.0,Male,Right handed,Normal
SUB61_nb,NB,20.0,frames/Vid20_EM_T.png,frames/Vid20_L.png,r,1.0,2.97856569999567,4.0,1.298515000002226,,,,21.0,Male,Right handed,Normal
SUB61_nb,NB,21.0,frames/Vid21_BB_T.png,frames/Vid21_L.png,r,1.0,7.42814240000007,3.0,1.581760499997472,,,,21.0,Male,Right handed,Normal
SUB61_nb,NB,22.0,frames/Vid22_EM_T.png,frames/Vid22_L.png,r,1.0,4.133125200001814,4.0,1.581839699996635,,,,21.0,Male,Right handed,Normal
SUB61_nb,NB,23.0,frames/Vid23_EM_T.png,frames/Vid23_L.png,l,1.0,1.9538033999997424,4.0,5.548178799996094,,,,21.0,Male,Right handed,Normal
SUB61_nb,NB,24.0,frames/Vid24_BB_T.png,frames/Vid24_L.png,l,1.0,1.7616468999985957,4.0,1.2143063999974402,,,,21.0,Male,Right handed,Normal
SUB61_nb,NB,25.0,frames/Vid25_BB_T.png,frames/Vid25_L.png,l,1.0,6.554239800003415,4.0,1.7640779999928782,,,,21.0,Male,Right handed,Normal
SUB61_nb,NB,26.0,frames/Vid26_EM_T.png,frames/Vid26_L.png,l,1.0,7.60226110000076,4.0,2.3309956999946735,,,,21.0,Male,Right handed,Normal
SUB61_nb,NB,27.0,frames/Vid27_BB_T.png,frames/Vid27_L.png,l,1.0,5.780071699999098,4.0,1.614347300004738,,,,21.0,Male,Right handed,Normal
SUB61_nb,NB,28.0,frames/Vid28_EM_T.png,frames/Vid28_L.png,r,1.0,1.7629625999979908,4.0,1.2634880999976303,,,,21.0,Male,Right handed,Normal
SUB61_nb,NB,29.0,frames/Vid29_BB_T.png,frames/Vid29_L.png,r,1.0,4.67439440000453,4.0,1.5482104000038817,,,,21.0,Male,Right handed,Normal
SUB61_nb,NB,30.0,frames/Vid30_EM_T.png,frames/Vid30_L.png,r,1.0,9.606974099995568,2.0,2.4142754999993485,,,,21.0,Male,Right handed,Normal
SUB61_nb,NB,31.0,frames/Vid31_EM_T.png,frames/Vid31_L.png,l,1.0,5.678353999996034,3.0,1.5647851999965496,,,,21.0,Male,Right handed,Normal
SUB61_nb,NB,32.0,frames/Vid32_EM_T.png,frames/Vid32_L.png,r,1.0,1.883517499998561,4.0,1.2147163999979966,,,,21.0,Male,Right handed,Normal
SUB61_nb,NB,33.0,frames/Vid33_BB_T.png,frames/Vid33_L.png,l,1.0,2.7405543999993824,4.0,1.3822246000054292,,,,21.0,Male,Right handed,Normal
SUB61_nb,NB,34.0,frames/Vid34_BB_T.png,frames/Vid34_L.png,l,1.0,2.924361700002919,4.0,1.282124600002135,,,,21.0,Male,Right handed,Normal
SUB61_nb,NB,35.0,frames/Vid35_EM_T.png,frames/Vid35_L.png,l,1.0,4.32518490000075,4.0,1.3317070999983116,,,,21.0,Male,Right handed,Normal
SUB61_nb,NB,36.0,frames/Vid36_BB_T.png,frames/Vid36_L.png,r,1.0,1.8304613000000245,4.0,0.8652470000015455,,,,21.0,Male,Right handed,Normal
SUB61_nb,NB,37.0,frames/Vid37_BB_T.png,frames/Vid37_L.png,r,1.0,3.2790778999988106,4.0,1.4649513000040315,,,,21.0,Male,Right handed,Normal
SUB61_nb,NB,38.0,frames/Vid38_EM_T.png,frames/Vid38_L.png,r,1.0,4.3756804000004195,3.0,1.3161794999978156,,,,21.0,Male,Right handed,Normal
SUB61_nb,NB,39.0,frames/Vid39_BB_T.png,frames/Vid39_L.png,r,1.0,9.308865800005153,2.0,2.014379899999767,,,,21.0,Male,Right handed,Normal
SUB61_nb,NB,40.0,frames/Vid40_EM_T.png,frames/Vid40_L.png,l,1.0,14.8770624999961,4.0,6.915524300005927,,,,21.0,Male,Right handed,Normal
SUB77_NB,NB,1.0,frames/Vid1_EM_T.png,frames/Vid1_L.png,l,1.0,8.628870299988193,3.0,1.5305693999980576,,,,23.0,Male,Right handed,Normal
SUB77_NB,NB,2.0,frames/Vid2_BB_T.png,frames/Vid2_L.png,r,1.0,7.559716299991123,5.0,1.8321911999955771,,,,23.0,Male,Right handed,Normal
SUB77_NB,NB,3.0,frames/Vid3_BB_T.png,frames/Vid3_L.png,l,0.0,13.635127899993677,5.0,9.91450710000936,,,,23.0,Male,Right handed,Normal
SUB77_NB,NB,4.0,frames/Vid4_EM_T.png,frames/Vid4_L.png,r,1.0,3.1700459999847226,5.0,0.9316948999767192,,,,23.0,Male,Right handed,Normal
SUB77_NB,NB,5.0,frames/Vid5_EM_T.png,frames/Vid5_L.png,l,0.0,3.7641707999864593,2.0,1.0822650999762118,,,,23.0,Male,Right handed,Normal
SUB77_NB,NB,6.0,frames/Vid6_BB_T.png,frames/Vid6_L.png,l,1.0,7.645602600008715,1.0,4.280284600012237,,,,23.0,Male,Right handed,Normal
SUB77_NB,NB,7.0,frames/Vid7_EM_T.png,frames/Vid7_L.png,l,1.0,9.303005900001152,5.0,4.646921300009126,,,,23.0,Male,Right handed,Normal
SUB77_NB,NB,8.0,frames/Vid8_BB_T.png,frames/Vid8_L.png,l,0.0,5.3000951999856625,3.0,3.665052199998172,,,,23.0,Male,Right handed,Normal
SUB77_NB,NB,9.0,frames/Vid9_EM_T.png,frames/Vid9_L.png,r,1.0,5.033072099991841,2.0,1.1650099999969823,,,,23.0,Male,Right handed,Normal
SUB77_NB,NB,10.0,frames/Vid10_BB_T.png,frames/Vid10_L.png,l,1.0,3.29088590000174,5.0,1.6976568000100087,,,,23.0,Male,Right handed,Normal
SUB77_NB,NB,11.0,frames/Vid11_EM_T.png,frames/Vid11_L.png,l,1.0,2.944043399998918,5.0,1.0946369000012055,,,,23.0,Male,Right handed,Normal
SUB77_NB,NB,12.0,frames/Vid12_EM_T.png,frames/Vid12_L.png,r,1.0,4.954078699985985,5.0,1.1640572999895085,,,,23.0,Male,Right handed,Normal
SUB77_NB,NB,13.0,frames/Vid13_BB_T.png,frames/Vid13_L.png,r,0.0,5.7644838000123855,2.0,1.5495721000188496,,,,23.0,Male,Right handed,Normal
SUB77_NB,NB,14.0,frames/Vid14_BB_T.png,frames/Vid14_L.png,l,1.0,5.552506500011077,2.0,1.231184200005373,,,,23.0,Male,Right handed,Normal
SUB77_NB,NB,15.0,frames/Vid15_BB_T.png,frames/Vid15_L.png,l,1.0,3.3372362999944016,5.0,1.547633499983931,,,,23.0,Male,Right handed,Normal
SUB77_NB,NB,16.0,frames/Vid16_EM_T.png,frames/Vid16_L.png,l,0.0,3.8102316000149585,4.0,1.9981797000218648,,,,23.0,Male,Right handed,Normal
SUB77_NB,NB,17.0,frames/Vid17_BB_T.png,frames/Vid17_L.png,l,1.0,5.7390237000072375,1.0,1.9648213000036776,,,,23.0,Male,Right handed,Normal
SUB77_NB,NB,18.0,frames/Vid18_EM_T.png,frames/Vid18_L.png,l,1.0,2.773600999993505,1.0,0.7650457999843638,,,,23.0,Male,Right handed,Normal
SUB77_NB,NB,19.0,frames/Vid19_BB_T.png,frames/Vid19_L.png,l,0.0,2.6894294999947306,3.0,0.982164399989415,,,,23.0,Male,Right handed,Normal
SUB77_NB,NB,20.0,frames/Vid20_EM_T.png,frames/Vid20_L.png,r,0.0,4.571415200014599,1.0,2.364406600012444,,,,23.0,Male,Right handed,Normal
SUB77_NB,NB,21.0,frames/Vid21_BB_T.png,frames/Vid21_L.png,l,0.0,10.122584800003096,2.0,1.0320246999908704,,,,23.0,Male,Right handed,Normal
SUB77_NB,NB,22.0,frames/Vid22_EM_T.png,frames/Vid22_L.png,r,1.0,4.68239880001056,5.0,1.3648630999960003,,,,23.0,Male,Right handed,Normal
SUB77_NB,NB,23.0,frames/Vid23_EM_T.png,frames/Vid23_L.png,r,1.0,5.430584400019143,3.0,1.4164395999978296,,,,23.0,Male,Right handed,Normal
SUB77_NB,NB,24.0,frames/Vid24_BB_T.png,frames/Vid24_L.png,l,0.0,2.729740500013577,5.0,0.9490905999846292,,,,23.0,Male,Right handed,Normal
SUB77_NB,NB,25.0,frames/Vid25_BB_T.png,frames/Vid25_L.png,l,1.0,4.6197649000096135,2.0,2.2654775000119116,,,,23.0,Male,Right handed,Normal
SUB77_NB,NB,26.0,frames/Vid26_EM_T.png,frames/Vid26_L.png,r,1.0,4.868587400007527,5.0,1.5148330999945756,,,,23.0,Male,Right handed,Normal
SUB77_NB,NB,27.0,frames/Vid27_BB_T.png,frames/Vid27_L.png,l,1.0,3.432717599993339,3.0,1.2812171000114176,,,,23.0,Male,Right handed,Normal
SUB77_NB,NB,28.0,frames/Vid28_EM_T.png,frames/Vid28_L.png,l,1.0,2.5671024000039324,5.0,1.0980245000100697,,,,23.0,Male,Right handed,Normal
SUB77_NB,NB,29.0,frames/Vid29_BB_T.png,frames/Vid29_L.png,r,1.0,7.378349200007506,5.0,2.798516100010602,,,,23.0,Male,Right handed,Normal
SUB77_NB,NB,30.0,frames/Vid30_EM_T.png,frames/Vid30_L.png,l,1.0,2.7731678999844007,5.0,1.2154507999948692,,,,23.0,Male,Right handed,Normal
SUB77_NB,NB,31.0,frames/Vid31_EM_T.png,frames/Vid31_L.png,l,1.0,3.6384514999808744,5.0,1.2320589000009932,,,,23.0,Male,Right handed,Normal
SUB77_NB,NB,32.0,frames/Vid32_EM_T.png,frames/Vid32_L.png,l,1.0,3.1656573000072967,5.0,1.5163124999962747,,,,23.0,Male,Right handed,Normal
SUB77_NB,NB,33.0,frames/Vid33_BB_T.png,frames/Vid33_L.png,r,1.0,5.269145699974615,5.0,1.2313297000073362,,,,23.0,Male,Right handed,Normal
SUB77_NB,NB,34.0,frames/Vid34_BB_T.png,frames/Vid34_L.png,l,0.0,4.1876956000050995,2.0,1.3292726000072437,,,,23.0,Male,Right handed,Normal
SUB77_NB,NB,35.0,frames/Vid35_EM_T.png,frames/Vid35_L.png,r,1.0,4.746648199972697,3.0,0.86464860002161,,,,23.0,Male,Right handed,Normal
SUB77_NB,NB,36.0,frames/Vid36_BB_T.png,frames/Vid36_L.png,l,1.0,3.1780508999945596,4.0,1.698648299992783,,,,23.0,Male,Right handed,Normal
SUB77_NB,NB,37.0,frames/Vid37_BB_T.png,frames/Vid37_L.png,r,1.0,4.137266899982933,5.0,1.1654867000179363,,,,23.0,Male,Right handed,Normal
SUB77_NB,NB,38.0,frames/Vid38_EM_T.png,frames/Vid38_L.png,l,1.0,3.310154300008435,5.0,1.1300865999946836,,,,23.0,Male,Right handed,Normal
SUB77_NB,NB,39.0,frames/Vid39_BB_T.png,frames/Vid39_L.png,r,0.0,6.59587950000423,3.0,1.2817935000057332,,,,23.0,Male,Right handed,Normal
SUB77_NB,NB,40.0,frames/Vid40_EM_T.png,frames/Vid40_L.png,r,1.0,2.6005722999980208,5.0,1.3810932000051253,,,,23.0,Male,Right handed,Normal
SUB99_ab,AB,1.0,frames/Vid1_EM_T.png,frames/Vid1_L.png,l,1.0,7.668540799990296,5.0,1.8319379000458864,,,,23.0,Male,Right handed,Normal
SUB99_ab,AB,2.0,frames/Vid2_BB_T.png,frames/Vid2_L.png,r,1.0,10.491992899973411,5.0,8.531258200004231,,,,23.0,Male,Right handed,Normal
SUB99_ab,AB,3.0,frames/Vid3_BB_T.png,frames/Vid3_L.png,r,1.0,3.6707731999922544,5.0,1.3648954999516718,,,,23.0,Male,Right handed,Normal
SUB99_ab,AB,4.0,frames/Vid4_EM_T.png,frames/Vid4_L.png,r,1.0,14.92869549995521,4.0,1.9648762999568137,,,,23.0,Male,Right handed,Normal
SUB99_ab,AB,5.0,frames/Vid5_EM_T.png,frames/Vid5_L.png,l,1.0,3.63854050001828,5.0,1.314713199972175,,,,23.0,Male,Right handed,Normal
SUB99_ab,AB,6.0,frames/Vid6_BB_T.png,frames/Vid6_L.png,l,1.0,7.180742800002918,2.0,1.3799822000437416,,,,23.0,Male,Right handed,Normal
SUB99_ab,AB,7.0,frames/Vid7_EM_T.png,frames/Vid7_L.png,r,0.0,12.344463500019629,4.0,1.0653960999916308,,,,23.0,Male,Right handed,Normal
SUB99_ab,AB,8.0,frames/Vid8_BB_T.png,frames/Vid8_L.png,r,1.0,4.15947720000986,5.0,1.2320283000008203,,,,23.0,Male,Right handed,Normal
SUB99_ab,AB,9.0,frames/Vid9_EM_T.png,frames/Vid9_L.png,l,1.0,4.8869590000249445,5.0,1.5818730000173673,,,,23.0,Male,Right handed,Normal
SUB99_ab,AB,10.0,frames/Vid10_BB_T.png,frames/Vid10_L.png,r,1.0,16.577735300001223,1.0,2.4141976999817416,,,,23.0,Male,Right handed,Normal
SUB99_ab,AB,11.0,frames/Vid11_EM_T.png,frames/Vid11_L.png,r,1.0,6.59967789996881,5.0,1.8476673999684865,,,,23.0,Male,Right handed,Normal
SUB99_ab,AB,12.0,frames/Vid12_EM_T.png,frames/Vid12_L.png,r,1.0,13.836442600004377,4.0,1.299426100042183,,,,23.0,Male,Right handed,Normal
SUB99_ab,AB,13.0,frames/Vid13_BB_T.png,frames/Vid13_L.png,r,1.0,10.966405600018334,4.0,2.0482031000428833,,,,23.0,Male,Right handed,Normal
SUB99_ab,AB,14.0,frames/Vid14_BB_T.png,frames/Vid14_L.png,r,1.0,4.9693965000333264,5.0,1.6655207999865524,,,,23.0,Male,Right handed,Normal
SUB99_ab,AB,15.0,frames/Vid15_BB_T.png,frames/Vid15_L.png,l,1.0,14.669664199987892,3.0,1.2484418000094593,,,,23.0,Male,Right handed,Normal
SUB99_ab,AB,16.0,frames/Vid16_EM_T.png,frames/Vid16_L.png,l,1.0,12.07062000001315,4.0,6.232693700003438,,,,23.0,Male,Right handed,Normal
SUB99_ab,AB,17.0,frames/Vid17_BB_T.png,frames/Vid17_L.png,l,1.0,9.698172200005502,5.0,2.364051099983044,,,,23.0,Male,Right handed,Normal
SUB99_ab,AB,18.0,frames/Vid18_EM_T.png,frames/Vid18_L.png,r,1.0,9.144429299980402,5.0,4.996534499980044,,,,23.0,Male,Right handed,Normal
SUB99_ab,AB,19.0,frames/Vid19_BB_T.png,frames/Vid19_L.png,r,1.0,11.811698400008028,2.0,3.730247500003315,,,,23.0,Male,Right handed,Normal
SUB99_ab,AB,20.0,frames/Vid20_EM_T.png,frames/Vid20_L.png,l,1.0,4.371796999999788,5.0,2.182510500017088,,,,23.0,Male,Right handed,Normal
SUB99_ab,AB,21.0,frames/Vid21_BB_T.png,frames/Vid21_L.png,l,1.0,6.680528299999423,5.0,1.9313439999823456,,,,23.0,Male,Right handed,Normal
SUB99_ab,AB,22.0,frames/Vid22_EM_T.png,frames/Vid22_L.png,l,1.0,8.020371999999043,5.0,1.4494805000140332,,,,23.0,Male,Right handed,Normal
SUB99_ab,AB,23.0,frames/Vid23_EM_T.png,frames/Vid23_L.png,r,1.0,19.421321999980137,2.0,1.063937300001271,,,,23.0,Male,Right handed,Normal
SUB99_ab,AB,24.0,frames/Vid24_BB_T.png,frames/Vid24_L.png,l,1.0,6.693925500032492,5.0,2.396531199978199,,,,23.0,Male,Right handed,Normal
SUB99_ab,AB,25.0,frames/Vid25_BB_T.png,frames/Vid25_L.png,r,1.0,11.626729000010528,5.0,1.2310872999951243,,,,23.0,Male,Right handed,Normal
SUB99_ab,AB,26.0,frames/Vid26_EM_T.png,frames/Vid26_L.png,r,1.0,6.032769899989944,4.0,2.3144527999684215,,,,23.0,Male,Right handed,Normal
SUB99_ab,AB,27.0,frames/Vid27_BB_T.png,frames/Vid27_L.png,l,1.0,13.002132900001016,4.0,2.015251300006639,,,,23.0,Male,Right handed,Normal
SUB99_ab,AB,28.0,frames/Vid28_EM_T.png,frames/Vid28_L.png,l,1.0,5.6611826999578625,5.0,1.4319106999901123,,,,23.0,Male,Right handed,Normal
SUB99_ab,AB,29.0,frames/Vid29_BB_T.png,frames/Vid29_L.png,l,1.0,8.928392800036818,4.0,2.199211099999957,,,,23.0,Male,Right handed,Normal
SUB99_ab,AB,30.0,frames/Vid30_EM_T.png,frames/Vid30_L.png,r,1.0,13.859270200016908,4.0,1.3648267000098713,,,,23.0,Male,Right handed,Normal
SUB99_ab,AB,31.0,frames/Vid31_EM_T.png,frames/Vid31_L.png,r,1.0,6.392575500009116,4.0,6.0986052000080235,,,,23.0,Male,Right handed,Normal
SUB99_ab,AB,32.0,frames/Vid32_EM_T.png,frames/Vid32_L.png,l,1.0,3.938175199960824,5.0,1.16482999996515,,,,23.0,Male,Right handed,Normal
SUB99_ab,AB,33.0,frames/Vid33_BB_T.png,frames/Vid33_L.png,l,1.0,3.911275599966757,5.0,1.265448899997864,,,,23.0,Male,Right handed,Normal
SUB99_ab,AB,34.0,frames/Vid34_BB_T.png,frames/Vid34_L.png,l,1.0,5.095118800003547,4.0,1.5316738999681547,,,,23.0,Male,Right handed,Normal
SUB99_ab,AB,35.0,frames/Vid35_EM_T.png,frames/Vid35_L.png,l,1.0,8.551258599967696,5.0,1.264198100019712,,,,23.0,Male,Right handed,Normal
SUB99_ab,AB,36.0,frames/Vid36_BB_T.png,frames/Vid36_L.png,l,1.0,22.21400460001314,1.0,2.6804700999637134,,,,23.0,Male,Right handed,Normal
SUB99_ab,AB,37.0,frames/Vid37_BB_T.png,frames/Vid37_L.png,l,1.0,3.8542382000014186,5.0,1.0653090000269003,,,,23.0,Male,Right handed,Normal
SUB99_ab,AB,38.0,frames/Vid38_EM_T.png,frames/Vid38_L.png,r,1.0,13.894749199971557,2.0,7.264245199970901,,,,23.0,Male,Right handed,Normal
SUB99_ab,AB,39.0,frames/Vid39_BB_T.png,frames/Vid39_L.png,r,1.0,19.443362599995453,3.0,1.8147268999600783,,,,23.0,Male,Right handed,Normal
SUB99_ab,AB,40.0,frames/Vid40_EM_T.png,frames/Vid40_L.png,r,1.0,8.40760150004644,5.0,1.214481999981217,,,,23.0,Male,Right handed,Normal
Sub39_AB,AB,1.0,frames/Vid1_EM_T.png,frames/Vid1_L.png,r,1.0,7.020538100012345,5.0,1.4481617999990704,,,,22.0,Male,Right handed,Normal
Sub39_AB,AB,2.0,frames/Vid2_BB_T.png,frames/Vid2_L.png,l,1.0,12.06980029999977,1.0,1.0985012999881292,,,,22.0,Male,Right handed,Normal
Sub39_AB,AB,3.0,frames/Vid3_BB_T.png,frames/Vid3_L.png,l,1.0,5.7932051999960095,5.0,1.0161426999984542,,,,22.0,Male,Right handed,Normal
Sub39_AB,AB,4.0,frames/Vid4_EM_T.png,frames/Vid4_L.png,l,0.0,19.571301699994365,5.0,1.4971292999980506,,,,22.0,Male,Right handed,Normal
Sub39_AB,AB,5.0,frames/Vid5_EM_T.png,frames/Vid5_L.png,r,1.0,13.13029529999767,2.0,0.7478979000006802,,,,22.0,Male,Right handed,Normal
Sub39_AB,AB,6.0,frames/Vid6_BB_T.png,frames/Vid6_L.png,l,1.0,20.329052700006287,2.0,2.798497800002224,,,,22.0,Male,Right handed,Normal
Sub39_AB,AB,7.0,frames/Vid7_EM_T.png,frames/Vid7_L.png,r,1.0,7.818825800000923,3.0,1.1651069000072312,,,,22.0,Male,Right handed,Normal
Sub39_AB,AB,8.0,frames/Vid8_BB_T.png,frames/Vid8_L.png,l,1.0,7.007443299997249,5.0,1.2302820999902906,,,,22.0,Male,Right handed,Normal
Sub39_AB,AB,9.0,frames/Vid9_EM_T.png,frames/Vid9_L.png,l,0.0,16.2946840999939,2.0,1.4478914000064833,,,,22.0,Male,Right handed,Normal
Sub39_AB,AB,10.0,frames/Vid10_BB_T.png,frames/Vid10_L.png,r,1.0,10.68690779998724,3.0,1.0322340999991866,,,,22.0,Male,Right handed,Normal
Sub39_AB,AB,11.0,frames/Vid11_EM_T.png,frames/Vid11_L.png,r,1.0,5.293184099995415,4.0,1.3476111000054516,,,,22.0,Male,Right handed,Normal
Sub39_AB,AB,12.0,frames/Vid12_EM_T.png,frames/Vid12_L.png,l,1.0,6.057274000006146,5.0,1.281710800001747,,,,22.0,Male,Right handed,Normal
Sub39_AB,AB,13.0,frames/Vid13_BB_T.png,frames/Vid13_L.png,l,0.0,12.19232839999313,3.0,1.83216469999752,,,,22.0,Male,Right handed,Normal
Sub39_AB,AB,14.0,frames/Vid14_BB_T.png,frames/Vid14_L.png,r,1.0,20.126628799989703,4.0,1.4982753999938725,,,,22.0,Male,Right handed,Normal
Sub39_AB,AB,15.0,frames/Vid15_BB_T.png,frames/Vid15_L.png,l,1.0,11.82102259999374,3.0,1.814392600004794,,,,22.0,Male,Right handed,Normal
Sub39_AB,AB,16.0,frames/Vid16_EM_T.png,frames/Vid16_L.png,r,1.0,3.619524299996556,5.0,0.9984958999993978,,,,22.0,Male,Right handed,Normal
Sub39_AB,AB,17.0,frames/Vid17_BB_T.png,frames/Vid17_L.png,r,1.0,8.295120900002075,3.0,1.3140754000050947,,,,22.0,Male,Right handed,Normal
Sub39_AB,AB,18.0,frames/Vid18_EM_T.png,frames/Vid18_L.png,l,1.0,17.377556699997513,2.0,1.0983357999939471,,,,22.0,Male,Right handed,Normal
Sub39_AB,AB,19.0,frames/Vid19_BB_T.png,frames/Vid19_L.png,l,0.0,13.487014800004545,2.0,1.8307097999932012,,,,22.0,Male,Right handed,Normal
Sub39_AB,AB,20.0,frames/Vid20_EM_T.png,frames/Vid20_L.png,l,1.0,6.276528599992162,3.0,1.1317284999968251,,,,22.0,Male,Right handed,Normal
Sub39_AB,AB,21.0,frames/Vid21_BB_T.png,frames/Vid21_L.png,l,0.0,14.088629300007597,2.0,39.19864360000065,,,,22.0,Male,Right handed,Normal
Sub39_AB,AB,22.0,frames/Vid22_EM_T.png,frames/Vid22_L.png,r,1.0,9.162229199995636,5.0,1.5308027999999467,,,,22.0,Male,Right handed,Normal
Sub39_AB,AB,23.0,frames/Vid23_EM_T.png,frames/Vid23_L.png,l,1.0,16.482245199993486,1.0,1.998545299997204,,,,22.0,Male,Right handed,Normal
Sub39_AB,AB,24.0,frames/Vid24_BB_T.png,frames/Vid24_L.png,r,1.0,7.911672200003523,5.0,1.5981710999913048,,,,22.0,Male,Right handed,Normal
Sub39_AB,AB,25.0,frames/Vid25_BB_T.png,frames/Vid25_L.png,l,1.0,6.697910700007924,3.0,0.998206799995387,,,,22.0,Male,Right handed,Normal
Sub39_AB,AB,26.0,frames/Vid26_EM_T.png,frames/Vid26_L.png,r,1.0,3.074808100005612,5.0,1.1305378999968525,,,,22.0,Male,Right handed,Normal
Sub39_AB,AB,27.0,frames/Vid27_BB_T.png,frames/Vid27_L.png,r,1.0,9.658514099995957,3.0,1.4495929000113392,,,,22.0,Male,Right handed,Normal
Sub39_AB,AB,28.0,frames/Vid28_EM_T.png,frames/Vid28_L.png,l,1.0,7.41207679999934,5.0,1.0814667999948142,,,,22.0,Male,Right handed,Normal
Sub39_AB,AB,29.0,frames/Vid29_BB_T.png,frames/Vid29_L.png,r,1.0,5.7987981000042055,5.0,1.2968882000131998,,,,22.0,Male,Right handed,Normal
Sub39_AB,AB,30.0,frames/Vid30_EM_T.png,frames/Vid30_L.png,r,1.0,5.699335500001325,5.0,1.1139235000009649,,,,22.0,Male,Right handed,Normal
Sub39_AB,AB,31.0,frames/Vid31_EM_T.png,frames/Vid31_L.png,r,1.0,3.140473199993721,5.0,1.098063400000683,,,,22.0,Male,Right handed,Normal
Sub39_AB,AB,32.0,frames/Vid32_EM_T.png,frames/Vid32_L.png,l,1.0,3.563731500005815,5.0,0.9128660999995192,,,,22.0,Male,Right handed,Normal
Sub39_AB,AB,33.0,frames/Vid33_BB_T.png,frames/Vid33_L.png,r,1.0,9.203186099999584,5.0,1.0635732000082498,,,,22.0,Male,Right handed,Normal
Sub39_AB,AB,34.0,frames/Vid34_BB_T.png,frames/Vid34_L.png,l,1.0,8.28882970000268,5.0,0.7829644000012195,,,,22.0,Male,Right handed,Normal
Sub39_AB,AB,35.0,frames/Vid35_EM_T.png,frames/Vid35_L.png,r,1.0,10.86003910000727,2.0,0.8147100000060163,,,,22.0,Male,Right handed,Normal
Sub39_AB,AB,36.0,frames/Vid36_BB_T.png,frames/Vid36_L.png,l,1.0,12.659966899998835,4.0,1.0520526000036623,,,,22.0,Male,Right handed,Normal
Sub39_AB,AB,37.0,frames/Vid37_BB_T.png,frames/Vid37_L.png,l,1.0,6.718228899990208,4.0,1.4799719999864465,,,,22.0,Male,Right handed,Normal
Sub39_AB,AB,38.0,frames/Vid38_EM_T.png,frames/Vid38_L.png,l,1.0,11.427490900008706,2.0,1.149112499988405,,,,22.0,Male,Right handed,Normal
Sub39_AB,AB,39.0,frames/Vid39_BB_T.png,frames/Vid39_L.png,l,0.0,8.101286999997683,5.0,1.1800256000133231,,,,22.0,Male,Right handed,Normal
Sub39_AB,AB,40.0,frames/Vid40_EM_T.png,frames/Vid40_L.png,r,1.0,13.148974299998372,3.0,2.2147799999947893,,,,22.0,Male,Right handed,Normal
Sub40_NB,NB,1.0,frames/Vid1_EM_T.png,frames/Vid1_L.png,l,1.0,12.073028800019529,2.0,2.4131219999981113,,,,22.0,Male,Right handed,Normal
Sub40_NB,NB,2.0,frames/Vid2_BB_T.png,frames/Vid2_L.png,r,1.0,2.9257180000131484,5.0,0.8147773000237066,,,,22.0,Male,Right handed,Normal
Sub40_NB,NB,3.0,frames/Vid3_BB_T.png,frames/Vid3_L.png,l,1.0,4.106088700005785,5.0,1.546886700001778,,,,22.0,Male,Right handed,Normal
Sub40_NB,NB,4.0,frames/Vid4_EM_T.png,frames/Vid4_L.png,l,0.0,8.914504700020188,2.0,2.0129727000021376,,,,22.0,Male,Right handed,Normal
Sub40_NB,NB,5.0,frames/Vid5_EM_T.png,frames/Vid5_L.png,l,0.0,6.980738499987638,3.0,1.5988338000024669,,,,22.0,Male,Right handed,Normal
Sub40_NB,NB,6.0,frames/Vid6_BB_T.png,frames/Vid6_L.png,r,1.0,5.570892999996431,4.0,1.2456857999786737,,,,22.0,Male,Right handed,Normal
Sub40_NB,NB,7.0,frames/Vid7_EM_T.png,frames/Vid7_L.png,r,0.0,6.731521000008797,3.0,1.5324079999991227,,,,22.0,Male,Right handed,Normal
Sub40_NB,NB,8.0,frames/Vid8_BB_T.png,frames/Vid8_L.png,l,1.0,8.52474059999804,3.0,1.6646123999962583,,,,22.0,Male,Right handed,Normal
Sub40_NB,NB,9.0,frames/Vid9_EM_T.png,frames/Vid9_L.png,r,1.0,6.719844599982025,3.0,1.7314072000153828,,,,22.0,Male,Right handed,Normal
Sub40_NB,NB,10.0,frames/Vid10_BB_T.png,frames/Vid10_L.png,l,1.0,3.9109724999871105,5.0,1.2138629999826662,,,,22.0,Male,Right handed,Normal
Sub40_NB,NB,11.0,frames/Vid11_EM_T.png,frames/Vid11_L.png,l,1.0,2.3672163000155706,5.0,0.9314283000130672,,,,22.0,Male,Right handed,Normal
Sub40_NB,NB,12.0,frames/Vid12_EM_T.png,frames/Vid12_L.png,r,1.0,2.710164399992209,5.0,1.229509500000859,,,,22.0,Male,Right handed,Normal
Sub40_NB,NB,13.0,frames/Vid13_BB_T.png,frames/Vid13_L.png,l,1.0,6.840731700009201,3.0,1.748542199988151,,,,22.0,Male,Right handed,Normal
Sub40_NB,NB,14.0,frames/Vid14_BB_T.png,frames/Vid14_L.png,l,1.0,2.0441596999880858,5.0,2.0632277999829967,,,,22.0,Male,Right handed,Normal
Sub40_NB,NB,15.0,frames/Vid15_BB_T.png,frames/Vid15_L.png,r,1.0,7.676326899993,5.0,1.4973000999889337,,,,22.0,Male,Right handed,Normal
Sub40_NB,NB,16.0,frames/Vid16_EM_T.png,frames/Vid16_L.png,l,1.0,8.569984300003853,5.0,2.279615100007504,,,,22.0,Male,Right handed,Normal
Sub40_NB,NB,17.0,frames/Vid17_BB_T.png,frames/Vid17_L.png,l,1.0,3.3757026999955997,5.0,1.5317999999970198,,,,22.0,Male,Right handed,Normal
Sub40_NB,NB,18.0,frames/Vid18_EM_T.png,frames/Vid18_L.png,l,1.0,2.5713352999882773,4.0,1.0967204000044148,,,,22.0,Male,Right handed,Normal
Sub40_NB,NB,19.0,frames/Vid19_BB_T.png,frames/Vid19_L.png,l,1.0,6.588350300007733,2.0,1.1657817999948747,,,,22.0,Male,Right handed,Normal
Sub40_NB,NB,20.0,frames/Vid20_EM_T.png,frames/Vid20_L.png,l,1.0,2.138208099990152,5.0,1.447643399995286,,,,22.0,Male,Right handed,Normal
Sub40_NB,NB,21.0,frames/Vid21_BB_T.png,frames/Vid21_L.png,r,1.0,4.089582900021924,5.0,1.0479515999904834,,,,22.0,Male,Right handed,Normal
Sub40_NB,NB,22.0,frames/Vid22_EM_T.png,frames/Vid22_L.png,r,1.0,2.4462166000157595,5.0,1.3484016000002157,,,,22.0,Male,Right handed,Normal
Sub40_NB,NB,23.0,frames/Vid23_EM_T.png,frames/Vid23_L.png,l,1.0,3.4455237000074703,5.0,1.998912000010023,,,,22.0,Male,Right handed,Normal
Sub40_NB,NB,24.0,frames/Vid24_BB_T.png,frames/Vid24_L.png,r,1.0,2.785083999973722,5.0,1.13002900002175,,,,22.0,Male,Right handed,Normal
Sub40_NB,NB,25.0,frames/Vid25_BB_T.png,frames/Vid25_L.png,r,1.0,10.495514399983222,4.0,9.750370900001144,,,,22.0,Male,Right handed,Normal
Sub40_NB,NB,26.0,frames/Vid26_EM_T.png,frames/Vid26_L.png,l,1.0,5.574819600005867,5.0,1.6476544000033757,,,,22.0,Male,Right handed,Normal
Sub40_NB,NB,27.0,frames/Vid27_BB_T.png,frames/Vid27_L.png,l,1.0,10.5007899000193,4.0,2.1298377999919467,,,,22.0,Male,Right handed,Normal
Sub40_NB,NB,28.0,frames/Vid28_EM_T.png,frames/Vid28_L.png,l,1.0,2.3025180000113323,5.0,1.114662399981171,,,,22.0,Male,Right handed,Normal
Sub40_NB,NB,29.0,frames/Vid29_BB_T.png,frames/Vid29_L.png,r,1.0,5.661192600004142,3.0,1.3658088999800384,,,,22.0,Male,Right handed,Normal
Sub40_NB,NB,30.0,frames/Vid30_EM_T.png,frames/Vid30_L.png,l,1.0,6.063834800006589,4.0,1.2318598999991082,,,,22.0,Male,Right handed,Normal
Sub40_NB,NB,31.0,frames/Vid31_EM_T.png,frames/Vid31_L.png,l,1.0,2.2901136000000406,5.0,1.0313205000129528,,,,22.0,Male,Right handed,Normal
Sub40_NB,NB,32.0,frames/Vid32_EM_T.png,frames/Vid32_L.png,l,1.0,3.174828000017442,5.0,0.9144118999829516,,,,22.0,Male,Right handed,Normal
Sub40_NB,NB,33.0,frames/Vid33_BB_T.png,frames/Vid33_L.png,r,1.0,6.28611399998772,4.0,1.0820311999996193,,,,22.0,Male,Right handed,Normal
Sub40_NB,NB,34.0,frames/Vid34_BB_T.png,frames/Vid34_L.png,r,1.0,5.856780900008744,4.0,1.4820470999984536,,,,22.0,Male,Right handed,Normal
Sub40_NB,NB,35.0,frames/Vid35_EM_T.png,frames/Vid35_L.png,l,1.0,4.800582800002303,5.0,1.3316992000036407,,,,22.0,Male,Right handed,Normal
Sub40_NB,NB,36.0,frames/Vid36_BB_T.png,frames/Vid36_L.png,r,1.0,3.589240500004962,5.0,1.198490300012054,,,,22.0,Male,Right handed,Normal
Sub40_NB,NB,37.0,frames/Vid37_BB_T.png,frames/Vid37_L.png,r,1.0,6.356433500011917,4.0,2.1322146999882534,,,,22.0,Male,Right handed,Normal
Sub40_NB,NB,38.0,frames/Vid38_EM_T.png,frames/Vid38_L.png,r,1.0,3.6850228999974206,5.0,1.3143969999800902,,,,22.0,Male,Right handed,Normal
Sub40_NB,NB,39.0,frames/Vid39_BB_T.png,frames/Vid39_L.png,r,1.0,3.8195377999800257,5.0,1.4821477999794297,,,,22.0,Male,Right handed,Normal
Sub40_NB,NB,40.0,frames/Vid40_EM_T.png,frames/Vid40_L.png,l,1.0,7.84703730000183,5.0,1.4303805000090506,,,,22.0,Male,Right handed,Normal
aru13,NB,1.0,frames/Vid1_EM_T.png,frames/Vid1_L.png,l,1.0,1.678481799957808,5.0,0.8454120000242256,,,,22.0,Male,Right handed,Normal
aru13,NB,2.0,frames/Vid2_BB_T.png,frames/Vid2_L.png,l,1.0,2.3067584999953397,5.0,0.9473237000056542,,,,22.0,Male,Right handed,Normal
aru13,NB,3.0,frames/Vid3_BB_T.png,frames/Vid3_L.png,r,1.0,5.705587599950377,5.0,1.0306948999641463,,,,22.0,Male,Right handed,Normal
aru13,NB,4.0,frames/Vid4_EM_T.png,frames/Vid4_L.png,l,1.0,2.1711116999504156,5.0,0.913627500005532,,,,22.0,Male,Right handed,Normal
aru13,NB,5.0,frames/Vid5_EM_T.png,frames/Vid5_L.png,l,1.0,2.2749048999976367,5.0,0.4980546999722719,,,,22.0,Male,Right handed,Normal
aru13,NB,6.0,frames/Vid6_BB_T.png,frames/Vid6_L.png,r,1.0,4.363428900018334,5.0,1.66312260000268,,,,22.0,Male,Right handed,Normal
aru13,NB,7.0,frames/Vid7_EM_T.png,frames/Vid7_L.png,l,1.0,2.5592648000456393,5.0,1.3651153999962844,,,,22.0,Male,Right handed,Normal
aru13,NB,8.0,frames/Vid8_BB_T.png,frames/Vid8_L.png,l,0.0,2.147656699991785,5.0,0.9466144999605604,,,,22.0,Male,Right handed,Normal
aru13,NB,9.0,frames/Vid9_EM_T.png,frames/Vid9_L.png,l,0.0,8.098249700036831,2.0,1.881528800004162,,,,22.0,Male,Right handed,Normal
aru13,NB,10.0,frames/Vid10_BB_T.png,frames/Vid10_L.png,l,1.0,2.452045099984389,5.0,0.5976010999875143,,,,22.0,Male,Right handed,Normal
aru13,NB,11.0,frames/Vid11_EM_T.png,frames/Vid11_L.png,l,1.0,2.596003299986478,5.0,0.8482670999947004,,,,22.0,Male,Right handed,Normal
aru13,NB,12.0,frames/Vid12_EM_T.png,frames/Vid12_L.png,r,1.0,4.090425500005949,5.0,1.1644136999966577,,,,22.0,Male,Right handed,Normal
aru13,NB,13.0,frames/Vid13_BB_T.png,frames/Vid13_L.png,r,0.0,3.30761929997243,5.0,0.4974013000028208,,,,22.0,Male,Right handed,Normal
aru13,NB,14.0,frames/Vid14_BB_T.png,frames/Vid14_L.png,l,1.0,4.9243145999498665,3.0,2.2811486999853514,,,,22.0,Male,Right handed,Normal
aru13,NB,15.0,frames/Vid15_BB_T.png,frames/Vid15_L.png,r,1.0,3.9198496000026353,5.0,1.4816371999913829,,,,22.0,Male,Right handed,Normal
aru13,NB,16.0,frames/Vid16_EM_T.png,frames/Vid16_L.png,r,1.0,4.655975800007582,5.0,5.582393700024113,,,,22.0,Male,Right handed,Normal
aru13,NB,17.0,frames/Vid17_BB_T.png,frames/Vid17_L.png,l,1.0,2.478884599986486,5.0,0.4630331000080332,,,,22.0,Male,Right handed,Normal
aru13,NB,18.0,frames/Vid18_EM_T.png,frames/Vid18_L.png,l,1.0,2.437289299967233,5.0,0.71396880003158,,,,22.0,Male,Right handed,Normal
aru13,NB,19.0,frames/Vid19_BB_T.png,frames/Vid19_L.png,l,1.0,2.1002090999973007,5.0,0.9147002000245266,,,,22.0,Male,Right handed,Normal
aru13,NB,20.0,frames/Vid20_EM_T.png,frames/Vid20_L.png,r,1.0,5.372031799983233,5.0,1.8315552999847569,,,,22.0,Male,Right handed,Normal
aru13,NB,21.0,frames/Vid21_BB_T.png,frames/Vid21_L.png,l,1.0,1.7643227000371553,5.0,0.5148052999866195,,,,22.0,Male,Right handed,Normal
aru13,NB,22.0,frames/Vid22_EM_T.png,frames/Vid22_L.png,l,1.0,2.3853126000030898,5.0,1.7310162999783645,,,,22.0,Male,Right handed,Normal
aru13,NB,23.0,frames/Vid23_EM_T.png,frames/Vid23_L.png,l,1.0,4.144699100055732,2.0,2.330793300003279,,,,22.0,Male,Right handed,Normal
aru13,NB,24.0,frames/Vid24_BB_T.png,frames/Vid24_L.png,l,1.0,1.7923476999858394,5.0,0.4982385999755934,,,,22.0,Male,Right handed,Normal
aru13,NB,25.0,frames/Vid25_BB_T.png,frames/Vid25_L.png,r,1.0,2.9427724999841303,5.0,1.046846800018102,,,,22.0,Male,Right handed,Normal
aru13,NB,26.0,frames/Vid26_EM_T.png,frames/Vid26_L.png,l,1.0,1.966932800016366,5.0,0.4981797000509687,,,,22.0,Male,Right handed,Normal
aru13,NB,27.0,frames/Vid27_BB_T.png,frames/Vid27_L.png,r,1.0,3.3144675999647006,5.0,1.2805108000175096,,,,22.0,Male,Right handed,Normal
aru13,NB,28.0,frames/Vid28_EM_T.png,frames/Vid28_L.png,l,1.0,2.5676604000036605,5.0,1.932430299988482,,,,22.0,Male,Right handed,Normal
aru13,NB,29.0,frames/Vid29_BB_T.png,frames/Vid29_L.png,l,1.0,2.464650999987498,5.0,0.9478342999937012,,,,22.0,Male,Right handed,Normal
aru13,NB,30.0,frames/Vid30_EM_T.png,frames/Vid30_L.png,r,1.0,3.3519517999957316,5.0,0.6808024999918416,,,,22.0,Male,Right handed,Normal
aru13,NB,31.0,frames/Vid31_EM_T.png,frames/Vid31_L.png,r,1.0,3.3426514000166208,5.0,0.563765200029593,,,,22.0,Male,Right handed,Normal
aru13,NB,32.0,frames/Vid32_EM_T.png,frames/Vid32_L.png,r,1.0,4.139504300022963,5.0,1.498888000031002,,,,22.0,Male,Right handed,Normal
aru13,NB,33.0,frames/Vid33_BB_T.png,frames/Vid33_L.png,l,1.0,3.19294350000564,5.0,1.4471690999926068,,,,22.0,Male,Right handed,Normal
aru13,NB,34.0,frames/Vid34_BB_T.png,frames/Vid34_L.png,l,1.0,4.3800587999867275,4.0,1.2133036000304855,,,,22.0,Male,Right handed,Normal
aru13,NB,35.0,frames/Vid35_EM_T.png,frames/Vid35_L.png,r,1.0,2.8192497999989428,5.0,0.8313847999670543,,,,22.0,Male,Right handed,Normal
aru13,NB,36.0,frames/Vid36_BB_T.png,frames/Vid36_L.png,l,1.0,2.821245300001465,4.0,1.998950299981516,,,,22.0,Male,Right handed,Normal
aru13,NB,37.0,frames/Vid37_BB_T.png,frames/Vid37_L.png,l,1.0,1.9265604999964123,5.0,0.7150904000154696,,,,22.0,Male,Right handed,Normal
aru13,NB,38.0,frames/Vid38_EM_T.png,frames/Vid38_L.png,r,1.0,6.226943400048185,3.0,2.547647600003984,,,,22.0,Male,Right handed,Normal
aru13,NB,39.0,frames/Vid39_BB_T.png,frames/Vid39_L.png,l,1.0,2.814126400044188,5.0,1.5131841000402346,,,,22.0,Male,Right handed,Normal
aru13,NB,40.0,frames/Vid40_EM_T.png,frames/Vid40_L.png,r,1.0,2.2294171000248753,5.0,0.630449199990835,,,,22.0,Male,Right handed,Normal
aru5467598,NB,1.0,frames/Vid1_EM_T.png,frames/Vid1_L.png,l,1.0,13.499937399988994,4.0,1.8626338999602012,,,,22.0,Male,Right handed,Normal
aru5467598,NB,2.0,frames/Vid2_BB_T.png,frames/Vid2_L.png,l,1.0,3.544675599958282,5.0,0.9962311999988742,,,,22.0,Male,Right handed,Normal
aru5467598,NB,3.0,frames/Vid3_BB_T.png,frames/Vid3_L.png,l,1.0,5.9057424000347964,5.0,1.3143950999947265,,,,22.0,Male,Right handed,Normal
aru5467598,NB,4.0,frames/Vid4_EM_T.png,frames/Vid4_L.png,r,1.0,4.533032400009688,5.0,2.182834300037939,,,,22.0,Male,Right handed,Normal
aru5467598,NB,5.0,frames/Vid5_EM_T.png,frames/Vid5_L.png,l,1.0,4.6845994999748655,5.0,1.231479500012938,,,,22.0,Male,Right handed,Normal
aru5467598,NB,6.0,frames/Vid6_BB_T.png,frames/Vid6_L.png,l,1.0,3.7662205999949943,5.0,1.4992472999729216,,,,22.0,Male,Right handed,Normal
aru5467598,NB,7.0,frames/Vid7_EM_T.png,frames/Vid7_L.png,l,0.0,5.200391199963633,3.0,1.5322544000227936,,,,22.0,Male,Right handed,Normal
aru5467598,NB,8.0,frames/Vid8_BB_T.png,frames/Vid8_L.png,r,0.0,5.51074980001431,3.0,2.04699400003301,,,,22.0,Male,Right handed,Normal
aru5467598,NB,9.0,frames/Vid9_EM_T.png,frames/Vid9_L.png,r,1.0,5.212665400002152,4.0,1.5976825000252577,,,,22.0,Male,Right handed,Normal
aru5467598,NB,10.0,frames/Vid10_BB_T.png,frames/Vid10_L.png,r,1.0,5.596511699957773,5.0,1.4993726999964565,,,,22.0,Male,Right handed,Normal
aru5467598,NB,11.0,frames/Vid11_EM_T.png,frames/Vid11_L.png,r,1.0,3.80833289999282,5.0,1.1148854999919422,,,,22.0,Male,Right handed,Normal
aru5467598,NB,12.0,frames/Vid12_EM_T.png,frames/Vid12_L.png,l,1.0,16.41750109998975,3.0,6.978898300032597,,,,22.0,Male,Right handed,Normal
aru5467598,NB,13.0,frames/Vid13_BB_T.png,frames/Vid13_L.png,r,0.0,5.846604400023352,5.0,1.6299682999961078,,,,22.0,Male,Right handed,Normal
aru5467598,NB,14.0,frames/Vid14_BB_T.png,frames/Vid14_L.png,l,1.0,2.9738076999783516,5.0,0.8312214000034146,,,,22.0,Male,Right handed,Normal
aru5467598,NB,15.0,frames/Vid15_BB_T.png,frames/Vid15_L.png,r,1.0,3.552768900000956,5.0,1.797484099981375,,,,22.0,Male,Right handed,Normal
aru5467598,NB,16.0,frames/Vid16_EM_T.png,frames/Vid16_L.png,l,0.0,11.23407419997966,1.0,2.096072699991055,,,,22.0,Male,Right handed,Normal
aru5467598,NB,17.0,frames/Vid17_BB_T.png,frames/Vid17_L.png,r,1.0,6.583915299968794,5.0,2.0807786000077613,,,,22.0,Male,Right handed,Normal
aru5467598,NB,18.0,frames/Vid18_EM_T.png,frames/Vid18_L.png,l,1.0,2.7827201999607496,5.0,1.0807273999671452,,,,22.0,Male,Right handed,Normal
aru5467598,NB,19.0,frames/Vid19_BB_T.png,frames/Vid19_L.png,l,0.0,8.56162970000878,1.0,1.6312605000566691,,,,22.0,Male,Right handed,Normal
aru5467598,NB,20.0,frames/Vid20_EM_T.png,frames/Vid20_L.png,l,1.0,6.801644400053192,2.0,2.315173100039829,,,,22.0,Male,Right handed,Normal
aru5467598,NB,21.0,frames/Vid21_BB_T.png,frames/Vid21_L.png,r,1.0,4.956747499993071,3.0,1.115534900047351,,,,22.0,Male,Right handed,Normal
aru5467598,NB,22.0,frames/Vid22_EM_T.png,frames/Vid22_L.png,r,1.0,6.8560793999931775,5.0,1.4486533000017516,,,,22.0,Male,Right handed,Normal
aru5467598,NB,23.0,frames/Vid23_EM_T.png,frames/Vid23_L.png,r,1.0,6.086918799963314,4.0,6.296303000010084,,,,22.0,Male,Right handed,Normal
aru5467598,NB,24.0,frames/Vid24_BB_T.png,frames/Vid24_L.png,r,1.0,4.00040610000724,5.0,1.3315982000203803,,,,22.0,Male,Right handed,Normal
aru5467598,NB,25.0,frames/Vid25_BB_T.png,frames/Vid25_L.png,r,1.0,4.859053599997424,5.0,1.4970566999982111,,,,22.0,Male,Right handed,Normal
aru5467598,NB,26.0,frames/Vid26_EM_T.png,frames/Vid26_L.png,l,1.0,4.9034204999916255,4.0,1.5474655999569222,,,,22.0,Male,Right handed,Normal
aru5467598,NB,27.0,frames/Vid27_BB_T.png,frames/Vid27_L.png,r,1.0,2.951181699987501,5.0,0.9478907000157052,,,,22.0,Male,Right handed,Normal
aru5467598,NB,28.0,frames/Vid28_EM_T.png,frames/Vid28_L.png,r,1.0,7.181954900035635,5.0,3.315436100005172,,,,22.0,Male,Right handed,Normal
aru5467598,NB,29.0,frames/Vid29_BB_T.png,frames/Vid29_L.png,l,1.0,3.76364790002117,5.0,0.6823168999981135,,,,22.0,Male,Right handed,Normal
aru5467598,NB,30.0,frames/Vid30_EM_T.png,frames/Vid30_L.png,l,1.0,8.409763600036968,5.0,1.2821700000204146,,,,22.0,Male,Right handed,Normal
aru5467598,NB,31.0,frames/Vid31_EM_T.png,frames/Vid31_L.png,r,1.0,6.306829399953131,4.0,2.5645711999968626,,,,22.0,Male,Right handed,Normal
aru5467598,NB,32.0,frames/Vid32_EM_T.png,frames/Vid32_L.png,l,1.0,2.5847802000353113,5.0,1.3309509999817235,,,,22.0,Male,Right handed,Normal
aru5467598,NB,33.0,frames/Vid33_BB_T.png,frames/Vid33_L.png,r,1.0,6.270079999987502,4.0,1.3324045999906955,,,,22.0,Male,Right handed,Normal
aru5467598,NB,34.0,frames/Vid34_BB_T.png,frames/Vid34_L.png,r,1.0,6.322706400009338,2.0,1.6823052000254393,,,,22.0,Male,Right handed,Normal
aru5467598,NB,35.0,frames/Vid35_EM_T.png,frames/Vid35_L.png,r,1.0,5.2815115000121295,4.0,1.5150190999847837,,,,22.0,Male,Right handed,Normal
aru5467598,NB,36.0,frames/Vid36_BB_T.png,frames/Vid36_L.png,l,1.0,4.886332999973092,3.0,1.381657299993094,,,,22.0,Male,Right handed,Normal
aru5467598,NB,37.0,frames/Vid37_BB_T.png,frames/Vid37_L.png,l,1.0,2.733552699966822,5.0,0.948634599975776,,,,22.0,Male,Right handed,Normal
aru5467598,NB,38.0,frames/Vid38_EM_T.png,frames/Vid38_L.png,l,1.0,4.659563400025945,4.0,1.183259500015993,,,,22.0,Male,Right handed,Normal
aru5467598,NB,39.0,frames/Vid39_BB_T.png,frames/Vid39_L.png,r,1.0,8.526512100012042,5.0,1.529018700006418,,,,22.0,Male,Right handed,Normal
aru5467598,NB,40.0,frames/Vid40_EM_T.png,frames/Vid40_L.png,r,1.0,5.437302100006491,3.0,1.014127100002952,,,,22.0,Male,Right handed,Normal
aru899686,NB,1.0,frames/Vid1_EM_T.png,frames/Vid1_L.png,l,1.0,8.09170869999798,4.0,1.2314960000221618,,,,22.0,Male,Right handed,Normal
aru899686,NB,2.0,frames/Vid2_BB_T.png,frames/Vid2_L.png,r,1.0,3.636674499954097,4.0,1.013547300011851,,,,22.0,Male,Right handed,Normal
aru899686,NB,3.0,frames/Vid3_BB_T.png,frames/Vid3_L.png,r,1.0,5.2447282000212,5.0,1.2461073999875223,,,,22.0,Male,Right handed,Normal
aru899686,NB,4.0,frames/Vid4_EM_T.png,frames/Vid4_L.png,l,1.0,5.531943099980708,4.0,0.84860219998518,,,,22.0,Male,Right handed,Normal
aru899686,NB,5.0,frames/Vid5_EM_T.png,frames/Vid5_L.png,r,1.0,2.755264099978376,4.0,1.098059199983254,,,,22.0,Male,Right handed,Normal
aru899686,NB,6.0,frames/Vid6_BB_T.png,frames/Vid6_L.png,l,1.0,3.068747900018934,4.0,1.245886899996549,,,,22.0,Male,Right handed,Normal
aru899686,NB,7.0,frames/Vid7_EM_T.png,frames/Vid7_L.png,l,1.0,2.943263199995272,5.0,1.4317904000054114,,,,22.0,Male,Right handed,Normal
aru899686,NB,8.0,frames/Vid8_BB_T.png,frames/Vid8_L.png,l,0.0,4.240886399988085,4.0,1.114658399950713,,,,22.0,Male,Right handed,Normal
aru899686,NB,9.0,frames/Vid9_EM_T.png,frames/Vid9_L.png,l,1.0,3.6149345000158064,2.0,1.114041700027883,,,,22.0,Male,Right handed,Normal
aru899686,NB,10.0,frames/Vid10_BB_T.png,frames/Vid10_L.png,l,1.0,3.558725000009872,4.0,1.164726499991957,,,,22.0,Male,Right handed,Normal
aru899686,NB,11.0,frames/Vid11_EM_T.png,frames/Vid11_L.png,r,1.0,3.2861099999863654,5.0,0.6488796000485308,,,,22.0,Male,Right handed,Normal
aru899686,NB,12.0,frames/Vid12_EM_T.png,frames/Vid12_L.png,l,1.0,2.527774700021837,5.0,1.4825207000249063,,,,22.0,Male,Right handed,Normal
aru899686,NB,13.0,frames/Vid13_BB_T.png,frames/Vid13_L.png,r,1.0,9.259769900003448,3.0,0.9806849000160582,,,,22.0,Male,Right handed,Normal
aru899686,NB,14.0,frames/Vid14_BB_T.png,frames/Vid14_L.png,l,0.0,2.3328971000155434,4.0,1.182252199971117,,,,22.0,Male,Right handed,Normal
aru899686,NB,15.0,frames/Vid15_BB_T.png,frames/Vid15_L.png,r,1.0,3.8145761999767274,4.0,0.9635879999841565,,,,22.0,Male,Right handed,Normal
aru899686,NB,16.0,frames/Vid16_EM_T.png,frames/Vid16_L.png,r,1.0,10.848952600033954,3.0,2.048414100019727,,,,22.0,Male,Right handed,Normal
aru899686,NB,17.0,frames/Vid17_BB_T.png,frames/Vid17_L.png,r,0.0,2.770470999996178,3.0,1.7306337999762036,,,,22.0,Male,Right handed,Normal
aru899686,NB,18.0,frames/Vid18_EM_T.png,frames/Vid18_L.png,r,1.0,3.7700089999707416,3.0,1.5309042000444606,,,,22.0,Male,Right handed,Normal
aru899686,NB,19.0,frames/Vid19_BB_T.png,frames/Vid19_L.png,r,0.0,4.304110999975819,4.0,0.91225629998371,,,,22.0,Male,Right handed,Normal
aru899686,NB,20.0,frames/Vid20_EM_T.png,frames/Vid20_L.png,l,1.0,6.182947000022978,3.0,6.446978899999522,,,,22.0,Male,Right handed,Normal
aru899686,NB,21.0,frames/Vid21_BB_T.png,frames/Vid21_L.png,r,1.0,4.307758099981584,5.0,1.3471002000151202,,,,22.0,Male,Right handed,Normal
aru899686,NB,22.0,frames/Vid22_EM_T.png,frames/Vid22_L.png,l,1.0,2.8024679999798536,4.0,1.2294421999831684,,,,22.0,Male,Right handed,Normal
aru899686,NB,23.0,frames/Vid23_EM_T.png,frames/Vid23_L.png,r,0.0,6.996335000032559,3.0,1.4816818999825043,,,,22.0,Male,Right handed,Normal
aru899686,NB,24.0,frames/Vid24_BB_T.png,frames/Vid24_L.png,r,1.0,3.555827300006058,5.0,0.8819171999930404,,,,22.0,Male,Right handed,Normal
aru899686,NB,25.0,frames/Vid25_BB_T.png,frames/Vid25_L.png,l,1.0,13.643413099984173,3.0,1.814248899987433,,,,22.0,Male,Right handed,Normal
aru899686,NB,26.0,frames/Vid26_EM_T.png,frames/Vid26_L.png,r,1.0,4.396824499999639,5.0,1.4141662000329234,,,,22.0,Male,Right handed,Normal
aru899686,NB,27.0,frames/Vid27_BB_T.png,frames/Vid27_L.png,l,1.0,2.281505099963397,3.0,1.180948900000658,,,,22.0,Male,Right handed,Normal
aru899686,NB,28.0,frames/Vid28_EM_T.png,frames/Vid28_L.png,r,1.0,2.865049200016074,5.0,1.9985600999789312,,,,22.0,Male,Right handed,Normal
aru899686,NB,29.0,frames/Vid29_BB_T.png,frames/Vid29_L.png,l,1.0,5.678176400018856,4.0,0.514803399972152,,,,22.0,Male,Right handed,Normal
aru899686,NB,30.0,frames/Vid30_EM_T.png,frames/Vid30_L.png,l,1.0,5.116612000041641,4.0,1.4474493999732658,,,,22.0,Male,Right handed,Normal
aru899686,NB,31.0,frames/Vid31_EM_T.png,frames/Vid31_L.png,l,1.0,3.991801099968143,2.0,1.1811529999831691,,,,22.0,Male,Right handed,Normal
aru899686,NB,32.0,frames/Vid32_EM_T.png,frames/Vid32_L.png,r,1.0,2.0569803999969736,4.0,1.148604299989529,,,,22.0,Male,Right handed,Normal
aru899686,NB,33.0,frames/Vid33_BB_T.png,frames/Vid33_L.png,l,1.0,15.46267209999496,2.0,1.0975040000048466,,,,22.0,Male,Right handed,Normal
aru899686,NB,34.0,frames/Vid34_BB_T.png,frames/Vid34_L.png,l,1.0,3.854221799992956,5.0,1.5151974000036716,,,,22.0,Male,Right handed,Normal
aru899686,NB,35.0,frames/Vid35_EM_T.png,frames/Vid35_L.png,r,1.0,10.571533799986357,2.0,2.563894699967932,,,,22.0,Male,Right handed,Normal
aru899686,NB,36.0,frames/Vid36_BB_T.png,frames/Vid36_L.png,r,1.0,2.807176599977538,4.0,1.1321176000055857,,,,22.0,Male,Right handed,Normal
aru899686,NB,37.0,frames/Vid37_BB_T.png,frames/Vid37_L.png,r,1.0,2.136184500006493,5.0,1.0314702999894507,,,,22.0,Male,Right handed,Normal
aru899686,NB,38.0,frames/Vid38_EM_T.png,frames/Vid38_L.png,r,1.0,3.773147500003688,4.0,1.2149738000007346,,,,22.0,Male,Right handed,Normal
aru899686,NB,39.0,frames/Vid39_BB_T.png,frames/Vid39_L.png,l,1.0,5.30112050002208,4.0,2.6146563999936916,,,,22.0,Male,Right handed,Normal
aru899686,NB,40.0,frames/Vid40_EM_T.png,frames/Vid40_L.png,l,0.0,8.228913299972191,3.0,1.7799694000277668,,,,22.0,Male,Right handed,Normal
hello001,NB,1.0,frames/Vid1_EM_T.png,frames/Vid1_L.png,r,1.0,10.727524799993262,5.0,1.8294174000038763,,,,22.0,Male,Right handed,Normal
hello001,NB,2.0,frames/Vid2_BB_T.png,frames/Vid2_L.png,l,1.0,8.422517800005153,5.0,1.8990223000000697,,,,22.0,Male,Right handed,Normal
hello001,NB,3.0,frames/Vid3_BB_T.png,frames/Vid3_L.png,l,1.0,2.4807656000193674,5.0,1.7490094999957364,,,,22.0,Male,Right handed,Normal
hello001,NB,4.0,frames/Vid4_EM_T.png,frames/Vid4_L.png,r,1.0,6.6409440000134055,3.0,2.8650450999848545,,,,22.0,Male,Right handed,Normal
hello001,NB,5.0,frames/Vid5_EM_T.png,frames/Vid5_L.png,r,1.0,15.673937499988824,1.0,1.5800281999981962,,,,22.0,Male,Right handed,Normal
hello001,NB,6.0,frames/Vid6_BB_T.png,frames/Vid6_L.png,r,1.0,2.972065699985251,5.0,1.6479038000106812,,,,22.0,Male,Right handed,Normal
hello001,NB,7.0,frames/Vid7_EM_T.png,frames/Vid7_L.png,l,0.0,8.051585000008345,4.0,2.9648486000078265,,,,22.0,Male,Right handed,Normal
hello001,NB,8.0,frames/Vid8_BB_T.png,frames/Vid8_L.png,l,0.0,3.983431800006656,2.0,1.5313081000058446,,,,22.0,Male,Right handed,Normal
hello001,NB,9.0,frames/Vid9_EM_T.png,frames/Vid9_L.png,l,1.0,6.518677600019146,1.0,1.8475426000077275,,,,22.0,Male,Right handed,Normal
hello001,NB,10.0,frames/Vid10_BB_T.png,frames/Vid10_L.png,l,1.0,3.739716599986423,4.0,1.8976362999819685,,,,22.0,Male,Right handed,Normal
hello001,NB,11.0,frames/Vid11_EM_T.png,frames/Vid11_L.png,l,1.0,2.4102467999910004,5.0,2.497738500009291,,,,22.0,Male,Right handed,Normal
hello001,NB,12.0,frames/Vid12_EM_T.png,frames/Vid12_L.png,r,1.0,4.22622229999979,5.0,1.8318525000067891,,,,22.0,Male,Right handed,Normal
hello001,NB,13.0,frames/Vid13_BB_T.png,frames/Vid13_L.png,r,1.0,3.3786256999883335,3.0,1.5311015999759547,,,,22.0,Male,Right handed,Normal
hello001,NB,14.0,frames/Vid14_BB_T.png,frames/Vid14_L.png,r,0.0,7.187550100003136,2.0,1.8824386000051163,,,,22.0,Male,Right handed,Normal
hello001,NB,15.0,frames/Vid15_BB_T.png,frames/Vid15_L.png,l,1.0,6.780847800022457,4.0,2.2308962999959476,,,,22.0,Male,Right handed,Normal
hello001,NB,16.0,frames/Vid16_EM_T.png,frames/Vid16_L.png,l,1.0,10.496422100026392,3.0,2.0816048000124283,,,,22.0,Male,Right handed,Normal
hello001,NB,17.0,frames/Vid17_BB_T.png,frames/Vid17_L.png,l,1.0,5.777899700013222,3.0,1.5459677999897394,,,,22.0,Male,Right handed,Normal
hello001,NB,18.0,frames/Vid18_EM_T.png,frames/Vid18_L.png,l,1.0,4.811958199978108,4.0,4.480424599983962,,,,22.0,Male,Right handed,Normal
hello001,NB,19.0,frames/Vid19_BB_T.png,frames/Vid19_L.png,r,1.0,8.14999980002176,4.0,2.9152061000058893,,,,22.0,Male,Right handed,Normal
hello001,NB,20.0,frames/Vid20_EM_T.png,frames/Vid20_L.png,l,1.0,3.739821700000902,5.0,6.1144987999869045,,,,22.0,Male,Right handed,Normal
hello001,NB,21.0,frames/Vid21_BB_T.png,frames/Vid21_L.png,r,1.0,8.054923499992583,5.0,2.131514499982586,,,,22.0,Male,Right handed,Normal
hello001,NB,22.0,frames/Vid22_EM_T.png,frames/Vid22_L.png,r,1.0,3.746091899985913,5.0,2.165402599988738,,,,22.0,Male,Right handed,Normal
hello001,NB,23.0,frames/Vid23_EM_T.png,frames/Vid23_L.png,r,1.0,3.728411999996751,5.0,1.697764200012898,,,,22.0,Male,Right handed,Normal
hello001,NB,24.0,frames/Vid24_BB_T.png,frames/Vid24_L.png,r,1.0,4.935882399993716,4.0,3.0644593999895733,,,,22.0,Male,Right handed,Normal
hello001,NB,25.0,frames/Vid25_BB_T.png,frames/Vid25_L.png,l,1.0,6.13336970002274,2.0,1.9150767999817615,,,,22.0,Male,Right handed,Normal
hello001,NB,26.0,frames/Vid26_EM_T.png,frames/Vid26_L.png,l,1.0,2.4843889999901876,5.0,2.016007400001399,,,,22.0,Male,Right handed,Normal
hello001,NB,27.0,frames/Vid27_BB_T.png,frames/Vid27_L.png,r,1.0,6.395960299996659,4.0,1.931320899981074,,,,22.0,Male,Right handed,Normal
hello001,NB,28.0,frames/Vid28_EM_T.png,frames/Vid28_L.png,l,1.0,4.22137779998593,5.0,1.7304323999851476,,,,22.0,Male,Right handed,Normal
hello001,NB,29.0,frames/Vid29_BB_T.png,frames/Vid29_L.png,l,1.0,4.052843599987682,4.0,1.964471900020726,,,,22.0,Male,Right handed,Normal
hello001,NB,30.0,frames/Vid30_EM_T.png,frames/Vid30_L.png,r,1.0,4.828206999984104,4.0,1.964608500013128,,,,22.0,Male,Right handed,Normal
hello001,NB,31.0,frames/Vid31_EM_T.png,frames/Vid31_L.png,l,1.0,3.5061473000096157,5.0,1.481020900013391,,,,22.0,Male,Right handed,Normal
hello001,NB,32.0,frames/Vid32_EM_T.png,frames/Vid32_L.png,l,1.0,1.9854659000120591,5.0,1.4803169000078924,,,,22.0,Male,Right handed,Normal
hello001,NB,33.0,frames/Vid33_BB_T.png,frames/Vid33_L.png,r,0.0,12.269674300012412,2.0,1.931335000001127,,,,22.0,Male,Right handed,Normal
hello001,NB,34.0,frames/Vid34_BB_T.png,frames/Vid34_L.png,l,1.0,6.171516300004441,1.0,2.34905840002466,,,,22.0,Male,Right handed,Normal
hello001,NB,35.0,frames/Vid35_EM_T.png,frames/Vid35_L.png,r,1.0,6.20259050000459,2.0,1.7466262000089046,,,,22.0,Male,Right handed,Normal
hello001,NB,36.0,frames/Vid36_BB_T.png,frames/Vid36_L.png,l,0.0,11.470047500013608,1.0,2.4151912999805063,,,,22.0,Male,Right handed,Normal
hello001,NB,37.0,frames/Vid37_BB_T.png,frames/Vid37_L.png,l,1.0,2.283323700015899,5.0,2.28058510000119,,,,22.0,Male,Right handed,Normal
hello001,NB,38.0,frames/Vid38_EM_T.png,frames/Vid38_L.png,l,1.0,6.374454200005857,2.0,1.930509900004836,,,,22.0,Male,Right handed,Normal
hello001,NB,39.0,frames/Vid39_BB_T.png,frames/Vid39_L.png,l,1.0,6.525391200004378,3.0,1.4983595999947283,,,,22.0,Male,Right handed,Normal
hello001,NB,40.0,frames/Vid40_EM_T.png,frames/Vid40_L.png,r,1.0,7.799077299976489,1.0,2.1488615999987815,,,,22.0,Male,Right handed,Normal
sub100_AB,AB,1.0,frames/Vid1_EM_T.png,frames/Vid1_L.png,l,1.0,5.650516599998809,5.0,0.7803956000134349,,,,21.0,Male,Right handed,Normal
sub100_AB,AB,2.0,frames/Vid2_BB_T.png,frames/Vid2_L.png,l,0.0,8.696675899962429,5.0,1.5133333000121638,,,,21.0,Male,Right handed,Normal
sub100_AB,AB,3.0,frames/Vid3_BB_T.png,frames/Vid3_L.png,l,1.0,5.306245499989018,5.0,1.0137759000062945,,,,21.0,Male,Right handed,Normal
sub100_AB,AB,4.0,frames/Vid4_EM_T.png,frames/Vid4_L.png,l,1.0,8.630303899990395,5.0,1.0319278999813832,,,,21.0,Male,Right handed,Normal
sub100_AB,AB,5.0,frames/Vid5_EM_T.png,frames/Vid5_L.png,l,1.0,5.573224599997047,3.0,1.3311701999627985,,,,21.0,Male,Right handed,Normal
sub100_AB,AB,6.0,frames/Vid6_BB_T.png,frames/Vid6_L.png,l,1.0,5.8367261000094,5.0,1.5149650999810549,,,,21.0,Male,Right handed,Normal
sub100_AB,AB,7.0,frames/Vid7_EM_T.png,frames/Vid7_L.png,l,1.0,5.251256700023077,5.0,0.8123480000067502,,,,21.0,Male,Right handed,Normal
sub100_AB,AB,8.0,frames/Vid8_BB_T.png,frames/Vid8_L.png,r,1.0,3.0640851000207476,5.0,1.047840599960182,,,,21.0,Male,Right handed,Normal
sub100_AB,AB,9.0,frames/Vid9_EM_T.png,frames/Vid9_L.png,l,1.0,10.955648200004362,2.0,1.3812293999944814,,,,21.0,Male,Right handed,Normal
sub100_AB,AB,10.0,frames/Vid10_BB_T.png,frames/Vid10_L.png,l,0.0,9.887970700045116,1.0,1.232304400007706,,,,21.0,Male,Right handed,Normal
sub100_AB,AB,11.0,frames/Vid11_EM_T.png,frames/Vid11_L.png,r,1.0,5.233562699984759,5.0,1.082326700037811,,,,21.0,Male,Right handed,Normal
sub100_AB,AB,12.0,frames/Vid12_EM_T.png,frames/Vid12_L.png,l,1.0,7.315223499957938,5.0,0.881303200032562,,,,21.0,Male,Right handed,Normal
sub100_AB,AB,13.0,frames/Vid13_BB_T.png,frames/Vid13_L.png,r,0.0,14.772497199999634,3.0,1.5468605000060052,,,,21.0,Male,Right handed,Normal
sub100_AB,AB,14.0,frames/Vid14_BB_T.png,frames/Vid14_L.png,r,1.0,4.914896800008137,5.0,0.9649635999812743,,,,21.0,Male,Right handed,Normal
sub100_AB,AB,15.0,frames/Vid15_BB_T.png,frames/Vid15_L.png,r,1.0,4.1239318999578245,5.0,0.8640385000035167,,,,21.0,Male,Right handed,Normal
sub100_AB,AB,16.0,frames/Vid16_EM_T.png,frames/Vid16_L.png,r,1.0,6.184801700001117,5.0,0.7633998999954201,,,,21.0,Male,Right handed,Normal
sub100_AB,AB,17.0,frames/Vid17_BB_T.png,frames/Vid17_L.png,l,1.0,6.514535500027705,2.0,1.3452932999935,,,,21.0,Male,Right handed,Normal
sub100_AB,AB,18.0,frames/Vid18_EM_T.png,frames/Vid18_L.png,l,1.0,4.0431121999863535,5.0,1.0151349999941883,,,,21.0,Male,Right handed,Normal
sub100_AB,AB,19.0,frames/Vid19_BB_T.png,frames/Vid19_L.png,l,1.0,4.440146799955983,3.0,0.8150849000085145,,,,21.0,Male,Right handed,Normal
sub100_AB,AB,20.0,frames/Vid20_EM_T.png,frames/Vid20_L.png,l,1.0,2.509665799967479,5.0,0.9141172000090592,,,,21.0,Male,Right handed,Normal
sub100_AB,AB,21.0,frames/Vid21_BB_T.png,frames/Vid21_L.png,l,0.0,11.458000599988736,3.0,0.915368199988734,,,,21.0,Male,Right handed,Normal
sub100_AB,AB,22.0,frames/Vid22_EM_T.png,frames/Vid22_L.png,l,1.0,3.922192800033372,5.0,0.9819477000273764,,,,21.0,Male,Right handed,Normal
sub100_AB,AB,23.0,frames/Vid23_EM_T.png,frames/Vid23_L.png,l,1.0,11.561114899988752,3.0,11.74889530002838,,,,21.0,Male,Right handed,Normal
sub100_AB,AB,24.0,frames/Vid24_BB_T.png,frames/Vid24_L.png,l,1.0,2.9339483000221662,5.0,1.04886759998044,,,,21.0,Male,Right handed,Normal
sub100_AB,AB,25.0,frames/Vid25_BB_T.png,frames/Vid25_L.png,l,0.0,4.3421449000015855,4.0,1.0649213999859055,,,,21.0,Male,Right handed,Normal
sub100_AB,AB,26.0,frames/Vid26_EM_T.png,frames/Vid26_L.png,r,1.0,1.7564470000215806,5.0,0.6310272000264376,,,,21.0,Male,Right handed,Normal
sub100_AB,AB,27.0,frames/Vid27_BB_T.png,frames/Vid27_L.png,r,1.0,9.091807399992833,4.0,0.9303046999848448,,,,21.0,Male,Right handed,Normal
sub100_AB,AB,28.0,frames/Vid28_EM_T.png,frames/Vid28_L.png,r,1.0,3.5684015000006184,5.0,0.678813699982129,,,,21.0,Male,Right handed,Normal
sub100_AB,AB,29.0,frames/Vid29_BB_T.png,frames/Vid29_L.png,l,1.0,4.443211600009818,5.0,0.9152220000396484,,,,21.0,Male,Right handed,Normal
sub100_AB,AB,30.0,frames/Vid30_EM_T.png,frames/Vid30_L.png,r,1.0,4.966300899977796,5.0,0.7976473999442533,,,,21.0,Male,Right handed,Normal
sub100_AB,AB,31.0,frames/Vid31_EM_T.png,frames/Vid31_L.png,l,1.0,7.486053800035734,4.0,1.7157134000444785,,,,21.0,Male,Right handed,Normal
sub100_AB,AB,32.0,frames/Vid32_EM_T.png,frames/Vid32_L.png,l,1.0,2.9168965000426397,5.0,1.082004199968651,,,,21.0,Male,Right handed,Normal
sub100_AB,AB,33.0,frames/Vid33_BB_T.png,frames/Vid33_L.png,r,1.0,3.889015599968843,5.0,1.464667099993676,,,,21.0,Male,Right handed,Normal
sub100_AB,AB,34.0,frames/Vid34_BB_T.png,frames/Vid34_L.png,r,0.0,8.12346960004652,3.0,1.54875409998931,,,,21.0,Male,Right handed,Normal
sub100_AB,AB,35.0,frames/Vid35_EM_T.png,frames/Vid35_L.png,r,1.0,5.068874999997206,5.0,1.031829799991101,,,,21.0,Male,Right handed,Normal
sub100_AB,AB,36.0,frames/Vid36_BB_T.png,frames/Vid36_L.png,l,1.0,6.104383300000336,5.0,1.414581099990755,,,,21.0,Male,Right handed,Normal
sub100_AB,AB,37.0,frames/Vid37_BB_T.png,frames/Vid37_L.png,r,1.0,2.9528677000198513,5.0,0.8992994999862276,,,,21.0,Male,Right handed,Normal
sub100_AB,AB,38.0,frames/Vid38_EM_T.png,frames/Vid38_L.png,l,1.0,4.548818200011738,2.0,0.6976715000346303,,,,21.0,Male,Right handed,Normal
sub100_AB,AB,39.0,frames/Vid39_BB_T.png,frames/Vid39_L.png,l,0.0,7.677278899995144,4.0,0.7311962000094354,,,,21.0,Male,Right handed,Normal
sub100_AB,AB,40.0,frames/Vid40_EM_T.png,frames/Vid40_L.png,l,1.0,4.357731900003273,4.0,0.7977609999943525,,,,21.0,Male,Right handed,Normal
sub101_AB,AB,1.0,frames/Vid1_EM_T.png,frames/Vid1_L.png,r,1.0,8.193866300047375,5.0,1.1961093000136316,,,,22.0,Female,Right handed,Corrected to normal
sub101_AB,AB,2.0,frames/Vid2_BB_T.png,frames/Vid2_L.png,r,1.0,4.393473099975381,5.0,1.3162421999732032,,,,22.0,Female,Right handed,Corrected to normal
sub101_AB,AB,3.0,frames/Vid3_BB_T.png,frames/Vid3_L.png,l,1.0,3.083921800018288,5.0,1.2142952000140212,,,,22.0,Female,Right handed,Corrected to normal
sub101_AB,AB,4.0,frames/Vid4_EM_T.png,frames/Vid4_L.png,l,1.0,3.982364600000438,5.0,1.31382909999229,,,,22.0,Female,Right handed,Corrected to normal
sub101_AB,AB,5.0,frames/Vid5_EM_T.png,frames/Vid5_L.png,l,1.0,4.933278299984522,3.0,1.3816913000191562,,,,22.0,Female,Right handed,Corrected to normal
sub101_AB,AB,6.0,frames/Vid6_BB_T.png,frames/Vid6_L.png,r,1.0,8.737783499993384,5.0,6.3814245000248775,,,,22.0,Female,Right handed,Corrected to normal
sub101_AB,AB,7.0,frames/Vid7_EM_T.png,frames/Vid7_L.png,l,0.0,2.166812400042545,5.0,1.2309175000409596,,,,22.0,Female,Right handed,Corrected to normal
sub101_AB,AB,8.0,frames/Vid8_BB_T.png,frames/Vid8_L.png,r,1.0,2.848956500005442,4.0,1.581483899964951,,,,22.0,Female,Right handed,Corrected to normal
sub101_AB,AB,9.0,frames/Vid9_EM_T.png,frames/Vid9_L.png,l,0.0,5.305100400000811,5.0,1.246636399999261,,,,22.0,Female,Right handed,Corrected to normal
sub101_AB,AB,10.0,frames/Vid10_BB_T.png,frames/Vid10_L.png,r,1.0,4.290130300039891,5.0,1.4829274999792688,,,,22.0,Female,Right handed,Corrected to normal
sub101_AB,AB,11.0,frames/Vid11_EM_T.png,frames/Vid11_L.png,r,1.0,3.5003585000522435,5.0,1.514741700026207,,,,22.0,Female,Right handed,Corrected to normal
sub101_AB,AB,12.0,frames/Vid12_EM_T.png,frames/Vid12_L.png,l,1.0,3.0409119999967515,4.0,1.3642818999942392,,,,22.0,Female,Right handed,Corrected to normal
sub101_AB,AB,13.0,frames/Vid13_BB_T.png,frames/Vid13_L.png,l,0.0,5.346802000014577,3.0,1.3464298999751918,,,,22.0,Female,Right handed,Corrected to normal
sub101_AB,AB,14.0,frames/Vid14_BB_T.png,frames/Vid14_L.png,r,1.0,7.371339100005571,4.0,1.5132242999970913,,,,22.0,Female,Right handed,Corrected to normal
sub101_AB,AB,15.0,frames/Vid15_BB_T.png,frames/Vid15_L.png,r,0.0,5.496868300018832,2.0,1.9655220999848095,,,,22.0,Female,Right handed,Corrected to normal
sub101_AB,AB,16.0,frames/Vid16_EM_T.png,frames/Vid16_L.png,l,1.0,3.677411000011489,5.0,1.414676900021732,,,,22.0,Female,Right handed,Corrected to normal
sub101_AB,AB,17.0,frames/Vid17_BB_T.png,frames/Vid17_L.png,l,0.0,6.126756499987096,2.0,1.3154556000372395,,,,22.0,Female,Right handed,Corrected to normal
sub101_AB,AB,18.0,frames/Vid18_EM_T.png,frames/Vid18_L.png,l,1.0,5.4188289000303484,4.0,1.9150630999938585,,,,22.0,Female,Right handed,Corrected to normal
sub101_AB,AB,19.0,frames/Vid19_BB_T.png,frames/Vid19_L.png,l,1.0,5.130022299999837,3.0,2.4973598000360653,,,,22.0,Female,Right handed,Corrected to normal
sub101_AB,AB,20.0,frames/Vid20_EM_T.png,frames/Vid20_L.png,r,1.0,7.205921099986881,4.0,1.3980853999964893,,,,22.0,Female,Right handed,Corrected to normal
sub101_AB,AB,21.0,frames/Vid21_BB_T.png,frames/Vid21_L.png,l,1.0,3.204550099966582,3.0,1.66498339996906,,,,22.0,Female,Right handed,Corrected to normal
sub101_AB,AB,22.0,frames/Vid22_EM_T.png,frames/Vid22_L.png,r,1.0,2.4097543000243604,5.0,1.311851300008129,,,,22.0,Female,Right handed,Corrected to normal
sub101_AB,AB,23.0,frames/Vid23_EM_T.png,frames/Vid23_L.png,l,1.0,3.7183233000105247,3.0,1.2140282000182196,,,,22.0,Female,Right handed,Corrected to normal
sub101_AB,AB,24.0,frames/Vid24_BB_T.png,frames/Vid24_L.png,r,1.0,2.469453900004737,5.0,1.680070500005968,,,,22.0,Female,Right handed,Corrected to normal
sub101_AB,AB,25.0,frames/Vid25_BB_T.png,frames/Vid25_L.png,l,1.0,9.341669999994338,4.0,1.7653406000463292,,,,22.0,Female,Right handed,Corrected to normal
sub101_AB,AB,26.0,frames/Vid26_EM_T.png,frames/Vid26_L.png,l,1.0,6.718730400025379,4.0,1.6647564999875613,,,,22.0,Female,Right handed,Corrected to normal
sub101_AB,AB,27.0,frames/Vid27_BB_T.png,frames/Vid27_L.png,l,1.0,5.3372441999963485,5.0,1.315853700041771,,,,22.0,Female,Right handed,Corrected to normal
sub101_AB,AB,28.0,frames/Vid28_EM_T.png,frames/Vid28_L.png,r,1.0,3.04651430004742,5.0,1.4146961999940686,,,,22.0,Female,Right handed,Corrected to normal
sub101_AB,AB,29.0,frames/Vid29_BB_T.png,frames/Vid29_L.png,l,1.0,6.636703600001056,2.0,1.978493000031449,,,,22.0,Female,Right handed,Corrected to normal
sub101_AB,AB,30.0,frames/Vid30_EM_T.png,frames/Vid30_L.png,l,1.0,2.8105999999679625,2.0,1.4666845999890938,,,,22.0,Female,Right handed,Corrected to normal
sub101_AB,AB,31.0,frames/Vid31_EM_T.png,frames/Vid31_L.png,l,1.0,2.614822500036098,5.0,1.049653899972327,,,,22.0,Female,Right handed,Corrected to normal
sub101_AB,AB,32.0,frames/Vid32_EM_T.png,frames/Vid32_L.png,r,1.0,3.890315999975428,5.0,1.2319828000036068,,,,22.0,Female,Right handed,Corrected to normal
sub101_AB,AB,33.0,frames/Vid33_BB_T.png,frames/Vid33_L.png,r,1.0,2.5464657000266016,5.0,1.3477340000099505,,,,22.0,Female,Right handed,Corrected to normal
sub101_AB,AB,34.0,frames/Vid34_BB_T.png,frames/Vid34_L.png,r,1.0,4.909451299987268,5.0,1.348519999999553,,,,22.0,Female,Right handed,Corrected to normal
sub101_AB,AB,35.0,frames/Vid35_EM_T.png,frames/Vid35_L.png,l,1.0,5.0120661000255495,2.0,1.2483878000057302,,,,22.0,Female,Right handed,Corrected to normal
sub101_AB,AB,36.0,frames/Vid36_BB_T.png,frames/Vid36_L.png,r,1.0,4.485662399965804,5.0,1.5474822000251152,,,,22.0,Female,Right handed,Corrected to normal
sub101_AB,AB,37.0,frames/Vid37_BB_T.png,frames/Vid37_L.png,r,1.0,3.839753100008238,5.0,0.9141235999995844,,,,22.0,Female,Right handed,Corrected to normal
sub101_AB,AB,38.0,frames/Vid38_EM_T.png,frames/Vid38_L.png,l,1.0,6.872414199984632,4.0,1.1489188999985345,,,,22.0,Female,Right handed,Corrected to normal
sub101_AB,AB,39.0,frames/Vid39_BB_T.png,frames/Vid39_L.png,r,0.0,4.054004400037229,4.0,1.4832195999915712,,,,22.0,Female,Right handed,Corrected to normal
sub101_AB,AB,40.0,frames/Vid40_EM_T.png,frames/Vid40_L.png,l,1.0,4.964777400018647,3.0,2.316768200020306,,,,22.0,Female,Right handed,Corrected to normal
sub102_AB,AB,1.0,frames/Vid1_EM_T.png,frames/Vid1_L.png,r,1.0,3.204627800034359,4.0,2.0130151999765076,,,,23.0,Male,Right handed,Normal
sub102_AB,AB,2.0,frames/Vid2_BB_T.png,frames/Vid2_L.png,r,1.0,3.2890474999439903,5.0,1.581263400032185,,,,23.0,Male,Right handed,Normal
sub102_AB,AB,3.0,frames/Vid3_BB_T.png,frames/Vid3_L.png,l,1.0,4.014514899987262,5.0,8.414525000029244,,,,23.0,Male,Right handed,Normal
sub102_AB,AB,4.0,frames/Vid4_EM_T.png,frames/Vid4_L.png,l,0.0,10.882853000017349,3.0,2.265966799983289,,,,23.0,Male,Right handed,Normal
sub102_AB,AB,5.0,frames/Vid5_EM_T.png,frames/Vid5_L.png,r,1.0,3.3794048000127077,4.0,1.98051470000064,,,,23.0,Male,Right handed,Normal
sub102_AB,AB,6.0,frames/Vid6_BB_T.png,frames/Vid6_L.png,r,1.0,5.729765800002497,5.0,2.96579520002706,,,,23.0,Male,Right handed,Normal
sub102_AB,AB,7.0,frames/Vid7_EM_T.png,frames/Vid7_L.png,r,1.0,8.473399100010283,2.0,2.3978020999929868,,,,23.0,Male,Right handed,Normal
sub102_AB,AB,8.0,frames/Vid8_BB_T.png,frames/Vid8_L.png,r,1.0,4.33783420000691,5.0,1.4306269999942742,,,,23.0,Male,Right handed,Normal
sub102_AB,AB,9.0,frames/Vid9_EM_T.png,frames/Vid9_L.png,l,0.0,5.717902800010052,2.0,2.3805663000093773,,,,23.0,Male,Right handed,Normal
sub102_AB,AB,10.0,frames/Vid10_BB_T.png,frames/Vid10_L.png,l,1.0,2.2157382000004873,5.0,2.397421600006055,,,,23.0,Male,Right handed,Normal
sub102_AB,AB,11.0,frames/Vid11_EM_T.png,frames/Vid11_L.png,r,1.0,2.4608670999878086,4.0,2.18294790002983,,,,23.0,Male,Right handed,Normal
sub102_AB,AB,12.0,frames/Vid12_EM_T.png,frames/Vid12_L.png,r,1.0,4.053058799996506,5.0,1.7145807999768294,,,,23.0,Male,Right handed,Normal
sub102_AB,AB,13.0,frames/Vid13_BB_T.png,frames/Vid13_L.png,r,0.0,4.025688500027172,2.0,2.148317400016822,,,,23.0,Male,Right handed,Normal
sub102_AB,AB,14.0,frames/Vid14_BB_T.png,frames/Vid14_L.png,l,1.0,2.474895899998955,4.0,2.0981160000083037,,,,23.0,Male,Right handed,Normal
sub102_AB,AB,15.0,frames/Vid15_BB_T.png,frames/Vid15_L.png,r,1.0,4.470506199984811,3.0,1.7480873999884352,,,,23.0,Male,Right handed,Normal
sub102_AB,AB,16.0,frames/Vid16_EM_T.png,frames/Vid16_L.png,l,1.0,6.007749399985187,3.0,1.697951700014528,,,,23.0,Male,Right handed,Normal
sub102_AB,AB,17.0,frames/Vid17_BB_T.png,frames/Vid17_L.png,l,1.0,2.608740099996794,5.0,1.0647984000388533,,,,23.0,Male,Right handed,Normal
sub102_AB,AB,18.0,frames/Vid18_EM_T.png,frames/Vid18_L.png,l,1.0,3.0254891999647953,5.0,1.7815571999526585,,,,23.0,Male,Right handed,Normal
sub102_AB,AB,19.0,frames/Vid19_BB_T.png,frames/Vid19_L.png,l,0.0,3.2156246999511495,2.0,2.0984508999972604,,,,23.0,Male,Right handed,Normal
sub102_AB,AB,20.0,frames/Vid20_EM_T.png,frames/Vid20_L.png,l,1.0,2.845131499983836,4.0,1.7473720000125468,,,,23.0,Male,Right handed,Normal
sub102_AB,AB,21.0,frames/Vid21_BB_T.png,frames/Vid21_L.png,r,1.0,4.567424900014885,3.0,2.3480080000008456,,,,23.0,Male,Right handed,Normal
sub102_AB,AB,22.0,frames/Vid22_EM_T.png,frames/Vid22_L.png,l,1.0,2.737671600014437,5.0,2.0148479000199586,,,,23.0,Male,Right handed,Normal
sub102_AB,AB,23.0,frames/Vid23_EM_T.png,frames/Vid23_L.png,l,1.0,2.074997399991844,4.0,1.9816298999940043,,,,23.0,Male,Right handed,Normal
sub102_AB,AB,24.0,frames/Vid24_BB_T.png,frames/Vid24_L.png,l,1.0,5.5171286999830045,3.0,2.513924099970609,,,,23.0,Male,Right handed,Normal
sub102_AB,AB,25.0,frames/Vid25_BB_T.png,frames/Vid25_L.png,l,1.0,4.896523100032937,3.0,2.946066099975724,,,,23.0,Male,Right handed,Normal
sub102_AB,AB,26.0,frames/Vid26_EM_T.png,frames/Vid26_L.png,r,1.0,4.768879099981859,3.0,1.9616845000418832,,,,23.0,Male,Right handed,Normal
sub102_AB,AB,27.0,frames/Vid27_BB_T.png,frames/Vid27_L.png,r,1.0,3.657052399998065,3.0,2.4643661999725737,,,,23.0,Male,Right handed,Normal
sub102_AB,AB,28.0,frames/Vid28_EM_T.png,frames/Vid28_L.png,r,1.0,3.7319552999688312,5.0,2.263389300031122,,,,23.0,Male,Right handed,Normal
sub102_AB,AB,29.0,frames/Vid29_BB_T.png,frames/Vid29_L.png,l,1.0,8.390167100005783,1.0,2.998694200010505,,,,23.0,Male,Right handed,Normal
sub102_AB,AB,30.0,frames/Vid30_EM_T.png,frames/Vid30_L.png,r,1.0,4.089839399966877,4.0,2.048802200006321,,,,23.0,Male,Right handed,Normal
sub102_AB,AB,31.0,frames/Vid31_EM_T.png,frames/Vid31_L.png,l,1.0,2.2890263000153936,4.0,1.5967825999832712,,,,23.0,Male,Right handed,Normal
sub102_AB,AB,32.0,frames/Vid32_EM_T.png,frames/Vid32_L.png,r,1.0,4.166906400001608,3.0,1.431341599964071,,,,23.0,Male,Right handed,Normal
sub102_AB,AB,33.0,frames/Vid33_BB_T.png,frames/Vid33_L.png,l,1.0,2.7269238000153564,4.0,2.215108699980192,,,,23.0,Male,Right handed,Normal
sub102_AB,AB,34.0,frames/Vid34_BB_T.png,frames/Vid34_L.png,l,1.0,2.4279762000078335,2.0,1.880921500036493,,,,23.0,Male,Right handed,Normal
sub102_AB,AB,35.0,frames/Vid35_EM_T.png,frames/Vid35_L.png,l,1.0,2.2668440000270493,5.0,1.2800593000138178,,,,23.0,Male,Right handed,Normal
sub102_AB,AB,36.0,frames/Vid36_BB_T.png,frames/Vid36_L.png,r,0.0,5.354331100010313,1.0,1.997203000006266,,,,23.0,Male,Right handed,Normal
sub102_AB,AB,37.0,frames/Vid37_BB_T.png,frames/Vid37_L.png,l,1.0,2.9631148999906145,4.0,3.165315499994904,,,,23.0,Male,Right handed,Normal
sub102_AB,AB,38.0,frames/Vid38_EM_T.png,frames/Vid38_L.png,r,1.0,8.031044100003783,1.0,3.0988280000165105,,,,23.0,Male,Right handed,Normal
sub102_AB,AB,39.0,frames/Vid39_BB_T.png,frames/Vid39_L.png,r,1.0,10.970983300008813,3.0,3.1143733999924734,,,,23.0,Male,Right handed,Normal
sub102_AB,AB,40.0,frames/Vid40_EM_T.png,frames/Vid40_L.png,l,0.0,3.057352099975106,2.0,2.1488480000407435,,,,23.0,Male,Right handed,Normal
sub103_AB,AB,1.0,frames/Vid1_EM_T.png,frames/Vid1_L.png,l,1.0,3.8530051999841817,5.0,1.815192600013688,,,,21.0,Male,Left Handed,Normal
sub103_AB,AB,2.0,frames/Vid2_BB_T.png,frames/Vid2_L.png,l,1.0,3.9827729999669823,5.0,3.74696350004524,,,,21.0,Male,Left Handed,Normal
sub103_AB,AB,3.0,frames/Vid3_BB_T.png,frames/Vid3_L.png,r,1.0,4.703176199982408,5.0,1.7483007999835536,,,,21.0,Male,Left Handed,Normal
sub103_AB,AB,4.0,frames/Vid4_EM_T.png,frames/Vid4_L.png,l,1.0,3.836953700054437,3.0,1.964228600030765,,,,21.0,Male,Left Handed,Normal
sub103_AB,AB,5.0,frames/Vid5_EM_T.png,frames/Vid5_L.png,r,0.0,4.404017299995758,2.0,1.846893900015857,,,,21.0,Male,Left Handed,Normal
sub103_AB,AB,6.0,frames/Vid6_BB_T.png,frames/Vid6_L.png,l,1.0,2.6364421999896877,5.0,1.0327011999906972,,,,21.0,Male,Left Handed,Normal
sub103_AB,AB,7.0,frames/Vid7_EM_T.png,frames/Vid7_L.png,r,1.0,4.438955400022678,5.0,2.397565899998881,,,,21.0,Male,Left Handed,Normal
sub103_AB,AB,8.0,frames/Vid8_BB_T.png,frames/Vid8_L.png,r,0.0,8.630269800021779,5.0,1.0314082000404596,,,,21.0,Male,Left Handed,Normal
sub103_AB,AB,9.0,frames/Vid9_EM_T.png,frames/Vid9_L.png,l,1.0,4.077885599981528,5.0,1.4636322999722324,,,,21.0,Male,Left Handed,Normal
sub103_AB,AB,10.0,frames/Vid10_BB_T.png,frames/Vid10_L.png,r,1.0,3.7171875000349246,5.0,0.7655316999880597,,,,21.0,Male,Left Handed,Normal
sub103_AB,AB,11.0,frames/Vid11_EM_T.png,frames/Vid11_L.png,l,1.0,2.7440567999728955,5.0,2.248265400005039,,,,21.0,Male,Left Handed,Normal
sub103_AB,AB,12.0,frames/Vid12_EM_T.png,frames/Vid12_L.png,l,1.0,4.033886799996253,5.0,1.281495899951551,,,,21.0,Male,Left Handed,Normal
sub103_AB,AB,13.0,frames/Vid13_BB_T.png,frames/Vid13_L.png,l,1.0,3.087214099999983,5.0,2.099889400007669,,,,21.0,Male,Left Handed,Normal
sub103_AB,AB,14.0,frames/Vid14_BB_T.png,frames/Vid14_L.png,r,1.0,3.1236722000176087,3.0,1.3316064000246115,,,,21.0,Male,Left Handed,Normal
sub103_AB,AB,15.0,frames/Vid15_BB_T.png,frames/Vid15_L.png,l,0.0,5.2809333999757655,5.0,1.7315533999935724,,,,21.0,Male,Left Handed,Normal
sub103_AB,AB,16.0,frames/Vid16_EM_T.png,frames/Vid16_L.png,r,0.0,9.18144429998938,5.0,1.8135737999691628,,,,21.0,Male,Left Handed,Normal
sub103_AB,AB,17.0,frames/Vid17_BB_T.png,frames/Vid17_L.png,r,1.0,4.567192699993029,2.0,2.9129822999821045,,,,21.0,Male,Left Handed,Normal
sub103_AB,AB,18.0,frames/Vid18_EM_T.png,frames/Vid18_L.png,l,1.0,3.936372800031677,2.0,1.147759400017094,,,,21.0,Male,Left Handed,Normal
sub103_AB,AB,19.0,frames/Vid19_BB_T.png,frames/Vid19_L.png,r,1.0,2.4069322000141256,3.0,1.814537099970039,,,,21.0,Male,Left Handed,Normal
sub103_AB,AB,20.0,frames/Vid20_EM_T.png,frames/Vid20_L.png,l,1.0,3.8984256999683566,2.0,1.796083700028248,,,,21.0,Male,Left Handed,Normal
sub103_AB,AB,21.0,frames/Vid21_BB_T.png,frames/Vid21_L.png,l,1.0,3.116453399998136,5.0,1.5793937999987977,,,,21.0,Male,Left Handed,Normal
sub103_AB,AB,22.0,frames/Vid22_EM_T.png,frames/Vid22_L.png,r,1.0,7.021421300014481,5.0,1.6320631999988109,,,,21.0,Male,Left Handed,Normal
sub103_AB,AB,23.0,frames/Vid23_EM_T.png,frames/Vid23_L.png,r,0.0,3.578856599982828,3.0,1.0300367000163533,,,,21.0,Male,Left Handed,Normal
sub103_AB,AB,24.0,frames/Vid24_BB_T.png,frames/Vid24_L.png,r,1.0,4.443739800015464,5.0,2.4304253000300378,,,,21.0,Male,Left Handed,Normal
sub103_AB,AB,25.0,frames/Vid25_BB_T.png,frames/Vid25_L.png,r,0.0,4.7392054999945685,4.0,1.5321507999906316,,,,21.0,Male,Left Handed,Normal
sub103_AB,AB,26.0,frames/Vid26_EM_T.png,frames/Vid26_L.png,r,0.0,3.778440599970054,5.0,1.6132939999806697,,,,21.0,Male,Left Handed,Normal
sub103_AB,AB,27.0,frames/Vid27_BB_T.png,frames/Vid27_L.png,r,1.0,2.2937441000249237,5.0,1.0649754999903962,,,,21.0,Male,Left Handed,Normal
sub103_AB,AB,28.0,frames/Vid28_EM_T.png,frames/Vid28_L.png,r,1.0,2.163042399974074,5.0,1.4817528999992646,,,,21.0,Male,Left Handed,Normal
sub103_AB,AB,29.0,frames/Vid29_BB_T.png,frames/Vid29_L.png,l,1.0,3.5743966000154614,4.0,1.2325531999813393,,,,21.0,Male,Left Handed,Normal
sub103_AB,AB,30.0,frames/Vid30_EM_T.png,frames/Vid30_L.png,l,1.0,4.320118699979503,5.0,1.4822292000171728,,,,21.0,Male,Left Handed,Normal
sub103_AB,AB,31.0,frames/Vid31_EM_T.png,frames/Vid31_L.png,l,1.0,3.091938700003084,5.0,1.4643192999647,,,,21.0,Male,Left Handed,Normal
sub103_AB,AB,32.0,frames/Vid32_EM_T.png,frames/Vid32_L.png,l,1.0,2.9528879999998026,5.0,1.749353599967435,,,,21.0,Male,Left Handed,Normal
sub103_AB,AB,33.0,frames/Vid33_BB_T.png,frames/Vid33_L.png,l,1.0,3.826371300034225,3.0,2.3178423999925144,,,,21.0,Male,Left Handed,Normal
sub103_AB,AB,34.0,frames/Vid34_BB_T.png,frames/Vid34_L.png,r,1.0,5.164605700003449,2.0,1.748140100040473,,,,21.0,Male,Left Handed,Normal
sub103_AB,AB,35.0,frames/Vid35_EM_T.png,frames/Vid35_L.png,r,1.0,3.3122560000047088,5.0,1.3140571000403725,,,,21.0,Male,Left Handed,Normal
sub103_AB,AB,36.0,frames/Vid36_BB_T.png,frames/Vid36_L.png,r,1.0,2.5318675999878906,5.0,0.9321222999715246,,,,21.0,Male,Left Handed,Normal
sub103_AB,AB,37.0,frames/Vid37_BB_T.png,frames/Vid37_L.png,r,1.0,2.6083941000397317,5.0,1.098367500002496,,,,21.0,Male,Left Handed,Normal
sub103_AB,AB,38.0,frames/Vid38_EM_T.png,frames/Vid38_L.png,l,1.0,5.190626399999019,4.0,1.2802413999452256,,,,21.0,Male,Left Handed,Normal
sub103_AB,AB,39.0,frames/Vid39_BB_T.png,frames/Vid39_L.png,r,1.0,4.566089699976146,5.0,1.2152028999989852,,,,21.0,Male,Left Handed,Normal
sub103_AB,AB,40.0,frames/Vid40_EM_T.png,frames/Vid40_L.png,r,1.0,3.970194099994842,5.0,1.180671900045127,,,,21.0,Male,Left Handed,Normal
sub104_AB,AB,1.0,frames/Vid1_EM_T.png,frames/Vid1_L.png,l,1.0,16.99605860002339,4.0,2.3655753000057302,,,,23.0,Male,Right handed,Normal
sub104_AB,AB,2.0,frames/Vid2_BB_T.png,frames/Vid2_L.png,r,0.0,2.9714998999843374,5.0,2.964539300010074,,,,23.0,Male,Right handed,Normal
sub104_AB,AB,3.0,frames/Vid3_BB_T.png,frames/Vid3_L.png,l,1.0,4.9814177000080235,2.0,0.9635644999798388,,,,23.0,Male,Right handed,Normal
sub104_AB,AB,4.0,frames/Vid4_EM_T.png,frames/Vid4_L.png,l,0.0,8.159306699992158,2.0,1.7306848000152968,,,,23.0,Male,Right handed,Normal
sub104_AB,AB,5.0,frames/Vid5_EM_T.png,frames/Vid5_L.png,r,0.0,8.176191400038078,3.0,10.31519130000379,,,,23.0,Male,Right handed,Normal
sub104_AB,AB,6.0,frames/Vid6_BB_T.png,frames/Vid6_L.png,r,1.0,4.4531190999550745,5.0,1.7295845999615267,,,,23.0,Male,Right handed,Normal
sub104_AB,AB,7.0,frames/Vid7_EM_T.png,frames/Vid7_L.png,l,1.0,4.976318400003947,4.0,1.4658234000089578,,,,23.0,Male,Right handed,Normal
sub104_AB,AB,8.0,frames/Vid8_BB_T.png,frames/Vid8_L.png,l,1.0,4.497475899988785,5.0,1.3819532000343315,,,,23.0,Male,Right handed,Normal
sub104_AB,AB,9.0,frames/Vid9_EM_T.png,frames/Vid9_L.png,l,0.0,3.8357918999972753,3.0,1.1970070999814195,,,,23.0,Male,Right handed,Normal
sub104_AB,AB,10.0,frames/Vid10_BB_T.png,frames/Vid10_L.png,l,1.0,5.424607799970545,3.0,1.5478531999979168,,,,23.0,Male,Right handed,Normal
sub104_AB,AB,11.0,frames/Vid11_EM_T.png,frames/Vid11_L.png,l,1.0,6.168662099982612,3.0,3.130502299987711,,,,23.0,Male,Right handed,Normal
sub104_AB,AB,12.0,frames/Vid12_EM_T.png,frames/Vid12_L.png,r,1.0,5.815072600031272,2.0,1.4308181999949738,,,,23.0,Male,Right handed,Normal
sub104_AB,AB,13.0,frames/Vid13_BB_T.png,frames/Vid13_L.png,l,0.0,7.415192699991167,2.0,3.4473767000017688,,,,23.0,Male,Right handed,Normal
sub104_AB,AB,14.0,frames/Vid14_BB_T.png,frames/Vid14_L.png,r,1.0,2.818339499994181,5.0,1.2131510999752209,,,,23.0,Male,Right handed,Normal
sub104_AB,AB,15.0,frames/Vid15_BB_T.png,frames/Vid15_L.png,r,1.0,9.65973950002808,2.0,1.0983010999625549,,,,23.0,Male,Right handed,Normal
sub104_AB,AB,16.0,frames/Vid16_EM_T.png,frames/Vid16_L.png,r,1.0,3.7524843999999575,4.0,1.1314883999875749,,,,23.0,Male,Right handed,Normal
sub104_AB,AB,17.0,frames/Vid17_BB_T.png,frames/Vid17_L.png,r,1.0,4.621923499973491,4.0,1.3970026000170035,,,,23.0,Male,Right handed,Normal
sub104_AB,AB,18.0,frames/Vid18_EM_T.png,frames/Vid18_L.png,r,1.0,4.0541486000292934,3.0,2.233497000008356,,,,23.0,Male,Right handed,Normal
sub104_AB,AB,19.0,frames/Vid19_BB_T.png,frames/Vid19_L.png,l,0.0,5.521053100004792,5.0,1.8635669000213968,,,,23.0,Male,Right handed,Normal
sub104_AB,AB,20.0,frames/Vid20_EM_T.png,frames/Vid20_L.png,r,1.0,3.042542500013951,5.0,1.5626551000168547,,,,23.0,Male,Right handed,Normal
sub104_AB,AB,21.0,frames/Vid21_BB_T.png,frames/Vid21_L.png,l,0.0,11.08277849998558,3.0,1.4470887999632396,,,,23.0,Male,Right handed,Normal
sub104_AB,AB,22.0,frames/Vid22_EM_T.png,frames/Vid22_L.png,l,1.0,7.120879299996886,5.0,2.715017299982719,,,,23.0,Male,Right handed,Normal
sub104_AB,AB,23.0,frames/Vid23_EM_T.png,frames/Vid23_L.png,l,1.0,5.599877499975264,2.0,3.1985822000424378,,,,23.0,Male,Right handed,Normal
sub104_AB,AB,24.0,frames/Vid24_BB_T.png,frames/Vid24_L.png,l,1.0,5.490930699976161,4.0,1.1496555999619886,,,,23.0,Male,Right handed,Normal
sub104_AB,AB,25.0,frames/Vid25_BB_T.png,frames/Vid25_L.png,r,1.0,5.8586871000006795,4.0,4.997784799954388,,,,23.0,Male,Right handed,Normal
sub104_AB,AB,26.0,frames/Vid26_EM_T.png,frames/Vid26_L.png,l,1.0,6.087102600024082,5.0,2.5311084000277333,,,,23.0,Male,Right handed,Normal
sub104_AB,AB,27.0,frames/Vid27_BB_T.png,frames/Vid27_L.png,l,1.0,5.752195000008214,3.0,3.3147252000053413,,,,23.0,Male,Right handed,Normal
sub104_AB,AB,28.0,frames/Vid28_EM_T.png,frames/Vid28_L.png,r,1.0,5.767769000027329,4.0,5.064905700040981,,,,23.0,Male,Right handed,Normal
sub104_AB,AB,29.0,frames/Vid29_BB_T.png,frames/Vid29_L.png,r,1.0,7.762770199973602,2.0,1.3813483999692835,,,,23.0,Male,Right handed,Normal
sub104_AB,AB,30.0,frames/Vid30_EM_T.png,frames/Vid30_L.png,l,1.0,6.119021099992096,2.0,1.816209600016009,,,,23.0,Male,Right handed,Normal
sub104_AB,AB,31.0,frames/Vid31_EM_T.png,frames/Vid31_L.png,l,1.0,2.3526198999607004,4.0,1.79724449996138,,,,23.0,Male,Right handed,Normal
sub104_AB,AB,32.0,frames/Vid32_EM_T.png,frames/Vid32_L.png,r,1.0,3.730562799959443,5.0,1.1294298999710009,,,,23.0,Male,Right handed,Normal
sub104_AB,AB,33.0,frames/Vid33_BB_T.png,frames/Vid33_L.png,r,1.0,5.182151000015438,5.0,1.081865000014659,,,,23.0,Male,Right handed,Normal
sub104_AB,AB,34.0,frames/Vid34_BB_T.png,frames/Vid34_L.png,r,0.0,6.17725230002543,4.0,3.2818857000092976,,,,23.0,Male,Right handed,Normal
sub104_AB,AB,35.0,frames/Vid35_EM_T.png,frames/Vid35_L.png,l,1.0,4.628665099968202,4.0,0.9161717999959365,,,,23.0,Male,Right handed,Normal
sub104_AB,AB,36.0,frames/Vid36_BB_T.png,frames/Vid36_L.png,r,0.0,6.043537000019569,2.0,1.3129360000020824,,,,23.0,Male,Right handed,Normal
sub104_AB,AB,37.0,frames/Vid37_BB_T.png,frames/Vid37_L.png,l,1.0,4.896480800001882,5.0,3.4136988999671303,,,,23.0,Male,Right handed,Normal
sub104_AB,AB,38.0,frames/Vid38_EM_T.png,frames/Vid38_L.png,l,1.0,6.089030899980571,3.0,1.916070499981288,,,,23.0,Male,Right handed,Normal
sub104_AB,AB,39.0,frames/Vid39_BB_T.png,frames/Vid39_L.png,r,1.0,6.11464560002787,2.0,1.482042299991008,,,,23.0,Male,Right handed,Normal
sub104_AB,AB,40.0,frames/Vid40_EM_T.png,frames/Vid40_L.png,r,0.0,4.589567100047134,4.0,1.8993241999996824,,,,23.0,Male,Right handed,Normal
sub105_AB,AB,1.0,frames/Vid1_EM_T.png,frames/Vid1_L.png,l,0.0,1.9872247999883257,5.0,1.6651671000290662,,,,23.0,Female,Right handed,Normal
sub105_AB,AB,2.0,frames/Vid2_BB_T.png,frames/Vid2_L.png,l,1.0,2.6044877999811433,5.0,1.1969939999980852,,,,23.0,Female,Right handed,Normal
sub105_AB,AB,3.0,frames/Vid3_BB_T.png,frames/Vid3_L.png,l,1.0,8.415032499993686,5.0,1.298954700003378,,,,23.0,Female,Right handed,Normal
sub105_AB,AB,4.0,frames/Vid4_EM_T.png,frames/Vid4_L.png,l,1.0,4.446380300039891,5.0,2.0959242999670096,,,,23.0,Female,Right handed,Normal
sub105_AB,AB,5.0,frames/Vid5_EM_T.png,frames/Vid5_L.png,l,1.0,3.8400456000235863,5.0,1.6811493000132032,,,,23.0,Female,Right handed,Normal
sub105_AB,AB,6.0,frames/Vid6_BB_T.png,frames/Vid6_L.png,r,0.0,9.244519100000616,4.0,2.180761900031939,,,,23.0,Female,Right handed,Normal
sub105_AB,AB,7.0,frames/Vid7_EM_T.png,frames/Vid7_L.png,l,1.0,3.06165129999863,4.0,1.8318715000059456,,,,23.0,Female,Right handed,Normal
sub105_AB,AB,8.0,frames/Vid8_BB_T.png,frames/Vid8_L.png,l,1.0,3.049595099990256,5.0,2.4122534000198357,,,,23.0,Female,Right handed,Normal
sub105_AB,AB,9.0,frames/Vid9_EM_T.png,frames/Vid9_L.png,r,0.0,5.1787370999809355,3.0,0.9624394999700598,,,,23.0,Female,Right handed,Normal
sub105_AB,AB,10.0,frames/Vid10_BB_T.png,frames/Vid10_L.png,l,1.0,5.392143199976999,4.0,1.8310106999706477,,,,23.0,Female,Right handed,Normal
sub105_AB,AB,11.0,frames/Vid11_EM_T.png,frames/Vid11_L.png,r,1.0,3.3662908999831416,5.0,1.531590899976436,,,,23.0,Female,Right handed,Normal
sub105_AB,AB,12.0,frames/Vid12_EM_T.png,frames/Vid12_L.png,r,1.0,3.955906699993648,5.0,1.6321144999819808,,,,23.0,Female,Right handed,Normal
sub105_AB,AB,13.0,frames/Vid13_BB_T.png,frames/Vid13_L.png,r,0.0,6.205457900010515,4.0,2.19857129995944,,,,23.0,Female,Right handed,Normal
sub105_AB,AB,14.0,frames/Vid14_BB_T.png,frames/Vid14_L.png,r,1.0,3.5731030000024475,4.0,1.6798589000245556,,,,23.0,Female,Right handed,Normal
sub105_AB,AB,15.0,frames/Vid15_BB_T.png,frames/Vid15_L.png,l,1.0,1.9966068000067023,5.0,1.7977854000055231,,,,23.0,Female,Right handed,Normal
sub105_AB,AB,16.0,frames/Vid16_EM_T.png,frames/Vid16_L.png,r,1.0,4.498650200024713,5.0,1.5651354999863545,,,,23.0,Female,Right handed,Normal
sub105_AB,AB,17.0,frames/Vid17_BB_T.png,frames/Vid17_L.png,l,0.0,3.224488400039263,4.0,1.282234399986919,,,,23.0,Female,Right handed,Normal
sub105_AB,AB,18.0,frames/Vid18_EM_T.png,frames/Vid18_L.png,r,0.0,4.2817949000163935,4.0,1.0149487999733535,,,,23.0,Female,Right handed,Normal
sub105_AB,AB,19.0,frames/Vid19_BB_T.png,frames/Vid19_L.png,r,0.0,3.1862377999932505,5.0,1.7647133000427857,,,,23.0,Female,Right handed,Normal
sub105_AB,AB,20.0,frames/Vid20_EM_T.png,frames/Vid20_L.png,l,1.0,2.8309767000027932,5.0,1.3823619000031613,,,,23.0,Female,Right handed,Normal
sub105_AB,AB,21.0,frames/Vid21_BB_T.png,frames/Vid21_L.png,l,1.0,20.38407729996834,4.0,10.13202870002715,,,,23.0,Female,Right handed,Normal
sub105_AB,AB,22.0,frames/Vid22_EM_T.png,frames/Vid22_L.png,r,0.0,3.6922706000041217,5.0,1.6822556999977678,,,,23.0,Female,Right handed,Normal
sub105_AB,AB,23.0,frames/Vid23_EM_T.png,frames/Vid23_L.png,l,1.0,2.903219200030435,5.0,1.8821338000125252,,,,23.0,Female,Right handed,Normal
sub105_AB,AB,24.0,frames/Vid24_BB_T.png,frames/Vid24_L.png,l,1.0,4.184982899983879,5.0,1.233031100011431,,,,23.0,Female,Right handed,Normal
sub105_AB,AB,25.0,frames/Vid25_BB_T.png,frames/Vid25_L.png,l,1.0,6.956224600027781,5.0,0.7488726999727078,,,,23.0,Female,Right handed,Normal
sub105_AB,AB,26.0,frames/Vid26_EM_T.png,frames/Vid26_L.png,l,1.0,4.052037899964489,5.0,1.013217200001236,,,,23.0,Female,Right handed,Normal
sub105_AB,AB,27.0,frames/Vid27_BB_T.png,frames/Vid27_L.png,l,1.0,2.7506375000230037,5.0,1.080228700011503,,,,23.0,Female,Right handed,Normal
sub105_AB,AB,28.0,frames/Vid28_EM_T.png,frames/Vid28_L.png,l,1.0,2.6600187000003643,5.0,0.9983748999657108,,,,23.0,Female,Right handed,Normal
sub105_AB,AB,29.0,frames/Vid29_BB_T.png,frames/Vid29_L.png,l,1.0,3.243738499993924,5.0,1.680954199982807,,,,23.0,Female,Right handed,Normal
sub105_AB,AB,30.0,frames/Vid30_EM_T.png,frames/Vid30_L.png,l,1.0,3.878851000044961,4.0,1.8322595999925395,,,,23.0,Female,Right handed,Normal
sub105_AB,AB,31.0,frames/Vid31_EM_T.png,frames/Vid31_L.png,r,1.0,4.401156700041611,5.0,1.4817288999911398,,,,23.0,Female,Right handed,Normal
sub105_AB,AB,32.0,frames/Vid32_EM_T.png,frames/Vid32_L.png,r,1.0,2.652658299950417,5.0,0.9642480000038632,,,,23.0,Female,Right handed,Normal
sub105_AB,AB,33.0,frames/Vid33_BB_T.png,frames/Vid33_L.png,r,0.0,4.891319999995176,4.0,1.5138961999909952,,,,23.0,Female,Right handed,Normal
sub105_AB,AB,34.0,frames/Vid34_BB_T.png,frames/Vid34_L.png,r,1.0,3.1101176000083797,5.0,0.9478846000274644,,,,23.0,Female,Right handed,Normal
sub105_AB,AB,35.0,frames/Vid35_EM_T.png,frames/Vid35_L.png,r,1.0,7.646798199974,4.0,2.0983739999937825,,,,23.0,Female,Right handed,Normal
sub105_AB,AB,36.0,frames/Vid36_BB_T.png,frames/Vid36_L.png,l,0.0,5.77780460001668,3.0,1.7628167999791913,,,,23.0,Female,Right handed,Normal
sub105_AB,AB,37.0,frames/Vid37_BB_T.png,frames/Vid37_L.png,l,1.0,2.519747600017581,5.0,0.7497684000409208,,,,23.0,Female,Right handed,Normal
sub105_AB,AB,38.0,frames/Vid38_EM_T.png,frames/Vid38_L.png,l,1.0,7.763750399986748,3.0,1.948894899978768,,,,23.0,Female,Right handed,Normal
sub105_AB,AB,39.0,frames/Vid39_BB_T.png,frames/Vid39_L.png,l,1.0,6.101011499995366,4.0,0.6977289000060409,,,,23.0,Female,Right handed,Normal
sub105_AB,AB,40.0,frames/Vid40_EM_T.png,frames/Vid40_L.png,r,0.0,7.807783000054769,2.0,2.831263299973216,,,,23.0,Female,Right handed,Normal
sub106_AB,AB,1.0,frames/Vid1_EM_T.png,frames/Vid1_L.png,r,1.0,12.317109399999026,4.0,2.1994184000068344,,,,23.0,Male,Right handed,Corrected to normal
sub106_AB,AB,2.0,frames/Vid2_BB_T.png,frames/Vid2_L.png,r,1.0,7.331212699995376,5.0,3.831244800006971,,,,23.0,Male,Right handed,Corrected to normal
sub106_AB,AB,3.0,frames/Vid3_BB_T.png,frames/Vid3_L.png,r,1.0,4.8296200999757275,5.0,1.8824043000349775,,,,23.0,Male,Right handed,Corrected to normal
sub106_AB,AB,4.0,frames/Vid4_EM_T.png,frames/Vid4_L.png,l,1.0,22.3597146999673,3.0,1.7174636999843642,,,,23.0,Male,Right handed,Corrected to normal
sub106_AB,AB,5.0,frames/Vid5_EM_T.png,frames/Vid5_L.png,l,1.0,4.319691100041382,3.0,2.231813899998087,,,,23.0,Male,Right handed,Corrected to normal
sub106_AB,AB,6.0,frames/Vid6_BB_T.png,frames/Vid6_L.png,r,1.0,3.1033802999882028,4.0,1.481992800021544,,,,23.0,Male,Right handed,Corrected to normal
sub106_AB,AB,7.0,frames/Vid7_EM_T.png,frames/Vid7_L.png,l,1.0,12.606068499968387,2.0,1.8813615999533797,,,,23.0,Male,Right handed,Corrected to normal
sub106_AB,AB,8.0,frames/Vid8_BB_T.png,frames/Vid8_L.png,l,1.0,2.8999570999876596,4.0,1.513636099989526,,,,23.0,Male,Right handed,Corrected to normal
sub106_AB,AB,9.0,frames/Vid9_EM_T.png,frames/Vid9_L.png,r,1.0,3.3461055000079796,4.0,1.647505100001581,,,,23.0,Male,Right handed,Corrected to normal
sub106_AB,AB,10.0,frames/Vid10_BB_T.png,frames/Vid10_L.png,r,1.0,2.8540097000077367,5.0,1.3985117999836802,,,,23.0,Male,Right handed,Corrected to normal
sub106_AB,AB,11.0,frames/Vid11_EM_T.png,frames/Vid11_L.png,l,1.0,2.2167961000232026,5.0,1.6146807000041008,,,,23.0,Male,Right handed,Corrected to normal
sub106_AB,AB,12.0,frames/Vid12_EM_T.png,frames/Vid12_L.png,l,1.0,3.061663899978157,5.0,1.6658911999547854,,,,23.0,Male,Right handed,Corrected to normal
sub106_AB,AB,13.0,frames/Vid13_BB_T.png,frames/Vid13_L.png,r,1.0,2.994162800023332,4.0,1.748858199978713,,,,23.0,Male,Right handed,Corrected to normal
sub106_AB,AB,14.0,frames/Vid14_BB_T.png,frames/Vid14_L.png,l,1.0,2.116126200009603,5.0,1.6792493999819271,,,,23.0,Male,Right handed,Corrected to normal
sub106_AB,AB,15.0,frames/Vid15_BB_T.png,frames/Vid15_L.png,r,1.0,4.876115299994126,3.0,2.7978211999870837,,,,23.0,Male,Right handed,Corrected to normal
sub106_AB,AB,16.0,frames/Vid16_EM_T.png,frames/Vid16_L.png,l,1.0,3.5705631999881007,5.0,2.514002700045239,,,,23.0,Male,Right handed,Corrected to normal
sub106_AB,AB,17.0,frames/Vid17_BB_T.png,frames/Vid17_L.png,r,1.0,5.167542499955744,5.0,4.2143998999963515,,,,23.0,Male,Right handed,Corrected to normal
sub106_AB,AB,18.0,frames/Vid18_EM_T.png,frames/Vid18_L.png,r,1.0,3.117443999974057,3.0,1.7142264999565668,,,,23.0,Male,Right handed,Corrected to normal
sub106_AB,AB,19.0,frames/Vid19_BB_T.png,frames/Vid19_L.png,r,1.0,8.165360399987549,3.0,1.848828699963633,,,,23.0,Male,Right handed,Corrected to normal
sub106_AB,AB,20.0,frames/Vid20_EM_T.png,frames/Vid20_L.png,r,1.0,6.8340061999624595,4.0,6.9311829000362195,,,,23.0,Male,Right handed,Corrected to normal
sub106_AB,AB,21.0,frames/Vid21_BB_T.png,frames/Vid21_L.png,l,1.0,16.369644399965182,3.0,2.664804500003811,,,,23.0,Male,Right handed,Corrected to normal
sub106_AB,AB,22.0,frames/Vid22_EM_T.png,frames/Vid22_L.png,l,1.0,2.591322299966123,5.0,1.7155939000076614,,,,23.0,Male,Right handed,Corrected to normal
sub106_AB,AB,23.0,frames/Vid23_EM_T.png,frames/Vid23_L.png,r,1.0,2.852161699964199,5.0,1.79642570001306,,,,23.0,Male,Right handed,Corrected to normal
sub106_AB,AB,24.0,frames/Vid24_BB_T.png,frames/Vid24_L.png,r,1.0,8.726452799979597,4.0,2.582384600013029,,,,23.0,Male,Right handed,Corrected to normal
sub106_AB,AB,25.0,frames/Vid25_BB_T.png,frames/Vid25_L.png,r,1.0,15.118633200007023,3.0,1.8665766000049189,,,,23.0,Male,Right handed,Corrected to normal
sub106_AB,AB,26.0,frames/Vid26_EM_T.png,frames/Vid26_L.png,l,1.0,10.608042699983343,2.0,1.980003799952101,,,,23.0,Male,Right handed,Corrected to normal
sub106_AB,AB,27.0,frames/Vid27_BB_T.png,frames/Vid27_L.png,l,1.0,4.9562937000300735,3.0,2.2159417999791913,,,,23.0,Male,Right handed,Corrected to normal
sub106_AB,AB,28.0,frames/Vid28_EM_T.png,frames/Vid28_L.png,l,1.0,2.051567599992268,5.0,1.8491079999948852,,,,23.0,Male,Right handed,Corrected to normal
sub106_AB,AB,29.0,frames/Vid29_BB_T.png,frames/Vid29_L.png,l,1.0,4.3602675999864005,4.0,2.098562600032892,,,,23.0,Male,Right handed,Corrected to normal
sub106_AB,AB,30.0,frames/Vid30_EM_T.png,frames/Vid30_L.png,l,1.0,3.633576799998991,4.0,1.7324499000096694,,,,23.0,Male,Right handed,Corrected to normal
sub106_AB,AB,31.0,frames/Vid31_EM_T.png,frames/Vid31_L.png,r,1.0,2.437028099957388,5.0,1.7811303999624215,,,,23.0,Male,Right handed,Corrected to normal
sub106_AB,AB,32.0,frames/Vid32_EM_T.png,frames/Vid32_L.png,r,1.0,3.859042300027795,5.0,1.682889999996405,,,,23.0,Male,Right handed,Corrected to normal
sub106_AB,AB,33.0,frames/Vid33_BB_T.png,frames/Vid33_L.png,r,1.0,2.671391899988521,4.0,2.0316402000025846,,,,23.0,Male,Right handed,Corrected to normal
sub106_AB,AB,34.0,frames/Vid34_BB_T.png,frames/Vid34_L.png,l,1.0,4.970548000012059,3.0,1.8785647999611683,,,,23.0,Male,Right handed,Corrected to normal
sub106_AB,AB,35.0,frames/Vid35_EM_T.png,frames/Vid35_L.png,l,1.0,3.2448073000414297,4.0,2.062450000026729,,,,23.0,Male,Right handed,Corrected to normal
sub106_AB,AB,36.0,frames/Vid36_BB_T.png,frames/Vid36_L.png,l,0.0,8.894603199965786,1.0,1.5169025999493897,,,,23.0,Male,Right handed,Corrected to normal
sub106_AB,AB,37.0,frames/Vid37_BB_T.png,frames/Vid37_L.png,r,1.0,3.456467200012412,4.0,1.515905400039628,,,,23.0,Male,Right handed,Corrected to normal
sub106_AB,AB,38.0,frames/Vid38_EM_T.png,frames/Vid38_L.png,l,1.0,10.379168000014031,3.0,1.631291900004726,,,,23.0,Male,Right handed,Corrected to normal
sub106_AB,AB,39.0,frames/Vid39_BB_T.png,frames/Vid39_L.png,r,0.0,17.855701299966313,2.0,2.9980970000033267,,,,23.0,Male,Right handed,Corrected to normal
sub106_AB,AB,40.0,frames/Vid40_EM_T.png,frames/Vid40_L.png,r,1.0,2.3949335999786854,4.0,1.6816733000450768,,,,23.0,Male,Right handed,Corrected to normal
sub107_AB,AB,1.0,frames/Vid1_EM_T.png,frames/Vid1_L.png,l,1.0,9.997490800044034,3.0,1.8664687999989835,,,,19.0,Female,Right handed,Corrected to normal
sub107_AB,AB,1.0,frames/Vid1_EM_T.png,frames/Vid1_L.png,r,1.0,15.497466700035147,5.0,6.815072300028987,,,,19.0,Female,Right handed,Corrected to normal
sub107_AB,AB,2.0,frames/Vid2_BB_T.png,frames/Vid2_L.png,l,1.0,3.8314425999997184,5.0,1.083434899977874,,,,19.0,Female,Right handed,Corrected to normal
sub107_AB,AB,2.0,frames/Vid2_BB_T.png,frames/Vid2_L.png,r,1.0,2.492213300021831,5.0,0.5642949999892153,,,,19.0,Female,Right handed,Corrected to normal
sub107_AB,AB,3.0,frames/Vid3_BB_T.png,frames/Vid3_L.png,l,1.0,2.079983000003267,5.0,1.9650416999938896,,,,19.0,Female,Right handed,Corrected to normal
sub107_AB,AB,3.0,frames/Vid3_BB_T.png,frames/Vid3_L.png,l,1.0,1.9213009999948552,5.0,1.6142959999851882,,,,19.0,Female,Right handed,Corrected to normal
sub107_AB,AB,4.0,frames/Vid4_EM_T.png,frames/Vid4_L.png,r,1.0,5.3470265999785624,4.0,1.9311838999856263,,,,19.0,Female,Right handed,Corrected to normal
sub107_AB,AB,4.0,frames/Vid4_EM_T.png,frames/Vid4_L.png,r,1.0,4.629944999993313,5.0,3.0653848000220023,,,,19.0,Female,Right handed,Corrected to normal
sub107_AB,AB,5.0,frames/Vid5_EM_T.png,frames/Vid5_L.png,l,1.0,2.4527250999817625,5.0,1.5156986999791116,,,,19.0,Female,Right handed,Corrected to normal
sub107_AB,AB,5.0,frames/Vid5_EM_T.png,frames/Vid5_L.png,l,0.0,16.20758600003319,2.0,3.9979368000058457,,,,19.0,Female,Right handed,Corrected to normal
sub107_AB,AB,6.0,frames/Vid6_BB_T.png,frames/Vid6_L.png,l,1.0,4.7865821000305,3.0,1.365011700021569,,,,19.0,Female,Right handed,Corrected to normal
sub107_AB,AB,6.0,frames/Vid6_BB_T.png,frames/Vid6_L.png,r,1.0,3.6865786999696866,5.0,1.5830677999765612,,,,19.0,Female,Right handed,Corrected to normal
sub107_AB,AB,7.0,frames/Vid7_EM_T.png,frames/Vid7_L.png,r,0.0,6.365786000038497,2.0,3.5314965000143275,,,,19.0,Female,Right handed,Corrected to normal
sub107_AB,AB,7.0,frames/Vid7_EM_T.png,frames/Vid7_L.png,l,1.0,9.348502099979669,4.0,1.9812395999906585,,,,19.0,Female,Right handed,Corrected to normal
sub107_AB,AB,8.0,frames/Vid8_BB_T.png,frames/Vid8_L.png,l,1.0,3.842534199997317,3.0,1.8296405999572016,,,,19.0,Female,Right handed,Corrected to normal
sub107_AB,AB,8.0,frames/Vid8_BB_T.png,frames/Vid8_L.png,r,0.0,4.788214000000153,3.0,0.765905299980659,,,,19.0,Female,Right handed,Corrected to normal
sub107_AB,AB,9.0,frames/Vid9_EM_T.png,frames/Vid9_L.png,l,1.0,4.41259900003206,4.0,1.5124839000054635,,,,19.0,Female,Right handed,Corrected to normal
sub107_AB,AB,9.0,frames/Vid9_EM_T.png,frames/Vid9_L.png,l,1.0,4.347752500034403,3.0,2.180601700034458,,,,19.0,Female,Right handed,Corrected to normal
sub107_AB,AB,10.0,frames/Vid10_BB_T.png,frames/Vid10_L.png,r,1.0,3.49327389994869,4.0,1.7499996999977157,,,,19.0,Female,Right handed,Corrected to normal
sub107_AB,AB,10.0,frames/Vid10_BB_T.png,frames/Vid10_L.png,r,1.0,8.711160300008487,3.0,6.080533999949694,,,,19.0,Female,Right handed,Corrected to normal
sub107_AB,AB,11.0,frames/Vid11_EM_T.png,frames/Vid11_L.png,l,1.0,6.524341400014237,2.0,0.9981842000270262,,,,19.0,Female,Right handed,Corrected to normal
sub107_AB,AB,11.0,frames/Vid11_EM_T.png,frames/Vid11_L.png,r,1.0,3.026987100020051,5.0,1.4472962000290863,,,,19.0,Female,Right handed,Corrected to normal
sub107_AB,AB,12.0,frames/Vid12_EM_T.png,frames/Vid12_L.png,l,1.0,9.373914600000717,3.0,1.2489211999927647,,,,19.0,Female,Right handed,Corrected to normal
sub107_AB,AB,12.0,frames/Vid12_EM_T.png,frames/Vid12_L.png,r,1.0,2.2769447000464424,5.0,0.8806029999977909,,,,19.0,Female,Right handed,Corrected to normal
sub107_AB,AB,13.0,frames/Vid13_BB_T.png,frames/Vid13_L.png,l,1.0,3.6569392000092193,5.0,1.1287820000434294,,,,19.0,Female,Right handed,Corrected to normal
sub107_AB,AB,13.0,frames/Vid13_BB_T.png,frames/Vid13_L.png,l,1.0,2.7655035000061616,1.0,0.7815877000102773,,,,19.0,Female,Right handed,Corrected to normal
sub107_AB,AB,14.0,frames/Vid14_BB_T.png,frames/Vid14_L.png,r,1.0,5.8157137999660335,3.0,1.3786300000501797,,,,19.0,Female,Right handed,Corrected to normal
sub107_AB,AB,14.0,frames/Vid14_BB_T.png,frames/Vid14_L.png,r,1.0,4.382187600014731,5.0,1.430528199998662,,,,19.0,Female,Right handed,Corrected to normal
sub107_AB,AB,15.0,frames/Vid15_BB_T.png,frames/Vid15_L.png,l,1.0,7.421881000045687,4.0,1.1643419999745674,,,,19.0,Female,Right handed,Corrected to normal
sub107_AB,AB,15.0,frames/Vid15_BB_T.png,frames/Vid15_L.png,r,1.0,4.875291600008495,1.0,5.814512899960391,,,,19.0,Female,Right handed,Corrected to normal
sub107_AB,AB,16.0,frames/Vid16_EM_T.png,frames/Vid16_L.png,l,1.0,9.511962500051595,3.0,3.6650340000051074,,,,19.0,Female,Right handed,Corrected to normal
sub107_AB,AB,16.0,frames/Vid16_EM_T.png,frames/Vid16_L.png,l,1.0,3.371126700018067,5.0,1.6992328999913298,,,,19.0,Female,Right handed,Corrected to normal
sub107_AB,AB,17.0,frames/Vid17_BB_T.png,frames/Vid17_L.png,l,1.0,3.675989600014873,5.0,2.2303628000081517,,,,19.0,Female,Right handed,Corrected to normal
sub107_AB,AB,17.0,frames/Vid17_BB_T.png,frames/Vid17_L.png,r,0.0,1.9834999999729916,1.0,1.665149600012228,,,,19.0,Female,Right handed,Corrected to normal
sub107_AB,AB,18.0,frames/Vid18_EM_T.png,frames/Vid18_L.png,l,0.0,4.524658200039994,1.0,2.297844000044279,,,,19.0,Female,Right handed,Corrected to normal
sub107_AB,AB,18.0,frames/Vid18_EM_T.png,frames/Vid18_L.png,l,0.0,11.403374699992128,1.0,0.8647130999597721,,,,19.0,Female,Right handed,Corrected to normal
sub107_AB,AB,19.0,frames/Vid19_BB_T.png,frames/Vid19_L.png,l,1.0,2.816217700019479,3.0,3.081782600027509,,,,19.0,Female,Right handed,Corrected to normal
sub107_AB,AB,19.0,frames/Vid19_BB_T.png,frames/Vid19_L.png,r,1.0,6.291366500023287,2.0,1.9486899000476112,,,,19.0,Female,Right handed,Corrected to normal
sub107_AB,AB,20.0,frames/Vid20_EM_T.png,frames/Vid20_L.png,r,1.0,4.047718899964821,3.0,2.064754399994854,,,,19.0,Female,Right handed,Corrected to normal
sub107_AB,AB,20.0,frames/Vid20_EM_T.png,frames/Vid20_L.png,l,1.0,3.9204437999869697,4.0,3.0981007000082172,,,,19.0,Female,Right handed,Corrected to normal
sub107_AB,AB,21.0,frames/Vid21_BB_T.png,frames/Vid21_L.png,l,0.0,4.894562799949199,5.0,1.0310757999541238,,,,19.0,Female,Right handed,Corrected to normal
sub107_AB,AB,21.0,frames/Vid21_BB_T.png,frames/Vid21_L.png,r,1.0,5.175386599963531,5.0,3.1639330000034533,,,,19.0,Female,Right handed,Corrected to normal
sub107_AB,AB,22.0,frames/Vid22_EM_T.png,frames/Vid22_L.png,r,1.0,6.714211599959526,4.0,1.1479288000264205,,,,19.0,Female,Right handed,Corrected to normal
sub107_AB,AB,22.0,frames/Vid22_EM_T.png,frames/Vid22_L.png,r,1.0,2.204491099982988,5.0,1.330617200001143,,,,19.0,Female,Right handed,Corrected to normal
sub107_AB,AB,23.0,frames/Vid23_EM_T.png,frames/Vid23_L.png,r,1.0,6.492901699966751,2.0,1.3816097000380978,,,,19.0,Female,Right handed,Corrected to normal
sub107_AB,AB,23.0,frames/Vid23_EM_T.png,frames/Vid23_L.png,l,0.0,2.571013600041624,2.0,1.33182239998132,,,,19.0,Female,Right handed,Corrected to normal
sub107_AB,AB,24.0,frames/Vid24_BB_T.png,frames/Vid24_L.png,l,1.0,5.696572499989998,5.0,0.8820905999746174,,,,19.0,Female,Right handed,Corrected to normal
sub107_AB,AB,24.0,frames/Vid24_BB_T.png,frames/Vid24_L.png,l,1.0,3.817279100010637,5.0,2.0640556999715045,,,,19.0,Female,Right handed,Corrected to normal
sub107_AB,AB,25.0,frames/Vid25_BB_T.png,frames/Vid25_L.png,r,1.0,9.179420100001153,4.0,11.414689800003543,,,,19.0,Female,Right handed,Corrected to normal
sub107_AB,AB,25.0,frames/Vid25_BB_T.png,frames/Vid25_L.png,r,1.0,3.1387056999956258,5.0,3.299869399983436,,,,19.0,Female,Right handed,Corrected to normal
sub107_AB,AB,26.0,frames/Vid26_EM_T.png,frames/Vid26_L.png,l,1.0,4.560489700001199,4.0,1.2645224999869242,,,,19.0,Female,Right handed,Corrected to normal
sub107_AB,AB,26.0,frames/Vid26_EM_T.png,frames/Vid26_L.png,r,1.0,4.226148399990052,3.0,7.6316088999737985,,,,19.0,Female,Right handed,Corrected to normal
sub107_AB,AB,27.0,frames/Vid27_BB_T.png,frames/Vid27_L.png,r,1.0,6.160265400016215,3.0,1.03199729998596,,,,19.0,Female,Right handed,Corrected to normal
sub107_AB,AB,27.0,frames/Vid27_BB_T.png,frames/Vid27_L.png,l,1.0,8.009666099969763,3.0,1.5977393999928609,,,,19.0,Female,Right handed,Corrected to normal
sub107_AB,AB,28.0,frames/Vid28_EM_T.png,frames/Vid28_L.png,l,1.0,4.464648099965416,5.0,1.681248200009577,,,,19.0,Female,Right handed,Corrected to normal
sub107_AB,AB,28.0,frames/Vid28_EM_T.png,frames/Vid28_L.png,r,1.0,3.2850663000135683,5.0,1.8776896999916064,,,,19.0,Female,Right handed,Corrected to normal
sub107_AB,AB,29.0,frames/Vid29_BB_T.png,frames/Vid29_L.png,r,0.0,20.518390799988993,2.0,2.7148998000193387,,,,19.0,Female,Right handed,Corrected to normal
sub107_AB,AB,29.0,frames/Vid29_BB_T.png,frames/Vid29_L.png,l,1.0,7.399006699968595,1.0,1.415377700002864,,,,19.0,Female,Right handed,Corrected to normal
sub107_AB,AB,30.0,frames/Vid30_EM_T.png,frames/Vid30_L.png,r,1.0,6.283243200043216,2.0,1.5320847000111826,,,,19.0,Female,Right handed,Corrected to normal
sub107_AB,AB,30.0,frames/Vid30_EM_T.png,frames/Vid30_L.png,l,1.0,11.007472400029656,1.0,2.0130990000325255,,,,19.0,Female,Right handed,Corrected to normal
sub107_AB,AB,31.0,frames/Vid31_EM_T.png,frames/Vid31_L.png,r,1.0,5.707896700012498,5.0,1.830223399971146,,,,19.0,Female,Right handed,Corrected to normal
sub107_AB,AB,31.0,frames/Vid31_EM_T.png,frames/Vid31_L.png,l,1.0,3.4340685000061058,1.0,1.2644413000089116,,,,19.0,Female,Right handed,Corrected to normal
sub107_AB,AB,32.0,frames/Vid32_EM_T.png,frames/Vid32_L.png,l,1.0,4.273937100020703,4.0,0.8653186000301503,,,,19.0,Female,Right handed,Corrected to normal
sub107_AB,AB,32.0,frames/Vid32_EM_T.png,frames/Vid32_L.png,r,0.0,4.501311999978498,1.0,1.397728600015398,,,,19.0,Female,Right handed,Corrected to normal
sub107_AB,AB,33.0,frames/Vid33_BB_T.png,frames/Vid33_L.png,r,1.0,5.16841669997666,4.0,1.5974903999594972,,,,19.0,Female,Right handed,Corrected to normal
sub107_AB,AB,33.0,frames/Vid33_BB_T.png,frames/Vid33_L.png,r,0.0,5.619569099973887,1.0,1.564545699977316,,,,19.0,Female,Right handed,Corrected to normal
sub107_AB,AB,34.0,frames/Vid34_BB_T.png,frames/Vid34_L.png,r,1.0,7.074671900016256,4.0,1.1474439000012353,,,,19.0,Female,Right handed,Corrected to normal
sub107_AB,AB,34.0,frames/Vid34_BB_T.png,frames/Vid34_L.png,l,1.0,9.805828500015195,4.0,2.282290000002831,,,,19.0,Female,Right handed,Corrected to normal
sub107_AB,AB,35.0,frames/Vid35_EM_T.png,frames/Vid35_L.png,r,1.0,4.945448399987072,5.0,1.3969059999799356,,,,19.0,Female,Right handed,Corrected to normal
sub107_AB,AB,35.0,frames/Vid35_EM_T.png,frames/Vid35_L.png,l,1.0,5.312533299962524,5.0,6.232207300025038,,,,19.0,Female,Right handed,Corrected to normal
sub107_AB,AB,36.0,frames/Vid36_BB_T.png,frames/Vid36_L.png,r,0.0,15.863649999955667,1.0,3.7805088000022806,,,,19.0,Female,Right handed,Corrected to normal
sub107_AB,AB,36.0,frames/Vid36_BB_T.png,frames/Vid36_L.png,l,0.0,17.49500520003494,2.0,2.714309000002686,,,,19.0,Female,Right handed,Corrected to normal
sub107_AB,AB,37.0,frames/Vid37_BB_T.png,frames/Vid37_L.png,l,1.0,6.936164500017185,5.0,1.2479353999951854,,,,19.0,Female,Right handed,Corrected to normal
sub107_AB,AB,37.0,frames/Vid37_BB_T.png,frames/Vid37_L.png,l,1.0,3.4836730000097305,5.0,1.1166475999634713,,,,19.0,Female,Right handed,Corrected to normal
sub107_AB,AB,38.0,frames/Vid38_EM_T.png,frames/Vid38_L.png,l,0.0,12.905249800009187,4.0,1.6477570999995803,,,,19.0,Female,Right handed,Corrected to normal
sub107_AB,AB,38.0,frames/Vid38_EM_T.png,frames/Vid38_L.png,r,0.0,15.048228100000417,3.0,3.564034500042908,,,,19.0,Female,Right handed,Corrected to normal
sub107_AB,AB,39.0,frames/Vid39_BB_T.png,frames/Vid39_L.png,l,0.0,3.249660599976778,4.0,1.2650811000494286,,,,19.0,Female,Right handed,Corrected to normal
sub107_AB,AB,39.0,frames/Vid39_BB_T.png,frames/Vid39_L.png,r,0.0,6.601824199955445,2.0,1.8993615999934264,,,,19.0,Female,Right handed,Corrected to normal
sub107_AB,AB,40.0,frames/Vid40_EM_T.png,frames/Vid40_L.png,l,0.0,5.74137540004449,2.0,2.4322345000109635,,,,19.0,Female,Right handed,Corrected to normal
sub107_AB,AB,40.0,frames/Vid40_EM_T.png,frames/Vid40_L.png,l,1.0,3.823064099997282,1.0,1.581487100047525,,,,19.0,Female,Right handed,Corrected to normal
sub108_AB,AB,1.0,frames/Vid1_EM_T.png,frames/Vid1_L.png,l,1.0,2.237746500002686,5.0,0.6816117000416853,,,,20.0,Female,Right handed,Corrected to normal
sub108_AB,AB,1.0,frames/Vid1_EM_T.png,frames/Vid1_L.png,l,1.0,4.038869399984833,4.0,2.097841199953109,,,,20.0,Female,Right handed,Corrected to normal
sub108_AB,AB,2.0,frames/Vid2_BB_T.png,frames/Vid2_L.png,r,1.0,3.291739200009033,5.0,0.6646611000178382,,,,20.0,Female,Right handed,Corrected to normal
sub108_AB,AB,2.0,frames/Vid2_BB_T.png,frames/Vid2_L.png,r,1.0,6.29177890002029,5.0,10.348937000031585,,,,20.0,Female,Right handed,Corrected to normal
sub108_AB,AB,3.0,frames/Vid3_BB_T.png,frames/Vid3_L.png,l,1.0,3.1047648999956436,5.0,0.6482531999936327,,,,20.0,Female,Right handed,Corrected to normal
sub108_AB,AB,3.0,frames/Vid3_BB_T.png,frames/Vid3_L.png,l,1.0,4.269689399981871,4.0,1.997915700019803,,,,20.0,Female,Right handed,Corrected to normal
sub108_AB,AB,4.0,frames/Vid4_EM_T.png,frames/Vid4_L.png,r,1.0,3.0743158999830484,5.0,1.5651341000339016,,,,20.0,Female,Right handed,Corrected to normal
sub108_AB,AB,4.0,frames/Vid4_EM_T.png,frames/Vid4_L.png,l,0.0,11.766609999991488,4.0,3.265442400006578,,,,20.0,Female,Right handed,Corrected to normal
sub108_AB,AB,5.0,frames/Vid5_EM_T.png,frames/Vid5_L.png,l,0.0,6.961596000008285,4.0,1.1308919999864884,,,,20.0,Female,Right handed,Corrected to normal
sub108_AB,AB,5.0,frames/Vid5_EM_T.png,frames/Vid5_L.png,r,1.0,11.101568999991288,2.0,1.4810547000379302,,,,20.0,Female,Right handed,Corrected to normal
sub108_AB,AB,6.0,frames/Vid6_BB_T.png,frames/Vid6_L.png,l,1.0,3.131089900038205,5.0,0.8156395999831147,,,,20.0,Female,Right handed,Corrected to normal
sub108_AB,AB,6.0,frames/Vid6_BB_T.png,frames/Vid6_L.png,r,1.0,9.249165299988816,4.0,1.099049299955368,,,,20.0,Female,Right handed,Corrected to normal
sub108_AB,AB,7.0,frames/Vid7_EM_T.png,frames/Vid7_L.png,r,1.0,4.042252000013832,5.0,0.8302784000406973,,,,20.0,Female,Right handed,Corrected to normal
sub108_AB,AB,7.0,frames/Vid7_EM_T.png,frames/Vid7_L.png,r,1.0,11.413752600026784,3.0,3.5308892999892123,,,,20.0,Female,Right handed,Corrected to normal
sub108_AB,AB,8.0,frames/Vid8_BB_T.png,frames/Vid8_L.png,r,0.0,2.6607346000382677,5.0,9.698524300009012,,,,20.0,Female,Right handed,Corrected to normal
sub108_AB,AB,8.0,frames/Vid8_BB_T.png,frames/Vid8_L.png,r,1.0,12.399174500023946,3.0,2.1150067999842577,,,,20.0,Female,Right handed,Corrected to normal
sub108_AB,AB,9.0,frames/Vid9_EM_T.png,frames/Vid9_L.png,l,1.0,2.8048186999512836,5.0,1.8136296999873591,,,,20.0,Female,Right handed,Corrected to normal
sub108_AB,AB,9.0,frames/Vid9_EM_T.png,frames/Vid9_L.png,l,1.0,6.212904300016817,4.0,2.313771499961149,,,,20.0,Female,Right handed,Corrected to normal
sub108_AB,AB,10.0,frames/Vid10_BB_T.png,frames/Vid10_L.png,r,1.0,4.807922000007238,5.0,1.0805971999652684,,,,20.0,Female,Right handed,Corrected to normal
sub108_AB,AB,10.0,frames/Vid10_BB_T.png,frames/Vid10_L.png,l,1.0,2.5058062999742106,4.0,1.5478477000142448,,,,20.0,Female,Right handed,Corrected to normal
sub108_AB,AB,11.0,frames/Vid11_EM_T.png,frames/Vid11_L.png,r,1.0,2.6414972999482416,5.0,0.9143020000192336,,,,20.0,Female,Right handed,Corrected to normal
sub108_AB,AB,11.0,frames/Vid11_EM_T.png,frames/Vid11_L.png,r,1.0,3.055328599992208,4.0,2.8646899000159465,,,,20.0,Female,Right handed,Corrected to normal
sub108_AB,AB,12.0,frames/Vid12_EM_T.png,frames/Vid12_L.png,r,1.0,2.424377600022126,5.0,0.5155938999960199,,,,20.0,Female,Right handed,Corrected to normal
sub108_AB,AB,12.0,frames/Vid12_EM_T.png,frames/Vid12_L.png,l,1.0,2.4459248000057414,4.0,1.298083100002259,,,,20.0,Female,Right handed,Corrected to normal
sub108_AB,AB,13.0,frames/Vid13_BB_T.png,frames/Vid13_L.png,r,1.0,4.181636799999978,3.0,1.7295023999758996,,,,20.0,Female,Right handed,Corrected to normal
sub108_AB,AB,13.0,frames/Vid13_BB_T.png,frames/Vid13_L.png,l,0.0,6.806123499991372,2.0,2.097545499971602,,,,20.0,Female,Right handed,Corrected to normal
sub108_AB,AB,14.0,frames/Vid14_BB_T.png,frames/Vid14_L.png,l,1.0,2.3574408999993466,4.0,1.2801164999837056,,,,20.0,Female,Right handed,Corrected to normal
sub108_AB,AB,14.0,frames/Vid14_BB_T.png,frames/Vid14_L.png,l,1.0,5.923272199986968,2.0,1.7647462000022642,,,,20.0,Female,Right handed,Corrected to normal
sub108_AB,AB,15.0,frames/Vid15_BB_T.png,frames/Vid15_L.png,l,1.0,8.364247299963608,5.0,1.1644869999727234,,,,20.0,Female,Right handed,Corrected to normal
sub108_AB,AB,15.0,frames/Vid15_BB_T.png,frames/Vid15_L.png,r,1.0,5.890346599975601,4.0,2.064872400020249,,,,20.0,Female,Right handed,Corrected to normal
sub108_AB,AB,16.0,frames/Vid16_EM_T.png,frames/Vid16_L.png,l,1.0,6.966116499970667,4.0,1.715250700013712,,,,20.0,Female,Right handed,Corrected to normal
sub108_AB,AB,16.0,frames/Vid16_EM_T.png,frames/Vid16_L.png,r,1.0,2.104983400029596,3.0,1.2130149999866262,,,,20.0,Female,Right handed,Corrected to normal
sub108_AB,AB,17.0,frames/Vid17_BB_T.png,frames/Vid17_L.png,l,1.0,4.173462599981576,4.0,1.146471099986229,,,,20.0,Female,Right handed,Corrected to normal
sub108_AB,AB,17.0,frames/Vid17_BB_T.png,frames/Vid17_L.png,r,1.0,4.017624699976295,4.0,3.247036000015214,,,,20.0,Female,Right handed,Corrected to normal
sub108_AB,AB,18.0,frames/Vid18_EM_T.png,frames/Vid18_L.png,r,1.0,5.714703499979805,5.0,0.6314352000481449,,,,20.0,Female,Right handed,Corrected to normal
sub108_AB,AB,18.0,frames/Vid18_EM_T.png,frames/Vid18_L.png,l,1.0,7.461959500040393,4.0,1.6981427000137046,,,,20.0,Female,Right handed,Corrected to normal
sub108_AB,AB,19.0,frames/Vid19_BB_T.png,frames/Vid19_L.png,r,1.0,4.247132499993313,3.0,0.9981464000302368,,,,20.0,Female,Right handed,Corrected to normal
sub108_AB,AB,19.0,frames/Vid19_BB_T.png,frames/Vid19_L.png,l,0.0,3.809127999993507,3.0,1.5985435999464244,,,,20.0,Female,Right handed,Corrected to normal
sub108_AB,AB,20.0,frames/Vid20_EM_T.png,frames/Vid20_L.png,r,0.0,3.4202254000119865,3.0,1.1819097999832593,,,,20.0,Female,Right handed,Corrected to normal
sub108_AB,AB,20.0,frames/Vid20_EM_T.png,frames/Vid20_L.png,r,1.0,8.151331199973356,4.0,4.329999600013252,,,,20.0,Female,Right handed,Corrected to normal
sub108_AB,AB,21.0,frames/Vid21_BB_T.png,frames/Vid21_L.png,l,1.0,6.050813500012737,4.0,1.5947213000035845,,,,20.0,Female,Right handed,Corrected to normal
sub108_AB,AB,21.0,frames/Vid21_BB_T.png,frames/Vid21_L.png,r,1.0,16.43826900003478,3.0,1.465618700021878,,,,20.0,Female,Right handed,Corrected to normal
sub108_AB,AB,22.0,frames/Vid22_EM_T.png,frames/Vid22_L.png,l,1.0,1.9869379000156189,5.0,1.882693699968513,,,,20.0,Female,Right handed,Corrected to normal
sub108_AB,AB,22.0,frames/Vid22_EM_T.png,frames/Vid22_L.png,l,1.0,3.2792605999857187,3.0,1.129730099986773,,,,20.0,Female,Right handed,Corrected to normal
sub108_AB,AB,23.0,frames/Vid23_EM_T.png,frames/Vid23_L.png,r,1.0,3.964041500003077,3.0,8.58271380001679,,,,20.0,Female,Right handed,Corrected to normal
sub108_AB,AB,23.0,frames/Vid23_EM_T.png,frames/Vid23_L.png,l,1.0,6.181354100001045,3.0,3.280738700006623,,,,20.0,Female,Right handed,Corrected to normal
sub108_AB,AB,24.0,frames/Vid24_BB_T.png,frames/Vid24_L.png,l,1.0,1.7429371000034737,5.0,1.6477550999843515,,,,20.0,Female,Right handed,Corrected to normal
sub108_AB,AB,24.0,frames/Vid24_BB_T.png,frames/Vid24_L.png,l,1.0,4.026592400041409,5.0,1.6486287000006996,,,,20.0,Female,Right handed,Corrected to normal
sub108_AB,AB,25.0,frames/Vid25_BB_T.png,frames/Vid25_L.png,r,1.0,3.7102820000145584,5.0,1.197263700014446,,,,20.0,Female,Right handed,Corrected to normal
sub108_AB,AB,25.0,frames/Vid25_BB_T.png,frames/Vid25_L.png,r,1.0,3.47512130002724,3.0,1.2990467000054196,,,,20.0,Female,Right handed,Corrected to normal
sub108_AB,AB,26.0,frames/Vid26_EM_T.png,frames/Vid26_L.png,r,1.0,4.067615700012539,5.0,1.4642197999637574,,,,20.0,Female,Right handed,Corrected to normal
sub108_AB,AB,26.0,frames/Vid26_EM_T.png,frames/Vid26_L.png,r,1.0,2.7795925000100397,4.0,1.6975211999961175,,,,20.0,Female,Right handed,Corrected to normal
sub108_AB,AB,27.0,frames/Vid27_BB_T.png,frames/Vid27_L.png,r,1.0,2.590545800048858,5.0,1.0153187999967486,,,,20.0,Female,Right handed,Corrected to normal
sub108_AB,AB,27.0,frames/Vid27_BB_T.png,frames/Vid27_L.png,l,1.0,3.068798699998297,3.0,1.798812699969858,,,,20.0,Female,Right handed,Corrected to normal
sub108_AB,AB,28.0,frames/Vid28_EM_T.png,frames/Vid28_L.png,l,1.0,2.6581383000011556,5.0,1.4138304000371136,,,,20.0,Female,Right handed,Corrected to normal
sub108_AB,AB,28.0,frames/Vid28_EM_T.png,frames/Vid28_L.png,l,1.0,3.669206999999006,5.0,1.7973023999948057,,,,20.0,Female,Right handed,Corrected to normal
sub108_AB,AB,29.0,frames/Vid29_BB_T.png,frames/Vid29_L.png,r,1.0,9.499619400012309,4.0,1.69751740002539,,,,20.0,Female,Right handed,Corrected to normal
sub108_AB,AB,29.0,frames/Vid29_BB_T.png,frames/Vid29_L.png,l,1.0,18.35780130000785,3.0,1.964963800041005,,,,20.0,Female,Right handed,Corrected to normal
sub108_AB,AB,30.0,frames/Vid30_EM_T.png,frames/Vid30_L.png,l,0.0,8.43101659999229,3.0,0.9300942000118084,,,,20.0,Female,Right handed,Corrected to normal
sub108_AB,AB,30.0,frames/Vid30_EM_T.png,frames/Vid30_L.png,l,1.0,6.32466319995001,4.0,1.498031900031492,,,,20.0,Female,Right handed,Corrected to normal
sub108_AB,AB,31.0,frames/Vid31_EM_T.png,frames/Vid31_L.png,r,1.0,2.417505999968853,5.0,0.5828512000152841,,,,20.0,Female,Right handed,Corrected to normal
sub108_AB,AB,31.0,frames/Vid31_EM_T.png,frames/Vid31_L.png,r,1.0,2.634640500007663,4.0,1.329997499997262,,,,20.0,Female,Right handed,Corrected to normal
sub108_AB,AB,32.0,frames/Vid32_EM_T.png,frames/Vid32_L.png,l,1.0,2.0027339999796823,5.0,0.9962368999840692,,,,20.0,Female,Right handed,Corrected to normal
sub108_AB,AB,32.0,frames/Vid32_EM_T.png,frames/Vid32_L.png,l,1.0,2.8717093000304885,5.0,1.7315675999852829,,,,20.0,Female,Right handed,Corrected to normal
sub108_AB,AB,33.0,frames/Vid33_BB_T.png,frames/Vid33_L.png,r,1.0,3.4027665999601595,5.0,5.09792379999999,,,,20.0,Female,Right handed,Corrected to normal
sub108_AB,AB,33.0,frames/Vid33_BB_T.png,frames/Vid33_L.png,r,1.0,3.665347999951337,4.0,1.4820784000330605,,,,20.0,Female,Right handed,Corrected to normal
sub108_AB,AB,34.0,frames/Vid34_BB_T.png,frames/Vid34_L.png,l,1.0,8.590138200030196,5.0,0.697859600011725,,,,20.0,Female,Right handed,Corrected to normal
sub108_AB,AB,34.0,frames/Vid34_BB_T.png,frames/Vid34_L.png,r,0.0,5.156465700012632,2.0,1.548205700004473,,,,20.0,Female,Right handed,Corrected to normal
sub108_AB,AB,35.0,frames/Vid35_EM_T.png,frames/Vid35_L.png,r,1.0,11.77493230003165,3.0,2.1639417999540456,,,,20.0,Female,Right handed,Corrected to normal
sub108_AB,AB,35.0,frames/Vid35_EM_T.png,frames/Vid35_L.png,l,1.0,5.677009799983352,3.0,2.5815458000288345,,,,20.0,Female,Right handed,Corrected to normal
sub108_AB,AB,36.0,frames/Vid36_BB_T.png,frames/Vid36_L.png,l,0.0,4.215465300017968,5.0,1.029335799976252,,,,20.0,Female,Right handed,Corrected to normal
sub108_AB,AB,36.0,frames/Vid36_BB_T.png,frames/Vid36_L.png,r,0.0,17.822320099978242,1.0,4.781504799961112,,,,20.0,Female,Right handed,Corrected to normal
sub108_AB,AB,37.0,frames/Vid37_BB_T.png,frames/Vid37_L.png,r,1.0,2.003415099985432,5.0,1.4149298000265844,,,,20.0,Female,Right handed,Corrected to normal
sub108_AB,AB,37.0,frames/Vid37_BB_T.png,frames/Vid37_L.png,r,1.0,6.315418699989095,4.0,1.631459399999585,,,,20.0,Female,Right handed,Corrected to normal
sub108_AB,AB,38.0,frames/Vid38_EM_T.png,frames/Vid38_L.png,l,0.0,6.0615768999559805,5.0,1.116039200045634,,,,20.0,Female,Right handed,Corrected to normal
sub108_AB,AB,38.0,frames/Vid38_EM_T.png,frames/Vid38_L.png,r,1.0,17.561362500011455,1.0,1.580999600002542,,,,20.0,Female,Right handed,Corrected to normal
sub108_AB,AB,39.0,frames/Vid39_BB_T.png,frames/Vid39_L.png,r,1.0,3.369398300012108,5.0,0.5306070000515319,,,,20.0,Female,Right handed,Corrected to normal
sub108_AB,AB,39.0,frames/Vid39_BB_T.png,frames/Vid39_L.png,r,1.0,4.618512400018517,4.0,1.164197200036142,,,,20.0,Female,Right handed,Corrected to normal
sub108_AB,AB,40.0,frames/Vid40_EM_T.png,frames/Vid40_L.png,l,0.0,4.667473400011659,5.0,1.198082200018689,,,,20.0,Female,Right handed,Corrected to normal
sub108_AB,AB,40.0,frames/Vid40_EM_T.png,frames/Vid40_L.png,l,1.0,7.479201599955559,4.0,1.7478048000484705,,,,20.0,Female,Right handed,Corrected to normal
sub109_AB,AB,1.0,frames/Vid1_EM_T.png,frames/Vid1_L.png,l,1.0,3.7344429999939166,5.0,1.9466818000073545,,,,22.0,Male,Right handed,Normal
sub109_AB,AB,2.0,frames/Vid2_BB_T.png,frames/Vid2_L.png,l,1.0,3.5944118999759667,4.0,2.264245899976231,,,,22.0,Male,Right handed,Normal
sub109_AB,AB,3.0,frames/Vid3_BB_T.png,frames/Vid3_L.png,r,1.0,5.256080299965106,4.0,1.4819057999993674,,,,22.0,Male,Right handed,Normal
sub109_AB,AB,4.0,frames/Vid4_EM_T.png,frames/Vid4_L.png,r,0.0,6.37564330000896,5.0,0.9477850999683142,,,,22.0,Male,Right handed,Normal
sub109_AB,AB,5.0,frames/Vid5_EM_T.png,frames/Vid5_L.png,r,1.0,7.267257499974221,1.0,2.3797781000030227,,,,22.0,Male,Right handed,Normal
sub109_AB,AB,6.0,frames/Vid6_BB_T.png,frames/Vid6_L.png,r,1.0,7.2357840000186116,4.0,1.4984212999697777,,,,22.0,Male,Right handed,Normal
sub109_AB,AB,7.0,frames/Vid7_EM_T.png,frames/Vid7_L.png,r,0.0,4.135008199955337,4.0,3.0149810999864712,,,,22.0,Male,Right handed,Normal
sub109_AB,AB,8.0,frames/Vid8_BB_T.png,frames/Vid8_L.png,l,0.0,16.392214599996805,2.0,2.848790599964559,,,,22.0,Male,Right handed,Normal
sub109_AB,AB,9.0,frames/Vid9_EM_T.png,frames/Vid9_L.png,r,1.0,8.932739099953324,3.0,3.182040599989705,,,,22.0,Male,Right handed,Normal
sub109_AB,AB,10.0,frames/Vid10_BB_T.png,frames/Vid10_L.png,r,1.0,3.241258599970024,5.0,1.1810626999940723,,,,22.0,Male,Right handed,Normal
sub109_AB,AB,11.0,frames/Vid11_EM_T.png,frames/Vid11_L.png,l,1.0,3.115168899996206,5.0,4.881187000020873,,,,22.0,Male,Right handed,Normal
sub109_AB,AB,12.0,frames/Vid12_EM_T.png,frames/Vid12_L.png,r,1.0,10.05318599997554,4.0,2.2635382000007667,,,,22.0,Male,Right handed,Normal
sub109_AB,AB,13.0,frames/Vid13_BB_T.png,frames/Vid13_L.png,r,0.0,7.631102100014687,2.0,1.0159297999925911,,,,22.0,Male,Right handed,Normal
sub109_AB,AB,14.0,frames/Vid14_BB_T.png,frames/Vid14_L.png,r,1.0,6.698964600043837,1.0,0.8481105000246316,,,,22.0,Male,Right handed,Normal
sub109_AB,AB,15.0,frames/Vid15_BB_T.png,frames/Vid15_L.png,r,1.0,3.400987899978645,4.0,0.8808183000073768,,,,22.0,Male,Right handed,Normal
sub109_AB,AB,16.0,frames/Vid16_EM_T.png,frames/Vid16_L.png,r,1.0,6.51155169995036,2.0,1.147917399997823,,,,22.0,Male,Right handed,Normal
sub109_AB,AB,17.0,frames/Vid17_BB_T.png,frames/Vid17_L.png,r,1.0,7.3088388000032865,1.0,1.76456209999742,,,,22.0,Male,Right handed,Normal
sub109_AB,AB,18.0,frames/Vid18_EM_T.png,frames/Vid18_L.png,r,1.0,3.779083899979014,4.0,1.5135250999592245,,,,22.0,Male,Right handed,Normal
sub109_AB,AB,19.0,frames/Vid19_BB_T.png,frames/Vid19_L.png,l,0.0,7.865547100023832,3.0,0.931530500005465,,,,22.0,Male,Right handed,Normal
sub109_AB,AB,20.0,frames/Vid20_EM_T.png,frames/Vid20_L.png,l,1.0,4.883395600016229,4.0,0.697872799995821,,,,22.0,Male,Right handed,Normal
sub109_AB,AB,21.0,frames/Vid21_BB_T.png,frames/Vid21_L.png,r,1.0,5.534054499992635,5.0,1.664885800040793,,,,22.0,Male,Right handed,Normal
sub109_AB,AB,22.0,frames/Vid22_EM_T.png,frames/Vid22_L.png,r,1.0,2.030554500001017,5.0,1.1501581000047736,,,,22.0,Male,Right handed,Normal
sub109_AB,AB,23.0,frames/Vid23_EM_T.png,frames/Vid23_L.png,l,1.0,5.091917099955026,4.0,1.230763300030958,,,,22.0,Male,Right handed,Normal
sub109_AB,AB,24.0,frames/Vid24_BB_T.png,frames/Vid24_L.png,l,1.0,4.053800800000317,5.0,1.2486570999608375,,,,22.0,Male,Right handed,Normal
sub109_AB,AB,25.0,frames/Vid25_BB_T.png,frames/Vid25_L.png,r,0.0,6.424074999988079,4.0,1.430821100017056,,,,22.0,Male,Right handed,Normal
sub109_AB,AB,26.0,frames/Vid26_EM_T.png,frames/Vid26_L.png,l,1.0,6.067929400014691,4.0,4.612975199997891,,,,22.0,Male,Right handed,Normal
sub109_AB,AB,27.0,frames/Vid27_BB_T.png,frames/Vid27_L.png,r,1.0,4.415380599966738,4.0,1.1810370999737645,,,,22.0,Male,Right handed,Normal
sub109_AB,AB,28.0,frames/Vid28_EM_T.png,frames/Vid28_L.png,r,1.0,2.571105799986981,5.0,1.1496991000021808,,,,22.0,Male,Right handed,Normal
sub109_AB,AB,29.0,frames/Vid29_BB_T.png,frames/Vid29_L.png,r,1.0,4.003173900011461,4.0,1.031413699965924,,,,22.0,Male,Right handed,Normal
sub109_AB,AB,30.0,frames/Vid30_EM_T.png,frames/Vid30_L.png,r,1.0,9.852734800020698,3.0,0.964811899990309,,,,22.0,Male,Right handed,Normal
sub109_AB,AB,31.0,frames/Vid31_EM_T.png,frames/Vid31_L.png,l,1.0,2.63775589998113,5.0,1.0154395999852568,,,,22.0,Male,Right handed,Normal
sub109_AB,AB,32.0,frames/Vid32_EM_T.png,frames/Vid32_L.png,l,1.0,3.744311499991454,5.0,1.4803313000011258,,,,22.0,Male,Right handed,Normal
sub109_AB,AB,33.0,frames/Vid33_BB_T.png,frames/Vid33_L.png,r,1.0,6.3261541000101715,4.0,2.6989736999967135,,,,22.0,Male,Right handed,Normal
sub109_AB,AB,34.0,frames/Vid34_BB_T.png,frames/Vid34_L.png,r,1.0,8.0040932999691,4.0,1.913664299994707,,,,22.0,Male,Right handed,Normal
sub109_AB,AB,35.0,frames/Vid35_EM_T.png,frames/Vid35_L.png,l,1.0,3.404667299997527,4.0,1.4812370999716222,,,,22.0,Male,Right handed,Normal
sub109_AB,AB,36.0,frames/Vid36_BB_T.png,frames/Vid36_L.png,r,1.0,7.523379099962767,3.0,2.165516800014302,,,,22.0,Male,Right handed,Normal
sub109_AB,AB,37.0,frames/Vid37_BB_T.png,frames/Vid37_L.png,r,1.0,2.6663971999660134,5.0,1.0480702000204474,,,,22.0,Male,Right handed,Normal
sub109_AB,AB,38.0,frames/Vid38_EM_T.png,frames/Vid38_L.png,r,0.0,6.275930600007996,1.0,1.2297173999832012,,,,22.0,Male,Right handed,Normal
sub109_AB,AB,39.0,frames/Vid39_BB_T.png,frames/Vid39_L.png,r,0.0,8.396905299974605,4.0,1.4976309000048786,,,,22.0,Male,Right handed,Normal
sub109_AB,AB,40.0,frames/Vid40_EM_T.png,frames/Vid40_L.png,l,0.0,7.855449000024237,2.0,2.113793500000611,,,,22.0,Male,Right handed,Normal
sub114_AB,AB,1.0,frames/Vid1_EM_T.png,frames/Vid1_L.png,l,1.0,7.501140300009865,5.0,1.4979013000265695,,,,20.0,Female,Right handed,Corrected to normal
sub114_AB,AB,2.0,frames/Vid2_BB_T.png,frames/Vid2_L.png,r,1.0,5.684326299990062,5.0,0.931879299983848,,,,20.0,Female,Right handed,Corrected to normal
sub114_AB,AB,3.0,frames/Vid3_BB_T.png,frames/Vid3_L.png,l,1.0,4.330937300052028,5.0,1.096644299977925,,,,20.0,Female,Right handed,Corrected to normal
sub114_AB,AB,4.0,frames/Vid4_EM_T.png,frames/Vid4_L.png,r,1.0,5.084612000035122,4.0,1.3648540999856775,,,,20.0,Female,Right handed,Corrected to normal
sub114_AB,AB,5.0,frames/Vid5_EM_T.png,frames/Vid5_L.png,l,1.0,3.5581256999867037,4.0,3.0981643000268377,,,,20.0,Female,Right handed,Corrected to normal
sub114_AB,AB,6.0,frames/Vid6_BB_T.png,frames/Vid6_L.png,r,1.0,5.802378399996087,3.0,0.8653735000407323,,,,20.0,Female,Right handed,Corrected to normal
sub114_AB,AB,7.0,frames/Vid7_EM_T.png,frames/Vid7_L.png,l,1.0,2.4840944000170566,4.0,1.815395999990869,,,,20.0,Female,Right handed,Corrected to normal
sub114_AB,AB,8.0,frames/Vid8_BB_T.png,frames/Vid8_L.png,l,1.0,3.831525399989914,4.0,1.0807282000314444,,,,20.0,Female,Right handed,Corrected to normal
sub114_AB,AB,9.0,frames/Vid9_EM_T.png,frames/Vid9_L.png,r,1.0,4.6384851999464445,5.0,1.1474864999763668,,,,20.0,Female,Right handed,Corrected to normal
sub114_AB,AB,10.0,frames/Vid10_BB_T.png,frames/Vid10_L.png,r,1.0,4.152607699972577,4.0,1.4482840999844484,,,,20.0,Female,Right handed,Corrected to normal
sub114_AB,AB,11.0,frames/Vid11_EM_T.png,frames/Vid11_L.png,l,1.0,3.394088200002443,5.0,0.8980070999823511,,,,20.0,Female,Right handed,Corrected to normal
sub114_AB,AB,12.0,frames/Vid12_EM_T.png,frames/Vid12_L.png,r,1.0,5.815532099979464,5.0,0.965158100007102,,,,20.0,Female,Right handed,Corrected to normal
sub114_AB,AB,13.0,frames/Vid13_BB_T.png,frames/Vid13_L.png,r,1.0,4.112949799979106,5.0,1.5312489999923855,,,,20.0,Female,Right handed,Corrected to normal
sub114_AB,AB,14.0,frames/Vid14_BB_T.png,frames/Vid14_L.png,r,1.0,6.841460199968424,3.0,1.4485696000047028,,,,20.0,Female,Right handed,Corrected to normal
sub114_AB,AB,15.0,frames/Vid15_BB_T.png,frames/Vid15_L.png,l,1.0,9.942312699975446,4.0,0.9316081000142732,,,,20.0,Female,Right handed,Corrected to normal
sub114_AB,AB,16.0,frames/Vid16_EM_T.png,frames/Vid16_L.png,l,1.0,5.646195399982389,5.0,7.182239199988544,,,,20.0,Female,Right handed,Corrected to normal
sub114_AB,AB,17.0,frames/Vid17_BB_T.png,frames/Vid17_L.png,l,1.0,5.646349100046791,4.0,0.9129267000244,,,,20.0,Female,Right handed,Corrected to normal
sub114_AB,AB,18.0,frames/Vid18_EM_T.png,frames/Vid18_L.png,r,1.0,3.756692700029817,3.0,1.5982532000052745,,,,20.0,Female,Right handed,Corrected to normal
sub114_AB,AB,19.0,frames/Vid19_BB_T.png,frames/Vid19_L.png,l,0.0,5.882142499962356,4.0,1.5149582999874838,,,,20.0,Female,Right handed,Corrected to normal
sub114_AB,AB,20.0,frames/Vid20_EM_T.png,frames/Vid20_L.png,l,1.0,3.203009499993641,4.0,0.9321939999936149,,,,20.0,Female,Right handed,Corrected to normal
sub114_AB,AB,21.0,frames/Vid21_BB_T.png,frames/Vid21_L.png,r,1.0,5.185849200002849,4.0,1.0317655999679118,,,,20.0,Female,Right handed,Corrected to normal
sub114_AB,AB,22.0,frames/Vid22_EM_T.png,frames/Vid22_L.png,l,1.0,4.165889199997764,5.0,1.8150757000548765,,,,20.0,Female,Right handed,Corrected to normal
sub114_AB,AB,23.0,frames/Vid23_EM_T.png,frames/Vid23_L.png,r,1.0,3.688446199987084,3.0,1.09791710000718,,,,20.0,Female,Right handed,Corrected to normal
sub114_AB,AB,24.0,frames/Vid24_BB_T.png,frames/Vid24_L.png,l,1.0,2.854647299973294,4.0,1.6479954999522306,,,,20.0,Female,Right handed,Corrected to normal
sub114_AB,AB,25.0,frames/Vid25_BB_T.png,frames/Vid25_L.png,r,1.0,3.8422277999925423,5.0,1.1312820999883115,,,,20.0,Female,Right handed,Corrected to normal
sub114_AB,AB,26.0,frames/Vid26_EM_T.png,frames/Vid26_L.png,r,1.0,4.626158499973826,5.0,1.048602499999106,,,,20.0,Female,Right handed,Corrected to normal
sub114_AB,AB,27.0,frames/Vid27_BB_T.png,frames/Vid27_L.png,r,1.0,3.1148171999957412,5.0,1.8972913000034168,,,,20.0,Female,Right handed,Corrected to normal
sub114_AB,AB,28.0,frames/Vid28_EM_T.png,frames/Vid28_L.png,r,1.0,4.348815099976491,5.0,1.0818667000276037,,,,20.0,Female,Right handed,Corrected to normal
sub114_AB,AB,29.0,frames/Vid29_BB_T.png,frames/Vid29_L.png,r,0.0,4.224393499956932,5.0,0.8308695000014268,,,,20.0,Female,Right handed,Corrected to normal
sub114_AB,AB,30.0,frames/Vid30_EM_T.png,frames/Vid30_L.png,r,1.0,4.242829700000584,4.0,0.932573100028094,,,,20.0,Female,Right handed,Corrected to normal
sub114_AB,AB,31.0,frames/Vid31_EM_T.png,frames/Vid31_L.png,r,1.0,3.140660199976992,5.0,1.781938900006935,,,,20.0,Female,Right handed,Corrected to normal
sub114_AB,AB,32.0,frames/Vid32_EM_T.png,frames/Vid32_L.png,l,1.0,6.6028034999617375,5.0,1.0813579000532627,,,,20.0,Female,Right handed,Corrected to normal
sub114_AB,AB,33.0,frames/Vid33_BB_T.png,frames/Vid33_L.png,l,1.0,4.021355400036555,4.0,1.3634430000092834,,,,20.0,Female,Right handed,Corrected to normal
sub114_AB,AB,34.0,frames/Vid34_BB_T.png,frames/Vid34_L.png,r,1.0,10.564954399946146,4.0,1.6323978999862447,,,,20.0,Female,Right handed,Corrected to normal
sub114_AB,AB,35.0,frames/Vid35_EM_T.png,frames/Vid35_L.png,l,1.0,8.228568199963775,5.0,0.9796960999956354,,,,20.0,Female,Right handed,Corrected to normal
sub114_AB,AB,36.0,frames/Vid36_BB_T.png,frames/Vid36_L.png,l,0.0,6.8924018000252545,3.0,2.0147108000237495,,,,20.0,Female,Right handed,Corrected to normal
sub114_AB,AB,37.0,frames/Vid37_BB_T.png,frames/Vid37_L.png,r,1.0,3.0680103999911807,5.0,1.9493381000356749,,,,20.0,Female,Right handed,Corrected to normal
sub114_AB,AB,38.0,frames/Vid38_EM_T.png,frames/Vid38_L.png,l,0.0,7.32277550001163,4.0,1.514790199988056,,,,20.0,Female,Right handed,Corrected to normal
sub114_AB,AB,39.0,frames/Vid39_BB_T.png,frames/Vid39_L.png,l,1.0,16.32673839997733,4.0,3.1140505999792367,,,,20.0,Female,Right handed,Corrected to normal
sub114_AB,AB,40.0,frames/Vid40_EM_T.png,frames/Vid40_L.png,r,1.0,5.870175199990626,4.0,1.3630631999694742,,,,20.0,Female,Right handed,Corrected to normal
sub115_AB,AB,1.0,frames/Vid1_EM_T.png,frames/Vid1_L.png,l,1.0,2.3971736999810673,5.0,1.2815811000182291,,,,20.0,Male,Right handed,Corrected to normal
sub115_AB,AB,2.0,frames/Vid2_BB_T.png,frames/Vid2_L.png,r,1.0,3.564100999967195,5.0,1.8311054999940095,,,,20.0,Male,Right handed,Corrected to normal
sub115_AB,AB,3.0,frames/Vid3_BB_T.png,frames/Vid3_L.png,r,1.0,2.5760699000093155,5.0,1.4803162000025625,,,,20.0,Male,Right handed,Corrected to normal
sub115_AB,AB,4.0,frames/Vid4_EM_T.png,frames/Vid4_L.png,l,1.0,12.953135899966584,4.0,2.014993599965237,,,,20.0,Male,Right handed,Corrected to normal
sub115_AB,AB,5.0,frames/Vid5_EM_T.png,frames/Vid5_L.png,l,1.0,4.434424999984913,3.0,1.6152082999469712,,,,20.0,Male,Right handed,Corrected to normal
sub115_AB,AB,6.0,frames/Vid6_BB_T.png,frames/Vid6_L.png,r,1.0,4.53619199997047,5.0,1.3473915999638848,,,,20.0,Male,Right handed,Corrected to normal
sub115_AB,AB,7.0,frames/Vid7_EM_T.png,frames/Vid7_L.png,l,1.0,6.332508100022096,2.0,1.1966565999900922,,,,20.0,Male,Right handed,Corrected to normal
sub115_AB,AB,8.0,frames/Vid8_BB_T.png,frames/Vid8_L.png,l,1.0,2.6763367999810725,5.0,0.713795299991034,,,,20.0,Male,Right handed,Corrected to normal
sub115_AB,AB,9.0,frames/Vid9_EM_T.png,frames/Vid9_L.png,l,1.0,2.60577760002343,5.0,0.6971203000284731,,,,20.0,Male,Right handed,Corrected to normal
sub115_AB,AB,10.0,frames/Vid10_BB_T.png,frames/Vid10_L.png,r,1.0,7.85322950000409,5.0,0.9149783999891952,,,,20.0,Male,Right handed,Corrected to normal
sub115_AB,AB,11.0,frames/Vid11_EM_T.png,frames/Vid11_L.png,r,1.0,4.3779300000169314,5.0,0.780430700047873,,,,20.0,Male,Right handed,Corrected to normal
sub115_AB,AB,12.0,frames/Vid12_EM_T.png,frames/Vid12_L.png,r,1.0,6.803451399959158,4.0,1.5479832999990322,,,,20.0,Male,Right handed,Corrected to normal
sub115_AB,AB,13.0,frames/Vid13_BB_T.png,frames/Vid13_L.png,r,1.0,7.994610800000373,3.0,1.099382299988065,,,,20.0,Male,Right handed,Corrected to normal
sub115_AB,AB,14.0,frames/Vid14_BB_T.png,frames/Vid14_L.png,l,1.0,2.987145600025542,5.0,0.8659646000014618,,,,20.0,Male,Right handed,Corrected to normal
sub115_AB,AB,15.0,frames/Vid15_BB_T.png,frames/Vid15_L.png,l,0.0,3.3347111000330187,5.0,0.6658965999959037,,,,20.0,Male,Right handed,Corrected to normal
sub115_AB,AB,16.0,frames/Vid16_EM_T.png,frames/Vid16_L.png,r,0.0,12.79021319997264,2.0,2.73230519995559,,,,20.0,Male,Right handed,Corrected to normal
sub115_AB,AB,17.0,frames/Vid17_BB_T.png,frames/Vid17_L.png,l,1.0,4.144068899971899,3.0,0.9799516999628396,,,,20.0,Male,Right handed,Corrected to normal
sub115_AB,AB,18.0,frames/Vid18_EM_T.png,frames/Vid18_L.png,r,1.0,4.151158199994825,5.0,1.0976023999974132,,,,20.0,Male,Right handed,Corrected to normal
sub115_AB,AB,19.0,frames/Vid19_BB_T.png,frames/Vid19_L.png,r,1.0,11.117440100002568,2.0,3.9312156999949366,,,,20.0,Male,Right handed,Corrected to normal
sub115_AB,AB,20.0,frames/Vid20_EM_T.png,frames/Vid20_L.png,l,1.0,2.9633508999831975,5.0,1.4127089999965392,,,,20.0,Male,Right handed,Corrected to normal
sub115_AB,AB,21.0,frames/Vid21_BB_T.png,frames/Vid21_L.png,l,1.0,3.2016200000070967,5.0,0.6143947999808006,,,,20.0,Male,Right handed,Corrected to normal
sub115_AB,AB,22.0,frames/Vid22_EM_T.png,frames/Vid22_L.png,l,1.0,3.3353673000237904,5.0,0.9968373999581672,,,,20.0,Male,Right handed,Corrected to normal
sub115_AB,AB,23.0,frames/Vid23_EM_T.png,frames/Vid23_L.png,r,1.0,4.058135400002357,2.0,1.1634150000172667,,,,20.0,Male,Right handed,Corrected to normal
sub115_AB,AB,24.0,frames/Vid24_BB_T.png,frames/Vid24_L.png,l,1.0,3.004551999969408,5.0,1.2316925000050103,,,,20.0,Male,Right handed,Corrected to normal
sub115_AB,AB,25.0,frames/Vid25_BB_T.png,frames/Vid25_L.png,l,1.0,6.37894599995343,3.0,0.9829703000141308,,,,20.0,Male,Right handed,Corrected to normal
sub115_AB,AB,26.0,frames/Vid26_EM_T.png,frames/Vid26_L.png,r,1.0,8.007431700010784,5.0,2.1313181999721564,,,,20.0,Male,Right handed,Corrected to normal
sub115_AB,AB,27.0,frames/Vid27_BB_T.png,frames/Vid27_L.png,l,1.0,2.9870476000360213,5.0,0.6481234999955632,,,,20.0,Male,Right handed,Corrected to normal
sub115_AB,AB,28.0,frames/Vid28_EM_T.png,frames/Vid28_L.png,r,1.0,3.951688200002536,5.0,1.0467383000068369,,,,20.0,Male,Right handed,Corrected to normal
sub115_AB,AB,29.0,frames/Vid29_BB_T.png,frames/Vid29_L.png,l,1.0,5.600230399984866,3.0,2.5647300999844447,,,,20.0,Male,Right handed,Corrected to normal
sub115_AB,AB,30.0,frames/Vid30_EM_T.png,frames/Vid30_L.png,l,1.0,4.449132099980488,5.0,1.1310720999608748,,,,20.0,Male,Right handed,Corrected to normal
sub115_AB,AB,31.0,frames/Vid31_EM_T.png,frames/Vid31_L.png,r,1.0,4.07628029998159,5.0,1.315158599987626,,,,20.0,Male,Right handed,Corrected to normal
sub115_AB,AB,32.0,frames/Vid32_EM_T.png,frames/Vid32_L.png,r,1.0,3.7924554999917746,5.0,1.515546099981293,,,,20.0,Male,Right handed,Corrected to normal
sub115_AB,AB,33.0,frames/Vid33_BB_T.png,frames/Vid33_L.png,r,1.0,5.662620000017341,5.0,8.448136800026987,,,,20.0,Male,Right handed,Corrected to normal
sub115_AB,AB,34.0,frames/Vid34_BB_T.png,frames/Vid34_L.png,r,1.0,2.6313994999509305,5.0,0.5490517999860458,,,,20.0,Male,Right handed,Corrected to normal
sub115_AB,AB,35.0,frames/Vid35_EM_T.png,frames/Vid35_L.png,l,1.0,3.1272729000193067,5.0,1.0300338999950327,,,,20.0,Male,Right handed,Corrected to normal
sub115_AB,AB,36.0,frames/Vid36_BB_T.png,frames/Vid36_L.png,r,0.0,12.183298699965237,2.0,1.7980994999525135,,,,20.0,Male,Right handed,Corrected to normal
sub115_AB,AB,37.0,frames/Vid37_BB_T.png,frames/Vid37_L.png,r,1.0,3.1449320999672636,5.0,2.2642713999957778,,,,20.0,Male,Right handed,Corrected to normal
sub115_AB,AB,38.0,frames/Vid38_EM_T.png,frames/Vid38_L.png,l,1.0,6.293652899970766,5.0,0.715209899994079,,,,20.0,Male,Right handed,Corrected to normal
sub115_AB,AB,39.0,frames/Vid39_BB_T.png,frames/Vid39_L.png,l,0.0,4.050705100002233,2.0,1.33150490000844,,,,20.0,Male,Right handed,Corrected to normal
sub115_AB,AB,40.0,frames/Vid40_EM_T.png,frames/Vid40_L.png,l,1.0,3.613029300002381,5.0,1.231306099973153,,,,20.0,Male,Right handed,Corrected to normal
sub116_AB,AB,1.0,frames/Vid1_EM_T.png,frames/Vid1_L.png,l,1.0,5.079746400006115,5.0,1.3473971000057643,,,,20.0,Male,Right handed,Corrected to normal
sub116_AB,AB,2.0,frames/Vid2_BB_T.png,frames/Vid2_L.png,l,1.0,8.135560200025793,1.0,1.2812419999972915,,,,20.0,Male,Right handed,Corrected to normal
sub116_AB,AB,3.0,frames/Vid3_BB_T.png,frames/Vid3_L.png,r,1.0,2.9717653000261635,5.0,1.4321986000286415,,,,20.0,Male,Right handed,Corrected to normal
sub116_AB,AB,4.0,frames/Vid4_EM_T.png,frames/Vid4_L.png,r,0.0,2.5473391000414267,5.0,6.7323662000126205,,,,20.0,Male,Right handed,Corrected to normal
sub116_AB,AB,5.0,frames/Vid5_EM_T.png,frames/Vid5_L.png,l,1.0,3.006280500034336,2.0,1.9986572000198064,,,,20.0,Male,Right handed,Corrected to normal
sub116_AB,AB,6.0,frames/Vid6_BB_T.png,frames/Vid6_L.png,l,1.0,3.5654606000171043,4.0,1.032495099992957,,,,20.0,Male,Right handed,Corrected to normal
sub116_AB,AB,7.0,frames/Vid7_EM_T.png,frames/Vid7_L.png,r,0.0,3.4964216999942437,1.0,1.2835215000086464,,,,20.0,Male,Right handed,Corrected to normal
sub116_AB,AB,8.0,frames/Vid8_BB_T.png,frames/Vid8_L.png,r,1.0,3.1609827000065707,5.0,1.0474573000101373,,,,20.0,Male,Right handed,Corrected to normal
sub116_AB,AB,9.0,frames/Vid9_EM_T.png,frames/Vid9_L.png,r,1.0,4.405708900012542,5.0,1.0984059000038542,,,,20.0,Male,Right handed,Corrected to normal
sub116_AB,AB,10.0,frames/Vid10_BB_T.png,frames/Vid10_L.png,r,0.0,2.697195000015199,1.0,0.6812560000107624,,,,20.0,Male,Right handed,Corrected to normal
sub116_AB,AB,11.0,frames/Vid11_EM_T.png,frames/Vid11_L.png,l,1.0,3.3098250000039116,5.0,1.1651278999634087,,,,20.0,Male,Right handed,Corrected to normal
sub116_AB,AB,12.0,frames/Vid12_EM_T.png,frames/Vid12_L.png,l,1.0,3.8792486999882385,5.0,1.4135189999942668,,,,20.0,Male,Right handed,Corrected to normal
sub116_AB,AB,13.0,frames/Vid13_BB_T.png,frames/Vid13_L.png,l,1.0,2.969908299972303,3.0,2.814865300024394,,,,20.0,Male,Right handed,Corrected to normal
sub116_AB,AB,14.0,frames/Vid14_BB_T.png,frames/Vid14_L.png,r,1.0,2.5388827999704517,5.0,1.297003699990455,,,,20.0,Male,Right handed,Corrected to normal
sub116_AB,AB,15.0,frames/Vid15_BB_T.png,frames/Vid15_L.png,l,0.0,2.915563800022938,2.0,0.7801593000185676,,,,20.0,Male,Right handed,Corrected to normal
sub116_AB,AB,16.0,frames/Vid16_EM_T.png,frames/Vid16_L.png,l,0.0,3.0220697000040673,3.0,2.0975351000088267,,,,20.0,Male,Right handed,Corrected to normal
sub116_AB,AB,17.0,frames/Vid17_BB_T.png,frames/Vid17_L.png,l,1.0,4.037521800026298,1.0,0.9811601999681444,,,,20.0,Male,Right handed,Corrected to normal
sub116_AB,AB,18.0,frames/Vid18_EM_T.png,frames/Vid18_L.png,l,1.0,2.685585400031414,2.0,2.332328899996355,,,,20.0,Male,Right handed,Corrected to normal
sub116_AB,AB,19.0,frames/Vid19_BB_T.png,frames/Vid19_L.png,r,1.0,1.8710655000177212,5.0,0.998712600034196,,,,20.0,Male,Right handed,Corrected to normal
sub116_AB,AB,20.0,frames/Vid20_EM_T.png,frames/Vid20_L.png,r,1.0,5.617543399974238,2.0,1.5479512000456452,,,,20.0,Male,Right handed,Corrected to normal
sub116_AB,AB,21.0,frames/Vid21_BB_T.png,frames/Vid21_L.png,r,1.0,9.122205200023018,5.0,1.1475862000370398,,,,20.0,Male,Right handed,Corrected to normal
sub116_AB,AB,22.0,frames/Vid22_EM_T.png,frames/Vid22_L.png,r,1.0,2.772162400011439,2.0,1.4971823999658227,,,,20.0,Male,Right handed,Corrected to normal
sub116_AB,AB,23.0,frames/Vid23_EM_T.png,frames/Vid23_L.png,l,1.0,2.9391268999897875,1.0,1.2814417000045069,,,,20.0,Male,Right handed,Corrected to normal
sub116_AB,AB,24.0,frames/Vid24_BB_T.png,frames/Vid24_L.png,l,1.0,2.2850511000142433,5.0,1.1988385999575255,,,,20.0,Male,Right handed,Corrected to normal
sub116_AB,AB,25.0,frames/Vid25_BB_T.png,frames/Vid25_L.png,l,0.0,1.7372255999944173,5.0,0.4628280000179074,,,,20.0,Male,Right handed,Corrected to normal
sub116_AB,AB,26.0,frames/Vid26_EM_T.png,frames/Vid26_L.png,l,1.0,2.207375400001183,5.0,1.0808500000275671,,,,20.0,Male,Right handed,Corrected to normal
sub116_AB,AB,27.0,frames/Vid27_BB_T.png,frames/Vid27_L.png,r,1.0,4.173318000044674,3.0,1.6822853999910876,,,,20.0,Male,Right handed,Corrected to normal
sub116_AB,AB,28.0,frames/Vid28_EM_T.png,frames/Vid28_L.png,r,1.0,2.3070690000313334,5.0,0.9322476999950596,,,,20.0,Male,Right handed,Corrected to normal
sub116_AB,AB,29.0,frames/Vid29_BB_T.png,frames/Vid29_L.png,r,1.0,3.7470361999585298,5.0,0.6480334000079893,,,,20.0,Male,Right handed,Corrected to normal
sub116_AB,AB,30.0,frames/Vid30_EM_T.png,frames/Vid30_L.png,r,0.0,3.7145410000230186,3.0,1.66461320000235,,,,20.0,Male,Right handed,Corrected to normal
sub116_AB,AB,31.0,frames/Vid31_EM_T.png,frames/Vid31_L.png,r,1.0,2.012079100008122,5.0,1.0144460999872535,,,,20.0,Male,Right handed,Corrected to normal
sub116_AB,AB,32.0,frames/Vid32_EM_T.png,frames/Vid32_L.png,r,0.0,2.3768518999568187,2.0,1.3826961999875491,,,,20.0,Male,Right handed,Corrected to normal
sub116_AB,AB,33.0,frames/Vid33_BB_T.png,frames/Vid33_L.png,l,1.0,2.9816714000189677,5.0,1.9810448000207543,,,,20.0,Male,Right handed,Corrected to normal
sub116_AB,AB,34.0,frames/Vid34_BB_T.png,frames/Vid34_L.png,r,0.0,2.7808582999859937,5.0,0.765833500016015,,,,20.0,Male,Right handed,Corrected to normal
sub116_AB,AB,35.0,frames/Vid35_EM_T.png,frames/Vid35_L.png,r,1.0,4.138788899988867,1.0,1.030797799990978,,,,20.0,Male,Right handed,Corrected to normal
sub116_AB,AB,36.0,frames/Vid36_BB_T.png,frames/Vid36_L.png,r,0.0,2.061538899957668,4.0,1.4982588000129908,,,,20.0,Male,Right handed,Corrected to normal
sub116_AB,AB,37.0,frames/Vid37_BB_T.png,frames/Vid37_L.png,l,1.0,2.140386800048873,5.0,1.1484625000157394,,,,20.0,Male,Right handed,Corrected to normal
sub116_AB,AB,38.0,frames/Vid38_EM_T.png,frames/Vid38_L.png,l,1.0,2.753356300003361,5.0,1.0984138999483548,,,,20.0,Male,Right handed,Corrected to normal
sub116_AB,AB,39.0,frames/Vid39_BB_T.png,frames/Vid39_L.png,r,0.0,1.4682080000056883,5.0,0.8802511999965645,,,,20.0,Male,Right handed,Corrected to normal
sub116_AB,AB,40.0,frames/Vid40_EM_T.png,frames/Vid40_L.png,l,0.0,3.4959941999986768,5.0,1.1490863999933936,,,,20.0,Male,Right handed,Corrected to normal
sub117_AB,AB,1.0,frames/Vid1_EM_T.png,frames/Vid1_L.png,l,1.0,2.188832499959972,5.0,1.2328520999872126,,,,22.0,Male,Right handed,Normal
sub117_AB,AB,2.0,frames/Vid2_BB_T.png,frames/Vid2_L.png,l,1.0,2.2911153999739327,5.0,0.7644987000385299,,,,22.0,Male,Right handed,Normal
sub117_AB,AB,3.0,frames/Vid3_BB_T.png,frames/Vid3_L.png,l,1.0,1.396429900021758,5.0,1.0637543000048026,,,,22.0,Male,Right handed,Normal
sub117_AB,AB,4.0,frames/Vid4_EM_T.png,frames/Vid4_L.png,r,0.0,10.017142899974717,5.0,5.864075099991169,,,,22.0,Male,Right handed,Normal
sub117_AB,AB,5.0,frames/Vid5_EM_T.png,frames/Vid5_L.png,l,1.0,3.744324399973266,5.0,0.5820066000451334,,,,22.0,Male,Right handed,Normal
sub117_AB,AB,6.0,frames/Vid6_BB_T.png,frames/Vid6_L.png,l,1.0,4.8161178000154905,5.0,0.428262600034941,,,,22.0,Male,Right handed,Normal
sub117_AB,AB,7.0,frames/Vid7_EM_T.png,frames/Vid7_L.png,r,1.0,3.268737600010354,5.0,0.6476554999826476,,,,22.0,Male,Right handed,Normal
sub117_AB,AB,8.0,frames/Vid8_BB_T.png,frames/Vid8_L.png,l,1.0,4.6446301999967545,5.0,1.0814762000227347,,,,22.0,Male,Right handed,Normal
sub117_AB,AB,9.0,frames/Vid9_EM_T.png,frames/Vid9_L.png,r,1.0,6.168097000045236,5.0,1.3805755999637768,,,,22.0,Male,Right handed,Normal
sub117_AB,AB,10.0,frames/Vid10_BB_T.png,frames/Vid10_L.png,l,1.0,2.291110899997875,5.0,0.5487769999890588,,,,22.0,Male,Right handed,Normal
sub117_AB,AB,11.0,frames/Vid11_EM_T.png,frames/Vid11_L.png,r,1.0,2.3744062000187114,5.0,0.5135974999866448,,,,22.0,Male,Right handed,Normal
sub117_AB,AB,12.0,frames/Vid12_EM_T.png,frames/Vid12_L.png,r,1.0,4.296216899994761,5.0,0.8481949999695644,,,,22.0,Male,Right handed,Normal
sub117_AB,AB,13.0,frames/Vid13_BB_T.png,frames/Vid13_L.png,l,1.0,3.1399745999951847,5.0,0.2981719999806955,,,,22.0,Male,Right handed,Normal
sub117_AB,AB,14.0,frames/Vid14_BB_T.png,frames/Vid14_L.png,r,1.0,2.535871699976269,5.0,0.4981684000231325,,,,22.0,Male,Right handed,Normal
sub117_AB,AB,15.0,frames/Vid15_BB_T.png,frames/Vid15_L.png,r,1.0,3.6080761999473903,5.0,0.496000399987679,,,,22.0,Male,Right handed,Normal
sub117_AB,AB,16.0,frames/Vid16_EM_T.png,frames/Vid16_L.png,l,1.0,3.019850700045936,5.0,0.4648688000161201,,,,22.0,Male,Right handed,Normal
sub117_AB,AB,17.0,frames/Vid17_BB_T.png,frames/Vid17_L.png,r,1.0,6.5547177999978885,4.0,1.16441870003473,,,,22.0,Male,Right handed,Normal
sub117_AB,AB,18.0,frames/Vid18_EM_T.png,frames/Vid18_L.png,r,1.0,3.167469899985008,5.0,0.5812704000272788,,,,22.0,Male,Right handed,Normal
sub117_AB,AB,19.0,frames/Vid19_BB_T.png,frames/Vid19_L.png,l,1.0,2.9998452000436373,5.0,0.715186299989,,,,22.0,Male,Right handed,Normal
sub117_AB,AB,20.0,frames/Vid20_EM_T.png,frames/Vid20_L.png,l,1.0,2.7347000000299886,5.0,0.3305578000145033,,,,22.0,Male,Right handed,Normal
sub117_AB,AB,21.0,frames/Vid21_BB_T.png,frames/Vid21_L.png,r,1.0,2.2438876000232995,5.0,0.4810397999826818,,,,22.0,Male,Right handed,Normal
sub117_AB,AB,22.0,frames/Vid22_EM_T.png,frames/Vid22_L.png,l,1.0,1.273636500001885,5.0,0.5322407999774441,,,,22.0,Male,Right handed,Normal
sub117_AB,AB,23.0,frames/Vid23_EM_T.png,frames/Vid23_L.png,l,1.0,2.9638103999895975,4.0,1.0813643000437878,,,,22.0,Male,Right handed,Normal
sub117_AB,AB,24.0,frames/Vid24_BB_T.png,frames/Vid24_L.png,r,1.0,2.900345699978061,5.0,1.146920599974692,,,,22.0,Male,Right handed,Normal
sub117_AB,AB,25.0,frames/Vid25_BB_T.png,frames/Vid25_L.png,l,1.0,2.166344199969899,5.0,0.4641389999887906,,,,22.0,Male,Right handed,Normal
sub117_AB,AB,26.0,frames/Vid26_EM_T.png,frames/Vid26_L.png,r,1.0,1.494420100003481,5.0,0.4301580999745056,,,,22.0,Male,Right handed,Normal
sub117_AB,AB,27.0,frames/Vid27_BB_T.png,frames/Vid27_L.png,l,1.0,2.036677199997939,5.0,0.3641219999990426,,,,22.0,Male,Right handed,Normal
sub117_AB,AB,28.0,frames/Vid28_EM_T.png,frames/Vid28_L.png,l,1.0,2.5430808000382967,5.0,0.9813756000366992,,,,22.0,Male,Right handed,Normal
sub117_AB,AB,29.0,frames/Vid29_BB_T.png,frames/Vid29_L.png,l,1.0,2.7754295999766327,5.0,1.0152704000356607,,,,22.0,Male,Right handed,Normal
sub117_AB,AB,30.0,frames/Vid30_EM_T.png,frames/Vid30_L.png,r,1.0,4.23829350003507,5.0,0.3474424000014551,,,,22.0,Male,Right handed,Normal
sub117_AB,AB,31.0,frames/Vid31_EM_T.png,frames/Vid31_L.png,r,1.0,2.256932099990081,5.0,1.16550369997276,,,,22.0,Male,Right handed,Normal
sub117_AB,AB,32.0,frames/Vid32_EM_T.png,frames/Vid32_L.png,l,1.0,1.6459558000206016,5.0,0.4977073000045493,,,,22.0,Male,Right handed,Normal
sub117_AB,AB,33.0,frames/Vid33_BB_T.png,frames/Vid33_L.png,l,1.0,3.055526899988763,5.0,0.579734000028111,,,,22.0,Male,Right handed,Normal
sub117_AB,AB,34.0,frames/Vid34_BB_T.png,frames/Vid34_L.png,r,1.0,2.588588900049217,5.0,0.7488632000167854,,,,22.0,Male,Right handed,Normal
sub117_AB,AB,35.0,frames/Vid35_EM_T.png,frames/Vid35_L.png,r,1.0,2.532363600039389,5.0,0.3817386999726295,,,,22.0,Male,Right handed,Normal
sub117_AB,AB,36.0,frames/Vid36_BB_T.png,frames/Vid36_L.png,l,1.0,2.886407700018026,5.0,0.9829580999794416,,,,22.0,Male,Right handed,Normal
sub117_AB,AB,37.0,frames/Vid37_BB_T.png,frames/Vid37_L.png,l,1.0,1.8167284000082873,5.0,0.5810319000156596,,,,22.0,Male,Right handed,Normal
sub117_AB,AB,38.0,frames/Vid38_EM_T.png,frames/Vid38_L.png,l,1.0,7.376950600009877,4.0,0.7311370000243187,,,,22.0,Male,Right handed,Normal
sub117_AB,AB,39.0,frames/Vid39_BB_T.png,frames/Vid39_L.png,l,1.0,4.111697599990293,4.0,0.9659004000131972,,,,22.0,Male,Right handed,Normal
sub117_AB,AB,40.0,frames/Vid40_EM_T.png,frames/Vid40_L.png,l,1.0,1.8669607000192627,5.0,0.4307320999796502,,,,22.0,Male,Right handed,Normal
sub119_AB,AB,1.0,frames/Vid1_EM_T.png,frames/Vid1_L.png,r,1.0,4.460746400000062,4.0,0.9323372999997446,,,,23.0,Male,Right handed,Corrected to normal
sub119_AB,AB,1.0,frames/Vid1_EM_T.png,frames/Vid1_L.png,l,1.0,2.0896883999998863,5.0,2.7819670000001224,,,,23.0,Male,Right handed,Corrected to normal
sub119_AB,AB,2.0,frames/Vid2_BB_T.png,frames/Vid2_L.png,l,1.0,3.3811445000001186,5.0,1.231167099999766,,,,23.0,Male,Right handed,Corrected to normal
sub119_AB,AB,2.0,frames/Vid2_BB_T.png,frames/Vid2_L.png,r,1.0,2.57057420000001,5.0,1.4315161999998054,,,,23.0,Male,Right handed,Corrected to normal
sub119_AB,AB,3.0,frames/Vid3_BB_T.png,frames/Vid3_L.png,r,1.0,7.455220900000313,5.0,1.1327117999999246,,,,23.0,Male,Right handed,Corrected to normal
sub119_AB,AB,3.0,frames/Vid3_BB_T.png,frames/Vid3_L.png,r,1.0,3.223693800000092,5.0,0.8817711000001509,,,,23.0,Male,Right handed,Corrected to normal
sub119_AB,AB,4.0,frames/Vid4_EM_T.png,frames/Vid4_L.png,l,1.0,4.508600500000284,5.0,1.1478118000004542,,,,23.0,Male,Right handed,Corrected to normal
sub119_AB,AB,4.0,frames/Vid4_EM_T.png,frames/Vid4_L.png,l,0.0,3.033173799999986,5.0,0.7324257000000216,,,,23.0,Male,Right handed,Corrected to normal
sub119_AB,AB,5.0,frames/Vid5_EM_T.png,frames/Vid5_L.png,l,1.0,3.612736799999766,5.0,1.4133528000002116,,,,23.0,Male,Right handed,Corrected to normal
sub119_AB,AB,5.0,frames/Vid5_EM_T.png,frames/Vid5_L.png,l,1.0,10.607368399999814,3.0,1.3323158000000603,,,,23.0,Male,Right handed,Corrected to normal
sub119_AB,AB,6.0,frames/Vid6_BB_T.png,frames/Vid6_L.png,r,1.0,5.7117604999994,4.0,1.0481618000003436,,,,23.0,Male,Right handed,Corrected to normal
sub119_AB,AB,6.0,frames/Vid6_BB_T.png,frames/Vid6_L.png,r,1.0,2.282513200000039,5.0,6.59875020000004,,,,23.0,Male,Right handed,Corrected to normal
sub119_AB,AB,7.0,frames/Vid7_EM_T.png,frames/Vid7_L.png,l,1.0,5.9910064999994574,5.0,2.4648176000000603,,,,23.0,Male,Right handed,Corrected to normal
sub119_AB,AB,7.0,frames/Vid7_EM_T.png,frames/Vid7_L.png,r,0.0,10.43080359999999,4.0,1.1312041999999565,,,,23.0,Male,Right handed,Corrected to normal
sub119_AB,AB,8.0,frames/Vid8_BB_T.png,frames/Vid8_L.png,l,0.0,4.100649499999236,4.0,0.8990813999998863,,,,23.0,Male,Right handed,Corrected to normal
sub119_AB,AB,8.0,frames/Vid8_BB_T.png,frames/Vid8_L.png,l,1.0,5.063728299999866,5.0,1.249493699999903,,,,23.0,Male,Right handed,Corrected to normal
sub119_AB,AB,9.0,frames/Vid9_EM_T.png,frames/Vid9_L.png,r,1.0,2.8969708000004175,5.0,1.0312548000001698,,,,23.0,Male,Right handed,Corrected to normal
sub119_AB,AB,9.0,frames/Vid9_EM_T.png,frames/Vid9_L.png,l,1.0,4.896337200000062,5.0,1.3301779000000806,,,,23.0,Male,Right handed,Corrected to normal
sub119_AB,AB,10.0,frames/Vid10_BB_T.png,frames/Vid10_L.png,l,1.0,15.35323729999982,2.0,3.046905200000765,,,,23.0,Male,Right handed,Corrected to normal
sub119_AB,AB,10.0,frames/Vid10_BB_T.png,frames/Vid10_L.png,l,1.0,3.20071269999994,5.0,1.348400999999967,,,,23.0,Male,Right handed,Corrected to normal
sub119_AB,AB,11.0,frames/Vid11_EM_T.png,frames/Vid11_L.png,r,1.0,6.394129199999952,5.0,0.9810349999997924,,,,23.0,Male,Right handed,Corrected to normal
sub119_AB,AB,11.0,frames/Vid11_EM_T.png,frames/Vid11_L.png,r,1.0,5.39835149999999,5.0,0.8822155999998813,,,,23.0,Male,Right handed,Corrected to normal
sub119_AB,AB,12.0,frames/Vid12_EM_T.png,frames/Vid12_L.png,r,1.0,4.370529400000123,5.0,0.748153600000478,,,,23.0,Male,Right handed,Corrected to normal
sub119_AB,AB,12.0,frames/Vid12_EM_T.png,frames/Vid12_L.png,r,1.0,11.277393800000027,4.0,2.0316583000001174,,,,23.0,Male,Right handed,Corrected to normal
sub119_AB,AB,13.0,frames/Vid13_BB_T.png,frames/Vid13_L.png,r,0.0,6.18550469999991,2.0,1.749519599999985,,,,23.0,Male,Right handed,Corrected to normal
sub119_AB,AB,13.0,frames/Vid13_BB_T.png,frames/Vid13_L.png,r,1.0,8.199440699999968,2.0,1.6302339000001211,,,,23.0,Male,Right handed,Corrected to normal
sub119_AB,AB,14.0,frames/Vid14_BB_T.png,frames/Vid14_L.png,r,1.0,2.2807448000003205,5.0,0.7811619000003702,,,,23.0,Male,Right handed,Corrected to normal
sub119_AB,AB,14.0,frames/Vid14_BB_T.png,frames/Vid14_L.png,l,1.0,5.303092299999889,5.0,1.198356399999966,,,,23.0,Male,Right handed,Corrected to normal
sub119_AB,AB,15.0,frames/Vid15_BB_T.png,frames/Vid15_L.png,l,1.0,8.195602599999802,2.0,0.8817406000007395,,,,23.0,Male,Right handed,Corrected to normal
sub119_AB,AB,15.0,frames/Vid15_BB_T.png,frames/Vid15_L.png,r,1.0,3.051440100000036,5.0,0.9328479000000698,,,,23.0,Male,Right handed,Corrected to normal
sub119_AB,AB,16.0,frames/Vid16_EM_T.png,frames/Vid16_L.png,l,1.0,5.924461799999335,4.0,0.8315952999992078,,,,23.0,Male,Right handed,Corrected to normal
sub119_AB,AB,16.0,frames/Vid16_EM_T.png,frames/Vid16_L.png,r,1.0,5.2040700999998535,4.0,1.2140070000000378,,,,23.0,Male,Right handed,Corrected to normal
sub119_AB,AB,17.0,frames/Vid17_BB_T.png,frames/Vid17_L.png,l,1.0,15.127554900000176,1.0,1.1478329000001397,,,,23.0,Male,Right handed,Corrected to normal
sub119_AB,AB,17.0,frames/Vid17_BB_T.png,frames/Vid17_L.png,r,1.0,14.615522499999996,3.0,1.8479327000000012,,,,23.0,Male,Right handed,Corrected to normal
sub119_AB,AB,18.0,frames/Vid18_EM_T.png,frames/Vid18_L.png,r,1.0,11.737889699999869,3.0,16.61381220000021,,,,23.0,Male,Right handed,Corrected to normal
sub119_AB,AB,18.0,frames/Vid18_EM_T.png,frames/Vid18_L.png,r,1.0,5.342029700000012,5.0,0.6478956000000835,,,,23.0,Male,Right handed,Corrected to normal
sub119_AB,AB,19.0,frames/Vid19_BB_T.png,frames/Vid19_L.png,l,1.0,5.684439300000122,1.0,1.0992321000003358,,,,23.0,Male,Right handed,Corrected to normal
sub119_AB,AB,19.0,frames/Vid19_BB_T.png,frames/Vid19_L.png,l,0.0,9.41418379999982,3.0,0.7003833999999642,,,,23.0,Male,Right handed,Corrected to normal
sub119_AB,AB,20.0,frames/Vid20_EM_T.png,frames/Vid20_L.png,r,1.0,3.536195900000166,4.0,0.913153799999236,,,,23.0,Male,Right handed,Corrected to normal
sub119_AB,AB,20.0,frames/Vid20_EM_T.png,frames/Vid20_L.png,r,1.0,19.293239500000027,1.0,1.8161194000001617,,,,23.0,Male,Right handed,Corrected to normal
sub119_AB,AB,21.0,frames/Vid21_BB_T.png,frames/Vid21_L.png,l,1.0,5.879014500000267,5.0,0.9656678999999712,,,,23.0,Male,Right handed,Corrected to normal
sub119_AB,AB,21.0,frames/Vid21_BB_T.png,frames/Vid21_L.png,l,1.0,4.737087400000064,5.0,1.130728399999953,,,,23.0,Male,Right handed,Corrected to normal
sub119_AB,AB,22.0,frames/Vid22_EM_T.png,frames/Vid22_L.png,r,1.0,7.299295199999506,5.0,0.9813306000005468,,,,23.0,Male,Right handed,Corrected to normal
sub119_AB,AB,22.0,frames/Vid22_EM_T.png,frames/Vid22_L.png,r,1.0,3.167148700000098,5.0,0.9143192000001364,,,,23.0,Male,Right handed,Corrected to normal
sub119_AB,AB,23.0,frames/Vid23_EM_T.png,frames/Vid23_L.png,l,1.0,11.299266699999862,2.0,1.981681199999912,,,,23.0,Male,Right handed,Corrected to normal
sub119_AB,AB,23.0,frames/Vid23_EM_T.png,frames/Vid23_L.png,r,1.0,12.154059400000278,5.0,0.5308917999996083,,,,23.0,Male,Right handed,Corrected to normal
sub119_AB,AB,24.0,frames/Vid24_BB_T.png,frames/Vid24_L.png,l,1.0,2.7828970999999,5.0,0.7155046999996557,,,,23.0,Male,Right handed,Corrected to normal
sub119_AB,AB,24.0,frames/Vid24_BB_T.png,frames/Vid24_L.png,r,1.0,7.270561799999996,5.0,1.280400200000031,,,,23.0,Male,Right handed,Corrected to normal
sub119_AB,AB,25.0,frames/Vid25_BB_T.png,frames/Vid25_L.png,r,0.0,10.943989299999885,4.0,1.64780570000039,,,,23.0,Male,Right handed,Corrected to normal
sub119_AB,AB,25.0,frames/Vid25_BB_T.png,frames/Vid25_L.png,l,1.0,7.46489489999999,5.0,1.3806600000000344,,,,23.0,Male,Right handed,Corrected to normal
sub119_AB,AB,26.0,frames/Vid26_EM_T.png,frames/Vid26_L.png,r,1.0,5.030806400000074,5.0,0.8136846999996123,,,,23.0,Male,Right handed,Corrected to normal
sub119_AB,AB,26.0,frames/Vid26_EM_T.png,frames/Vid26_L.png,r,1.0,4.566058899999916,5.0,0.6661288000000241,,,,23.0,Male,Right handed,Corrected to normal
sub119_AB,AB,27.0,frames/Vid27_BB_T.png,frames/Vid27_L.png,l,1.0,4.957407500000045,5.0,1.0990098000002035,,,,23.0,Male,Right handed,Corrected to normal
sub119_AB,AB,27.0,frames/Vid27_BB_T.png,frames/Vid27_L.png,l,1.0,3.163618999999926,3.0,1.5653643000000557,,,,23.0,Male,Right handed,Corrected to normal
sub119_AB,AB,28.0,frames/Vid28_EM_T.png,frames/Vid28_L.png,l,1.0,2.903881199999887,5.0,0.6793258999996397,,,,23.0,Male,Right handed,Corrected to normal
sub119_AB,AB,28.0,frames/Vid28_EM_T.png,frames/Vid28_L.png,l,1.0,3.163597500000151,5.0,1.4652667000000292,,,,23.0,Male,Right handed,Corrected to normal
sub119_AB,AB,29.0,frames/Vid29_BB_T.png,frames/Vid29_L.png,l,1.0,19.421906700000363,4.0,2.0976059999993595,,,,23.0,Male,Right handed,Corrected to normal
sub119_AB,AB,29.0,frames/Vid29_BB_T.png,frames/Vid29_L.png,l,1.0,6.722521599999936,4.0,1.0820005000000492,,,,23.0,Male,Right handed,Corrected to normal
sub119_AB,AB,30.0,frames/Vid30_EM_T.png,frames/Vid30_L.png,r,1.0,4.468721100000039,5.0,1.0151938999997585,,,,23.0,Male,Right handed,Corrected to normal
sub119_AB,AB,30.0,frames/Vid30_EM_T.png,frames/Vid30_L.png,r,1.0,2.820362100000011,5.0,0.631662100000085,,,,23.0,Male,Right handed,Corrected to normal
sub119_AB,AB,31.0,frames/Vid31_EM_T.png,frames/Vid31_L.png,l,1.0,2.2688541999996232,4.0,1.3818397000004552,,,,23.0,Male,Right handed,Corrected to normal
sub119_AB,AB,31.0,frames/Vid31_EM_T.png,frames/Vid31_L.png,l,1.0,3.623637900000176,2.0,1.1482119999998304,,,,23.0,Male,Right handed,Corrected to normal
sub119_AB,AB,32.0,frames/Vid32_EM_T.png,frames/Vid32_L.png,r,1.0,3.2563419999996768,5.0,0.8160563000001275,,,,23.0,Male,Right handed,Corrected to normal
sub119_AB,AB,32.0,frames/Vid32_EM_T.png,frames/Vid32_L.png,r,1.0,3.1845917999999074,4.0,0.6959355999999843,,,,23.0,Male,Right handed,Corrected to normal
sub119_AB,AB,33.0,frames/Vid33_BB_T.png,frames/Vid33_L.png,r,1.0,3.438592399999834,5.0,0.8818817000001218,,,,23.0,Male,Right handed,Corrected to normal
sub119_AB,AB,33.0,frames/Vid33_BB_T.png,frames/Vid33_L.png,r,1.0,13.288673199999948,3.0,1.6153655000000526,,,,23.0,Male,Right handed,Corrected to normal
sub119_AB,AB,34.0,frames/Vid34_BB_T.png,frames/Vid34_L.png,r,0.0,6.880423499999779,1.0,0.6808305000004111,,,,23.0,Male,Right handed,Corrected to normal
sub119_AB,AB,34.0,frames/Vid34_BB_T.png,frames/Vid34_L.png,l,0.0,4.833378300000049,5.0,1.0153410999998869,,,,23.0,Male,Right handed,Corrected to normal
sub119_AB,AB,35.0,frames/Vid35_EM_T.png,frames/Vid35_L.png,r,1.0,6.000847899999826,5.0,1.0303750000002765,,,,23.0,Male,Right handed,Corrected to normal
sub119_AB,AB,35.0,frames/Vid35_EM_T.png,frames/Vid35_L.png,r,1.0,7.143188999999893,5.0,1.6958368999999038,,,,23.0,Male,Right handed,Corrected to normal
sub119_AB,AB,36.0,frames/Vid36_BB_T.png,frames/Vid36_L.png,r,1.0,11.760520699999688,1.0,0.9812081999998554,,,,23.0,Male,Right handed,Corrected to normal
sub119_AB,AB,36.0,frames/Vid36_BB_T.png,frames/Vid36_L.png,l,1.0,4.511413599999969,5.0,1.04804809999996,,,,23.0,Male,Right handed,Corrected to normal
sub119_AB,AB,37.0,frames/Vid37_BB_T.png,frames/Vid37_L.png,l,1.0,3.6371902999999297,5.0,0.8316678999999567,,,,23.0,Male,Right handed,Corrected to normal
sub119_AB,AB,37.0,frames/Vid37_BB_T.png,frames/Vid37_L.png,r,1.0,7.997041000000081,4.0,1.413725500000055,,,,23.0,Male,Right handed,Corrected to normal
sub119_AB,AB,38.0,frames/Vid38_EM_T.png,frames/Vid38_L.png,l,1.0,7.33751889999985,3.0,1.016254800000752,,,,23.0,Male,Right handed,Corrected to normal
sub119_AB,AB,38.0,frames/Vid38_EM_T.png,frames/Vid38_L.png,r,1.0,3.676632400000017,5.0,1.4162296999998034,,,,23.0,Male,Right handed,Corrected to normal
sub119_AB,AB,39.0,frames/Vid39_BB_T.png,frames/Vid39_L.png,l,1.0,31.641095300000416,2.0,2.4477654000002076,,,,23.0,Male,Right handed,Corrected to normal
sub119_AB,AB,39.0,frames/Vid39_BB_T.png,frames/Vid39_L.png,r,1.0,6.149470900000324,4.0,1.5173885000003793,,,,23.0,Male,Right handed,Corrected to normal
sub119_AB,AB,40.0,frames/Vid40_EM_T.png,frames/Vid40_L.png,l,1.0,23.418675500000063,3.0,1.015299299999242,,,,23.0,Male,Right handed,Corrected to normal
sub119_AB,AB,40.0,frames/Vid40_EM_T.png,frames/Vid40_L.png,l,1.0,2.300306399999954,5.0,3.6151589999999487,,,,23.0,Male,Right handed,Corrected to normal
sub120_AB,AB,1.0,frames/Vid1_EM_T.png,frames/Vid1_L.png,r,1.0,4.496636399999261,5.0,1.315520899999683,,,,21.0,Male,Right handed,Normal
sub120_AB,AB,2.0,frames/Vid2_BB_T.png,frames/Vid2_L.png,l,1.0,4.0107262999999875,5.0,1.615217599999596,,,,21.0,Male,Right handed,Normal
sub120_AB,AB,3.0,frames/Vid3_BB_T.png,frames/Vid3_L.png,l,0.0,2.2577113999996072,5.0,1.5158555000007254,,,,21.0,Male,Right handed,Normal
sub120_AB,AB,4.0,frames/Vid4_EM_T.png,frames/Vid4_L.png,r,1.0,26.566408100000444,2.0,3.8996184000006906,,,,21.0,Male,Right handed,Normal
sub120_AB,AB,5.0,frames/Vid5_EM_T.png,frames/Vid5_L.png,r,1.0,13.910786499999633,1.0,1.6804361000004064,,,,21.0,Male,Right handed,Normal
sub120_AB,AB,6.0,frames/Vid6_BB_T.png,frames/Vid6_L.png,r,1.0,4.696007199999258,5.0,0.9145643000001656,,,,21.0,Male,Right handed,Normal
sub120_AB,AB,7.0,frames/Vid7_EM_T.png,frames/Vid7_L.png,l,1.0,2.6832070000000385,5.0,1.0654330999996091,,,,21.0,Male,Right handed,Normal
sub120_AB,AB,8.0,frames/Vid8_BB_T.png,frames/Vid8_L.png,r,1.0,5.522257300000092,4.0,1.897953200000302,,,,21.0,Male,Right handed,Normal
sub120_AB,AB,9.0,frames/Vid9_EM_T.png,frames/Vid9_L.png,r,1.0,2.6882503999995606,4.0,1.715009000000464,,,,21.0,Male,Right handed,Normal
sub120_AB,AB,10.0,frames/Vid10_BB_T.png,frames/Vid10_L.png,l,1.0,2.813879199999974,3.0,1.5813011999998707,,,,21.0,Male,Right handed,Normal
sub120_AB,AB,11.0,frames/Vid11_EM_T.png,frames/Vid11_L.png,l,1.0,3.259871100000055,5.0,1.4151890000002822,,,,21.0,Male,Right handed,Normal
sub120_AB,AB,12.0,frames/Vid12_EM_T.png,frames/Vid12_L.png,r,1.0,5.109858699999677,5.0,2.231110400000034,,,,21.0,Male,Right handed,Normal
sub120_AB,AB,13.0,frames/Vid13_BB_T.png,frames/Vid13_L.png,l,0.0,7.168072299999949,2.0,3.5806468000000677,,,,21.0,Male,Right handed,Normal
sub120_AB,AB,14.0,frames/Vid14_BB_T.png,frames/Vid14_L.png,l,1.0,2.8654476000001523,5.0,1.1148542000000816,,,,21.0,Male,Right handed,Normal
sub120_AB,AB,15.0,frames/Vid15_BB_T.png,frames/Vid15_L.png,l,1.0,3.901842700000088,5.0,1.3821520000001328,,,,21.0,Male,Right handed,Normal
sub120_AB,AB,16.0,frames/Vid16_EM_T.png,frames/Vid16_L.png,r,0.0,8.183164500000203,4.0,2.366532500000176,,,,21.0,Male,Right handed,Normal
sub120_AB,AB,17.0,frames/Vid17_BB_T.png,frames/Vid17_L.png,r,1.0,20.872085799999695,2.0,3.014341500000228,,,,21.0,Male,Right handed,Normal
sub120_AB,AB,18.0,frames/Vid18_EM_T.png,frames/Vid18_L.png,r,1.0,5.1944007000001875,4.0,1.315460599999824,,,,21.0,Male,Right handed,Normal
sub120_AB,AB,19.0,frames/Vid19_BB_T.png,frames/Vid19_L.png,l,0.0,5.599010300000373,2.0,2.3309125000005224,,,,21.0,Male,Right handed,Normal
sub120_AB,AB,20.0,frames/Vid20_EM_T.png,frames/Vid20_L.png,r,1.0,2.7868760000001203,5.0,0.8142186000004585,,,,21.0,Male,Right handed,Normal
sub120_AB,AB,21.0,frames/Vid21_BB_T.png,frames/Vid21_L.png,l,1.0,4.9403542999998535,5.0,2.313442699999541,,,,21.0,Male,Right handed,Normal
sub120_AB,AB,22.0,frames/Vid22_EM_T.png,frames/Vid22_L.png,l,1.0,6.0000519000004715,5.0,1.5478794000000562,,,,21.0,Male,Right handed,Normal
sub120_AB,AB,23.0,frames/Vid23_EM_T.png,frames/Vid23_L.png,l,1.0,4.719187900000179,4.0,3.465710500000569,,,,21.0,Male,Right handed,Normal
sub120_AB,AB,24.0,frames/Vid24_BB_T.png,frames/Vid24_L.png,l,1.0,3.033986399999776,5.0,1.298462499999914,,,,21.0,Male,Right handed,Normal
sub120_AB,AB,25.0,frames/Vid25_BB_T.png,frames/Vid25_L.png,l,1.0,8.589239500000076,4.0,3.381939400000192,,,,21.0,Male,Right handed,Normal
sub120_AB,AB,26.0,frames/Vid26_EM_T.png,frames/Vid26_L.png,r,1.0,3.939713599999777,5.0,0.9964712000000872,,,,21.0,Male,Right handed,Normal
sub120_AB,AB,27.0,frames/Vid27_BB_T.png,frames/Vid27_L.png,l,1.0,4.012546300000395,4.0,0.946605100000852,,,,21.0,Male,Right handed,Normal
sub120_AB,AB,28.0,frames/Vid28_EM_T.png,frames/Vid28_L.png,l,1.0,2.8629120999994484,4.0,1.3814784000005602,,,,21.0,Male,Right handed,Normal
sub120_AB,AB,29.0,frames/Vid29_BB_T.png,frames/Vid29_L.png,r,1.0,3.6034158000002208,5.0,1.1648333000002822,,,,21.0,Male,Right handed,Normal
sub120_AB,AB,30.0,frames/Vid30_EM_T.png,frames/Vid30_L.png,l,1.0,4.116272700000081,5.0,2.380869100000382,,,,21.0,Male,Right handed,Normal
sub120_AB,AB,31.0,frames/Vid31_EM_T.png,frames/Vid31_L.png,r,1.0,2.50819649999994,5.0,1.2482919000003676,,,,21.0,Male,Right handed,Normal
sub120_AB,AB,32.0,frames/Vid32_EM_T.png,frames/Vid32_L.png,r,1.0,2.6688795999998547,5.0,1.8316389999999956,,,,21.0,Male,Right handed,Normal
sub120_AB,AB,33.0,frames/Vid33_BB_T.png,frames/Vid33_L.png,r,1.0,2.174296299999696,5.0,0.915902100000494,,,,21.0,Male,Right handed,Normal
sub120_AB,AB,34.0,frames/Vid34_BB_T.png,frames/Vid34_L.png,r,1.0,3.960975300000427,4.0,1.348169099999723,,,,21.0,Male,Right handed,Normal
sub120_AB,AB,35.0,frames/Vid35_EM_T.png,frames/Vid35_L.png,r,1.0,4.7746283999995285,5.0,0.7993076000002475,,,,21.0,Male,Right handed,Normal
sub120_AB,AB,36.0,frames/Vid36_BB_T.png,frames/Vid36_L.png,r,1.0,6.672371999999996,5.0,0.8974397000001773,,,,21.0,Male,Right handed,Normal
sub120_AB,AB,37.0,frames/Vid37_BB_T.png,frames/Vid37_L.png,r,1.0,4.209170300000551,5.0,1.3323048999991445,,,,21.0,Male,Right handed,Normal
sub120_AB,AB,38.0,frames/Vid38_EM_T.png,frames/Vid38_L.png,l,1.0,12.242582500000026,2.0,1.8985443999999916,,,,21.0,Male,Right handed,Normal
sub120_AB,AB,39.0,frames/Vid39_BB_T.png,frames/Vid39_L.png,r,1.0,4.808057799999915,4.0,1.3472007999998823,,,,21.0,Male,Right handed,Normal
sub120_AB,AB,40.0,frames/Vid40_EM_T.png,frames/Vid40_L.png,l,1.0,9.488482699999622,3.0,2.481601800000135,,,,21.0,Male,Right handed,Normal
sub121_AB,AB,1.0,frames/Vid1_EM_T.png,frames/Vid1_L.png,r,1.0,7.159815799999706,5.0,2.046053899999606,,,,22.0,Female,Right handed,Normal
sub121_AB,AB,1.0,frames/Vid1_EM_T.png,frames/Vid1_L.png,l,1.0,2.3362520999999106,5.0,1.1459608000004664,,,,22.0,Female,Right handed,Normal
sub121_AB,AB,2.0,frames/Vid2_BB_T.png,frames/Vid2_L.png,l,1.0,3.1343777000001865,5.0,1.382108400001016,,,,22.0,Female,Right handed,Normal
sub121_AB,AB,2.0,frames/Vid2_BB_T.png,frames/Vid2_L.png,l,1.0,6.3470424999995885,5.0,0.8993847000001551,,,,22.0,Female,Right handed,Normal
sub121_AB,AB,3.0,frames/Vid3_BB_T.png,frames/Vid3_L.png,l,1.0,4.02566939999997,5.0,2.014969800000472,,,,22.0,Female,Right handed,Normal
sub121_AB,AB,3.0,frames/Vid3_BB_T.png,frames/Vid3_L.png,r,1.0,2.1026677999998356,5.0,0.981912999999622,,,,22.0,Female,Right handed,Normal
sub121_AB,AB,4.0,frames/Vid4_EM_T.png,frames/Vid4_L.png,l,0.0,9.09575120000045,5.0,1.5635072000004584,,,,22.0,Female,Right handed,Normal
sub121_AB,AB,4.0,frames/Vid4_EM_T.png,frames/Vid4_L.png,r,0.0,7.922107499998674,5.0,0.4296303000010084,,,,22.0,Female,Right handed,Normal
sub121_AB,AB,5.0,frames/Vid5_EM_T.png,frames/Vid5_L.png,r,1.0,5.243981499999791,5.0,2.73019320000094,,,,22.0,Female,Right handed,Normal
sub121_AB,AB,5.0,frames/Vid5_EM_T.png,frames/Vid5_L.png,l,1.0,8.109264599999733,4.0,1.1297832999989623,,,,22.0,Female,Right handed,Normal
sub121_AB,AB,6.0,frames/Vid6_BB_T.png,frames/Vid6_L.png,r,1.0,3.523005099999864,5.0,1.7487412999998924,,,,22.0,Female,Right handed,Normal
sub121_AB,AB,6.0,frames/Vid6_BB_T.png,frames/Vid6_L.png,l,1.0,5.502016899999944,5.0,0.4647515000015119,,,,22.0,Female,Right handed,Normal
sub121_AB,AB,7.0,frames/Vid7_EM_T.png,frames/Vid7_L.png,l,1.0,2.8181873000012274,5.0,2.0491908000003605,,,,22.0,Female,Right handed,Normal
sub121_AB,AB,7.0,frames/Vid7_EM_T.png,frames/Vid7_L.png,r,1.0,4.615130000000136,5.0,0.4981582000000344,,,,22.0,Female,Right handed,Normal
sub121_AB,AB,8.0,frames/Vid8_BB_T.png,frames/Vid8_L.png,l,1.0,3.90188390000003,4.0,1.91421149999951,,,,22.0,Female,Right handed,Normal
sub121_AB,AB,8.0,frames/Vid8_BB_T.png,frames/Vid8_L.png,r,1.0,3.7920756000003166,4.0,0.931344500000705,,,,22.0,Female,Right handed,Normal
sub121_AB,AB,9.0,frames/Vid9_EM_T.png,frames/Vid9_L.png,r,0.0,6.115932500000781,3.0,2.2822616000012204,,,,22.0,Female,Right handed,Normal
sub121_AB,AB,9.0,frames/Vid9_EM_T.png,frames/Vid9_L.png,l,1.0,2.775181999999404,2.0,0.7829058000006626,,,,22.0,Female,Right handed,Normal
sub121_AB,AB,10.0,frames/Vid10_BB_T.png,frames/Vid10_L.png,l,1.0,3.570128900000782,5.0,1.5982857999988482,,,,22.0,Female,Right handed,Normal
sub121_AB,AB,10.0,frames/Vid10_BB_T.png,frames/Vid10_L.png,r,1.0,2.6430912999985594,4.0,1.1461804999999003,,,,22.0,Female,Right handed,Normal
sub121_AB,AB,11.0,frames/Vid11_EM_T.png,frames/Vid11_L.png,l,1.0,2.319520000000921,5.0,1.4816430999999284,,,,22.0,Female,Right handed,Normal
sub121_AB,AB,11.0,frames/Vid11_EM_T.png,frames/Vid11_L.png,l,1.0,2.7248936999985744,5.0,0.7331212000008236,,,,22.0,Female,Right handed,Normal
sub121_AB,AB,12.0,frames/Vid12_EM_T.png,frames/Vid12_L.png,r,1.0,2.3355214999992313,5.0,1.614498700000695,,,,22.0,Female,Right handed,Normal
sub121_AB,AB,12.0,frames/Vid12_EM_T.png,frames/Vid12_L.png,l,1.0,4.8233313000000635,5.0,0.6489810000002763,,,,22.0,Female,Right handed,Normal
sub121_AB,AB,13.0,frames/Vid13_BB_T.png,frames/Vid13_L.png,r,0.0,4.3566719999998895,5.0,4.0310337000009895,,,,22.0,Female,Right handed,Normal
sub121_AB,AB,13.0,frames/Vid13_BB_T.png,frames/Vid13_L.png,r,0.0,2.619469499999468,4.0,1.463692200000878,,,,22.0,Female,Right handed,Normal
sub121_AB,AB,14.0,frames/Vid14_BB_T.png,frames/Vid14_L.png,l,1.0,2.8546650000007503,5.0,2.1291574999995646,,,,22.0,Female,Right handed,Normal
sub121_AB,AB,14.0,frames/Vid14_BB_T.png,frames/Vid14_L.png,l,1.0,3.554085399999167,3.0,0.8307294999995065,,,,22.0,Female,Right handed,Normal
sub121_AB,AB,15.0,frames/Vid15_BB_T.png,frames/Vid15_L.png,l,1.0,2.730459399999745,5.0,1.7980629999983648,,,,22.0,Female,Right handed,Normal
sub121_AB,AB,15.0,frames/Vid15_BB_T.png,frames/Vid15_L.png,r,1.0,3.126386399999319,4.0,1.4982065000003786,,,,22.0,Female,Right handed,Normal
sub121_AB,AB,16.0,frames/Vid16_EM_T.png,frames/Vid16_L.png,r,1.0,2.5127277999999933,5.0,1.1139605999997002,,,,22.0,Female,Right handed,Normal
sub121_AB,AB,16.0,frames/Vid16_EM_T.png,frames/Vid16_L.png,r,0.0,5.538141099999848,3.0,0.8987035999998625,,,,22.0,Female,Right handed,Normal
sub121_AB,AB,17.0,frames/Vid17_BB_T.png,frames/Vid17_L.png,r,1.0,12.293811700001244,5.0,2.581801300000734,,,,22.0,Female,Right handed,Normal
sub121_AB,AB,17.0,frames/Vid17_BB_T.png,frames/Vid17_L.png,r,0.0,6.438648499999545,2.0,1.0656072000001586,,,,22.0,Female,Right handed,Normal
sub121_AB,AB,18.0,frames/Vid18_EM_T.png,frames/Vid18_L.png,r,1.0,3.2635469999986526,5.0,1.8141465999997308,,,,22.0,Female,Right handed,Normal
sub121_AB,AB,18.0,frames/Vid18_EM_T.png,frames/Vid18_L.png,l,1.0,2.8629182999993645,4.0,0.5820688999992853,,,,22.0,Female,Right handed,Normal
sub121_AB,AB,19.0,frames/Vid19_BB_T.png,frames/Vid19_L.png,l,1.0,2.7445387999996456,5.0,2.080927499999234,,,,22.0,Female,Right handed,Normal
sub121_AB,AB,19.0,frames/Vid19_BB_T.png,frames/Vid19_L.png,l,1.0,15.922747900000104,4.0,0.9472252999985358,,,,22.0,Female,Right handed,Normal
sub121_AB,AB,20.0,frames/Vid20_EM_T.png,frames/Vid20_L.png,l,1.0,4.3288995000002615,5.0,1.7644260999986727,,,,22.0,Female,Right handed,Normal
sub121_AB,AB,20.0,frames/Vid20_EM_T.png,frames/Vid20_L.png,r,1.0,9.213750899998558,4.0,0.9122319999987668,,,,22.0,Female,Right handed,Normal
sub121_AB,AB,21.0,frames/Vid21_BB_T.png,frames/Vid21_L.png,l,1.0,3.686851200000092,5.0,1.2150093999989622,,,,22.0,Female,Right handed,Normal
sub121_AB,AB,21.0,frames/Vid21_BB_T.png,frames/Vid21_L.png,r,1.0,5.220488799999657,5.0,0.4322986000006494,,,,22.0,Female,Right handed,Normal
sub121_AB,AB,22.0,frames/Vid22_EM_T.png,frames/Vid22_L.png,l,1.0,2.2677102999987255,5.0,1.7460969999992813,,,,22.0,Female,Right handed,Normal
sub121_AB,AB,22.0,frames/Vid22_EM_T.png,frames/Vid22_L.png,r,0.0,4.607224499999575,3.0,1.2644843999987645,,,,22.0,Female,Right handed,Normal
sub121_AB,AB,23.0,frames/Vid23_EM_T.png,frames/Vid23_L.png,l,1.0,5.155195300001651,4.0,1.864175400000022,,,,22.0,Female,Right handed,Normal
sub121_AB,AB,23.0,frames/Vid23_EM_T.png,frames/Vid23_L.png,l,1.0,2.6890282000003936,5.0,0.3822976000010385,,,,22.0,Female,Right handed,Normal
sub121_AB,AB,24.0,frames/Vid24_BB_T.png,frames/Vid24_L.png,l,1.0,3.5355231999983516,5.0,1.3300244999991264,,,,22.0,Female,Right handed,Normal
sub121_AB,AB,24.0,frames/Vid24_BB_T.png,frames/Vid24_L.png,l,1.0,4.233734799998274,5.0,0.8649055000005319,,,,22.0,Female,Right handed,Normal
sub121_AB,AB,25.0,frames/Vid25_BB_T.png,frames/Vid25_L.png,r,1.0,3.3419794000001275,5.0,2.2795733000002656,,,,22.0,Female,Right handed,Normal
sub121_AB,AB,25.0,frames/Vid25_BB_T.png,frames/Vid25_L.png,r,1.0,4.697111200001018,4.0,0.5156244999998307,,,,22.0,Female,Right handed,Normal
sub121_AB,AB,26.0,frames/Vid26_EM_T.png,frames/Vid26_L.png,r,1.0,8.846108300000196,5.0,3.8967510999991646,,,,22.0,Female,Right handed,Normal
sub121_AB,AB,26.0,frames/Vid26_EM_T.png,frames/Vid26_L.png,r,1.0,2.401982400000634,5.0,0.3470140000008541,,,,22.0,Female,Right handed,Normal
sub121_AB,AB,27.0,frames/Vid27_BB_T.png,frames/Vid27_L.png,r,1.0,4.223305299999993,5.0,1.831990300001053,,,,22.0,Female,Right handed,Normal
sub121_AB,AB,27.0,frames/Vid27_BB_T.png,frames/Vid27_L.png,l,1.0,4.584507500001564,2.0,1.0132573999999297,,,,22.0,Female,Right handed,Normal
sub121_AB,AB,28.0,frames/Vid28_EM_T.png,frames/Vid28_L.png,l,1.0,3.920663999999306,5.0,1.6994524000001547,,,,22.0,Female,Right handed,Normal
sub121_AB,AB,28.0,frames/Vid28_EM_T.png,frames/Vid28_L.png,r,1.0,2.9628900999996404,5.0,0.4820777999993879,,,,22.0,Female,Right handed,Normal
sub121_AB,AB,29.0,frames/Vid29_BB_T.png,frames/Vid29_L.png,l,1.0,3.4012733999988995,5.0,1.6636737999997422,,,,22.0,Female,Right handed,Normal
sub121_AB,AB,29.0,frames/Vid29_BB_T.png,frames/Vid29_L.png,r,1.0,3.280019599998923,5.0,0.4984722999997757,,,,22.0,Female,Right handed,Normal
sub121_AB,AB,30.0,frames/Vid30_EM_T.png,frames/Vid30_L.png,l,1.0,6.49118129999988,4.0,2.69841070000075,,,,22.0,Female,Right handed,Normal
sub121_AB,AB,30.0,frames/Vid30_EM_T.png,frames/Vid30_L.png,l,1.0,10.857932700000674,4.0,1.5651708999994298,,,,22.0,Female,Right handed,Normal
sub121_AB,AB,31.0,frames/Vid31_EM_T.png,frames/Vid31_L.png,r,1.0,2.7583825000001525,5.0,1.413696699999491,,,,22.0,Female,Right handed,Normal
sub121_AB,AB,31.0,frames/Vid31_EM_T.png,frames/Vid31_L.png,r,1.0,3.136455699999715,5.0,0.7629312999997637,,,,22.0,Female,Right handed,Normal
sub121_AB,AB,32.0,frames/Vid32_EM_T.png,frames/Vid32_L.png,l,1.0,2.1367042000001675,5.0,1.680735599999025,,,,22.0,Female,Right handed,Normal
sub121_AB,AB,32.0,frames/Vid32_EM_T.png,frames/Vid32_L.png,r,1.0,3.142324300000837,5.0,4.76502310000069,,,,22.0,Female,Right handed,Normal
sub121_AB,AB,33.0,frames/Vid33_BB_T.png,frames/Vid33_L.png,l,1.0,2.434214999999313,5.0,2.031323199998951,,,,22.0,Female,Right handed,Normal
sub121_AB,AB,33.0,frames/Vid33_BB_T.png,frames/Vid33_L.png,l,1.0,3.464241800000309,5.0,0.8977350000004662,,,,22.0,Female,Right handed,Normal
sub121_AB,AB,34.0,frames/Vid34_BB_T.png,frames/Vid34_L.png,l,1.0,4.6649581999990914,5.0,2.99765699999989,,,,22.0,Female,Right handed,Normal
sub121_AB,AB,34.0,frames/Vid34_BB_T.png,frames/Vid34_L.png,l,0.0,10.148583000000144,2.0,2.214329299999008,,,,22.0,Female,Right handed,Normal
sub121_AB,AB,35.0,frames/Vid35_EM_T.png,frames/Vid35_L.png,r,1.0,3.835150199998679,5.0,1.8978545000009035,,,,22.0,Female,Right handed,Normal
sub121_AB,AB,35.0,frames/Vid35_EM_T.png,frames/Vid35_L.png,r,1.0,3.687000200001421,5.0,0.3471747999992658,,,,22.0,Female,Right handed,Normal
sub121_AB,AB,36.0,frames/Vid36_BB_T.png,frames/Vid36_L.png,r,1.0,6.577337299999272,3.0,1.9634991000002628,,,,22.0,Female,Right handed,Normal
sub121_AB,AB,36.0,frames/Vid36_BB_T.png,frames/Vid36_L.png,l,0.0,2.758547199999157,3.0,0.9304852000004756,,,,22.0,Female,Right handed,Normal
sub121_AB,AB,37.0,frames/Vid37_BB_T.png,frames/Vid37_L.png,r,1.0,4.478355999999621,5.0,1.8000200000005862,,,,22.0,Female,Right handed,Normal
sub121_AB,AB,37.0,frames/Vid37_BB_T.png,frames/Vid37_L.png,r,1.0,2.965608700000302,5.0,1.4168245000000752,,,,22.0,Female,Right handed,Normal
sub121_AB,AB,38.0,frames/Vid38_EM_T.png,frames/Vid38_L.png,r,1.0,9.082619099999649,5.0,1.880494400000316,,,,22.0,Female,Right handed,Normal
sub121_AB,AB,38.0,frames/Vid38_EM_T.png,frames/Vid38_L.png,r,1.0,5.352155000000494,1.0,0.983314099999916,,,,22.0,Female,Right handed,Normal
sub121_AB,AB,39.0,frames/Vid39_BB_T.png,frames/Vid39_L.png,l,0.0,4.052895499999067,5.0,1.5132825000000594,,,,22.0,Female,Right handed,Normal
sub121_AB,AB,39.0,frames/Vid39_BB_T.png,frames/Vid39_L.png,l,1.0,4.493221700000504,3.0,0.6144851000008202,,,,22.0,Female,Right handed,Normal
sub121_AB,AB,40.0,frames/Vid40_EM_T.png,frames/Vid40_L.png,r,1.0,10.284172800000306,3.0,2.380940600000031,,,,22.0,Female,Right handed,Normal
sub121_AB,AB,40.0,frames/Vid40_EM_T.png,frames/Vid40_L.png,l,1.0,2.817327100001421,1.0,2.1471416000003956,,,,22.0,Female,Right handed,Normal
sub122_AB,AB,1.0,frames/Vid1_EM_T.png,frames/Vid1_L.png,l,1.0,7.609103000000687,5.0,1.6988756000009744,,,,24.0,Male,Right handed,Normal
sub122_AB,AB,2.0,frames/Vid2_BB_T.png,frames/Vid2_L.png,r,1.0,2.396618500000841,5.0,0.830552199999147,,,,24.0,Male,Right handed,Normal
sub122_AB,AB,3.0,frames/Vid3_BB_T.png,frames/Vid3_L.png,l,1.0,1.8919630000000325,5.0,1.1974436000000424,,,,24.0,Male,Right handed,Normal
sub122_AB,AB,4.0,frames/Vid4_EM_T.png,frames/Vid4_L.png,r,0.0,2.351869699999952,5.0,1.0314311000001908,,,,24.0,Male,Right handed,Normal
sub122_AB,AB,5.0,frames/Vid5_EM_T.png,frames/Vid5_L.png,r,1.0,6.698815300000206,3.0,1.8649511999992685,,,,24.0,Male,Right handed,Normal
sub122_AB,AB,6.0,frames/Vid6_BB_T.png,frames/Vid6_L.png,l,1.0,4.749779800000397,5.0,0.9649611999993796,,,,24.0,Male,Right handed,Normal
sub122_AB,AB,7.0,frames/Vid7_EM_T.png,frames/Vid7_L.png,l,1.0,4.593486899999334,5.0,2.6987181000004057,,,,24.0,Male,Right handed,Normal
sub122_AB,AB,8.0,frames/Vid8_BB_T.png,frames/Vid8_L.png,r,1.0,3.814410200000566,4.0,1.3981242999998358,,,,24.0,Male,Right handed,Normal
sub122_AB,AB,9.0,frames/Vid9_EM_T.png,frames/Vid9_L.png,l,1.0,4.763499899998351,5.0,1.6154187000011009,,,,24.0,Male,Right handed,Normal
sub122_AB,AB,10.0,frames/Vid10_BB_T.png,frames/Vid10_L.png,l,1.0,6.730664100001377,4.0,2.1809821000006195,,,,24.0,Male,Right handed,Normal
sub122_AB,AB,11.0,frames/Vid11_EM_T.png,frames/Vid11_L.png,l,1.0,3.9164534000010462,3.0,0.8972905999999057,,,,24.0,Male,Right handed,Normal
sub122_AB,AB,12.0,frames/Vid12_EM_T.png,frames/Vid12_L.png,r,1.0,16.00222919999942,5.0,1.212711500000296,,,,24.0,Male,Right handed,Normal
sub122_AB,AB,13.0,frames/Vid13_BB_T.png,frames/Vid13_L.png,l,1.0,7.720201199999792,2.0,1.8977957999995851,,,,24.0,Male,Right handed,Normal
sub122_AB,AB,14.0,frames/Vid14_BB_T.png,frames/Vid14_L.png,r,1.0,5.004384400001072,1.0,1.513697799999136,,,,24.0,Male,Right handed,Normal
sub122_AB,AB,15.0,frames/Vid15_BB_T.png,frames/Vid15_L.png,r,1.0,6.743957900000169,4.0,8.081890900000872,,,,24.0,Male,Right handed,Normal
sub122_AB,AB,16.0,frames/Vid16_EM_T.png,frames/Vid16_L.png,l,1.0,2.705955299999914,4.0,2.098984300000666,,,,24.0,Male,Right handed,Normal
sub122_AB,AB,17.0,frames/Vid17_BB_T.png,frames/Vid17_L.png,r,0.0,9.25090150000142,1.0,1.8304215999996811,,,,24.0,Male,Right handed,Normal
sub122_AB,AB,18.0,frames/Vid18_EM_T.png,frames/Vid18_L.png,r,1.0,2.7366901999994298,5.0,1.1464415999998891,,,,24.0,Male,Right handed,Normal
sub122_AB,AB,19.0,frames/Vid19_BB_T.png,frames/Vid19_L.png,l,0.0,4.374810200000866,2.0,1.281473700000788,,,,24.0,Male,Right handed,Normal
sub122_AB,AB,20.0,frames/Vid20_EM_T.png,frames/Vid20_L.png,l,1.0,3.98610379999991,5.0,1.2640088999996806,,,,24.0,Male,Right handed,Normal
sub122_AB,AB,21.0,frames/Vid21_BB_T.png,frames/Vid21_L.png,l,1.0,5.09724339999957,5.0,1.31574129999899,,,,24.0,Male,Right handed,Normal
sub122_AB,AB,22.0,frames/Vid22_EM_T.png,frames/Vid22_L.png,l,1.0,3.726179900000716,5.0,0.7959747999993851,,,,24.0,Male,Right handed,Normal
sub122_AB,AB,23.0,frames/Vid23_EM_T.png,frames/Vid23_L.png,l,1.0,3.1517016000016156,1.0,1.0808378999990964,,,,24.0,Male,Right handed,Normal
sub122_AB,AB,24.0,frames/Vid24_BB_T.png,frames/Vid24_L.png,l,1.0,2.380753800000093,5.0,1.3120082999994338,,,,24.0,Male,Right handed,Normal
sub122_AB,AB,25.0,frames/Vid25_BB_T.png,frames/Vid25_L.png,r,1.0,7.829830099999526,5.0,0.9137332999998762,,,,24.0,Male,Right handed,Normal
sub122_AB,AB,26.0,frames/Vid26_EM_T.png,frames/Vid26_L.png,l,1.0,2.5602686000001995,5.0,0.7141587999994954,,,,24.0,Male,Right handed,Normal
sub122_AB,AB,27.0,frames/Vid27_BB_T.png,frames/Vid27_L.png,l,1.0,2.982503100000031,5.0,0.7644825999996101,,,,24.0,Male,Right handed,Normal
sub122_AB,AB,28.0,frames/Vid28_EM_T.png,frames/Vid28_L.png,r,1.0,2.484547800000655,5.0,0.8466019000006781,,,,24.0,Male,Right handed,Normal
sub122_AB,AB,29.0,frames/Vid29_BB_T.png,frames/Vid29_L.png,r,1.0,2.9331426999997348,5.0,0.9981176999990566,,,,24.0,Male,Right handed,Normal
sub122_AB,AB,30.0,frames/Vid30_EM_T.png,frames/Vid30_L.png,l,1.0,5.929141799999343,4.0,1.2660003999990297,,,,24.0,Male,Right handed,Normal
sub122_AB,AB,31.0,frames/Vid31_EM_T.png,frames/Vid31_L.png,l,1.0,9.491120099999534,4.0,1.3474879000004876,,,,24.0,Male,Right handed,Normal
sub122_AB,AB,32.0,frames/Vid32_EM_T.png,frames/Vid32_L.png,l,1.0,2.6550760000009177,1.0,1.514571600000636,,,,24.0,Male,Right handed,Normal
sub122_AB,AB,33.0,frames/Vid33_BB_T.png,frames/Vid33_L.png,r,1.0,11.965770600001632,5.0,1.0467298999992636,,,,24.0,Male,Right handed,Normal
sub122_AB,AB,34.0,frames/Vid34_BB_T.png,frames/Vid34_L.png,r,1.0,4.065022200000385,5.0,1.1822300999992876,,,,24.0,Male,Right handed,Normal
sub122_AB,AB,35.0,frames/Vid35_EM_T.png,frames/Vid35_L.png,r,1.0,4.021252800001093,5.0,1.6489569999994274,,,,24.0,Male,Right handed,Normal
sub122_AB,AB,36.0,frames/Vid36_BB_T.png,frames/Vid36_L.png,l,1.0,5.218711599998642,3.0,1.465084299999944,,,,24.0,Male,Right handed,Normal
sub122_AB,AB,37.0,frames/Vid37_BB_T.png,frames/Vid37_L.png,l,1.0,2.5259760999997525,5.0,0.7827966999993805,,,,24.0,Male,Right handed,Normal
sub122_AB,AB,38.0,frames/Vid38_EM_T.png,frames/Vid38_L.png,r,1.0,8.425201900001412,3.0,0.9315026000003854,,,,24.0,Male,Right handed,Normal
sub122_AB,AB,39.0,frames/Vid39_BB_T.png,frames/Vid39_L.png,l,0.0,3.556452900000295,3.0,1.0650256000008085,,,,24.0,Male,Right handed,Normal
sub122_AB,AB,40.0,frames/Vid40_EM_T.png,frames/Vid40_L.png,r,1.0,8.138809800000672,2.0,1.132021600000371,,,,24.0,Male,Right handed,Normal
sub123_AB,AB,1.0,frames/Vid1_EM_T.png,frames/Vid1_L.png,r,1.0,9.156350699999166,5.0,0.846434600000066,,,,19.0,Male,Right handed,Corrected to normal
sub123_AB,AB,1.0,frames/Vid1_EM_T.png,frames/Vid1_L.png,l,1.0,1.8205988999998224,5.0,1.5639952999990785,,,,19.0,Male,Right handed,Corrected to normal
sub123_AB,AB,2.0,frames/Vid2_BB_T.png,frames/Vid2_L.png,l,0.0,4.234940499998629,3.0,1.2123588000031305,,,,19.0,Male,Right handed,Corrected to normal
sub123_AB,AB,2.0,frames/Vid2_BB_T.png,frames/Vid2_L.png,r,1.0,5.739054300000134,5.0,0.998186100001476,,,,19.0,Male,Right handed,Corrected to normal
sub123_AB,AB,3.0,frames/Vid3_BB_T.png,frames/Vid3_L.png,r,1.0,2.526716000000306,5.0,1.6491369000032137,,,,19.0,Male,Right handed,Corrected to normal
sub123_AB,AB,3.0,frames/Vid3_BB_T.png,frames/Vid3_L.png,r,1.0,8.29627419999997,5.0,1.2975701999985176,,,,19.0,Male,Right handed,Corrected to normal
sub123_AB,AB,4.0,frames/Vid4_EM_T.png,frames/Vid4_L.png,l,0.0,9.883847400000375,3.0,1.865582700000232,,,,19.0,Male,Right handed,Corrected to normal
sub123_AB,AB,4.0,frames/Vid4_EM_T.png,frames/Vid4_L.png,r,1.0,4.651479199999812,5.0,1.6805361999995512,,,,19.0,Male,Right handed,Corrected to normal
sub123_AB,AB,5.0,frames/Vid5_EM_T.png,frames/Vid5_L.png,r,1.0,6.353483099999721,3.0,2.1149440000008326,,,,19.0,Male,Right handed,Corrected to normal
sub123_AB,AB,5.0,frames/Vid5_EM_T.png,frames/Vid5_L.png,l,1.0,10.856662800000777,1.0,2.2635761000001366,,,,19.0,Male,Right handed,Corrected to normal
sub123_AB,AB,6.0,frames/Vid6_BB_T.png,frames/Vid6_L.png,l,1.0,4.055409299999155,5.0,1.7987333000019134,,,,19.0,Male,Right handed,Corrected to normal
sub123_AB,AB,6.0,frames/Vid6_BB_T.png,frames/Vid6_L.png,l,1.0,2.9584844000000885,5.0,0.8645469000002777,,,,19.0,Male,Right handed,Corrected to normal
sub123_AB,AB,7.0,frames/Vid7_EM_T.png,frames/Vid7_L.png,r,0.0,4.06560570000147,5.0,1.4820971000008285,,,,19.0,Male,Right handed,Corrected to normal
sub123_AB,AB,7.0,frames/Vid7_EM_T.png,frames/Vid7_L.png,l,1.0,3.923913500000708,5.0,1.4300762000002578,,,,19.0,Male,Right handed,Corrected to normal
sub123_AB,AB,8.0,frames/Vid8_BB_T.png,frames/Vid8_L.png,r,1.0,3.686560800000734,5.0,1.848717000000761,,,,19.0,Male,Right handed,Corrected to normal
sub123_AB,AB,8.0,frames/Vid8_BB_T.png,frames/Vid8_L.png,l,1.0,6.336321400000088,5.0,1.0973912999997992,,,,19.0,Male,Right handed,Corrected to normal
sub123_AB,AB,9.0,frames/Vid9_EM_T.png,frames/Vid9_L.png,l,1.0,3.232080900001165,2.0,1.8971361000003528,,,,19.0,Male,Right handed,Corrected to normal
sub123_AB,AB,9.0,frames/Vid9_EM_T.png,frames/Vid9_L.png,r,1.0,6.273458300000129,5.0,1.6647014999998646,,,,19.0,Male,Right handed,Corrected to normal
sub123_AB,AB,10.0,frames/Vid10_BB_T.png,frames/Vid10_L.png,r,1.0,4.028373600001942,5.0,1.8152800999996543,,,,19.0,Male,Right handed,Corrected to normal
sub123_AB,AB,10.0,frames/Vid10_BB_T.png,frames/Vid10_L.png,r,1.0,4.476481400000921,5.0,1.1320364999992307,,,,19.0,Male,Right handed,Corrected to normal
sub123_AB,AB,11.0,frames/Vid11_EM_T.png,frames/Vid11_L.png,r,1.0,2.85100009999951,2.0,1.8823077999986708,,,,19.0,Male,Right handed,Corrected to normal
sub123_AB,AB,11.0,frames/Vid11_EM_T.png,frames/Vid11_L.png,r,1.0,4.701992500000415,5.0,1.1976991999999882,,,,19.0,Male,Right handed,Corrected to normal
sub123_AB,AB,12.0,frames/Vid12_EM_T.png,frames/Vid12_L.png,l,0.0,4.825093399998877,3.0,1.5316174999970826,,,,19.0,Male,Right handed,Corrected to normal
sub123_AB,AB,12.0,frames/Vid12_EM_T.png,frames/Vid12_L.png,l,1.0,3.312716200000068,5.0,0.728684699999576,,,,19.0,Male,Right handed,Corrected to normal
sub123_AB,AB,13.0,frames/Vid13_BB_T.png,frames/Vid13_L.png,l,0.0,4.988888200001384,2.0,1.3962274000004982,,,,19.0,Male,Right handed,Corrected to normal
sub123_AB,AB,13.0,frames/Vid13_BB_T.png,frames/Vid13_L.png,l,0.0,4.86440279999988,5.0,3.0801940000001196,,,,19.0,Male,Right handed,Corrected to normal
sub123_AB,AB,14.0,frames/Vid14_BB_T.png,frames/Vid14_L.png,r,1.0,4.308195300000079,2.0,1.6464286000009452,,,,19.0,Male,Right handed,Corrected to normal
sub123_AB,AB,14.0,frames/Vid14_BB_T.png,frames/Vid14_L.png,l,1.0,4.64590169999974,5.0,1.793712599999708,,,,19.0,Male,Right handed,Corrected to normal
sub123_AB,AB,15.0,frames/Vid15_BB_T.png,frames/Vid15_L.png,l,1.0,7.030327799999213,1.0,1.798062600002595,,,,19.0,Male,Right handed,Corrected to normal
sub123_AB,AB,15.0,frames/Vid15_BB_T.png,frames/Vid15_L.png,l,0.0,7.493598299999576,5.0,0.9979594999986148,,,,19.0,Male,Right handed,Corrected to normal
sub123_AB,AB,16.0,frames/Vid16_EM_T.png,frames/Vid16_L.png,r,1.0,6.833799500000168,4.0,0.9309215000030236,,,,19.0,Male,Right handed,Corrected to normal
sub123_AB,AB,16.0,frames/Vid16_EM_T.png,frames/Vid16_L.png,l,1.0,3.7873026999986905,5.0,2.2644739000006666,,,,19.0,Male,Right handed,Corrected to normal
sub123_AB,AB,17.0,frames/Vid17_BB_T.png,frames/Vid17_L.png,l,0.0,5.199822200000199,4.0,1.864500300001964,,,,19.0,Male,Right handed,Corrected to normal
sub123_AB,AB,17.0,frames/Vid17_BB_T.png,frames/Vid17_L.png,l,0.0,4.294948400000067,5.0,0.9822705000005952,,,,19.0,Male,Right handed,Corrected to normal
sub123_AB,AB,18.0,frames/Vid18_EM_T.png,frames/Vid18_L.png,r,1.0,3.6959467999986377,3.0,1.597098400001414,,,,19.0,Male,Right handed,Corrected to normal
sub123_AB,AB,18.0,frames/Vid18_EM_T.png,frames/Vid18_L.png,r,1.0,9.224886699999844,1.0,1.4154225000002043,,,,19.0,Male,Right handed,Corrected to normal
sub123_AB,AB,19.0,frames/Vid19_BB_T.png,frames/Vid19_L.png,l,1.0,3.8823271000001114,1.0,1.631339299998217,,,,19.0,Male,Right handed,Corrected to normal
sub123_AB,AB,19.0,frames/Vid19_BB_T.png,frames/Vid19_L.png,l,0.0,3.392460500001107,5.0,0.9481477000008454,,,,19.0,Male,Right handed,Corrected to normal
sub123_AB,AB,20.0,frames/Vid20_EM_T.png,frames/Vid20_L.png,l,1.0,5.114742599998863,3.0,2.413827100001072,,,,19.0,Male,Right handed,Corrected to normal
sub123_AB,AB,20.0,frames/Vid20_EM_T.png,frames/Vid20_L.png,l,1.0,4.526099799999429,5.0,1.6825158999999985,,,,19.0,Male,Right handed,Corrected to normal
sub123_AB,AB,21.0,frames/Vid21_BB_T.png,frames/Vid21_L.png,r,1.0,4.1646303000015905,5.0,1.032485399999132,,,,19.0,Male,Right handed,Corrected to normal
sub123_AB,AB,21.0,frames/Vid21_BB_T.png,frames/Vid21_L.png,r,1.0,3.5765398999992613,5.0,1.3469185000012658,,,,19.0,Male,Right handed,Corrected to normal
sub123_AB,AB,22.0,frames/Vid22_EM_T.png,frames/Vid22_L.png,r,1.0,3.103211300000112,5.0,1.2309608999967168,,,,19.0,Male,Right handed,Corrected to normal
sub123_AB,AB,22.0,frames/Vid22_EM_T.png,frames/Vid22_L.png,l,1.0,3.631132099999377,5.0,0.998987599999964,,,,19.0,Male,Right handed,Corrected to normal
sub123_AB,AB,23.0,frames/Vid23_EM_T.png,frames/Vid23_L.png,l,1.0,2.4984398999986297,5.0,1.3311796999987564,,,,19.0,Male,Right handed,Corrected to normal
sub123_AB,AB,23.0,frames/Vid23_EM_T.png,frames/Vid23_L.png,r,1.0,2.813486799999737,5.0,1.097772699999041,,,,19.0,Male,Right handed,Corrected to normal
sub123_AB,AB,24.0,frames/Vid24_BB_T.png,frames/Vid24_L.png,l,1.0,3.10772260000158,5.0,1.5977068999964104,,,,19.0,Male,Right handed,Corrected to normal
sub123_AB,AB,24.0,frames/Vid24_BB_T.png,frames/Vid24_L.png,l,1.0,3.6190872000006498,5.0,0.6158185000003868,,,,19.0,Male,Right handed,Corrected to normal
sub123_AB,AB,25.0,frames/Vid25_BB_T.png,frames/Vid25_L.png,r,1.0,4.819339600002422,5.0,1.8975576999982875,,,,19.0,Male,Right handed,Corrected to normal
sub123_AB,AB,25.0,frames/Vid25_BB_T.png,frames/Vid25_L.png,l,1.0,2.0106673999998748,5.0,1.4969481999996788,,,,19.0,Male,Right handed,Corrected to normal
sub123_AB,AB,26.0,frames/Vid26_EM_T.png,frames/Vid26_L.png,r,1.0,2.485161700002209,5.0,0.6315945999995165,,,,19.0,Male,Right handed,Corrected to normal
sub123_AB,AB,26.0,frames/Vid26_EM_T.png,frames/Vid26_L.png,l,1.0,10.201263099999778,5.0,2.565780099999756,,,,19.0,Male,Right handed,Corrected to normal
sub123_AB,AB,27.0,frames/Vid27_BB_T.png,frames/Vid27_L.png,l,1.0,7.638869400001568,1.0,2.515311399998609,,,,19.0,Male,Right handed,Corrected to normal
sub123_AB,AB,27.0,frames/Vid27_BB_T.png,frames/Vid27_L.png,l,0.0,9.663247200000114,5.0,2.51496539999971,,,,19.0,Male,Right handed,Corrected to normal
sub123_AB,AB,28.0,frames/Vid28_EM_T.png,frames/Vid28_L.png,r,1.0,2.115512200001831,5.0,2.3971249999995052,,,,19.0,Male,Right handed,Corrected to normal
sub123_AB,AB,28.0,frames/Vid28_EM_T.png,frames/Vid28_L.png,l,1.0,2.187885000001188,5.0,1.3312972000003356,,,,19.0,Male,Right handed,Corrected to normal
sub123_AB,AB,29.0,frames/Vid29_BB_T.png,frames/Vid29_L.png,l,0.0,3.64047600000049,5.0,5.230367699998169,,,,19.0,Male,Right handed,Corrected to normal
sub123_AB,AB,29.0,frames/Vid29_BB_T.png,frames/Vid29_L.png,l,1.0,3.2684396999993623,3.0,1.7813133999989077,,,,19.0,Male,Right handed,Corrected to normal
sub123_AB,AB,30.0,frames/Vid30_EM_T.png,frames/Vid30_L.png,l,1.0,5.201453399997263,5.0,2.3139143000007607,,,,19.0,Male,Right handed,Corrected to normal
sub123_AB,AB,30.0,frames/Vid30_EM_T.png,frames/Vid30_L.png,l,1.0,3.7159510999990744,5.0,0.880047900000136,,,,19.0,Male,Right handed,Corrected to normal
sub123_AB,AB,31.0,frames/Vid31_EM_T.png,frames/Vid31_L.png,l,1.0,2.8965201000028173,5.0,1.4474229000006744,,,,19.0,Male,Right handed,Corrected to normal
sub123_AB,AB,31.0,frames/Vid31_EM_T.png,frames/Vid31_L.png,l,1.0,2.5909642999995413,4.0,1.0133058999999776,,,,19.0,Male,Right handed,Corrected to normal
sub123_AB,AB,32.0,frames/Vid32_EM_T.png,frames/Vid32_L.png,l,1.0,2.7273893999990833,5.0,2.0977823000030185,,,,19.0,Male,Right handed,Corrected to normal
sub123_AB,AB,32.0,frames/Vid32_EM_T.png,frames/Vid32_L.png,r,1.0,3.327314000000115,5.0,0.9156874999989668,,,,19.0,Male,Right handed,Corrected to normal
sub123_AB,AB,33.0,frames/Vid33_BB_T.png,frames/Vid33_L.png,r,0.0,4.408224200000404,4.0,1.6143952999991598,,,,19.0,Male,Right handed,Corrected to normal
sub123_AB,AB,33.0,frames/Vid33_BB_T.png,frames/Vid33_L.png,r,1.0,4.956735800000388,5.0,1.1652623999998468,,,,19.0,Male,Right handed,Corrected to normal
sub123_AB,AB,34.0,frames/Vid34_BB_T.png,frames/Vid34_L.png,r,1.0,15.005021600001784,2.0,1.831058600000688,,,,19.0,Male,Right handed,Corrected to normal
sub123_AB,AB,34.0,frames/Vid34_BB_T.png,frames/Vid34_L.png,r,1.0,4.21505789999901,5.0,1.5811161000001448,,,,19.0,Male,Right handed,Corrected to normal
sub123_AB,AB,35.0,frames/Vid35_EM_T.png,frames/Vid35_L.png,l,1.0,2.6043790000003355,5.0,0.8316714000029606,,,,19.0,Male,Right handed,Corrected to normal
sub123_AB,AB,35.0,frames/Vid35_EM_T.png,frames/Vid35_L.png,l,1.0,2.978068300000814,4.0,1.71281750000162,,,,19.0,Male,Right handed,Corrected to normal
sub123_AB,AB,36.0,frames/Vid36_BB_T.png,frames/Vid36_L.png,l,1.0,9.299895500000275,4.0,2.9491007999968133,,,,19.0,Male,Right handed,Corrected to normal
sub123_AB,AB,36.0,frames/Vid36_BB_T.png,frames/Vid36_L.png,r,1.0,8.051470900001732,5.0,8.547841300000073,,,,19.0,Male,Right handed,Corrected to normal
sub123_AB,AB,37.0,frames/Vid37_BB_T.png,frames/Vid37_L.png,r,1.0,2.1933682999988378,5.0,1.2811717000004137,,,,19.0,Male,Right handed,Corrected to normal
sub123_AB,AB,37.0,frames/Vid37_BB_T.png,frames/Vid37_L.png,r,1.0,2.544675400000415,5.0,1.3139289999999164,,,,19.0,Male,Right handed,Corrected to normal
sub123_AB,AB,38.0,frames/Vid38_EM_T.png,frames/Vid38_L.png,l,0.0,4.026806499998202,5.0,2.2649901999975555,,,,19.0,Male,Right handed,Corrected to normal
sub123_AB,AB,38.0,frames/Vid38_EM_T.png,frames/Vid38_L.png,l,0.0,12.237912000000506,1.0,2.4311402000003,,,,19.0,Male,Right handed,Corrected to normal
sub123_AB,AB,39.0,frames/Vid39_BB_T.png,frames/Vid39_L.png,l,1.0,4.263889099998778,5.0,1.3490003000006254,,,,19.0,Male,Right handed,Corrected to normal
sub123_AB,AB,39.0,frames/Vid39_BB_T.png,frames/Vid39_L.png,l,1.0,8.76090429999931,3.0,2.1304955999985395,,,,19.0,Male,Right handed,Corrected to normal
sub123_AB,AB,40.0,frames/Vid40_EM_T.png,frames/Vid40_L.png,r,1.0,3.5619381000033172,3.0,1.38059400000202,,,,19.0,Male,Right handed,Corrected to normal
sub123_AB,AB,40.0,frames/Vid40_EM_T.png,frames/Vid40_L.png,l,1.0,3.5673879999994824,5.0,1.4168707999997423,,,,19.0,Male,Right handed,Corrected to normal
sub124_AB,AB,1.0,frames/Vid1_EM_T.png,frames/Vid1_L.png,l,1.0,3.912582699998893,5.0,1.1323589000021457,,,,21.0,Female,Right handed,Corrected to normal
sub124_AB,AB,2.0,frames/Vid2_BB_T.png,frames/Vid2_L.png,r,1.0,4.150482800003374,5.0,1.648776900001394,,,,21.0,Female,Right handed,Corrected to normal
sub124_AB,AB,3.0,frames/Vid3_BB_T.png,frames/Vid3_L.png,r,1.0,4.018944200000988,5.0,0.8476020000016433,,,,21.0,Female,Right handed,Corrected to normal
sub124_AB,AB,4.0,frames/Vid4_EM_T.png,frames/Vid4_L.png,r,1.0,9.471813999996812,5.0,2.9145629000013287,,,,21.0,Female,Right handed,Corrected to normal
sub124_AB,AB,5.0,frames/Vid5_EM_T.png,frames/Vid5_L.png,l,0.0,9.867613399997936,5.0,2.0648968999994395,,,,21.0,Female,Right handed,Corrected to normal
sub124_AB,AB,6.0,frames/Vid6_BB_T.png,frames/Vid6_L.png,l,1.0,3.202081299998099,5.0,1.1971107999997912,,,,21.0,Female,Right handed,Corrected to normal
sub124_AB,AB,7.0,frames/Vid7_EM_T.png,frames/Vid7_L.png,l,1.0,7.257157300002291,4.0,1.531339900000603,,,,21.0,Female,Right handed,Corrected to normal
sub124_AB,AB,8.0,frames/Vid8_BB_T.png,frames/Vid8_L.png,l,1.0,6.47066790000099,5.0,0.9813027000018336,,,,21.0,Female,Right handed,Corrected to normal
sub124_AB,AB,9.0,frames/Vid9_EM_T.png,frames/Vid9_L.png,l,1.0,4.511006299999281,5.0,1.148681900001975,,,,21.0,Female,Right handed,Corrected to normal
sub124_AB,AB,10.0,frames/Vid10_BB_T.png,frames/Vid10_L.png,l,1.0,3.960326399999758,5.0,1.248596000001271,,,,21.0,Female,Right handed,Corrected to normal
sub124_AB,AB,11.0,frames/Vid11_EM_T.png,frames/Vid11_L.png,l,1.0,2.9826426999970863,5.0,1.6980926999967778,,,,21.0,Female,Right handed,Corrected to normal
sub124_AB,AB,12.0,frames/Vid12_EM_T.png,frames/Vid12_L.png,r,1.0,2.731432799999311,5.0,2.165265100000397,,,,21.0,Female,Right handed,Corrected to normal
sub124_AB,AB,13.0,frames/Vid13_BB_T.png,frames/Vid13_L.png,l,0.0,2.705841300001339,5.0,1.6971780999992916,,,,21.0,Female,Right handed,Corrected to normal
sub124_AB,AB,14.0,frames/Vid14_BB_T.png,frames/Vid14_L.png,l,1.0,6.160791700000118,4.0,1.0809974999974656,,,,21.0,Female,Right handed,Corrected to normal
sub124_AB,AB,15.0,frames/Vid15_BB_T.png,frames/Vid15_L.png,r,1.0,13.231521599998814,4.0,1.365815200002544,,,,21.0,Female,Right handed,Corrected to normal
sub124_AB,AB,16.0,frames/Vid16_EM_T.png,frames/Vid16_L.png,r,1.0,4.884552399998938,4.0,2.1653689999984636,,,,21.0,Female,Right handed,Corrected to normal
sub124_AB,AB,17.0,frames/Vid17_BB_T.png,frames/Vid17_L.png,r,1.0,5.255092600000353,5.0,0.9983400000019174,,,,21.0,Female,Right handed,Corrected to normal
sub124_AB,AB,18.0,frames/Vid18_EM_T.png,frames/Vid18_L.png,l,1.0,4.9884753999976965,5.0,1.948557100000471,,,,21.0,Female,Right handed,Corrected to normal
sub124_AB,AB,19.0,frames/Vid19_BB_T.png,frames/Vid19_L.png,l,1.0,5.781267700000171,5.0,6.331232699998509,,,,21.0,Female,Right handed,Corrected to normal
sub124_AB,AB,20.0,frames/Vid20_EM_T.png,frames/Vid20_L.png,l,1.0,3.4424398000010115,5.0,0.7141744000000472,,,,21.0,Female,Right handed,Corrected to normal
sub124_AB,AB,21.0,frames/Vid21_BB_T.png,frames/Vid21_L.png,r,1.0,6.275385299999471,5.0,1.2968216999979632,,,,21.0,Female,Right handed,Corrected to normal
sub124_AB,AB,22.0,frames/Vid22_EM_T.png,frames/Vid22_L.png,r,1.0,4.835510600001726,5.0,1.6151942999968014,,,,21.0,Female,Right handed,Corrected to normal
sub124_AB,AB,23.0,frames/Vid23_EM_T.png,frames/Vid23_L.png,l,1.0,8.366426900000079,5.0,1.263983799999551,,,,21.0,Female,Right handed,Corrected to normal
sub124_AB,AB,24.0,frames/Vid24_BB_T.png,frames/Vid24_L.png,l,1.0,3.8306269999993674,5.0,1.5306371999977273,,,,21.0,Female,Right handed,Corrected to normal
sub124_AB,AB,25.0,frames/Vid25_BB_T.png,frames/Vid25_L.png,r,0.0,10.00521309999749,4.0,1.331729900000937,,,,21.0,Female,Right handed,Corrected to normal
sub124_AB,AB,26.0,frames/Vid26_EM_T.png,frames/Vid26_L.png,r,1.0,6.3958297000026505,5.0,0.815823899996758,,,,21.0,Female,Right handed,Corrected to normal
sub124_AB,AB,27.0,frames/Vid27_BB_T.png,frames/Vid27_L.png,l,1.0,4.906536999998934,5.0,2.0648535000000265,,,,21.0,Female,Right handed,Corrected to normal
sub124_AB,AB,28.0,frames/Vid28_EM_T.png,frames/Vid28_L.png,r,1.0,3.0586581000025035,5.0,1.2641350999983842,,,,21.0,Female,Right handed,Corrected to normal
sub124_AB,AB,29.0,frames/Vid29_BB_T.png,frames/Vid29_L.png,l,1.0,8.774241099999927,5.0,1.68087309999828,,,,21.0,Female,Right handed,Corrected to normal
sub124_AB,AB,30.0,frames/Vid30_EM_T.png,frames/Vid30_L.png,r,1.0,3.658075300001656,5.0,0.6984338000002026,,,,21.0,Female,Right handed,Corrected to normal
sub124_AB,AB,31.0,frames/Vid31_EM_T.png,frames/Vid31_L.png,r,1.0,3.250993899997411,5.0,1.231458800000837,,,,21.0,Female,Right handed,Corrected to normal
sub124_AB,AB,32.0,frames/Vid32_EM_T.png,frames/Vid32_L.png,l,1.0,2.6847273000021232,5.0,1.7316772999984096,,,,21.0,Female,Right handed,Corrected to normal
sub124_AB,AB,33.0,frames/Vid33_BB_T.png,frames/Vid33_L.png,r,1.0,3.7768034000000625,5.0,1.1796982000014395,,,,21.0,Female,Right handed,Corrected to normal
sub124_AB,AB,34.0,frames/Vid34_BB_T.png,frames/Vid34_L.png,r,1.0,4.979456699998991,5.0,1.2452560999990965,,,,21.0,Female,Right handed,Corrected to normal
sub124_AB,AB,35.0,frames/Vid35_EM_T.png,frames/Vid35_L.png,r,1.0,4.901191799999651,5.0,1.7470229999998992,,,,21.0,Female,Right handed,Corrected to normal
sub124_AB,AB,36.0,frames/Vid36_BB_T.png,frames/Vid36_L.png,l,1.0,6.060173999998369,3.0,1.5313362999986566,,,,21.0,Female,Right handed,Corrected to normal
sub124_AB,AB,37.0,frames/Vid37_BB_T.png,frames/Vid37_L.png,r,1.0,3.43701190000138,5.0,0.9306741000000328,,,,21.0,Female,Right handed,Corrected to normal
sub124_AB,AB,38.0,frames/Vid38_EM_T.png,frames/Vid38_L.png,l,1.0,3.4739730000001146,5.0,1.0975976000008814,,,,21.0,Female,Right handed,Corrected to normal
sub124_AB,AB,39.0,frames/Vid39_BB_T.png,frames/Vid39_L.png,l,1.0,7.57010420000006,5.0,1.1651658000009777,,,,21.0,Female,Right handed,Corrected to normal
sub124_AB,AB,40.0,frames/Vid40_EM_T.png,frames/Vid40_L.png,l,1.0,4.142554199999722,5.0,1.448506900000211,,,,21.0,Female,Right handed,Corrected to normal
sub125_AB,AB,1.0,frames/Vid1_EM_T.png,frames/Vid1_L.png,l,1.0,5.765679000000091,5.0,1.78308769999785,,,,22.0,Female,Right handed,Normal
sub125_AB,AB,2.0,frames/Vid2_BB_T.png,frames/Vid2_L.png,r,0.0,2.1281884999989416,4.0,1.5648884000002,,,,22.0,Female,Right handed,Normal
sub125_AB,AB,3.0,frames/Vid3_BB_T.png,frames/Vid3_L.png,l,1.0,5.405709399998159,5.0,1.499255599999742,,,,22.0,Female,Right handed,Normal
sub125_AB,AB,4.0,frames/Vid4_EM_T.png,frames/Vid4_L.png,r,1.0,8.250074499999755,5.0,1.782385300000897,,,,22.0,Female,Right handed,Normal
sub125_AB,AB,5.0,frames/Vid5_EM_T.png,frames/Vid5_L.png,r,0.0,3.595433699996647,3.0,0.9476802999997744,,,,22.0,Female,Right handed,Normal
sub125_AB,AB,6.0,frames/Vid6_BB_T.png,frames/Vid6_L.png,r,1.0,10.893484300002456,5.0,7.682276499999716,,,,22.0,Female,Right handed,Normal
sub125_AB,AB,7.0,frames/Vid7_EM_T.png,frames/Vid7_L.png,l,0.0,7.817059099998005,3.0,2.0649289000029967,,,,22.0,Female,Right handed,Normal
sub125_AB,AB,8.0,frames/Vid8_BB_T.png,frames/Vid8_L.png,r,1.0,2.361776600002486,3.0,1.4976410000017495,,,,22.0,Female,Right handed,Normal
sub125_AB,AB,9.0,frames/Vid9_EM_T.png,frames/Vid9_L.png,r,0.0,6.2417389000002,3.0,1.8645131000012043,,,,22.0,Female,Right handed,Normal
sub125_AB,AB,10.0,frames/Vid10_BB_T.png,frames/Vid10_L.png,r,0.0,3.2753545999985363,2.0,1.04582339999979,,,,22.0,Female,Right handed,Normal
sub125_AB,AB,11.0,frames/Vid11_EM_T.png,frames/Vid11_L.png,l,1.0,5.454434500003117,4.0,1.099259599999641,,,,22.0,Female,Right handed,Normal
sub125_AB,AB,12.0,frames/Vid12_EM_T.png,frames/Vid12_L.png,l,1.0,2.9751562000019476,5.0,1.781536700000288,,,,22.0,Female,Right handed,Normal
sub125_AB,AB,13.0,frames/Vid13_BB_T.png,frames/Vid13_L.png,r,1.0,2.5999048999983643,3.0,1.7640486000018427,,,,22.0,Female,Right handed,Normal
sub125_AB,AB,14.0,frames/Vid14_BB_T.png,frames/Vid14_L.png,r,1.0,3.8085451000006287,4.0,1.6980927000004158,,,,22.0,Female,Right handed,Normal
sub125_AB,AB,15.0,frames/Vid15_BB_T.png,frames/Vid15_L.png,r,0.0,2.195273500001349,3.0,1.6140233000005535,,,,22.0,Female,Right handed,Normal
sub125_AB,AB,16.0,frames/Vid16_EM_T.png,frames/Vid16_L.png,l,1.0,4.855700900003285,3.0,2.9827239000005648,,,,22.0,Female,Right handed,Normal
sub125_AB,AB,17.0,frames/Vid17_BB_T.png,frames/Vid17_L.png,r,1.0,2.5087597999990976,2.0,0.9321316000023216,,,,22.0,Female,Right handed,Normal
sub125_AB,AB,18.0,frames/Vid18_EM_T.png,frames/Vid18_L.png,r,1.0,6.066845399996964,2.0,2.382285400002729,,,,22.0,Female,Right handed,Normal
sub125_AB,AB,19.0,frames/Vid19_BB_T.png,frames/Vid19_L.png,r,0.0,1.2312357000009797,2.0,0.6479298000012932,,,,22.0,Female,Right handed,Normal
sub125_AB,AB,20.0,frames/Vid20_EM_T.png,frames/Vid20_L.png,r,1.0,1.9552294999994049,5.0,0.9819645999996284,,,,22.0,Female,Right handed,Normal
sub125_AB,AB,21.0,frames/Vid21_BB_T.png,frames/Vid21_L.png,l,1.0,2.8613388999983727,5.0,1.398777999998856,,,,22.0,Female,Right handed,Normal
sub125_AB,AB,22.0,frames/Vid22_EM_T.png,frames/Vid22_L.png,r,1.0,1.4428097999989404,5.0,1.2451959999998508,,,,22.0,Female,Right handed,Normal
sub125_AB,AB,23.0,frames/Vid23_EM_T.png,frames/Vid23_L.png,r,1.0,1.805809399997088,3.0,1.6133193999994546,,,,22.0,Female,Right handed,Normal
sub125_AB,AB,24.0,frames/Vid24_BB_T.png,frames/Vid24_L.png,r,1.0,3.265960900000209,5.0,2.131936699999642,,,,22.0,Female,Right handed,Normal
sub125_AB,AB,25.0,frames/Vid25_BB_T.png,frames/Vid25_L.png,l,0.0,4.696637100001681,5.0,0.9470249000005424,,,,22.0,Female,Right handed,Normal
sub125_AB,AB,26.0,frames/Vid26_EM_T.png,frames/Vid26_L.png,r,0.0,3.348455200000899,1.0,7.830471799999941,,,,22.0,Female,Right handed,Normal
sub125_AB,AB,27.0,frames/Vid27_BB_T.png,frames/Vid27_L.png,r,1.0,1.863513899999816,2.0,0.5646658999976353,,,,22.0,Female,Right handed,Normal
sub125_AB,AB,28.0,frames/Vid28_EM_T.png,frames/Vid28_L.png,r,0.0,7.0326777000009315,3.0,1.6158806000021286,,,,22.0,Female,Right handed,Normal
sub125_AB,AB,29.0,frames/Vid29_BB_T.png,frames/Vid29_L.png,r,1.0,2.938952900000004,3.0,0.9640558999999485,,,,22.0,Female,Right handed,Normal
sub125_AB,AB,30.0,frames/Vid30_EM_T.png,frames/Vid30_L.png,r,1.0,6.974937499999214,5.0,1.464298900002177,,,,22.0,Female,Right handed,Normal
sub125_AB,AB,31.0,frames/Vid31_EM_T.png,frames/Vid31_L.png,r,1.0,3.1130284999999276,5.0,1.4294030999990357,,,,22.0,Female,Right handed,Normal
sub125_AB,AB,32.0,frames/Vid32_EM_T.png,frames/Vid32_L.png,r,1.0,3.2391021000003093,5.0,1.6627072999981465,,,,22.0,Female,Right handed,Normal
sub125_AB,AB,33.0,frames/Vid33_BB_T.png,frames/Vid33_L.png,r,1.0,6.827274700000999,5.0,1.9151938000031803,,,,22.0,Female,Right handed,Normal
sub125_AB,AB,34.0,frames/Vid34_BB_T.png,frames/Vid34_L.png,r,1.0,10.408615699998336,3.0,1.579809099999693,,,,22.0,Female,Right handed,Normal
sub125_AB,AB,35.0,frames/Vid35_EM_T.png,frames/Vid35_L.png,l,1.0,4.0334440000006,4.0,0.8476196000010532,,,,22.0,Female,Right handed,Normal
sub125_AB,AB,36.0,frames/Vid36_BB_T.png,frames/Vid36_L.png,r,0.0,2.5701544000003196,4.0,1.9461690000025555,,,,22.0,Female,Right handed,Normal
sub125_AB,AB,37.0,frames/Vid37_BB_T.png,frames/Vid37_L.png,r,1.0,2.731670599998324,5.0,1.5652902000001632,,,,22.0,Female,Right handed,Normal
sub125_AB,AB,38.0,frames/Vid38_EM_T.png,frames/Vid38_L.png,r,1.0,2.603170999998838,4.0,1.2152028000018618,,,,22.0,Female,Right handed,Normal
sub125_AB,AB,39.0,frames/Vid39_BB_T.png,frames/Vid39_L.png,r,1.0,9.67117750000034,3.0,2.0978909000004933,,,,22.0,Female,Right handed,Normal
sub125_AB,AB,40.0,frames/Vid40_EM_T.png,frames/Vid40_L.png,r,0.0,3.0840366000011272,3.0,1.564342699999543,,,,22.0,Female,Right handed,Normal
sub126_AB,AB,1.0,frames/Vid1_EM_T.png,frames/Vid1_L.png,l,1.0,3.613227199999528,5.0,2.3282134999972186,,,,23.0,Male,Right handed,Normal
sub126_AB,AB,2.0,frames/Vid2_BB_T.png,frames/Vid2_L.png,l,1.0,7.800798000000213,4.0,3.065043999999034,,,,23.0,Male,Right handed,Normal
sub126_AB,AB,3.0,frames/Vid3_BB_T.png,frames/Vid3_L.png,l,1.0,3.2199743000019225,5.0,1.5992308999993838,,,,23.0,Male,Right handed,Normal
sub126_AB,AB,4.0,frames/Vid4_EM_T.png,frames/Vid4_L.png,l,0.0,7.82946869999796,5.0,2.0483554000020376,,,,23.0,Male,Right handed,Normal
sub126_AB,AB,5.0,frames/Vid5_EM_T.png,frames/Vid5_L.png,r,0.0,6.7997662000016135,1.0,3.4650875000006636,,,,23.0,Male,Right handed,Normal
sub126_AB,AB,6.0,frames/Vid6_BB_T.png,frames/Vid6_L.png,r,1.0,6.459090399999695,5.0,2.3986928000012995,,,,23.0,Male,Right handed,Normal
sub126_AB,AB,7.0,frames/Vid7_EM_T.png,frames/Vid7_L.png,r,1.0,4.936036800001602,4.0,1.947795000000042,,,,23.0,Male,Right handed,Normal
sub126_AB,AB,8.0,frames/Vid8_BB_T.png,frames/Vid8_L.png,r,0.0,2.5717115000006743,3.0,3.980361699999776,,,,23.0,Male,Right handed,Normal
sub126_AB,AB,9.0,frames/Vid9_EM_T.png,frames/Vid9_L.png,l,1.0,5.885949300001812,5.0,2.280971199998021,,,,23.0,Male,Right handed,Normal
sub126_AB,AB,10.0,frames/Vid10_BB_T.png,frames/Vid10_L.png,r,1.0,5.653705699998682,4.0,1.6814725000003818,,,,23.0,Male,Right handed,Normal
sub126_AB,AB,11.0,frames/Vid11_EM_T.png,frames/Vid11_L.png,l,1.0,2.707130099999631,5.0,2.0136617999996815,,,,23.0,Male,Right handed,Normal
sub126_AB,AB,12.0,frames/Vid12_EM_T.png,frames/Vid12_L.png,r,1.0,3.628855999999359,5.0,1.5476069999967876,,,,23.0,Male,Right handed,Normal
sub126_AB,AB,13.0,frames/Vid13_BB_T.png,frames/Vid13_L.png,r,1.0,4.158343899998727,4.0,2.148823199997423,,,,23.0,Male,Right handed,Normal
sub126_AB,AB,14.0,frames/Vid14_BB_T.png,frames/Vid14_L.png,l,1.0,3.2007585000028485,5.0,3.131905800000822,,,,23.0,Male,Right handed,Normal
sub126_AB,AB,15.0,frames/Vid15_BB_T.png,frames/Vid15_L.png,r,1.0,7.027381100000639,3.0,1.7150908000003255,,,,23.0,Male,Right handed,Normal
sub126_AB,AB,16.0,frames/Vid16_EM_T.png,frames/Vid16_L.png,r,1.0,11.5550058000008,1.0,1.6835834000012255,,,,23.0,Male,Right handed,Normal
sub126_AB,AB,17.0,frames/Vid17_BB_T.png,frames/Vid17_L.png,l,1.0,3.4013884000014514,5.0,2.1980040000016743,,,,23.0,Male,Right handed,Normal
sub126_AB,AB,18.0,frames/Vid18_EM_T.png,frames/Vid18_L.png,l,1.0,5.02110040000116,5.0,3.2663238999994064,,,,23.0,Male,Right handed,Normal
sub126_AB,AB,19.0,frames/Vid19_BB_T.png,frames/Vid19_L.png,l,1.0,5.155927600000723,1.0,2.5315104000001156,,,,23.0,Male,Right handed,Normal
sub126_AB,AB,20.0,frames/Vid20_EM_T.png,frames/Vid20_L.png,l,1.0,3.129260499998054,5.0,2.3647034999994503,,,,23.0,Male,Right handed,Normal
sub126_AB,AB,21.0,frames/Vid21_BB_T.png,frames/Vid21_L.png,r,1.0,8.348044700000173,3.0,1.996684900001128,,,,23.0,Male,Right handed,Normal
sub126_AB,AB,22.0,frames/Vid22_EM_T.png,frames/Vid22_L.png,l,1.0,6.00272639999821,4.0,1.982131799999479,,,,23.0,Male,Right handed,Normal
sub126_AB,AB,23.0,frames/Vid23_EM_T.png,frames/Vid23_L.png,r,1.0,3.90634670000145,3.0,1.896012500001234,,,,23.0,Male,Right handed,Normal
sub126_AB,AB,24.0,frames/Vid24_BB_T.png,frames/Vid24_L.png,l,1.0,4.391558700001042,5.0,1.9313313999991808,,,,23.0,Male,Right handed,Normal
sub126_AB,AB,25.0,frames/Vid25_BB_T.png,frames/Vid25_L.png,l,1.0,4.390143099997658,5.0,1.7814776999985042,,,,23.0,Male,Right handed,Normal
sub126_AB,AB,26.0,frames/Vid26_EM_T.png,frames/Vid26_L.png,l,0.0,11.783547300001374,3.0,2.0315381000000343,,,,23.0,Male,Right handed,Normal
sub126_AB,AB,27.0,frames/Vid27_BB_T.png,frames/Vid27_L.png,r,1.0,7.479429099999834,5.0,2.331401999999798,,,,23.0,Male,Right handed,Normal
sub126_AB,AB,28.0,frames/Vid28_EM_T.png,frames/Vid28_L.png,l,1.0,2.5518555999988166,5.0,2.4135381000014604,,,,23.0,Male,Right handed,Normal
sub126_AB,AB,29.0,frames/Vid29_BB_T.png,frames/Vid29_L.png,l,0.0,5.746616300002643,2.0,2.531045700001414,,,,23.0,Male,Right handed,Normal
sub126_AB,AB,30.0,frames/Vid30_EM_T.png,frames/Vid30_L.png,l,1.0,4.660232700000051,5.0,2.5982259000011254,,,,23.0,Male,Right handed,Normal
sub126_AB,AB,31.0,frames/Vid31_EM_T.png,frames/Vid31_L.png,r,1.0,3.2108286999973643,5.0,3.280975199999375,,,,23.0,Male,Right handed,Normal
sub126_AB,AB,32.0,frames/Vid32_EM_T.png,frames/Vid32_L.png,l,1.0,2.7090840000018943,5.0,1.6811168000022008,,,,23.0,Male,Right handed,Normal
sub126_AB,AB,33.0,frames/Vid33_BB_T.png,frames/Vid33_L.png,l,1.0,3.530307199998788,5.0,1.9481840999978888,,,,23.0,Male,Right handed,Normal
sub126_AB,AB,34.0,frames/Vid34_BB_T.png,frames/Vid34_L.png,l,1.0,5.33127389999936,5.0,1.6301684999998542,,,,23.0,Male,Right handed,Normal
sub126_AB,AB,35.0,frames/Vid35_EM_T.png,frames/Vid35_L.png,l,1.0,3.248702000000776,5.0,1.728748400000768,,,,23.0,Male,Right handed,Normal
sub126_AB,AB,36.0,frames/Vid36_BB_T.png,frames/Vid36_L.png,l,0.0,4.465907199999492,3.0,1.981227399999625,,,,23.0,Male,Right handed,Normal
sub126_AB,AB,37.0,frames/Vid37_BB_T.png,frames/Vid37_L.png,r,1.0,4.346304800001235,5.0,10.598878599997988,,,,23.0,Male,Right handed,Normal
sub126_AB,AB,38.0,frames/Vid38_EM_T.png,frames/Vid38_L.png,l,0.0,10.12275900000168,1.0,2.763322700000572,,,,23.0,Male,Right handed,Normal
sub126_AB,AB,39.0,frames/Vid39_BB_T.png,frames/Vid39_L.png,l,1.0,2.497944999999163,5.0,1.6974467000000004,,,,23.0,Male,Right handed,Normal
sub126_AB,AB,40.0,frames/Vid40_EM_T.png,frames/Vid40_L.png,l,1.0,4.66433120000147,5.0,2.0280806999980996,,,,23.0,Male,Right handed,Normal
sub127_AB,AB,1.0,frames/Vid1_EM_T.png,frames/Vid1_L.png,l,1.0,2.863245000000461,4.0,0.966725200007204,,,,20.0,Female,Right handed,Corrected to normal
sub127_AB,AB,1.0,frames/Vid1_EM_T.png,frames/Vid1_L.png,l,1.0,2.855154400000174,5.0,1.5978011000006518,,,,20.0,Female,Right handed,Corrected to normal
sub127_AB,AB,2.0,frames/Vid2_BB_T.png,frames/Vid2_L.png,r,1.0,4.791408000004594,4.0,1.149084300006507,,,,20.0,Female,Right handed,Corrected to normal
sub127_AB,AB,2.0,frames/Vid2_BB_T.png,frames/Vid2_L.png,r,1.0,3.412058000001707,5.0,1.3472940000028757,,,,20.0,Female,Right handed,Corrected to normal
sub127_AB,AB,3.0,frames/Vid3_BB_T.png,frames/Vid3_L.png,r,1.0,2.9883386000001337,4.0,0.6296156999887899,,,,20.0,Female,Right handed,Corrected to normal
sub127_AB,AB,3.0,frames/Vid3_BB_T.png,frames/Vid3_L.png,l,1.0,2.92811200000142,5.0,1.9485486000012315,,,,20.0,Female,Right handed,Corrected to normal
sub127_AB,AB,4.0,frames/Vid4_EM_T.png,frames/Vid4_L.png,l,1.0,3.4989292999962345,4.0,0.7985263000009581,,,,20.0,Female,Right handed,Corrected to normal
sub127_AB,AB,4.0,frames/Vid4_EM_T.png,frames/Vid4_L.png,l,0.0,7.862620799998695,3.0,1.7317126999987522,,,,20.0,Female,Right handed,Corrected to normal
sub127_AB,AB,5.0,frames/Vid5_EM_T.png,frames/Vid5_L.png,l,1.0,5.584721599996556,4.0,0.5802977999992436,,,,20.0,Female,Right handed,Corrected to normal
sub127_AB,AB,5.0,frames/Vid5_EM_T.png,frames/Vid5_L.png,r,1.0,4.96477589999995,3.0,2.7155087999999523,,,,20.0,Female,Right handed,Corrected to normal
sub127_AB,AB,6.0,frames/Vid6_BB_T.png,frames/Vid6_L.png,r,1.0,3.769375999996555,4.0,0.8311572999955388,,,,20.0,Female,Right handed,Corrected to normal
sub127_AB,AB,6.0,frames/Vid6_BB_T.png,frames/Vid6_L.png,l,1.0,3.5063255999994,5.0,1.6988154999999097,,,,20.0,Female,Right handed,Corrected to normal
sub127_AB,AB,7.0,frames/Vid7_EM_T.png,frames/Vid7_L.png,r,1.0,3.2358314000011887,4.0,1.648687399996561,,,,20.0,Female,Right handed,Corrected to normal
sub127_AB,AB,7.0,frames/Vid7_EM_T.png,frames/Vid7_L.png,l,1.0,6.956126299999596,5.0,1.749145400000998,,,,20.0,Female,Right handed,Corrected to normal
sub127_AB,AB,8.0,frames/Vid8_BB_T.png,frames/Vid8_L.png,r,1.0,9.092749899995397,4.0,1.1149046000064118,,,,20.0,Female,Right handed,Corrected to normal
sub127_AB,AB,8.0,frames/Vid8_BB_T.png,frames/Vid8_L.png,r,1.0,3.9241403999985778,5.0,2.2295577000004414,,,,20.0,Female,Right handed,Corrected to normal
sub127_AB,AB,9.0,frames/Vid9_EM_T.png,frames/Vid9_L.png,r,1.0,2.5950668000004953,4.0,0.596274399998947,,,,20.0,Female,Right handed,Corrected to normal
sub127_AB,AB,9.0,frames/Vid9_EM_T.png,frames/Vid9_L.png,r,1.0,3.0368974000011804,5.0,1.9469231000002765,,,,20.0,Female,Right handed,Corrected to normal
sub127_AB,AB,10.0,frames/Vid10_BB_T.png,frames/Vid10_L.png,r,1.0,2.4935659999900963,4.0,0.6448976999963634,,,,20.0,Female,Right handed,Corrected to normal
sub127_AB,AB,10.0,frames/Vid10_BB_T.png,frames/Vid10_L.png,l,1.0,3.3181644000032975,4.0,2.064702400002716,,,,20.0,Female,Right handed,Corrected to normal
sub127_AB,AB,11.0,frames/Vid11_EM_T.png,frames/Vid11_L.png,r,1.0,3.686034700003802,4.0,1.584230699998443,,,,20.0,Female,Right handed,Corrected to normal
sub127_AB,AB,11.0,frames/Vid11_EM_T.png,frames/Vid11_L.png,l,1.0,2.7202214999997523,5.0,1.615545299999212,,,,20.0,Female,Right handed,Corrected to normal
sub127_AB,AB,12.0,frames/Vid12_EM_T.png,frames/Vid12_L.png,r,1.0,2.784386399987852,4.0,0.9644150999956764,,,,20.0,Female,Right handed,Corrected to normal
sub127_AB,AB,12.0,frames/Vid12_EM_T.png,frames/Vid12_L.png,r,1.0,2.6950743999987026,5.0,1.2835353999980723,,,,20.0,Female,Right handed,Corrected to normal
sub127_AB,AB,13.0,frames/Vid13_BB_T.png,frames/Vid13_L.png,r,1.0,3.724520100004156,4.0,1.1991344999987632,,,,20.0,Female,Right handed,Corrected to normal
sub127_AB,AB,13.0,frames/Vid13_BB_T.png,frames/Vid13_L.png,l,0.0,4.336894399999437,4.0,6.314751499998238,,,,20.0,Female,Right handed,Corrected to normal
sub127_AB,AB,14.0,frames/Vid14_BB_T.png,frames/Vid14_L.png,r,1.0,2.811687300010817,4.0,1.2138737999921432,,,,20.0,Female,Right handed,Corrected to normal
sub127_AB,AB,14.0,frames/Vid14_BB_T.png,frames/Vid14_L.png,r,1.0,10.8205655999991,2.0,2.9826687999993737,,,,20.0,Female,Right handed,Corrected to normal
sub127_AB,AB,15.0,frames/Vid15_BB_T.png,frames/Vid15_L.png,r,1.0,2.3501593000110006,4.0,0.5812645999976667,,,,20.0,Female,Right handed,Corrected to normal
sub127_AB,AB,15.0,frames/Vid15_BB_T.png,frames/Vid15_L.png,r,1.0,2.6455143999992288,5.0,1.1316772999998648,,,,20.0,Female,Right handed,Corrected to normal
sub127_AB,AB,16.0,frames/Vid16_EM_T.png,frames/Vid16_L.png,r,1.0,3.314243600005284,4.0,0.6797870000009425,,,,20.0,Female,Right handed,Corrected to normal
sub127_AB,AB,16.0,frames/Vid16_EM_T.png,frames/Vid16_L.png,r,1.0,5.581285399999615,3.0,1.4474244000011822,,,,20.0,Female,Right handed,Corrected to normal
sub127_AB,AB,17.0,frames/Vid17_BB_T.png,frames/Vid17_L.png,l,0.0,3.4843364999978803,4.0,0.6125471999985166,,,,20.0,Female,Right handed,Corrected to normal
sub127_AB,AB,17.0,frames/Vid17_BB_T.png,frames/Vid17_L.png,l,0.0,6.17566799999986,2.0,3.7660767999987,,,,20.0,Female,Right handed,Corrected to normal
sub127_AB,AB,18.0,frames/Vid18_EM_T.png,frames/Vid18_L.png,l,1.0,2.6785365999967325,4.0,0.5986325999983819,,,,20.0,Female,Right handed,Corrected to normal
sub127_AB,AB,18.0,frames/Vid18_EM_T.png,frames/Vid18_L.png,l,1.0,2.453450700002577,5.0,1.816301900002145,,,,20.0,Female,Right handed,Corrected to normal
sub127_AB,AB,19.0,frames/Vid19_BB_T.png,frames/Vid19_L.png,l,1.0,3.383350400006748,4.0,1.0136698999995133,,,,20.0,Female,Right handed,Corrected to normal
sub127_AB,AB,19.0,frames/Vid19_BB_T.png,frames/Vid19_L.png,l,1.0,2.6889374000020325,4.0,2.0160901000017475,,,,20.0,Female,Right handed,Corrected to normal
sub127_AB,AB,20.0,frames/Vid20_EM_T.png,frames/Vid20_L.png,l,1.0,2.2964788999961456,4.0,0.5302383000089321,,,,20.0,Female,Right handed,Corrected to normal
sub127_AB,AB,20.0,frames/Vid20_EM_T.png,frames/Vid20_L.png,l,1.0,2.231611100000009,5.0,1.4983326000001398,,,,20.0,Female,Right handed,Corrected to normal
sub127_AB,AB,21.0,frames/Vid21_BB_T.png,frames/Vid21_L.png,l,1.0,3.8978873000014578,4.0,1.2975310000038007,,,,20.0,Female,Right handed,Corrected to normal
sub127_AB,AB,21.0,frames/Vid21_BB_T.png,frames/Vid21_L.png,l,1.0,3.084292600000481,5.0,1.7479244000023757,,,,20.0,Female,Right handed,Corrected to normal
sub127_AB,AB,22.0,frames/Vid22_EM_T.png,frames/Vid22_L.png,r,1.0,2.387348499993095,4.0,0.7827885000006063,,,,20.0,Female,Right handed,Corrected to normal
sub127_AB,AB,22.0,frames/Vid22_EM_T.png,frames/Vid22_L.png,l,1.0,2.3309545000010985,5.0,1.7156458999997994,,,,20.0,Female,Right handed,Corrected to normal
sub127_AB,AB,23.0,frames/Vid23_EM_T.png,frames/Vid23_L.png,r,1.0,1.816343099999358,4.0,0.9822012999939034,,,,20.0,Female,Right handed,Corrected to normal
sub127_AB,AB,23.0,frames/Vid23_EM_T.png,frames/Vid23_L.png,r,1.0,1.9924568999995245,5.0,0.9985186999983852,,,,20.0,Female,Right handed,Corrected to normal
sub127_AB,AB,24.0,frames/Vid24_BB_T.png,frames/Vid24_L.png,l,1.0,4.689775200007716,4.0,1.2317837000009604,,,,20.0,Female,Right handed,Corrected to normal
sub127_AB,AB,24.0,frames/Vid24_BB_T.png,frames/Vid24_L.png,l,1.0,2.4432554000013624,5.0,2.3973849000030896,,,,20.0,Female,Right handed,Corrected to normal
sub127_AB,AB,25.0,frames/Vid25_BB_T.png,frames/Vid25_L.png,r,1.0,1.7913640000042506,4.0,0.4979833999968832,,,,20.0,Female,Right handed,Corrected to normal
sub127_AB,AB,25.0,frames/Vid25_BB_T.png,frames/Vid25_L.png,l,1.0,3.777185200000531,5.0,1.6153420000009646,,,,20.0,Female,Right handed,Corrected to normal
sub127_AB,AB,26.0,frames/Vid26_EM_T.png,frames/Vid26_L.png,l,1.0,4.066441699993447,4.0,0.8978178999968804,,,,20.0,Female,Right handed,Corrected to normal
sub127_AB,AB,26.0,frames/Vid26_EM_T.png,frames/Vid26_L.png,r,0.0,3.4915188000013586,3.0,4.3482105000002775,,,,20.0,Female,Right handed,Corrected to normal
sub127_AB,AB,27.0,frames/Vid27_BB_T.png,frames/Vid27_L.png,r,1.0,2.936674600001425,4.0,0.9643874000030336,,,,20.0,Female,Right handed,Corrected to normal
sub127_AB,AB,27.0,frames/Vid27_BB_T.png,frames/Vid27_L.png,l,1.0,4.0137190999994345,5.0,2.015897799999948,,,,20.0,Female,Right handed,Corrected to normal
sub127_AB,AB,28.0,frames/Vid28_EM_T.png,frames/Vid28_L.png,r,1.0,2.403927699997439,4.0,0.5481662999955006,,,,20.0,Female,Right handed,Corrected to normal
sub127_AB,AB,28.0,frames/Vid28_EM_T.png,frames/Vid28_L.png,l,1.0,2.132605299997522,5.0,2.0309025999995356,,,,20.0,Female,Right handed,Corrected to normal
sub127_AB,AB,29.0,frames/Vid29_BB_T.png,frames/Vid29_L.png,l,1.0,2.585855299999821,4.0,0.9146371999959227,,,,20.0,Female,Right handed,Corrected to normal
sub127_AB,AB,29.0,frames/Vid29_BB_T.png,frames/Vid29_L.png,l,1.0,2.688543899999786,5.0,1.2813373999997566,,,,20.0,Female,Right handed,Corrected to normal
sub127_AB,AB,30.0,frames/Vid30_EM_T.png,frames/Vid30_L.png,r,1.0,2.4637373000005027,4.0,0.530997900001239,,,,20.0,Female,Right handed,Corrected to normal
sub127_AB,AB,30.0,frames/Vid30_EM_T.png,frames/Vid30_L.png,r,1.0,5.583226700000523,4.0,2.58047930000248,,,,20.0,Female,Right handed,Corrected to normal
sub127_AB,AB,31.0,frames/Vid31_EM_T.png,frames/Vid31_L.png,r,1.0,3.852998699992895,4.0,0.5479150000028312,,,,20.0,Female,Right handed,Corrected to normal
sub127_AB,AB,31.0,frames/Vid31_EM_T.png,frames/Vid31_L.png,r,1.0,1.9576343999979144,5.0,1.382380800001556,,,,20.0,Female,Right handed,Corrected to normal
sub127_AB,AB,32.0,frames/Vid32_EM_T.png,frames/Vid32_L.png,l,1.0,2.3344867000123486,4.0,0.5476217000104953,,,,20.0,Female,Right handed,Corrected to normal
sub127_AB,AB,32.0,frames/Vid32_EM_T.png,frames/Vid32_L.png,r,1.0,2.4787111000005098,5.0,1.928346300002886,,,,20.0,Female,Right handed,Corrected to normal
sub127_AB,AB,33.0,frames/Vid33_BB_T.png,frames/Vid33_L.png,r,1.0,3.015585600005579,5.0,1.164924200013047,,,,20.0,Female,Right handed,Corrected to normal
sub127_AB,AB,33.0,frames/Vid33_BB_T.png,frames/Vid33_L.png,r,1.0,2.810910899999726,5.0,1.5640147999984038,,,,20.0,Female,Right handed,Corrected to normal
sub127_AB,AB,34.0,frames/Vid34_BB_T.png,frames/Vid34_L.png,l,1.0,7.855127500006347,4.0,9.68119139999908,,,,20.0,Female,Right handed,Corrected to normal
sub127_AB,AB,34.0,frames/Vid34_BB_T.png,frames/Vid34_L.png,l,1.0,3.758545000000595,4.0,2.3311734999988403,,,,20.0,Female,Right handed,Corrected to normal
sub127_AB,AB,35.0,frames/Vid35_EM_T.png,frames/Vid35_L.png,r,1.0,2.863322100005462,4.0,0.8639320000074804,,,,20.0,Female,Right handed,Corrected to normal
sub127_AB,AB,35.0,frames/Vid35_EM_T.png,frames/Vid35_L.png,r,1.0,3.1864450000030047,5.0,1.865014399998472,,,,20.0,Female,Right handed,Corrected to normal
sub127_AB,AB,36.0,frames/Vid36_BB_T.png,frames/Vid36_L.png,r,0.0,4.3507174999977,4.0,0.5634014000097523,,,,20.0,Female,Right handed,Corrected to normal
sub127_AB,AB,36.0,frames/Vid36_BB_T.png,frames/Vid36_L.png,l,1.0,3.1948417000021436,5.0,1.7818452999999863,,,,20.0,Female,Right handed,Corrected to normal
sub127_AB,AB,37.0,frames/Vid37_BB_T.png,frames/Vid37_L.png,r,1.0,2.2985867999959737,4.0,0.8500017000042135,,,,20.0,Female,Right handed,Corrected to normal
sub127_AB,AB,37.0,frames/Vid37_BB_T.png,frames/Vid37_L.png,r,1.0,3.457501599998068,5.0,2.2632092000021657,,,,20.0,Female,Right handed,Corrected to normal
sub127_AB,AB,38.0,frames/Vid38_EM_T.png,frames/Vid38_L.png,l,1.0,6.870200399993337,4.0,1.596849999987171,,,,20.0,Female,Right handed,Corrected to normal
sub127_AB,AB,38.0,frames/Vid38_EM_T.png,frames/Vid38_L.png,r,1.0,4.867776399998547,3.0,2.4634365999991132,,,,20.0,Female,Right handed,Corrected to normal
sub127_AB,AB,39.0,frames/Vid39_BB_T.png,frames/Vid39_L.png,l,1.0,5.393751099996734,4.0,1.382268200002727,,,,20.0,Female,Right handed,Corrected to normal
sub127_AB,AB,39.0,frames/Vid39_BB_T.png,frames/Vid39_L.png,r,0.0,17.42589880000014,3.0,1.265767599998071,,,,20.0,Female,Right handed,Corrected to normal
sub127_AB,AB,40.0,frames/Vid40_EM_T.png,frames/Vid40_L.png,l,1.0,2.9410405999951763,4.0,1.4299753999948734,,,,20.0,Female,Right handed,Corrected to normal
sub127_AB,AB,40.0,frames/Vid40_EM_T.png,frames/Vid40_L.png,r,1.0,4.880166599999939,5.0,1.5314510999996855,,,,20.0,Female,Right handed,Corrected to normal
sub129_AB,AB,1.0,frames/Vid1_EM_T.png,frames/Vid1_L.png,l,1.0,8.655071700006374,5.0,1.3654879999958212,,,,22.0,Male,Right handed,Normal
sub129_AB,AB,1.0,frames/Vid1_EM_T.png,frames/Vid1_L.png,l,0.0,11.307741900003748,4.0,1.2317352000100072,,,,22.0,Male,Right handed,Normal
sub129_AB,AB,2.0,frames/Vid2_BB_T.png,frames/Vid2_L.png,l,1.0,5.443697900002007,4.0,2.299435499997344,,,,22.0,Male,Right handed,Normal
sub129_AB,AB,2.0,frames/Vid2_BB_T.png,frames/Vid2_L.png,r,1.0,4.337456400011433,5.0,1.0641044999938458,,,,22.0,Male,Right handed,Normal
sub129_AB,AB,3.0,frames/Vid3_BB_T.png,frames/Vid3_L.png,l,1.0,5.790874700003769,5.0,1.1483315999939805,,,,22.0,Male,Right handed,Normal
sub129_AB,AB,3.0,frames/Vid3_BB_T.png,frames/Vid3_L.png,r,1.0,3.634390499995789,5.0,1.0803338999976404,,,,22.0,Male,Right handed,Normal
sub129_AB,AB,4.0,frames/Vid4_EM_T.png,frames/Vid4_L.png,r,1.0,7.072992500005057,3.0,2.847886900010053,,,,22.0,Male,Right handed,Normal
sub129_AB,AB,4.0,frames/Vid4_EM_T.png,frames/Vid4_L.png,r,0.0,5.335142700001597,5.0,1.04772960000264,,,,22.0,Male,Right handed,Normal
sub129_AB,AB,5.0,frames/Vid5_EM_T.png,frames/Vid5_L.png,r,0.0,3.4239674000127707,2.0,1.0814201000030152,,,,22.0,Male,Right handed,Normal
sub129_AB,AB,5.0,frames/Vid5_EM_T.png,frames/Vid5_L.png,l,1.0,3.3853011000028346,4.0,0.9327319000003628,,,,22.0,Male,Right handed,Normal
sub129_AB,AB,6.0,frames/Vid6_BB_T.png,frames/Vid6_L.png,l,1.0,3.31078850000631,5.0,2.0981235000072047,,,,22.0,Male,Right handed,Normal
sub129_AB,AB,6.0,frames/Vid6_BB_T.png,frames/Vid6_L.png,l,1.0,7.57664859999204,5.0,4.0646167999948375,,,,22.0,Male,Right handed,Normal
sub129_AB,AB,7.0,frames/Vid7_EM_T.png,frames/Vid7_L.png,r,1.0,5.238618499992299,5.0,1.4979615000047488,,,,22.0,Male,Right handed,Normal
sub129_AB,AB,7.0,frames/Vid7_EM_T.png,frames/Vid7_L.png,r,1.0,3.5323707000061404,5.0,1.3164331000007223,,,,22.0,Male,Right handed,Normal
sub129_AB,AB,8.0,frames/Vid8_BB_T.png,frames/Vid8_L.png,r,1.0,3.96592149999924,5.0,1.1299771000049077,,,,22.0,Male,Right handed,Normal
sub129_AB,AB,8.0,frames/Vid8_BB_T.png,frames/Vid8_L.png,r,1.0,8.612693200004287,3.0,2.780195899991668,,,,22.0,Male,Right handed,Normal
sub129_AB,AB,9.0,frames/Vid9_EM_T.png,frames/Vid9_L.png,l,1.0,5.322039000006043,4.0,0.8642420999967726,,,,22.0,Male,Right handed,Normal
sub129_AB,AB,9.0,frames/Vid9_EM_T.png,frames/Vid9_L.png,r,1.0,2.754234899999574,5.0,0.9485028000053716,,,,22.0,Male,Right handed,Normal
sub129_AB,AB,10.0,frames/Vid10_BB_T.png,frames/Vid10_L.png,l,1.0,4.708340900004259,3.0,1.446820900004241,,,,22.0,Male,Right handed,Normal
sub129_AB,AB,10.0,frames/Vid10_BB_T.png,frames/Vid10_L.png,l,1.0,5.766566799997236,4.0,1.41436930000782,,,,22.0,Male,Right handed,Normal
sub129_AB,AB,11.0,frames/Vid11_EM_T.png,frames/Vid11_L.png,l,0.0,4.16100560000632,5.0,1.5973421999951825,,,,22.0,Male,Right handed,Normal
sub129_AB,AB,11.0,frames/Vid11_EM_T.png,frames/Vid11_L.png,l,1.0,2.5188178999960655,5.0,0.9832805000041844,,,,22.0,Male,Right handed,Normal
sub129_AB,AB,12.0,frames/Vid12_EM_T.png,frames/Vid12_L.png,l,1.0,3.481946899992181,5.0,1.331848000001628,,,,22.0,Male,Right handed,Normal
sub129_AB,AB,12.0,frames/Vid12_EM_T.png,frames/Vid12_L.png,r,1.0,4.689313199996832,4.0,1.1990488000010373,,,,22.0,Male,Right handed,Normal
sub129_AB,AB,13.0,frames/Vid13_BB_T.png,frames/Vid13_L.png,l,1.0,5.88804479999817,2.0,3.0643135999998776,,,,22.0,Male,Right handed,Normal
sub129_AB,AB,13.0,frames/Vid13_BB_T.png,frames/Vid13_L.png,r,1.0,3.33618209999986,4.0,1.7484147000068333,,,,22.0,Male,Right handed,Normal
sub129_AB,AB,14.0,frames/Vid14_BB_T.png,frames/Vid14_L.png,r,1.0,3.6909509999968577,5.0,2.514798999996856,,,,22.0,Male,Right handed,Normal
sub129_AB,AB,14.0,frames/Vid14_BB_T.png,frames/Vid14_L.png,l,1.0,3.3075456000078702,5.0,1.8958370000036664,,,,22.0,Male,Right handed,Normal
sub129_AB,AB,15.0,frames/Vid15_BB_T.png,frames/Vid15_L.png,l,1.0,7.099638800005778,3.0,1.1644705999933649,,,,22.0,Male,Right handed,Normal
sub129_AB,AB,15.0,frames/Vid15_BB_T.png,frames/Vid15_L.png,r,1.0,2.458048499989673,5.0,0.9991147999971872,,,,22.0,Male,Right handed,Normal
sub129_AB,AB,16.0,frames/Vid16_EM_T.png,frames/Vid16_L.png,r,0.0,6.168879400007427,1.0,2.7988158999942243,,,,22.0,Male,Right handed,Normal
sub129_AB,AB,16.0,frames/Vid16_EM_T.png,frames/Vid16_L.png,l,1.0,3.0951535000058357,4.0,1.3824213000043528,,,,22.0,Male,Right handed,Normal
sub129_AB,AB,17.0,frames/Vid17_BB_T.png,frames/Vid17_L.png,r,1.0,5.544500400006655,3.0,2.447421299992129,,,,22.0,Male,Right handed,Normal
sub129_AB,AB,17.0,frames/Vid17_BB_T.png,frames/Vid17_L.png,r,0.0,3.095367300004,4.0,1.4962435999914303,,,,22.0,Male,Right handed,Normal
sub129_AB,AB,18.0,frames/Vid18_EM_T.png,frames/Vid18_L.png,l,1.0,4.871771600010106,4.0,1.7305073000025004,,,,22.0,Male,Right handed,Normal
sub129_AB,AB,18.0,frames/Vid18_EM_T.png,frames/Vid18_L.png,r,1.0,2.346368599988637,5.0,0.847672000003513,,,,22.0,Male,Right handed,Normal
sub129_AB,AB,19.0,frames/Vid19_BB_T.png,frames/Vid19_L.png,r,1.0,12.293005300001823,3.0,13.847570099998848,,,,22.0,Male,Right handed,Normal
sub129_AB,AB,19.0,frames/Vid19_BB_T.png,frames/Vid19_L.png,l,0.0,3.2387879000016255,5.0,1.6642875999968965,,,,22.0,Male,Right handed,Normal
sub129_AB,AB,20.0,frames/Vid20_EM_T.png,frames/Vid20_L.png,l,1.0,8.722582299989881,4.0,2.582029199998942,,,,22.0,Male,Right handed,Normal
sub129_AB,AB,20.0,frames/Vid20_EM_T.png,frames/Vid20_L.png,l,0.0,4.868761699995957,3.0,1.3144195000058971,,,,22.0,Male,Right handed,Normal
sub129_AB,AB,21.0,frames/Vid21_BB_T.png,frames/Vid21_L.png,r,1.0,3.086724199994933,5.0,1.4635013000079198,,,,22.0,Male,Right handed,Normal
sub129_AB,AB,21.0,frames/Vid21_BB_T.png,frames/Vid21_L.png,r,1.0,2.639466300010099,5.0,1.1478587000019616,,,,22.0,Male,Right handed,Normal
sub129_AB,AB,22.0,frames/Vid22_EM_T.png,frames/Vid22_L.png,l,1.0,3.9823561999946833,5.0,1.2133641000109492,,,,22.0,Male,Right handed,Normal
sub129_AB,AB,22.0,frames/Vid22_EM_T.png,frames/Vid22_L.png,r,1.0,1.8163206999888644,5.0,1.7309682999912184,,,,22.0,Male,Right handed,Normal
sub129_AB,AB,23.0,frames/Vid23_EM_T.png,frames/Vid23_L.png,l,1.0,3.9521638000005623,5.0,0.9142365000006976,,,,22.0,Male,Right handed,Normal
sub129_AB,AB,23.0,frames/Vid23_EM_T.png,frames/Vid23_L.png,r,1.0,3.972675199998775,4.0,1.4330022000067402,,,,22.0,Male,Right handed,Normal
sub129_AB,AB,24.0,frames/Vid24_BB_T.png,frames/Vid24_L.png,r,1.0,4.43725469999481,5.0,0.9322246999945492,,,,22.0,Male,Right handed,Normal
sub129_AB,AB,24.0,frames/Vid24_BB_T.png,frames/Vid24_L.png,r,1.0,2.4793190999916987,5.0,0.91390909999609,,,,22.0,Male,Right handed,Normal
sub129_AB,AB,25.0,frames/Vid25_BB_T.png,frames/Vid25_L.png,r,0.0,7.907046400010586,3.0,2.8821354000101564,,,,22.0,Male,Right handed,Normal
sub129_AB,AB,25.0,frames/Vid25_BB_T.png,frames/Vid25_L.png,r,0.0,5.166585099999793,3.0,1.264744800006156,,,,22.0,Male,Right handed,Normal
sub129_AB,AB,26.0,frames/Vid26_EM_T.png,frames/Vid26_L.png,l,1.0,7.53520739999658,4.0,1.2976984999986598,,,,22.0,Male,Right handed,Normal
sub129_AB,AB,26.0,frames/Vid26_EM_T.png,frames/Vid26_L.png,r,0.0,1.230276699992828,5.0,6.415113700000802,,,,22.0,Male,Right handed,Normal
sub129_AB,AB,27.0,frames/Vid27_BB_T.png,frames/Vid27_L.png,r,1.0,6.42081650000182,4.0,1.2978518000018084,,,,22.0,Male,Right handed,Normal
sub129_AB,AB,27.0,frames/Vid27_BB_T.png,frames/Vid27_L.png,l,1.0,5.735081100006937,4.0,1.6817709999886574,,,,22.0,Male,Right handed,Normal
sub129_AB,AB,28.0,frames/Vid28_EM_T.png,frames/Vid28_L.png,l,1.0,3.494883800012758,5.0,0.6620060999994166,,,,22.0,Male,Right handed,Normal
sub129_AB,AB,28.0,frames/Vid28_EM_T.png,frames/Vid28_L.png,l,1.0,2.2894325999950524,5.0,1.582048099997337,,,,22.0,Male,Right handed,Normal
sub129_AB,AB,29.0,frames/Vid29_BB_T.png,frames/Vid29_L.png,r,1.0,4.246914899995318,4.0,1.0478797999967355,,,,22.0,Male,Right handed,Normal
sub129_AB,AB,29.0,frames/Vid29_BB_T.png,frames/Vid29_L.png,l,1.0,2.5300462000013795,5.0,1.0987692999915453,,,,22.0,Male,Right handed,Normal
sub129_AB,AB,30.0,frames/Vid30_EM_T.png,frames/Vid30_L.png,r,1.0,8.971876700001303,5.0,1.114148099994054,,,,22.0,Male,Right handed,Normal
sub129_AB,AB,30.0,frames/Vid30_EM_T.png,frames/Vid30_L.png,l,1.0,2.4910764999949606,4.0,1.498396099996171,,,,22.0,Male,Right handed,Normal
sub129_AB,AB,31.0,frames/Vid31_EM_T.png,frames/Vid31_L.png,l,1.0,2.761221299995668,5.0,2.264379400003236,,,,22.0,Male,Right handed,Normal
sub129_AB,AB,31.0,frames/Vid31_EM_T.png,frames/Vid31_L.png,l,1.0,3.956693400003133,5.0,1.1807696999894688,,,,22.0,Male,Right handed,Normal
sub129_AB,AB,32.0,frames/Vid32_EM_T.png,frames/Vid32_L.png,r,1.0,3.705979000005754,5.0,1.1650257000001147,,,,22.0,Male,Right handed,Normal
sub129_AB,AB,32.0,frames/Vid32_EM_T.png,frames/Vid32_L.png,r,1.0,2.9243914000107907,5.0,1.2639590999897337,,,,22.0,Male,Right handed,Normal
sub129_AB,AB,33.0,frames/Vid33_BB_T.png,frames/Vid33_L.png,l,1.0,5.0670633999980055,3.0,9.01480079999601,,,,22.0,Male,Right handed,Normal
sub129_AB,AB,33.0,frames/Vid33_BB_T.png,frames/Vid33_L.png,r,1.0,2.2644106000079773,4.0,1.0323515000054613,,,,22.0,Male,Right handed,Normal
sub129_AB,AB,34.0,frames/Vid34_BB_T.png,frames/Vid34_L.png,l,1.0,4.301449399994453,3.0,1.930536600004416,,,,22.0,Male,Right handed,Normal
sub129_AB,AB,34.0,frames/Vid34_BB_T.png,frames/Vid34_L.png,r,1.0,2.447990900007426,4.0,0.8446496999968076,,,,22.0,Male,Right handed,Normal
sub129_AB,AB,35.0,frames/Vid35_EM_T.png,frames/Vid35_L.png,r,1.0,4.591586599999573,5.0,1.314453400002094,,,,22.0,Male,Right handed,Normal
sub129_AB,AB,35.0,frames/Vid35_EM_T.png,frames/Vid35_L.png,r,1.0,3.0674424000026193,4.0,0.6151639000017894,,,,22.0,Male,Right handed,Normal
sub129_AB,AB,36.0,frames/Vid36_BB_T.png,frames/Vid36_L.png,l,1.0,4.310278100005235,1.0,1.0484983999922406,,,,22.0,Male,Right handed,Normal
sub129_AB,AB,36.0,frames/Vid36_BB_T.png,frames/Vid36_L.png,r,1.0,3.51693250000244,4.0,2.314218899991829,,,,22.0,Male,Right handed,Normal
sub129_AB,AB,37.0,frames/Vid37_BB_T.png,frames/Vid37_L.png,l,1.0,3.47750090000045,5.0,1.0813890999997966,,,,22.0,Male,Right handed,Normal
sub129_AB,AB,37.0,frames/Vid37_BB_T.png,frames/Vid37_L.png,l,1.0,2.1326650000119116,5.0,0.8982586999918567,,,,22.0,Male,Right handed,Normal
sub129_AB,AB,38.0,frames/Vid38_EM_T.png,frames/Vid38_L.png,r,1.0,7.555938300007256,1.0,1.7146141999983229,,,,22.0,Male,Right handed,Normal
sub129_AB,AB,38.0,frames/Vid38_EM_T.png,frames/Vid38_L.png,r,1.0,3.3347671999945305,4.0,1.3655915999988792,,,,22.0,Male,Right handed,Normal
sub129_AB,AB,39.0,frames/Vid39_BB_T.png,frames/Vid39_L.png,l,1.0,4.50987680000253,5.0,1.0808390000020154,,,,22.0,Male,Right handed,Normal
sub129_AB,AB,39.0,frames/Vid39_BB_T.png,frames/Vid39_L.png,r,1.0,3.2035548999992898,4.0,0.8981330999959027,,,,22.0,Male,Right handed,Normal
sub129_AB,AB,40.0,frames/Vid40_EM_T.png,frames/Vid40_L.png,l,1.0,5.697211000006064,5.0,1.8285986999981103,,,,22.0,Male,Right handed,Normal
sub129_AB,AB,40.0,frames/Vid40_EM_T.png,frames/Vid40_L.png,r,1.0,3.1655630999885034,3.0,2.4318296999990707,,,,22.0,Male,Right handed,Normal
sub130_AB,AB,1.0,frames/Vid1_EM_T.png,frames/Vid1_L.png,l,1.0,8.961164300009841,5.0,3.863984600000549,,,,24.0,Male,Right handed,Normal
sub130_AB,AB,2.0,frames/Vid2_BB_T.png,frames/Vid2_L.png,l,1.0,3.4878624999983003,5.0,11.265782300004505,,,,24.0,Male,Right handed,Normal
sub130_AB,AB,3.0,frames/Vid3_BB_T.png,frames/Vid3_L.png,l,1.0,7.059450100001413,5.0,1.316127400001278,,,,24.0,Male,Right handed,Normal
sub130_AB,AB,4.0,frames/Vid4_EM_T.png,frames/Vid4_L.png,r,0.0,4.579124700001557,5.0,1.1809988000022713,,,,24.0,Male,Right handed,Normal
sub130_AB,AB,5.0,frames/Vid5_EM_T.png,frames/Vid5_L.png,r,1.0,3.81569099999615,4.0,2.546511199994711,,,,24.0,Male,Right handed,Normal
sub130_AB,AB,6.0,frames/Vid6_BB_T.png,frames/Vid6_L.png,l,0.0,9.77749139998923,1.0,2.5158835999900475,,,,24.0,Male,Right handed,Normal
sub130_AB,AB,7.0,frames/Vid7_EM_T.png,frames/Vid7_L.png,r,1.0,5.773633000004338,3.0,4.09723899999517,,,,24.0,Male,Right handed,Normal
sub130_AB,AB,8.0,frames/Vid8_BB_T.png,frames/Vid8_L.png,r,1.0,2.1221546000015223,5.0,1.531620900001144,,,,24.0,Male,Right handed,Normal
sub130_AB,AB,9.0,frames/Vid9_EM_T.png,frames/Vid9_L.png,l,0.0,6.247440099992673,1.0,2.699772700012545,,,,24.0,Male,Right handed,Normal
sub130_AB,AB,10.0,frames/Vid10_BB_T.png,frames/Vid10_L.png,r,1.0,7.486515900003724,2.0,2.597308000011253,,,,24.0,Male,Right handed,Normal
sub130_AB,AB,11.0,frames/Vid11_EM_T.png,frames/Vid11_L.png,r,1.0,2.9497209999972256,5.0,2.1148007000010693,,,,24.0,Male,Right handed,Normal
sub130_AB,AB,12.0,frames/Vid12_EM_T.png,frames/Vid12_L.png,r,1.0,6.54838860000018,1.0,2.165397999997367,,,,24.0,Male,Right handed,Normal
sub130_AB,AB,13.0,frames/Vid13_BB_T.png,frames/Vid13_L.png,l,0.0,7.1077146000025095,2.0,1.647820900005172,,,,24.0,Male,Right handed,Normal
sub130_AB,AB,14.0,frames/Vid14_BB_T.png,frames/Vid14_L.png,l,1.0,3.1095419000048423,5.0,2.0642666000057943,,,,24.0,Male,Right handed,Normal
sub130_AB,AB,15.0,frames/Vid15_BB_T.png,frames/Vid15_L.png,l,1.0,4.408604199998081,3.0,1.3473757000028854,,,,24.0,Male,Right handed,Normal
sub130_AB,AB,16.0,frames/Vid16_EM_T.png,frames/Vid16_L.png,r,1.0,4.836669399999664,3.0,2.630614699999569,,,,24.0,Male,Right handed,Normal
sub130_AB,AB,17.0,frames/Vid17_BB_T.png,frames/Vid17_L.png,l,1.0,4.889129900009721,1.0,1.1819656000006944,,,,24.0,Male,Right handed,Normal
sub130_AB,AB,18.0,frames/Vid18_EM_T.png,frames/Vid18_L.png,l,1.0,3.4489003000053344,4.0,1.1968886999966344,,,,24.0,Male,Right handed,Normal
sub130_AB,AB,19.0,frames/Vid19_BB_T.png,frames/Vid19_L.png,l,0.0,4.493927000003168,1.0,0.8324449000065215,,,,24.0,Male,Right handed,Normal
sub130_AB,AB,20.0,frames/Vid20_EM_T.png,frames/Vid20_L.png,l,1.0,4.750869600000442,2.0,1.3309098999889102,,,,24.0,Male,Right handed,Normal
sub130_AB,AB,21.0,frames/Vid21_BB_T.png,frames/Vid21_L.png,l,1.0,6.445149999999558,4.0,3.5295224000001326,,,,24.0,Male,Right handed,Normal
sub130_AB,AB,22.0,frames/Vid22_EM_T.png,frames/Vid22_L.png,r,1.0,2.911793499995838,5.0,0.699105799998506,,,,24.0,Male,Right handed,Normal
sub130_AB,AB,23.0,frames/Vid23_EM_T.png,frames/Vid23_L.png,l,0.0,6.022131200006697,1.0,1.148122600003262,,,,24.0,Male,Right handed,Normal
sub130_AB,AB,24.0,frames/Vid24_BB_T.png,frames/Vid24_L.png,l,1.0,2.85165290000441,5.0,10.147918799993931,,,,24.0,Male,Right handed,Normal
sub130_AB,AB,25.0,frames/Vid25_BB_T.png,frames/Vid25_L.png,l,0.0,7.072337499994319,1.0,2.147255399991991,,,,24.0,Male,Right handed,Normal
sub130_AB,AB,26.0,frames/Vid26_EM_T.png,frames/Vid26_L.png,r,0.0,11.4721864000021,4.0,1.497611800004961,,,,24.0,Male,Right handed,Normal
sub130_AB,AB,27.0,frames/Vid27_BB_T.png,frames/Vid27_L.png,l,1.0,3.5192377000057604,4.0,1.8817656000028364,,,,24.0,Male,Right handed,Normal
sub130_AB,AB,28.0,frames/Vid28_EM_T.png,frames/Vid28_L.png,r,1.0,2.536006800000905,5.0,1.0640189999976428,,,,24.0,Male,Right handed,Normal
sub130_AB,AB,29.0,frames/Vid29_BB_T.png,frames/Vid29_L.png,r,1.0,3.7170841000042856,3.0,1.7315883999981452,,,,24.0,Male,Right handed,Normal
sub130_AB,AB,30.0,frames/Vid30_EM_T.png,frames/Vid30_L.png,l,1.0,5.578981400001794,2.0,1.747464300002321,,,,24.0,Male,Right handed,Normal
sub130_AB,AB,31.0,frames/Vid31_EM_T.png,frames/Vid31_L.png,l,1.0,5.3827660999959335,2.0,1.2637201999896206,,,,24.0,Male,Right handed,Normal
sub130_AB,AB,32.0,frames/Vid32_EM_T.png,frames/Vid32_L.png,l,1.0,2.88381759999902,5.0,1.815503899997566,,,,24.0,Male,Right handed,Normal
sub130_AB,AB,33.0,frames/Vid33_BB_T.png,frames/Vid33_L.png,l,1.0,3.3530843000044115,5.0,1.015276799997082,,,,24.0,Male,Right handed,Normal
sub130_AB,AB,34.0,frames/Vid34_BB_T.png,frames/Vid34_L.png,r,0.0,6.874257500006934,2.0,2.030152799998177,,,,24.0,Male,Right handed,Normal
sub130_AB,AB,35.0,frames/Vid35_EM_T.png,frames/Vid35_L.png,r,1.0,3.1916360999894096,2.0,2.497556000002078,,,,24.0,Male,Right handed,Normal
sub130_AB,AB,36.0,frames/Vid36_BB_T.png,frames/Vid36_L.png,r,1.0,4.638124999997672,3.0,1.59643020000658,,,,24.0,Male,Right handed,Normal
sub130_AB,AB,37.0,frames/Vid37_BB_T.png,frames/Vid37_L.png,r,1.0,5.061663599990425,3.0,1.998104800004512,,,,24.0,Male,Right handed,Normal
sub130_AB,AB,38.0,frames/Vid38_EM_T.png,frames/Vid38_L.png,r,1.0,2.724787799990736,3.0,1.2987804000003962,,,,24.0,Male,Right handed,Normal
sub130_AB,AB,39.0,frames/Vid39_BB_T.png,frames/Vid39_L.png,l,1.0,2.5944363000016892,3.0,1.2488789999915753,,,,24.0,Male,Right handed,Normal
sub130_AB,AB,40.0,frames/Vid40_EM_T.png,frames/Vid40_L.png,l,0.0,6.211635300001944,3.0,1.2820231999940006,,,,24.0,Male,Right handed,Normal
sub131_AB,AB,1.0,frames/Vid1_EM_T.png,frames/Vid1_L.png,l,1.0,5.5013726000033785,4.0,1.7654062999936286,,,,21.0,Male,Right handed,Normal
sub131_AB,AB,2.0,frames/Vid2_BB_T.png,frames/Vid2_L.png,r,1.0,5.617805400004727,4.0,1.11426859999483,,,,21.0,Male,Right handed,Normal
sub131_AB,AB,3.0,frames/Vid3_BB_T.png,frames/Vid3_L.png,r,1.0,7.958097099995939,4.0,1.5995387000002663,,,,21.0,Male,Right handed,Normal
sub131_AB,AB,4.0,frames/Vid4_EM_T.png,frames/Vid4_L.png,r,1.0,6.338740100007271,4.0,2.014139499995508,,,,21.0,Male,Right handed,Normal
sub131_AB,AB,5.0,frames/Vid5_EM_T.png,frames/Vid5_L.png,l,1.0,4.552196300006472,4.0,0.6824025000096299,,,,21.0,Male,Right handed,Normal
sub131_AB,AB,6.0,frames/Vid6_BB_T.png,frames/Vid6_L.png,l,1.0,10.260430900001666,3.0,1.1297840000042925,,,,21.0,Male,Right handed,Normal
sub131_AB,AB,7.0,frames/Vid7_EM_T.png,frames/Vid7_L.png,r,1.0,4.530354999995325,4.0,1.0333093000081135,,,,21.0,Male,Right handed,Normal
sub131_AB,AB,8.0,frames/Vid8_BB_T.png,frames/Vid8_L.png,r,1.0,8.242198899999494,3.0,2.065427900000941,,,,21.0,Male,Right handed,Normal
sub131_AB,AB,9.0,frames/Vid9_EM_T.png,frames/Vid9_L.png,l,1.0,8.465805400002864,3.0,1.3969974000065122,,,,21.0,Male,Right handed,Normal
sub131_AB,AB,10.0,frames/Vid10_BB_T.png,frames/Vid10_L.png,l,1.0,7.280929600005038,3.0,3.6974379000021145,,,,21.0,Male,Right handed,Normal
sub131_AB,AB,11.0,frames/Vid11_EM_T.png,frames/Vid11_L.png,l,1.0,5.78275849999045,4.0,3.565614300008747,,,,21.0,Male,Right handed,Normal
sub131_AB,AB,12.0,frames/Vid12_EM_T.png,frames/Vid12_L.png,r,1.0,3.6971074000030058,4.0,1.1815455999894766,,,,21.0,Male,Right handed,Normal
sub131_AB,AB,13.0,frames/Vid13_BB_T.png,frames/Vid13_L.png,r,1.0,6.493002500006696,4.0,1.0323717999999644,,,,21.0,Male,Right handed,Normal
sub131_AB,AB,14.0,frames/Vid14_BB_T.png,frames/Vid14_L.png,l,1.0,4.91490539998631,4.0,0.599538800001028,,,,21.0,Male,Right handed,Normal
sub131_AB,AB,15.0,frames/Vid15_BB_T.png,frames/Vid15_L.png,r,1.0,6.473712299994077,3.0,1.0648944999993546,,,,21.0,Male,Right handed,Normal
sub131_AB,AB,16.0,frames/Vid16_EM_T.png,frames/Vid16_L.png,r,1.0,4.527017500004149,4.0,1.3491140999976778,,,,21.0,Male,Right handed,Normal
sub131_AB,AB,17.0,frames/Vid17_BB_T.png,frames/Vid17_L.png,l,1.0,7.043164299990167,4.0,1.6812170000048354,,,,21.0,Male,Right handed,Normal
sub131_AB,AB,18.0,frames/Vid18_EM_T.png,frames/Vid18_L.png,r,1.0,4.783502299993415,3.0,1.7157198999921093,,,,21.0,Male,Right handed,Normal
sub131_AB,AB,19.0,frames/Vid19_BB_T.png,frames/Vid19_L.png,r,1.0,5.712861299994984,4.0,0.9625951000052736,,,,21.0,Male,Right handed,Normal
sub131_AB,AB,20.0,frames/Vid20_EM_T.png,frames/Vid20_L.png,r,1.0,4.3372331999999005,3.0,1.4961739999998829,,,,21.0,Male,Right handed,Normal
sub131_AB,AB,21.0,frames/Vid21_BB_T.png,frames/Vid21_L.png,r,1.0,2.9345687000022735,4.0,2.1485472999920603,,,,21.0,Male,Right handed,Normal
sub131_AB,AB,22.0,frames/Vid22_EM_T.png,frames/Vid22_L.png,r,1.0,4.4618148999870755,4.0,0.8148058999940986,,,,21.0,Male,Right handed,Normal
sub131_AB,AB,23.0,frames/Vid23_EM_T.png,frames/Vid23_L.png,r,1.0,3.7443264000030463,4.0,0.5474868000019342,,,,21.0,Male,Right handed,Normal
sub131_AB,AB,24.0,frames/Vid24_BB_T.png,frames/Vid24_L.png,l,1.0,4.084600700007286,4.0,0.8649178000050597,,,,21.0,Male,Right handed,Normal
sub131_AB,AB,25.0,frames/Vid25_BB_T.png,frames/Vid25_L.png,r,1.0,3.223257499994361,5.0,1.1646144999976968,,,,21.0,Male,Right handed,Normal
sub131_AB,AB,26.0,frames/Vid26_EM_T.png,frames/Vid26_L.png,r,0.0,8.557230300008086,4.0,1.3494386000093073,,,,21.0,Male,Right handed,Normal
sub131_AB,AB,27.0,frames/Vid27_BB_T.png,frames/Vid27_L.png,l,1.0,8.39890519999608,4.0,0.4978924999886658,,,,21.0,Male,Right handed,Normal
sub131_AB,AB,28.0,frames/Vid28_EM_T.png,frames/Vid28_L.png,r,1.0,4.606689199994435,3.0,1.4643287000071723,,,,21.0,Male,Right handed,Normal
sub131_AB,AB,29.0,frames/Vid29_BB_T.png,frames/Vid29_L.png,r,0.0,7.3628415999992285,4.0,4.630252000002656,,,,21.0,Male,Right handed,Normal
sub131_AB,AB,30.0,frames/Vid30_EM_T.png,frames/Vid30_L.png,r,1.0,14.891961500004982,3.0,7.431414100006805,,,,21.0,Male,Right handed,Normal
sub131_AB,AB,31.0,frames/Vid31_EM_T.png,frames/Vid31_L.png,l,1.0,4.874319300011848,4.0,1.0322599000064656,,,,21.0,Male,Right handed,Normal
sub131_AB,AB,32.0,frames/Vid32_EM_T.png,frames/Vid32_L.png,l,1.0,3.7267524000053527,4.0,0.931010000000242,,,,21.0,Male,Right handed,Normal
sub131_AB,AB,33.0,frames/Vid33_BB_T.png,frames/Vid33_L.png,r,1.0,4.153779000000213,4.0,2.348203600005945,,,,21.0,Male,Right handed,Normal
sub131_AB,AB,34.0,frames/Vid34_BB_T.png,frames/Vid34_L.png,r,1.0,7.329054500005441,3.0,1.031051900004968,,,,21.0,Male,Right handed,Normal
sub131_AB,AB,35.0,frames/Vid35_EM_T.png,frames/Vid35_L.png,r,0.0,11.40771020000102,2.0,1.6144354999996722,,,,21.0,Male,Right handed,Normal
sub131_AB,AB,36.0,frames/Vid36_BB_T.png,frames/Vid36_L.png,r,1.0,4.8516186000051675,4.0,1.0817786999978125,,,,21.0,Male,Right handed,Normal
sub131_AB,AB,37.0,frames/Vid37_BB_T.png,frames/Vid37_L.png,l,1.0,3.1426787999953376,4.0,0.8142315000004601,,,,21.0,Male,Right handed,Normal
sub131_AB,AB,38.0,frames/Vid38_EM_T.png,frames/Vid38_L.png,l,0.0,13.616083400003845,3.0,2.165196999994805,,,,21.0,Male,Right handed,Normal
sub131_AB,AB,39.0,frames/Vid39_BB_T.png,frames/Vid39_L.png,r,1.0,5.024997699991218,4.0,1.4494967999926305,,,,21.0,Male,Right handed,Normal
sub131_AB,AB,40.0,frames/Vid40_EM_T.png,frames/Vid40_L.png,l,1.0,3.277525199999218,4.0,1.8811626999959117,,,,21.0,Male,Right handed,Normal
sub134_AB,AB,1.0,frames/Vid1_EM_T.png,frames/Vid1_L.png,r,1.0,5.390469799996936,5.0,1.5806539000041084,,,,20.0,Male,Right handed,Corrected to normal
sub134_AB,AB,2.0,frames/Vid2_BB_T.png,frames/Vid2_L.png,r,1.0,5.130934000000707,5.0,0.5308018999930937,,,,20.0,Male,Right handed,Corrected to normal
sub134_AB,AB,3.0,frames/Vid3_BB_T.png,frames/Vid3_L.png,r,1.0,6.911082899998291,5.0,2.4638299999933224,,,,20.0,Male,Right handed,Corrected to normal
sub134_AB,AB,4.0,frames/Vid4_EM_T.png,frames/Vid4_L.png,r,1.0,6.305927399997017,3.0,1.229942799996934,,,,20.0,Male,Right handed,Corrected to normal
sub134_AB,AB,5.0,frames/Vid5_EM_T.png,frames/Vid5_L.png,r,1.0,7.472390399998403,2.0,1.9643425999965984,,,,20.0,Male,Right handed,Corrected to normal
sub134_AB,AB,6.0,frames/Vid6_BB_T.png,frames/Vid6_L.png,r,1.0,4.10280330000387,5.0,0.4976699999970151,,,,20.0,Male,Right handed,Corrected to normal
sub134_AB,AB,7.0,frames/Vid7_EM_T.png,frames/Vid7_L.png,r,1.0,4.393580699994345,5.0,1.1142713999870466,,,,20.0,Male,Right handed,Corrected to normal
sub134_AB,AB,8.0,frames/Vid8_BB_T.png,frames/Vid8_L.png,r,0.0,4.127503499999875,5.0,0.597894799997448,,,,20.0,Male,Right handed,Corrected to normal
sub134_AB,AB,9.0,frames/Vid9_EM_T.png,frames/Vid9_L.png,r,0.0,5.998808999996982,5.0,0.4982421000022441,,,,20.0,Male,Right handed,Corrected to normal
sub134_AB,AB,10.0,frames/Vid10_BB_T.png,frames/Vid10_L.png,l,1.0,2.8822561999986647,5.0,0.6135159999976167,,,,20.0,Male,Right handed,Corrected to normal
sub134_AB,AB,11.0,frames/Vid11_EM_T.png,frames/Vid11_L.png,l,1.0,2.7921308999939356,5.0,0.6164924000040628,,,,20.0,Male,Right handed,Corrected to normal
sub134_AB,AB,12.0,frames/Vid12_EM_T.png,frames/Vid12_L.png,l,1.0,3.9626787999877706,5.0,0.679589000006672,,,,20.0,Male,Right handed,Corrected to normal
sub134_AB,AB,13.0,frames/Vid13_BB_T.png,frames/Vid13_L.png,l,1.0,4.013237100007245,5.0,1.6148335999896517,,,,20.0,Male,Right handed,Corrected to normal
sub134_AB,AB,14.0,frames/Vid14_BB_T.png,frames/Vid14_L.png,l,1.0,3.866575699998066,5.0,0.9638164000061806,,,,20.0,Male,Right handed,Corrected to normal
sub134_AB,AB,15.0,frames/Vid15_BB_T.png,frames/Vid15_L.png,r,0.0,8.531635799998185,4.0,1.7983204000047408,,,,20.0,Male,Right handed,Corrected to normal
sub134_AB,AB,16.0,frames/Vid16_EM_T.png,frames/Vid16_L.png,l,0.0,6.751159899999038,4.0,2.149042200006079,,,,20.0,Male,Right handed,Corrected to normal
sub134_AB,AB,17.0,frames/Vid17_BB_T.png,frames/Vid17_L.png,l,1.0,5.770469099996262,5.0,0.4488156999868806,,,,20.0,Male,Right handed,Corrected to normal
sub134_AB,AB,18.0,frames/Vid18_EM_T.png,frames/Vid18_L.png,l,1.0,3.143135200007237,5.0,0.6818110000021989,,,,20.0,Male,Right handed,Corrected to normal
sub134_AB,AB,19.0,frames/Vid19_BB_T.png,frames/Vid19_L.png,l,0.0,6.067050600002403,3.0,2.60037509999529,,,,20.0,Male,Right handed,Corrected to normal
sub134_AB,AB,20.0,frames/Vid20_EM_T.png,frames/Vid20_L.png,r,1.0,4.318297600009828,5.0,1.3822648000059417,,,,20.0,Male,Right handed,Corrected to normal
sub134_AB,AB,21.0,frames/Vid21_BB_T.png,frames/Vid21_L.png,l,1.0,5.818388500003493,5.0,0.7302896000037435,,,,20.0,Male,Right handed,Corrected to normal
sub134_AB,AB,22.0,frames/Vid22_EM_T.png,frames/Vid22_L.png,l,1.0,4.687287100008689,5.0,0.6154897000087658,,,,20.0,Male,Right handed,Corrected to normal
sub134_AB,AB,23.0,frames/Vid23_EM_T.png,frames/Vid23_L.png,r,1.0,3.4929246000101557,4.0,1.3138049999979555,,,,20.0,Male,Right handed,Corrected to normal
sub134_AB,AB,24.0,frames/Vid24_BB_T.png,frames/Vid24_L.png,l,1.0,11.96241989999544,4.0,1.8795386999991024,,,,20.0,Male,Right handed,Corrected to normal
sub134_AB,AB,25.0,frames/Vid25_BB_T.png,frames/Vid25_L.png,l,1.0,4.545750799996313,5.0,0.4310402999981306,,,,20.0,Male,Right handed,Corrected to normal
sub134_AB,AB,26.0,frames/Vid26_EM_T.png,frames/Vid26_L.png,l,1.0,6.582060000000638,5.0,1.2971672999992734,,,,20.0,Male,Right handed,Corrected to normal
sub134_AB,AB,27.0,frames/Vid27_BB_T.png,frames/Vid27_L.png,l,1.0,4.9185067000071285,4.0,2.2306056000088574,,,,20.0,Male,Right handed,Corrected to normal
sub134_AB,AB,28.0,frames/Vid28_EM_T.png,frames/Vid28_L.png,r,1.0,4.614173299996764,5.0,0.9147221000021092,,,,20.0,Male,Right handed,Corrected to normal
sub134_AB,AB,29.0,frames/Vid29_BB_T.png,frames/Vid29_L.png,r,1.0,5.76933559999452,4.0,5.814632199995685,,,,20.0,Male,Right handed,Corrected to normal
sub134_AB,AB,30.0,frames/Vid30_EM_T.png,frames/Vid30_L.png,l,1.0,7.599143300001742,5.0,0.9625667999935104,,,,20.0,Male,Right handed,Corrected to normal
sub134_AB,AB,31.0,frames/Vid31_EM_T.png,frames/Vid31_L.png,r,1.0,4.463564299992868,5.0,0.5144729000021471,,,,20.0,Male,Right handed,Corrected to normal
sub134_AB,AB,32.0,frames/Vid32_EM_T.png,frames/Vid32_L.png,r,1.0,4.073271700006444,5.0,1.631493099994259,,,,20.0,Male,Right handed,Corrected to normal
sub134_AB,AB,33.0,frames/Vid33_BB_T.png,frames/Vid33_L.png,r,1.0,3.042944599990733,5.0,1.5810441999929026,,,,20.0,Male,Right handed,Corrected to normal
sub134_AB,AB,34.0,frames/Vid34_BB_T.png,frames/Vid34_L.png,r,1.0,5.036186299999827,5.0,1.414420100001735,,,,20.0,Male,Right handed,Corrected to normal
sub134_AB,AB,35.0,frames/Vid35_EM_T.png,frames/Vid35_L.png,r,1.0,4.165927599999122,5.0,0.6144965000130469,,,,20.0,Male,Right handed,Corrected to normal
sub134_AB,AB,36.0,frames/Vid36_BB_T.png,frames/Vid36_L.png,l,0.0,6.574164700010442,2.0,2.614333599995007,,,,20.0,Male,Right handed,Corrected to normal
sub134_AB,AB,37.0,frames/Vid37_BB_T.png,frames/Vid37_L.png,r,1.0,3.447189200000139,5.0,0.5474122999876272,,,,20.0,Male,Right handed,Corrected to normal
sub134_AB,AB,38.0,frames/Vid38_EM_T.png,frames/Vid38_L.png,r,1.0,12.06285490001028,2.0,1.715582699995139,,,,20.0,Male,Right handed,Corrected to normal
sub134_AB,AB,39.0,frames/Vid39_BB_T.png,frames/Vid39_L.png,r,0.0,7.058639900002163,5.0,0.6149155000020983,,,,20.0,Male,Right handed,Corrected to normal
sub134_AB,AB,40.0,frames/Vid40_EM_T.png,frames/Vid40_L.png,r,0.0,10.41800439999497,3.0,1.4655905999970855,,,,20.0,Male,Right handed,Corrected to normal
sub135_AB,AB,1.0,frames/Vid1_EM_T.png,frames/Vid1_L.png,l,1.0,5.654494300004444,5.0,0.9486229000031016,,,,23.0,Male,Right handed,Corrected to normal
sub135_AB,AB,2.0,frames/Vid2_BB_T.png,frames/Vid2_L.png,l,0.0,3.2422039000084624,4.0,0.9801905000058468,,,,23.0,Male,Right handed,Corrected to normal
sub135_AB,AB,3.0,frames/Vid3_BB_T.png,frames/Vid3_L.png,r,1.0,3.514858800001093,5.0,1.1657470000063768,,,,23.0,Male,Right handed,Corrected to normal
sub135_AB,AB,4.0,frames/Vid4_EM_T.png,frames/Vid4_L.png,r,1.0,7.449375299998792,2.0,1.1477346000028774,,,,23.0,Male,Right handed,Corrected to normal
sub135_AB,AB,5.0,frames/Vid5_EM_T.png,frames/Vid5_L.png,r,1.0,8.260179100005189,2.0,1.0142885999957798,,,,23.0,Male,Right handed,Corrected to normal
sub135_AB,AB,6.0,frames/Vid6_BB_T.png,frames/Vid6_L.png,l,1.0,2.9579321000055643,5.0,1.782215700004599,,,,23.0,Male,Right handed,Corrected to normal
sub135_AB,AB,7.0,frames/Vid7_EM_T.png,frames/Vid7_L.png,l,1.0,2.665375300013693,5.0,0.9835722999996506,,,,23.0,Male,Right handed,Corrected to normal
sub135_AB,AB,8.0,frames/Vid8_BB_T.png,frames/Vid8_L.png,r,0.0,3.486773099997663,3.0,1.59791640000185,,,,23.0,Male,Right handed,Corrected to normal
sub135_AB,AB,9.0,frames/Vid9_EM_T.png,frames/Vid9_L.png,r,1.0,8.901714599996922,5.0,1.0642759000038495,,,,23.0,Male,Right handed,Corrected to normal
sub135_AB,AB,10.0,frames/Vid10_BB_T.png,frames/Vid10_L.png,r,1.0,3.7033620000001974,2.0,1.2141212999995332,,,,23.0,Male,Right handed,Corrected to normal
sub135_AB,AB,11.0,frames/Vid11_EM_T.png,frames/Vid11_L.png,l,1.0,2.455402599996887,5.0,0.7815666999958921,,,,23.0,Male,Right handed,Corrected to normal
sub135_AB,AB,12.0,frames/Vid12_EM_T.png,frames/Vid12_L.png,r,1.0,2.759130599995842,5.0,4.380470699994476,,,,23.0,Male,Right handed,Corrected to normal
sub135_AB,AB,13.0,frames/Vid13_BB_T.png,frames/Vid13_L.png,l,0.0,7.427269099993282,2.0,1.565841100004036,,,,23.0,Male,Right handed,Corrected to normal
sub135_AB,AB,14.0,frames/Vid14_BB_T.png,frames/Vid14_L.png,r,1.0,2.6404473000002326,5.0,1.231862300002831,,,,23.0,Male,Right handed,Corrected to normal
sub135_AB,AB,15.0,frames/Vid15_BB_T.png,frames/Vid15_L.png,l,1.0,4.785461999999825,3.0,0.7640830999880563,,,,23.0,Male,Right handed,Corrected to normal
sub135_AB,AB,16.0,frames/Vid16_EM_T.png,frames/Vid16_L.png,r,0.0,7.691205600000103,3.0,1.5656767999898875,,,,23.0,Male,Right handed,Corrected to normal
sub135_AB,AB,17.0,frames/Vid17_BB_T.png,frames/Vid17_L.png,l,1.0,3.8499529999971855,5.0,1.2980147999915062,,,,23.0,Male,Right handed,Corrected to normal
sub135_AB,AB,18.0,frames/Vid18_EM_T.png,frames/Vid18_L.png,l,0.0,11.14221570000518,2.0,2.630692899998394,,,,23.0,Male,Right handed,Corrected to normal
sub135_AB,AB,19.0,frames/Vid19_BB_T.png,frames/Vid19_L.png,l,1.0,3.2478262999939034,4.0,1.0318706999969436,,,,23.0,Male,Right handed,Corrected to normal
sub135_AB,AB,20.0,frames/Vid20_EM_T.png,frames/Vid20_L.png,l,1.0,2.8455244999931892,5.0,2.2824591000098735,,,,23.0,Male,Right handed,Corrected to normal
sub135_AB,AB,21.0,frames/Vid21_BB_T.png,frames/Vid21_L.png,l,1.0,4.419431499991333,3.0,0.9320216000051004,,,,23.0,Male,Right handed,Corrected to normal
sub135_AB,AB,22.0,frames/Vid22_EM_T.png,frames/Vid22_L.png,r,1.0,3.5166170000011334,5.0,0.8472672000061721,,,,23.0,Male,Right handed,Corrected to normal
sub135_AB,AB,23.0,frames/Vid23_EM_T.png,frames/Vid23_L.png,r,1.0,3.371545200003311,5.0,0.7818623000057414,,,,23.0,Male,Right handed,Corrected to normal
sub135_AB,AB,24.0,frames/Vid24_BB_T.png,frames/Vid24_L.png,r,1.0,2.2516211999900406,5.0,0.8635726000065915,,,,23.0,Male,Right handed,Corrected to normal
sub135_AB,AB,25.0,frames/Vid25_BB_T.png,frames/Vid25_L.png,r,1.0,4.691782699999749,5.0,0.9983095999923536,,,,23.0,Male,Right handed,Corrected to normal
sub135_AB,AB,26.0,frames/Vid26_EM_T.png,frames/Vid26_L.png,l,1.0,7.972548400008236,3.0,0.8651639000017894,,,,23.0,Male,Right handed,Corrected to normal
sub135_AB,AB,27.0,frames/Vid27_BB_T.png,frames/Vid27_L.png,r,1.0,3.757847399989259,3.0,1.0976132999930996,,,,23.0,Male,Right handed,Corrected to normal
sub135_AB,AB,28.0,frames/Vid28_EM_T.png,frames/Vid28_L.png,r,1.0,3.430558199994266,5.0,1.363596499999403,,,,23.0,Male,Right handed,Corrected to normal
sub135_AB,AB,29.0,frames/Vid29_BB_T.png,frames/Vid29_L.png,l,1.0,4.043640999996569,4.0,1.1133013000071514,,,,23.0,Male,Right handed,Corrected to normal
sub135_AB,AB,30.0,frames/Vid30_EM_T.png,frames/Vid30_L.png,l,1.0,5.164997400002903,4.0,1.1654017999971984,,,,23.0,Male,Right handed,Corrected to normal
sub135_AB,AB,31.0,frames/Vid31_EM_T.png,frames/Vid31_L.png,r,1.0,4.094842899998184,3.0,2.414346999998088,,,,23.0,Male,Right handed,Corrected to normal
sub135_AB,AB,32.0,frames/Vid32_EM_T.png,frames/Vid32_L.png,r,1.0,2.8139952999918023,5.0,0.9470467000064672,,,,23.0,Male,Right handed,Corrected to normal
sub135_AB,AB,33.0,frames/Vid33_BB_T.png,frames/Vid33_L.png,l,1.0,4.159581900006742,5.0,0.8820933999959379,,,,23.0,Male,Right handed,Corrected to normal
sub135_AB,AB,34.0,frames/Vid34_BB_T.png,frames/Vid34_L.png,l,1.0,7.987072100004298,1.0,2.065586299999268,,,,23.0,Male,Right handed,Corrected to normal
sub135_AB,AB,35.0,frames/Vid35_EM_T.png,frames/Vid35_L.png,r,1.0,3.424625400002697,5.0,1.0815707000001566,,,,23.0,Male,Right handed,Corrected to normal
sub135_AB,AB,36.0,frames/Vid36_BB_T.png,frames/Vid36_L.png,r,1.0,6.980443799999193,2.0,1.3297504000074696,,,,23.0,Male,Right handed,Corrected to normal
sub135_AB,AB,37.0,frames/Vid37_BB_T.png,frames/Vid37_L.png,l,1.0,2.64125879999483,5.0,1.415364699991187,,,,23.0,Male,Right handed,Corrected to normal
sub135_AB,AB,38.0,frames/Vid38_EM_T.png,frames/Vid38_L.png,r,0.0,9.596424600007596,1.0,1.1307722000055946,,,,23.0,Male,Right handed,Corrected to normal
sub135_AB,AB,39.0,frames/Vid39_BB_T.png,frames/Vid39_L.png,l,0.0,5.285291299995151,3.0,1.7325553999980912,,,,23.0,Male,Right handed,Corrected to normal
sub135_AB,AB,40.0,frames/Vid40_EM_T.png,frames/Vid40_L.png,l,1.0,6.308930500003044,5.0,0.7151254999917,,,,23.0,Male,Right handed,Corrected to normal
sub138_AB,AB,1.0,frames/Vid1_EM_T.png,frames/Vid1_L.png,r,1.0,4.953931600000942,5.0,1.098698100002366,,,,26.0,Male,Right handed,Normal
sub138_AB,AB,2.0,frames/Vid2_BB_T.png,frames/Vid2_L.png,l,0.0,4.799864400003571,4.0,3.0824853999947663,,,,26.0,Male,Right handed,Normal
sub138_AB,AB,3.0,frames/Vid3_BB_T.png,frames/Vid3_L.png,r,1.0,4.7902446999942185,4.0,1.397396700005629,,,,26.0,Male,Right handed,Normal
sub138_AB,AB,4.0,frames/Vid4_EM_T.png,frames/Vid4_L.png,r,0.0,4.736525799991796,4.0,1.065148700014106,,,,26.0,Male,Right handed,Normal
sub138_AB,AB,5.0,frames/Vid5_EM_T.png,frames/Vid5_L.png,l,0.0,4.040684100007638,3.0,1.3796968999959065,,,,26.0,Male,Right handed,Normal
sub138_AB,AB,6.0,frames/Vid6_BB_T.png,frames/Vid6_L.png,r,1.0,5.540260699999635,4.0,1.0315370000025723,,,,26.0,Male,Right handed,Normal
sub138_AB,AB,7.0,frames/Vid7_EM_T.png,frames/Vid7_L.png,r,0.0,5.499529299995629,5.0,1.0984651999897324,,,,26.0,Male,Right handed,Normal
sub138_AB,AB,8.0,frames/Vid8_BB_T.png,frames/Vid8_L.png,l,1.0,2.6090223000064725,4.0,0.7641723999986425,,,,26.0,Male,Right handed,Normal
sub138_AB,AB,9.0,frames/Vid9_EM_T.png,frames/Vid9_L.png,r,0.0,5.260176600000705,5.0,1.5478911999962293,,,,26.0,Male,Right handed,Normal
sub138_AB,AB,10.0,frames/Vid10_BB_T.png,frames/Vid10_L.png,l,0.0,2.565353000012692,3.0,1.115372300002491,,,,26.0,Male,Right handed,Normal
sub138_AB,AB,11.0,frames/Vid11_EM_T.png,frames/Vid11_L.png,l,1.0,2.8918482000008225,5.0,1.332320500005153,,,,26.0,Male,Right handed,Normal
sub138_AB,AB,12.0,frames/Vid12_EM_T.png,frames/Vid12_L.png,r,0.0,4.976090299998759,5.0,1.2482290000043577,,,,26.0,Male,Right handed,Normal
sub138_AB,AB,13.0,frames/Vid13_BB_T.png,frames/Vid13_L.png,l,0.0,3.47831779999251,4.0,1.4475971999927424,,,,26.0,Male,Right handed,Normal
sub138_AB,AB,14.0,frames/Vid14_BB_T.png,frames/Vid14_L.png,r,1.0,3.379581200002576,5.0,1.0478930999961449,,,,26.0,Male,Right handed,Normal
sub138_AB,AB,15.0,frames/Vid15_BB_T.png,frames/Vid15_L.png,r,1.0,4.556707800002187,5.0,1.2984375000087311,,,,26.0,Male,Right handed,Normal
sub138_AB,AB,16.0,frames/Vid16_EM_T.png,frames/Vid16_L.png,r,1.0,3.353046699994593,5.0,1.030703300013556,,,,26.0,Male,Right handed,Normal
sub138_AB,AB,17.0,frames/Vid17_BB_T.png,frames/Vid17_L.png,l,1.0,4.187167500000214,5.0,1.6483915999997407,,,,26.0,Male,Right handed,Normal
sub138_AB,AB,18.0,frames/Vid18_EM_T.png,frames/Vid18_L.png,l,0.0,3.8140265999973058,5.0,1.1803090000030352,,,,26.0,Male,Right handed,Normal
sub138_AB,AB,19.0,frames/Vid19_BB_T.png,frames/Vid19_L.png,l,0.0,3.657188000011956,5.0,0.8659060000063619,,,,26.0,Male,Right handed,Normal
sub138_AB,AB,20.0,frames/Vid20_EM_T.png,frames/Vid20_L.png,r,1.0,3.057931200004532,5.0,2.016151899995748,,,,26.0,Male,Right handed,Normal
sub138_AB,AB,21.0,frames/Vid21_BB_T.png,frames/Vid21_L.png,r,1.0,1.9455133000010392,5.0,1.5801505999988876,,,,26.0,Male,Right handed,Normal
sub138_AB,AB,22.0,frames/Vid22_EM_T.png,frames/Vid22_L.png,r,1.0,4.68746519999695,5.0,1.1821709999931045,,,,26.0,Male,Right handed,Normal
sub138_AB,AB,23.0,frames/Vid23_EM_T.png,frames/Vid23_L.png,r,1.0,6.433979800000088,5.0,1.1489340999978594,,,,26.0,Male,Right handed,Normal
sub138_AB,AB,24.0,frames/Vid24_BB_T.png,frames/Vid24_L.png,r,0.0,2.4370226000028197,5.0,0.9813600000052248,,,,26.0,Male,Right handed,Normal
sub138_AB,AB,25.0,frames/Vid25_BB_T.png,frames/Vid25_L.png,l,1.0,4.994090799998958,3.0,1.5641831000102684,,,,26.0,Male,Right handed,Normal
sub138_AB,AB,26.0,frames/Vid26_EM_T.png,frames/Vid26_L.png,l,0.0,3.3805508999939775,4.0,1.130358599999454,,,,26.0,Male,Right handed,Normal
sub138_AB,AB,27.0,frames/Vid27_BB_T.png,frames/Vid27_L.png,l,1.0,4.463223399987328,3.0,2.3800740000006044,,,,26.0,Male,Right handed,Normal
sub138_AB,AB,28.0,frames/Vid28_EM_T.png,frames/Vid28_L.png,l,1.0,1.836484400002519,5.0,1.5978365000046324,,,,26.0,Male,Right handed,Normal
sub138_AB,AB,29.0,frames/Vid29_BB_T.png,frames/Vid29_L.png,l,1.0,4.942184700004873,4.0,0.880441699991934,,,,26.0,Male,Right handed,Normal
sub138_AB,AB,30.0,frames/Vid30_EM_T.png,frames/Vid30_L.png,l,0.0,1.978782100006356,4.0,1.3968775999965146,,,,26.0,Male,Right handed,Normal
sub138_AB,AB,31.0,frames/Vid31_EM_T.png,frames/Vid31_L.png,l,1.0,2.6865582000027644,5.0,0.8326585000031628,,,,26.0,Male,Right handed,Normal
sub138_AB,AB,32.0,frames/Vid32_EM_T.png,frames/Vid32_L.png,l,0.0,2.4914750999887474,4.0,1.765235600003507,,,,26.0,Male,Right handed,Normal
sub138_AB,AB,33.0,frames/Vid33_BB_T.png,frames/Vid33_L.png,l,1.0,5.34825880000426,4.0,0.897220600003493,,,,26.0,Male,Right handed,Normal
sub138_AB,AB,34.0,frames/Vid34_BB_T.png,frames/Vid34_L.png,l,1.0,2.856753700005356,5.0,1.6642915999982506,,,,26.0,Male,Right handed,Normal
sub138_AB,AB,35.0,frames/Vid35_EM_T.png,frames/Vid35_L.png,l,0.0,5.961442200001329,2.0,2.81602969999949,,,,26.0,Male,Right handed,Normal
sub138_AB,AB,36.0,frames/Vid36_BB_T.png,frames/Vid36_L.png,r,0.0,2.9842499000078533,5.0,1.3816499000095064,,,,26.0,Male,Right handed,Normal
sub138_AB,AB,37.0,frames/Vid37_BB_T.png,frames/Vid37_L.png,l,1.0,2.151703499999712,5.0,1.0980240000062622,,,,26.0,Male,Right handed,Normal
sub138_AB,AB,38.0,frames/Vid38_EM_T.png,frames/Vid38_L.png,l,1.0,3.4448196000012103,4.0,0.8642199000023538,,,,26.0,Male,Right handed,Normal
sub138_AB,AB,39.0,frames/Vid39_BB_T.png,frames/Vid39_L.png,l,0.0,4.9123924000014085,5.0,1.1321039000031303,,,,26.0,Male,Right handed,Normal
sub138_AB,AB,40.0,frames/Vid40_EM_T.png,frames/Vid40_L.png,r,1.0,2.8181124000111595,5.0,2.0994520999956876,,,,26.0,Male,Right handed,Normal
sub140_AB,AB,1.0,frames/Vid1_EM_T.png,frames/Vid1_L.png,r,1.0,5.629875800004811,5.0,1.130139999993844,,,,23.0,Male,Right handed,Normal
sub140_AB,AB,2.0,frames/Vid2_BB_T.png,frames/Vid2_L.png,r,0.0,3.460726799996337,4.0,1.2638697999936994,,,,23.0,Male,Right handed,Normal
sub140_AB,AB,3.0,frames/Vid3_BB_T.png,frames/Vid3_L.png,r,1.0,1.3406186000065643,5.0,0.42978160000348,,,,23.0,Male,Right handed,Normal
sub140_AB,AB,4.0,frames/Vid4_EM_T.png,frames/Vid4_L.png,l,0.0,2.7497564000077546,5.0,1.9163788000005295,,,,23.0,Male,Right handed,Normal
sub140_AB,AB,5.0,frames/Vid5_EM_T.png,frames/Vid5_L.png,l,1.0,3.1318366000050446,5.0,1.3830821000010474,,,,23.0,Male,Right handed,Normal
sub140_AB,AB,6.0,frames/Vid6_BB_T.png,frames/Vid6_L.png,l,1.0,3.561873900005594,5.0,1.3645896000089124,,,,23.0,Male,Right handed,Normal
sub140_AB,AB,7.0,frames/Vid7_EM_T.png,frames/Vid7_L.png,r,1.0,3.3747363000002224,5.0,0.3975814000004902,,,,23.0,Male,Right handed,Normal
sub140_AB,AB,8.0,frames/Vid8_BB_T.png,frames/Vid8_L.png,r,0.0,1.9707395000004908,5.0,1.6313530000043102,,,,23.0,Male,Right handed,Normal
sub140_AB,AB,9.0,frames/Vid9_EM_T.png,frames/Vid9_L.png,r,1.0,2.928171799998381,5.0,0.6316014000040013,,,,23.0,Male,Right handed,Normal
sub140_AB,AB,10.0,frames/Vid10_BB_T.png,frames/Vid10_L.png,r,0.0,3.5713134999969043,5.0,0.9144687999942108,,,,23.0,Male,Right handed,Normal
sub140_AB,AB,11.0,frames/Vid11_EM_T.png,frames/Vid11_L.png,r,1.0,1.9444237999996403,5.0,0.6968007999967085,,,,23.0,Male,Right handed,Normal
sub140_AB,AB,12.0,frames/Vid12_EM_T.png,frames/Vid12_L.png,r,1.0,2.4809525000018766,5.0,0.5146011999895563,,,,23.0,Male,Right handed,Normal
sub140_AB,AB,13.0,frames/Vid13_BB_T.png,frames/Vid13_L.png,l,1.0,3.1055464999953983,3.0,1.5476396000012755,,,,23.0,Male,Right handed,Normal
sub140_AB,AB,14.0,frames/Vid14_BB_T.png,frames/Vid14_L.png,l,1.0,3.401681000003009,5.0,1.9317947000090496,,,,23.0,Male,Right handed,Normal
sub140_AB,AB,15.0,frames/Vid15_BB_T.png,frames/Vid15_L.png,l,1.0,2.509490900003584,5.0,1.313883700000588,,,,23.0,Male,Right handed,Normal
sub140_AB,AB,16.0,frames/Vid16_EM_T.png,frames/Vid16_L.png,l,0.0,3.6995622999966145,4.0,1.7313591999991331,,,,23.0,Male,Right handed,Normal
sub140_AB,AB,17.0,frames/Vid17_BB_T.png,frames/Vid17_L.png,r,1.0,5.1117059999960475,3.0,1.981715499990969,,,,23.0,Male,Right handed,Normal
sub140_AB,AB,18.0,frames/Vid18_EM_T.png,frames/Vid18_L.png,r,1.0,3.374227599997539,5.0,1.2157188000128372,,,,23.0,Male,Right handed,Normal
sub140_AB,AB,19.0,frames/Vid19_BB_T.png,frames/Vid19_L.png,l,1.0,3.515979100004188,5.0,1.7987502000032691,,,,23.0,Male,Right handed,Normal
sub140_AB,AB,20.0,frames/Vid20_EM_T.png,frames/Vid20_L.png,l,1.0,3.286561700006132,5.0,1.1307416000054218,,,,23.0,Male,Right handed,Normal
sub140_AB,AB,21.0,frames/Vid21_BB_T.png,frames/Vid21_L.png,l,1.0,4.06091309999465,5.0,1.1823492999974403,,,,23.0,Male,Right handed,Normal
sub140_AB,AB,22.0,frames/Vid22_EM_T.png,frames/Vid22_L.png,r,1.0,4.607189500005916,5.0,0.765282299995306,,,,23.0,Male,Right handed,Normal
sub140_AB,AB,23.0,frames/Vid23_EM_T.png,frames/Vid23_L.png,l,1.0,2.336615799998981,5.0,1.698020700001507,,,,23.0,Male,Right handed,Normal
sub140_AB,AB,24.0,frames/Vid24_BB_T.png,frames/Vid24_L.png,r,1.0,2.7205749999993714,5.0,2.031864599994151,,,,23.0,Male,Right handed,Normal
sub140_AB,AB,25.0,frames/Vid25_BB_T.png,frames/Vid25_L.png,r,1.0,2.019790499994997,5.0,0.6489414000097895,,,,23.0,Male,Right handed,Normal
sub140_AB,AB,26.0,frames/Vid26_EM_T.png,frames/Vid26_L.png,l,1.0,2.1257976000051713,5.0,1.4989569000026677,,,,23.0,Male,Right handed,Normal
sub140_AB,AB,27.0,frames/Vid27_BB_T.png,frames/Vid27_L.png,l,1.0,5.781199899996864,5.0,0.8968338999984553,,,,23.0,Male,Right handed,Normal
sub140_AB,AB,28.0,frames/Vid28_EM_T.png,frames/Vid28_L.png,r,1.0,1.7446923999959836,5.0,0.898574799997732,,,,23.0,Male,Right handed,Normal
sub140_AB,AB,29.0,frames/Vid29_BB_T.png,frames/Vid29_L.png,r,1.0,2.9334737000026507,5.0,0.3806684000010136,,,,23.0,Male,Right handed,Normal
sub140_AB,AB,30.0,frames/Vid30_EM_T.png,frames/Vid30_L.png,r,1.0,3.37736749999749,5.0,1.6806001999939326,,,,23.0,Male,Right handed,Normal
sub140_AB,AB,31.0,frames/Vid31_EM_T.png,frames/Vid31_L.png,r,1.0,1.920042600002489,5.0,0.5964422999968519,,,,23.0,Male,Right handed,Normal
sub140_AB,AB,32.0,frames/Vid32_EM_T.png,frames/Vid32_L.png,r,1.0,8.714045300002908,5.0,1.6647462000109954,,,,23.0,Male,Right handed,Normal
sub140_AB,AB,33.0,frames/Vid33_BB_T.png,frames/Vid33_L.png,l,0.0,4.404036099993391,1.0,7.532175600004848,,,,23.0,Male,Right handed,Normal
sub140_AB,AB,34.0,frames/Vid34_BB_T.png,frames/Vid34_L.png,r,0.0,3.899894400004996,5.0,2.6477326000022003,,,,23.0,Male,Right handed,Normal
sub140_AB,AB,35.0,frames/Vid35_EM_T.png,frames/Vid35_L.png,l,1.0,3.71504750000895,5.0,1.5972365999914473,,,,23.0,Male,Right handed,Normal
sub140_AB,AB,36.0,frames/Vid36_BB_T.png,frames/Vid36_L.png,l,0.0,2.8023454999929527,2.0,1.6634852999995928,,,,23.0,Male,Right handed,Normal
sub140_AB,AB,37.0,frames/Vid37_BB_T.png,frames/Vid37_L.png,r,1.0,2.44154780000099,5.0,1.3480826999875717,,,,23.0,Male,Right handed,Normal
sub140_AB,AB,38.0,frames/Vid38_EM_T.png,frames/Vid38_L.png,l,0.0,4.891012899999623,5.0,1.8479817999905208,,,,23.0,Male,Right handed,Normal
sub140_AB,AB,39.0,frames/Vid39_BB_T.png,frames/Vid39_L.png,r,1.0,3.644058900012169,5.0,0.7648099999933038,,,,23.0,Male,Right handed,Normal
sub140_AB,AB,40.0,frames/Vid40_EM_T.png,frames/Vid40_L.png,l,1.0,6.669246999997995,5.0,1.9149413999984972,,,,23.0,Male,Right handed,Normal
sub141_AB,AB,1.0,frames/Vid1_EM_T.png,frames/Vid1_L.png,r,0.0,22.548208299995167,3.0,1.5316967999970077,,,,22.0,Male,Right handed,Normal
sub141_AB,AB,1.0,frames/Vid1_EM_T.png,frames/Vid1_L.png,l,1.0,2.6344886000006227,5.0,1.2813943000073778,,,,22.0,Male,Right handed,Normal
sub141_AB,AB,2.0,frames/Vid2_BB_T.png,frames/Vid2_L.png,l,1.0,4.0491486999962945,5.0,4.363524399988819,,,,22.0,Male,Right handed,Normal
sub141_AB,AB,2.0,frames/Vid2_BB_T.png,frames/Vid2_L.png,r,1.0,6.192840700008674,5.0,1.3473894000053406,,,,22.0,Male,Right handed,Normal
sub141_AB,AB,3.0,frames/Vid3_BB_T.png,frames/Vid3_L.png,l,1.0,11.559024599991972,4.0,1.4152551000006497,,,,22.0,Male,Right handed,Normal
sub141_AB,AB,3.0,frames/Vid3_BB_T.png,frames/Vid3_L.png,r,1.0,3.3820317999925464,5.0,2.4637155999953393,,,,22.0,Male,Right handed,Normal
sub141_AB,AB,4.0,frames/Vid4_EM_T.png,frames/Vid4_L.png,r,0.0,39.938002199996845,5.0,2.012209599997732,,,,22.0,Male,Right handed,Normal
sub141_AB,AB,4.0,frames/Vid4_EM_T.png,frames/Vid4_L.png,l,1.0,4.5020484999986365,5.0,0.8311020000110148,,,,22.0,Male,Right handed,Normal
sub141_AB,AB,5.0,frames/Vid5_EM_T.png,frames/Vid5_L.png,r,1.0,4.891332700004568,3.0,2.280989300008514,,,,22.0,Male,Right handed,Normal
sub141_AB,AB,5.0,frames/Vid5_EM_T.png,frames/Vid5_L.png,l,1.0,4.353049800003646,5.0,0.96386230000644,,,,22.0,Male,Right handed,Normal
sub141_AB,AB,6.0,frames/Vid6_BB_T.png,frames/Vid6_L.png,r,1.0,4.092042499993113,5.0,1.048750599991763,,,,22.0,Male,Right handed,Normal
sub141_AB,AB,6.0,frames/Vid6_BB_T.png,frames/Vid6_L.png,r,0.0,10.23997659998713,5.0,2.482051800005138,,,,22.0,Male,Right handed,Normal
sub141_AB,AB,7.0,frames/Vid7_EM_T.png,frames/Vid7_L.png,r,0.0,7.951773900000262,2.0,2.36464130000968,,,,22.0,Male,Right handed,Normal
sub141_AB,AB,7.0,frames/Vid7_EM_T.png,frames/Vid7_L.png,r,1.0,4.349824599994463,5.0,1.682075500008068,,,,22.0,Male,Right handed,Normal
sub141_AB,AB,8.0,frames/Vid8_BB_T.png,frames/Vid8_L.png,r,1.0,3.8891747999878135,5.0,0.9316502000001492,,,,22.0,Male,Right handed,Normal
sub141_AB,AB,8.0,frames/Vid8_BB_T.png,frames/Vid8_L.png,l,1.0,3.2741024999995716,5.0,1.381675600001472,,,,22.0,Male,Right handed,Normal
sub141_AB,AB,9.0,frames/Vid9_EM_T.png,frames/Vid9_L.png,r,1.0,11.31787919999624,4.0,0.8806233999930555,,,,22.0,Male,Right handed,Normal
sub141_AB,AB,9.0,frames/Vid9_EM_T.png,frames/Vid9_L.png,r,0.0,2.2848135999956867,5.0,0.7154719999962253,,,,22.0,Male,Right handed,Normal
sub141_AB,AB,10.0,frames/Vid10_BB_T.png,frames/Vid10_L.png,r,1.0,6.428217499997118,4.0,1.1161664000101157,,,,22.0,Male,Right handed,Normal
sub141_AB,AB,10.0,frames/Vid10_BB_T.png,frames/Vid10_L.png,l,1.0,5.58729769999627,5.0,2.082424300009734,,,,22.0,Male,Right handed,Normal
sub141_AB,AB,11.0,frames/Vid11_EM_T.png,frames/Vid11_L.png,l,1.0,3.0379348999995273,5.0,1.998059799996554,,,,22.0,Male,Right handed,Normal
sub141_AB,AB,11.0,frames/Vid11_EM_T.png,frames/Vid11_L.png,r,1.0,1.718368499990902,5.0,0.7489554999920074,,,,22.0,Male,Right handed,Normal
sub141_AB,AB,12.0,frames/Vid12_EM_T.png,frames/Vid12_L.png,l,1.0,3.798422000007122,4.0,3.0810999999957858,,,,22.0,Male,Right handed,Normal
sub141_AB,AB,12.0,frames/Vid12_EM_T.png,frames/Vid12_L.png,r,0.0,24.029187300009653,4.0,2.097599899992929,,,,22.0,Male,Right handed,Normal
sub141_AB,AB,13.0,frames/Vid13_BB_T.png,frames/Vid13_L.png,r,1.0,5.0258525000099326,4.0,1.2817226000042865,,,,22.0,Male,Right handed,Normal
sub141_AB,AB,13.0,frames/Vid13_BB_T.png,frames/Vid13_L.png,r,1.0,8.386264800006757,3.0,1.3490594000031706,,,,22.0,Male,Right handed,Normal
sub141_AB,AB,14.0,frames/Vid14_BB_T.png,frames/Vid14_L.png,l,1.0,3.1758602000045357,5.0,1.030850500013912,,,,22.0,Male,Right handed,Normal
sub141_AB,AB,14.0,frames/Vid14_BB_T.png,frames/Vid14_L.png,r,1.0,5.105375500002992,5.0,1.56373719999101,,,,22.0,Male,Right handed,Normal
sub141_AB,AB,15.0,frames/Vid15_BB_T.png,frames/Vid15_L.png,r,1.0,8.107179699989501,5.0,0.6480224000115413,,,,22.0,Male,Right handed,Normal
sub141_AB,AB,15.0,frames/Vid15_BB_T.png,frames/Vid15_L.png,r,0.0,6.914705599992885,5.0,0.8310575000068638,,,,22.0,Male,Right handed,Normal
sub141_AB,AB,16.0,frames/Vid16_EM_T.png,frames/Vid16_L.png,l,1.0,2.4394997999916086,5.0,0.6132707999931881,,,,22.0,Male,Right handed,Normal
sub141_AB,AB,16.0,frames/Vid16_EM_T.png,frames/Vid16_L.png,l,1.0,7.497705900008441,2.0,1.1800187000044389,,,,22.0,Male,Right handed,Normal
sub141_AB,AB,17.0,frames/Vid17_BB_T.png,frames/Vid17_L.png,r,0.0,10.585583399995812,2.0,2.3826126999920234,,,,22.0,Male,Right handed,Normal
sub141_AB,AB,17.0,frames/Vid17_BB_T.png,frames/Vid17_L.png,r,0.0,7.611845099992934,2.0,4.611955000000307,,,,22.0,Male,Right handed,Normal
sub141_AB,AB,18.0,frames/Vid18_EM_T.png,frames/Vid18_L.png,r,1.0,7.752241299996967,2.0,2.0814142000017455,,,,22.0,Male,Right handed,Normal
sub141_AB,AB,18.0,frames/Vid18_EM_T.png,frames/Vid18_L.png,r,1.0,4.967341599985957,3.0,0.8139981999993324,,,,22.0,Male,Right handed,Normal
sub141_AB,AB,19.0,frames/Vid19_BB_T.png,frames/Vid19_L.png,r,1.0,12.318296700002977,1.0,0.8828928000002634,,,,22.0,Male,Right handed,Normal
sub141_AB,AB,19.0,frames/Vid19_BB_T.png,frames/Vid19_L.png,r,1.0,4.044058700004825,1.0,1.7648492000007536,,,,22.0,Male,Right handed,Normal
sub141_AB,AB,20.0,frames/Vid20_EM_T.png,frames/Vid20_L.png,r,1.0,7.884730399993714,3.0,0.9974602000002052,,,,22.0,Male,Right handed,Normal
sub141_AB,AB,20.0,frames/Vid20_EM_T.png,frames/Vid20_L.png,r,1.0,5.391660799999954,5.0,0.8152591999969445,,,,22.0,Male,Right handed,Normal
sub141_AB,AB,21.0,frames/Vid21_BB_T.png,frames/Vid21_L.png,r,1.0,7.301961100005428,5.0,1.147878000003402,,,,22.0,Male,Right handed,Normal
sub141_AB,AB,21.0,frames/Vid21_BB_T.png,frames/Vid21_L.png,r,1.0,7.984434400001192,5.0,0.9988830000074812,,,,22.0,Male,Right handed,Normal
sub141_AB,AB,22.0,frames/Vid22_EM_T.png,frames/Vid22_L.png,l,1.0,2.9180895000026794,5.0,0.8978601999988314,,,,22.0,Male,Right handed,Normal
sub141_AB,AB,22.0,frames/Vid22_EM_T.png,frames/Vid22_L.png,r,1.0,2.80459709999559,5.0,0.9488997000007656,,,,22.0,Male,Right handed,Normal
sub141_AB,AB,23.0,frames/Vid23_EM_T.png,frames/Vid23_L.png,r,1.0,3.2117404000018723,3.0,1.582373600002029,,,,22.0,Male,Right handed,Normal
sub141_AB,AB,23.0,frames/Vid23_EM_T.png,frames/Vid23_L.png,l,1.0,3.867597999997088,3.0,0.9149672999919858,,,,22.0,Male,Right handed,Normal
sub141_AB,AB,24.0,frames/Vid24_BB_T.png,frames/Vid24_L.png,l,1.0,4.892266399998334,5.0,1.0314908999862382,,,,22.0,Male,Right handed,Normal
sub141_AB,AB,24.0,frames/Vid24_BB_T.png,frames/Vid24_L.png,l,1.0,10.030931799992686,5.0,0.9984764999971958,,,,22.0,Male,Right handed,Normal
sub141_AB,AB,25.0,frames/Vid25_BB_T.png,frames/Vid25_L.png,l,0.0,13.057529500001692,2.0,2.5810919999930775,,,,22.0,Male,Right handed,Normal
sub141_AB,AB,25.0,frames/Vid25_BB_T.png,frames/Vid25_L.png,l,0.0,12.317299799993634,5.0,1.0474254000000656,,,,22.0,Male,Right handed,Normal
sub141_AB,AB,26.0,frames/Vid26_EM_T.png,frames/Vid26_L.png,r,0.0,14.053440100004082,4.0,1.281745400003274,,,,22.0,Male,Right handed,Normal
sub141_AB,AB,26.0,frames/Vid26_EM_T.png,frames/Vid26_L.png,r,1.0,2.3036052999959793,5.0,1.096913699992001,,,,22.0,Male,Right handed,Normal
sub141_AB,AB,27.0,frames/Vid27_BB_T.png,frames/Vid27_L.png,r,0.0,18.372547699997085,4.0,1.0659510999976192,,,,22.0,Male,Right handed,Normal
sub141_AB,AB,27.0,frames/Vid27_BB_T.png,frames/Vid27_L.png,r,1.0,7.160787500004517,4.0,0.9326142000063556,,,,22.0,Male,Right handed,Normal
sub141_AB,AB,28.0,frames/Vid28_EM_T.png,frames/Vid28_L.png,r,1.0,3.3934625999972923,5.0,1.0978764000028605,,,,22.0,Male,Right handed,Normal
sub141_AB,AB,28.0,frames/Vid28_EM_T.png,frames/Vid28_L.png,r,1.0,2.710825300004217,5.0,0.7998175999964587,,,,22.0,Male,Right handed,Normal
sub141_AB,AB,29.0,frames/Vid29_BB_T.png,frames/Vid29_L.png,r,1.0,5.460802700006752,3.0,1.3979592000105183,,,,22.0,Male,Right handed,Normal
sub141_AB,AB,29.0,frames/Vid29_BB_T.png,frames/Vid29_L.png,r,1.0,5.140519799999311,3.0,2.381847800003015,,,,22.0,Male,Right handed,Normal
sub141_AB,AB,30.0,frames/Vid30_EM_T.png,frames/Vid30_L.png,l,1.0,4.1289607000071555,5.0,1.547558599995682,,,,22.0,Male,Right handed,Normal
sub141_AB,AB,30.0,frames/Vid30_EM_T.png,frames/Vid30_L.png,r,1.0,6.569178200006718,2.0,2.3152619000029517,,,,22.0,Male,Right handed,Normal
sub141_AB,AB,31.0,frames/Vid31_EM_T.png,frames/Vid31_L.png,r,1.0,3.6027792999957455,5.0,1.2309944000007818,,,,22.0,Male,Right handed,Normal
sub141_AB,AB,31.0,frames/Vid31_EM_T.png,frames/Vid31_L.png,l,1.0,3.7224106000066968,2.0,1.1316605000029083,,,,22.0,Male,Right handed,Normal
sub141_AB,AB,32.0,frames/Vid32_EM_T.png,frames/Vid32_L.png,r,1.0,5.051611500006402,4.0,1.2477943999983836,,,,22.0,Male,Right handed,Normal
sub141_AB,AB,32.0,frames/Vid32_EM_T.png,frames/Vid32_L.png,r,0.0,2.8534474999905797,1.0,0.9152695999946444,,,,22.0,Male,Right handed,Normal
sub141_AB,AB,33.0,frames/Vid33_BB_T.png,frames/Vid33_L.png,r,1.0,15.033259100004216,5.0,11.246096300004863,,,,22.0,Male,Right handed,Normal
sub141_AB,AB,33.0,frames/Vid33_BB_T.png,frames/Vid33_L.png,r,1.0,3.541717600004631,5.0,0.9646471000014571,,,,22.0,Male,Right handed,Normal
sub141_AB,AB,34.0,frames/Vid34_BB_T.png,frames/Vid34_L.png,r,1.0,5.693529400014086,5.0,0.7817846999969333,,,,22.0,Male,Right handed,Normal
sub141_AB,AB,34.0,frames/Vid34_BB_T.png,frames/Vid34_L.png,r,1.0,11.228828899998916,3.0,1.1821096000057878,,,,22.0,Male,Right handed,Normal
sub141_AB,AB,35.0,frames/Vid35_EM_T.png,frames/Vid35_L.png,l,1.0,8.825827099994058,5.0,1.4167892999976175,,,,22.0,Male,Right handed,Normal
sub141_AB,AB,35.0,frames/Vid35_EM_T.png,frames/Vid35_L.png,r,1.0,5.639040899986867,5.0,0.9816928999935044,,,,22.0,Male,Right handed,Normal
sub141_AB,AB,36.0,frames/Vid36_BB_T.png,frames/Vid36_L.png,l,1.0,3.635546499994234,5.0,1.0983511000085855,,,,22.0,Male,Right handed,Normal
sub141_AB,AB,36.0,frames/Vid36_BB_T.png,frames/Vid36_L.png,r,0.0,4.864388899994083,2.0,1.2654329000069993,,,,22.0,Male,Right handed,Normal
sub141_AB,AB,37.0,frames/Vid37_BB_T.png,frames/Vid37_L.png,r,1.0,3.703571300007752,5.0,0.7982764999906067,,,,22.0,Male,Right handed,Normal
sub141_AB,AB,37.0,frames/Vid37_BB_T.png,frames/Vid37_L.png,r,1.0,2.16861809999682,5.0,0.8979871000046842,,,,22.0,Male,Right handed,Normal
sub141_AB,AB,38.0,frames/Vid38_EM_T.png,frames/Vid38_L.png,r,0.0,7.2080052999954205,4.0,1.4656548000057228,,,,22.0,Male,Right handed,Normal
sub141_AB,AB,38.0,frames/Vid38_EM_T.png,frames/Vid38_L.png,l,0.0,8.773647499998333,4.0,2.0977065000042785,,,,22.0,Male,Right handed,Normal
sub141_AB,AB,39.0,frames/Vid39_BB_T.png,frames/Vid39_L.png,r,0.0,8.589252799996757,2.0,1.7145656000066083,,,,22.0,Male,Right handed,Normal
sub141_AB,AB,39.0,frames/Vid39_BB_T.png,frames/Vid39_L.png,l,1.0,14.644900899991626,4.0,11.049390999993191,,,,22.0,Male,Right handed,Normal
sub141_AB,AB,40.0,frames/Vid40_EM_T.png,frames/Vid40_L.png,r,0.0,8.133117299992591,4.0,1.131888699994306,,,,22.0,Male,Right handed,Normal
sub141_AB,AB,40.0,frames/Vid40_EM_T.png,frames/Vid40_L.png,l,1.0,6.674801699991804,5.0,1.4155701999989103,,,,22.0,Male,Right handed,Normal
sub144_AB,AB,1.0,frames/Vid1_EM_T.png,frames/Vid1_L.png,r,1.0,5.6053015000070445,5.0,1.9648254999920027,,,,20.0,Male,Right handed,Normal
sub144_AB,AB,2.0,frames/Vid2_BB_T.png,frames/Vid2_L.png,l,0.0,5.872444900000119,2.0,0.6652396999998018,,,,20.0,Male,Right handed,Normal
sub144_AB,AB,3.0,frames/Vid3_BB_T.png,frames/Vid3_L.png,r,1.0,3.4378912999964086,5.0,1.86520699999528,,,,20.0,Male,Right handed,Normal
sub144_AB,AB,4.0,frames/Vid4_EM_T.png,frames/Vid4_L.png,l,1.0,10.359469399991212,3.0,1.664103699993575,,,,20.0,Male,Right handed,Normal
sub144_AB,AB,5.0,frames/Vid5_EM_T.png,frames/Vid5_L.png,r,1.0,12.652734299990698,2.0,0.7635424999898532,,,,20.0,Male,Right handed,Normal
sub144_AB,AB,6.0,frames/Vid6_BB_T.png,frames/Vid6_L.png,r,1.0,9.288342500003637,4.0,2.331197499996051,,,,20.0,Male,Right handed,Normal
sub144_AB,AB,7.0,frames/Vid7_EM_T.png,frames/Vid7_L.png,r,1.0,8.107296200003475,3.0,1.0803461000032255,,,,20.0,Male,Right handed,Normal
sub144_AB,AB,8.0,frames/Vid8_BB_T.png,frames/Vid8_L.png,r,1.0,17.39479510000092,3.0,1.182284199996502,,,,20.0,Male,Right handed,Normal
sub144_AB,AB,9.0,frames/Vid9_EM_T.png,frames/Vid9_L.png,r,1.0,3.392563200002769,4.0,1.5148782000032952,,,,20.0,Male,Right handed,Normal
sub144_AB,AB,10.0,frames/Vid10_BB_T.png,frames/Vid10_L.png,r,1.0,6.037193799988017,4.0,3.8470406999986153,,,,20.0,Male,Right handed,Normal
sub144_AB,AB,11.0,frames/Vid11_EM_T.png,frames/Vid11_L.png,l,1.0,4.763427600002615,4.0,0.564199100001133,,,,20.0,Male,Right handed,Normal
sub144_AB,AB,12.0,frames/Vid12_EM_T.png,frames/Vid12_L.png,l,1.0,6.312108799989801,4.0,1.2962865000008603,,,,20.0,Male,Right handed,Normal
sub144_AB,AB,13.0,frames/Vid13_BB_T.png,frames/Vid13_L.png,l,1.0,4.725977499998407,4.0,0.7813714000076288,,,,20.0,Male,Right handed,Normal
sub144_AB,AB,14.0,frames/Vid14_BB_T.png,frames/Vid14_L.png,l,1.0,7.528581699996721,2.0,2.3145950000034645,,,,20.0,Male,Right handed,Normal
sub144_AB,AB,15.0,frames/Vid15_BB_T.png,frames/Vid15_L.png,l,1.0,5.2737727999920025,4.0,2.0637109000090277,,,,20.0,Male,Right handed,Normal
sub144_AB,AB,16.0,frames/Vid16_EM_T.png,frames/Vid16_L.png,l,0.0,6.318751600003452,3.0,1.0655721000075573,,,,20.0,Male,Right handed,Normal
sub144_AB,AB,17.0,frames/Vid17_BB_T.png,frames/Vid17_L.png,r,1.0,3.2331197999883443,5.0,1.865467900002841,,,,20.0,Male,Right handed,Normal
sub144_AB,AB,18.0,frames/Vid18_EM_T.png,frames/Vid18_L.png,r,1.0,5.62335969999549,3.0,0.582273099993472,,,,20.0,Male,Right handed,Normal
sub144_AB,AB,19.0,frames/Vid19_BB_T.png,frames/Vid19_L.png,r,1.0,6.240549599999213,3.0,2.04726859999937,,,,20.0,Male,Right handed,Normal
sub144_AB,AB,20.0,frames/Vid20_EM_T.png,frames/Vid20_L.png,l,0.0,4.459676499987836,3.0,1.1654127999936463,,,,20.0,Male,Right handed,Normal
sub144_AB,AB,21.0,frames/Vid21_BB_T.png,frames/Vid21_L.png,l,1.0,3.3198732000018936,5.0,1.7646205000055488,,,,20.0,Male,Right handed,Normal
sub144_AB,AB,22.0,frames/Vid22_EM_T.png,frames/Vid22_L.png,r,1.0,2.1505796999990707,5.0,1.3152708999987226,,,,20.0,Male,Right handed,Normal
sub144_AB,AB,23.0,frames/Vid23_EM_T.png,frames/Vid23_L.png,r,1.0,6.798941700006253,2.0,1.098826100002043,,,,20.0,Male,Right handed,Normal
sub144_AB,AB,24.0,frames/Vid24_BB_T.png,frames/Vid24_L.png,r,1.0,4.328382099993178,4.0,1.4814327000058256,,,,20.0,Male,Right handed,Normal
sub144_AB,AB,25.0,frames/Vid25_BB_T.png,frames/Vid25_L.png,r,1.0,6.8109304000099655,3.0,1.8140733999898655,,,,20.0,Male,Right handed,Normal
sub144_AB,AB,26.0,frames/Vid26_EM_T.png,frames/Vid26_L.png,r,1.0,12.320320899991202,5.0,1.6638010000024224,,,,20.0,Male,Right handed,Normal
sub144_AB,AB,27.0,frames/Vid27_BB_T.png,frames/Vid27_L.png,r,0.0,9.20192570000654,4.0,1.314061799988849,,,,20.0,Male,Right handed,Normal
sub144_AB,AB,28.0,frames/Vid28_EM_T.png,frames/Vid28_L.png,l,0.0,6.914281399993342,5.0,1.3310500000079628,,,,20.0,Male,Right handed,Normal
sub144_AB,AB,29.0,frames/Vid29_BB_T.png,frames/Vid29_L.png,l,0.0,3.6088430999952834,3.0,1.5489145000028657,,,,20.0,Male,Right handed,Normal
sub144_AB,AB,30.0,frames/Vid30_EM_T.png,frames/Vid30_L.png,r,1.0,8.860127400010242,2.0,1.7156539999996312,,,,20.0,Male,Right handed,Normal
sub144_AB,AB,31.0,frames/Vid31_EM_T.png,frames/Vid31_L.png,l,1.0,4.2456443999981275,4.0,1.1126786000095308,,,,20.0,Male,Right handed,Normal
sub144_AB,AB,32.0,frames/Vid32_EM_T.png,frames/Vid32_L.png,r,1.0,3.189994000000297,5.0,1.0487576000014087,,,,20.0,Male,Right handed,Normal
sub144_AB,AB,33.0,frames/Vid33_BB_T.png,frames/Vid33_L.png,l,1.0,4.498272400000133,2.0,1.3152636000013445,,,,20.0,Male,Right handed,Normal
sub144_AB,AB,34.0,frames/Vid34_BB_T.png,frames/Vid34_L.png,l,1.0,4.882155200000852,3.0,1.1989464000071166,,,,20.0,Male,Right handed,Normal
sub144_AB,AB,35.0,frames/Vid35_EM_T.png,frames/Vid35_L.png,r,1.0,5.127024900008109,4.0,0.5814017999946373,,,,20.0,Male,Right handed,Normal
sub144_AB,AB,36.0,frames/Vid36_BB_T.png,frames/Vid36_L.png,r,0.0,9.518263699996169,2.0,1.3976541000010911,,,,20.0,Male,Right handed,Normal
sub144_AB,AB,37.0,frames/Vid37_BB_T.png,frames/Vid37_L.png,r,1.0,2.957652600001893,5.0,1.298108799994225,,,,20.0,Male,Right handed,Normal
sub144_AB,AB,38.0,frames/Vid38_EM_T.png,frames/Vid38_L.png,r,1.0,3.4947506000025896,4.0,1.8488133999926504,,,,20.0,Male,Right handed,Normal
sub144_AB,AB,39.0,frames/Vid39_BB_T.png,frames/Vid39_L.png,l,1.0,3.337229800003115,3.0,0.8466683000006014,,,,20.0,Male,Right handed,Normal
sub144_AB,AB,40.0,frames/Vid40_EM_T.png,frames/Vid40_L.png,r,0.0,7.599449999994249,4.0,0.9978152999974554,,,,20.0,Male,Right handed,Normal
sub148_AB,AB,1.0,frames/Vid1_EM_T.png,frames/Vid1_L.png,l,1.0,6.842663799994625,5.0,1.065223799989326,,,,23.0,Female,Right handed,Corrected to normal
sub148_AB,AB,2.0,frames/Vid2_BB_T.png,frames/Vid2_L.png,l,1.0,4.04365730000427,5.0,0.9794339000072796,,,,23.0,Female,Right handed,Corrected to normal
sub148_AB,AB,3.0,frames/Vid3_BB_T.png,frames/Vid3_L.png,r,1.0,3.7408300999959465,5.0,1.0993930000113323,,,,23.0,Female,Right handed,Corrected to normal
sub148_AB,AB,4.0,frames/Vid4_EM_T.png,frames/Vid4_L.png,r,0.0,21.3614341999928,5.0,1.848465200018836,,,,23.0,Female,Right handed,Corrected to normal
sub148_AB,AB,5.0,frames/Vid5_EM_T.png,frames/Vid5_L.png,l,1.0,6.5131759000069,1.0,2.996043199993437,,,,23.0,Female,Right handed,Corrected to normal
sub148_AB,AB,6.0,frames/Vid6_BB_T.png,frames/Vid6_L.png,r,1.0,3.967660900001647,5.0,1.2655421000090428,,,,23.0,Female,Right handed,Corrected to normal
sub148_AB,AB,7.0,frames/Vid7_EM_T.png,frames/Vid7_L.png,l,1.0,6.683036100002937,4.0,1.0467280000157189,,,,23.0,Female,Right handed,Corrected to normal
sub148_AB,AB,8.0,frames/Vid8_BB_T.png,frames/Vid8_L.png,l,0.0,3.893088700016961,3.0,1.663662299979478,,,,23.0,Female,Right handed,Corrected to normal
sub148_AB,AB,9.0,frames/Vid9_EM_T.png,frames/Vid9_L.png,l,0.0,7.562726800009841,2.0,1.7485085999942385,,,,23.0,Female,Right handed,Corrected to normal
sub148_AB,AB,10.0,frames/Vid10_BB_T.png,frames/Vid10_L.png,l,1.0,4.822915199998533,5.0,1.1151850000023842,,,,23.0,Female,Right handed,Corrected to normal
sub148_AB,AB,11.0,frames/Vid11_EM_T.png,frames/Vid11_L.png,r,1.0,4.911166800011415,5.0,1.081519200000912,,,,23.0,Female,Right handed,Corrected to normal
sub148_AB,AB,12.0,frames/Vid12_EM_T.png,frames/Vid12_L.png,r,1.0,2.693977700022515,5.0,1.2151878000004217,,,,23.0,Female,Right handed,Corrected to normal
sub148_AB,AB,13.0,frames/Vid13_BB_T.png,frames/Vid13_L.png,r,0.0,3.772812299983343,2.0,1.8640771000063976,,,,23.0,Female,Right handed,Corrected to normal
sub148_AB,AB,14.0,frames/Vid14_BB_T.png,frames/Vid14_L.png,r,1.0,10.050832199980505,3.0,3.698747699992964,,,,23.0,Female,Right handed,Corrected to normal
sub148_AB,AB,15.0,frames/Vid15_BB_T.png,frames/Vid15_L.png,l,0.0,5.932115200004773,1.0,0.9823493000003508,,,,23.0,Female,Right handed,Corrected to normal
sub148_AB,AB,16.0,frames/Vid16_EM_T.png,frames/Vid16_L.png,l,1.0,5.843885100010084,2.0,0.6949821999878623,,,,23.0,Female,Right handed,Corrected to normal
sub148_AB,AB,17.0,frames/Vid17_BB_T.png,frames/Vid17_L.png,l,0.0,5.94024499997613,2.0,1.4975307999993674,,,,23.0,Female,Right handed,Corrected to normal
sub148_AB,AB,18.0,frames/Vid18_EM_T.png,frames/Vid18_L.png,l,1.0,4.490466200019,2.0,0.9489589000004344,,,,23.0,Female,Right handed,Corrected to normal
sub148_AB,AB,19.0,frames/Vid19_BB_T.png,frames/Vid19_L.png,r,1.0,3.840993600024376,3.0,2.44732340000337,,,,23.0,Female,Right handed,Corrected to normal
sub148_AB,AB,20.0,frames/Vid20_EM_T.png,frames/Vid20_L.png,l,0.0,9.399315799993929,2.0,2.813109899987466,,,,23.0,Female,Right handed,Corrected to normal
sub148_AB,AB,21.0,frames/Vid21_BB_T.png,frames/Vid21_L.png,l,1.0,8.052930799982278,5.0,1.646385400003055,,,,23.0,Female,Right handed,Corrected to normal
sub148_AB,AB,22.0,frames/Vid22_EM_T.png,frames/Vid22_L.png,l,1.0,5.331058200012194,5.0,1.4327026999962982,,,,23.0,Female,Right handed,Corrected to normal
sub148_AB,AB,23.0,frames/Vid23_EM_T.png,frames/Vid23_L.png,l,1.0,4.98727520002285,3.0,1.6823061000031885,,,,23.0,Female,Right handed,Corrected to normal
sub148_AB,AB,24.0,frames/Vid24_BB_T.png,frames/Vid24_L.png,r,1.0,2.9315988999733236,5.0,1.4798110999981873,,,,23.0,Female,Right handed,Corrected to normal
sub148_AB,AB,25.0,frames/Vid25_BB_T.png,frames/Vid25_L.png,l,0.0,5.327121800015448,3.0,2.5464904999826103,,,,23.0,Female,Right handed,Corrected to normal
sub148_AB,AB,26.0,frames/Vid26_EM_T.png,frames/Vid26_L.png,l,1.0,3.493556700006593,5.0,1.5645400999928825,,,,23.0,Female,Right handed,Corrected to normal
sub148_AB,AB,27.0,frames/Vid27_BB_T.png,frames/Vid27_L.png,l,1.0,4.484755699988455,3.0,0.9296777000126896,,,,23.0,Female,Right handed,Corrected to normal
sub148_AB,AB,28.0,frames/Vid28_EM_T.png,frames/Vid28_L.png,r,1.0,4.863526500004809,5.0,1.7467877000162844,,,,23.0,Female,Right handed,Corrected to normal
sub148_AB,AB,29.0,frames/Vid29_BB_T.png,frames/Vid29_L.png,r,1.0,7.65932750000502,2.0,1.814996200002497,,,,23.0,Female,Right handed,Corrected to normal
sub148_AB,AB,30.0,frames/Vid30_EM_T.png,frames/Vid30_L.png,l,1.0,11.383327599993208,1.0,2.248290100018494,,,,23.0,Female,Right handed,Corrected to normal
sub148_AB,AB,31.0,frames/Vid31_EM_T.png,frames/Vid31_L.png,r,1.0,3.7036015999910887,5.0,1.4632783999841197,,,,23.0,Female,Right handed,Corrected to normal
sub148_AB,AB,32.0,frames/Vid32_EM_T.png,frames/Vid32_L.png,r,1.0,3.532302300009178,5.0,1.1983235999941826,,,,23.0,Female,Right handed,Corrected to normal
sub148_AB,AB,33.0,frames/Vid33_BB_T.png,frames/Vid33_L.png,l,1.0,6.448439999978291,4.0,1.6141217999975197,,,,23.0,Female,Right handed,Corrected to normal
sub148_AB,AB,34.0,frames/Vid34_BB_T.png,frames/Vid34_L.png,l,1.0,5.513610599999083,5.0,1.4803984000172932,,,,23.0,Female,Right handed,Corrected to normal
sub148_AB,AB,35.0,frames/Vid35_EM_T.png,frames/Vid35_L.png,l,1.0,4.515360699995654,2.0,1.2306934000225738,,,,23.0,Female,Right handed,Corrected to normal
sub148_AB,AB,36.0,frames/Vid36_BB_T.png,frames/Vid36_L.png,l,1.0,4.339922099985415,2.0,0.5474194000125863,,,,23.0,Female,Right handed,Corrected to normal
sub148_AB,AB,37.0,frames/Vid37_BB_T.png,frames/Vid37_L.png,l,1.0,8.098668200022075,5.0,6.597137600008864,,,,23.0,Female,Right handed,Corrected to normal
sub148_AB,AB,38.0,frames/Vid38_EM_T.png,frames/Vid38_L.png,l,1.0,4.240162000001874,4.0,1.3312073999841232,,,,23.0,Female,Right handed,Corrected to normal
sub148_AB,AB,39.0,frames/Vid39_BB_T.png,frames/Vid39_L.png,r,0.0,5.3747459999867715,5.0,1.381808900012402,,,,23.0,Female,Right handed,Corrected to normal
sub148_AB,AB,40.0,frames/Vid40_EM_T.png,frames/Vid40_L.png,r,1.0,5.63144420000026,4.0,0.830948700022418,,,,23.0,Female,Right handed,Corrected to normal
sub149_NB,NB,1.0,frames/Vid1_EM_T.png,frames/Vid1_L.png,r,1.0,6.725143299991032,4.0,1.1144559999811463,,,,22.0,Male,Right handed,Normal
sub149_NB,NB,2.0,frames/Vid2_BB_T.png,frames/Vid2_L.png,l,1.0,3.7004769000050146,5.0,1.3153599000070244,,,,22.0,Male,Right handed,Normal
sub149_NB,NB,3.0,frames/Vid3_BB_T.png,frames/Vid3_L.png,l,1.0,4.471362799988128,5.0,1.1477423000033014,,,,22.0,Male,Right handed,Normal
sub149_NB,NB,4.0,frames/Vid4_EM_T.png,frames/Vid4_L.png,r,1.0,4.076847600023029,5.0,0.8312809999915771,,,,22.0,Male,Right handed,Normal
sub149_NB,NB,5.0,frames/Vid5_EM_T.png,frames/Vid5_L.png,r,1.0,2.2935026999912225,4.0,0.8987059000064619,,,,22.0,Male,Right handed,Normal
sub149_NB,NB,6.0,frames/Vid6_BB_T.png,frames/Vid6_L.png,r,1.0,2.1185404999996535,5.0,0.9149437000160106,,,,22.0,Male,Right handed,Normal
sub149_NB,NB,7.0,frames/Vid7_EM_T.png,frames/Vid7_L.png,l,1.0,9.13854220000212,4.0,13.365281400008826,,,,22.0,Male,Right handed,Normal
sub149_NB,NB,8.0,frames/Vid8_BB_T.png,frames/Vid8_L.png,l,0.0,4.078987599990796,3.0,2.2125442999822553,,,,22.0,Male,Right handed,Normal
sub149_NB,NB,9.0,frames/Vid9_EM_T.png,frames/Vid9_L.png,r,1.0,3.2749394999991637,2.0,2.298998499987647,,,,22.0,Male,Right handed,Normal
sub149_NB,NB,10.0,frames/Vid10_BB_T.png,frames/Vid10_L.png,r,1.0,2.0566983000026084,5.0,0.864953999989666,,,,22.0,Male,Right handed,Normal
sub149_NB,NB,11.0,frames/Vid11_EM_T.png,frames/Vid11_L.png,r,1.0,4.5515982000215445,3.0,1.0157708000042476,,,,22.0,Male,Right handed,Normal
sub149_NB,NB,12.0,frames/Vid12_EM_T.png,frames/Vid12_L.png,l,1.0,3.5782433999993373,5.0,1.4146653000207152,,,,22.0,Male,Right handed,Normal
sub149_NB,NB,13.0,frames/Vid13_BB_T.png,frames/Vid13_L.png,r,1.0,3.051995199988596,5.0,0.8453643000102602,,,,22.0,Male,Right handed,Normal
sub149_NB,NB,14.0,frames/Vid14_BB_T.png,frames/Vid14_L.png,l,1.0,3.115834199998062,3.0,1.0317699000006542,,,,22.0,Male,Right handed,Normal
sub149_NB,NB,15.0,frames/Vid15_BB_T.png,frames/Vid15_L.png,r,1.0,2.2862829999940004,4.0,0.7971644999925047,,,,22.0,Male,Right handed,Normal
sub149_NB,NB,16.0,frames/Vid16_EM_T.png,frames/Vid16_L.png,l,0.0,5.524645500001498,3.0,2.9485274000035133,,,,22.0,Male,Right handed,Normal
sub149_NB,NB,17.0,frames/Vid17_BB_T.png,frames/Vid17_L.png,r,1.0,3.249239700002363,5.0,0.9136171999853104,,,,22.0,Male,Right handed,Normal
sub149_NB,NB,18.0,frames/Vid18_EM_T.png,frames/Vid18_L.png,l,1.0,4.575330499996198,5.0,1.3144988999993077,,,,22.0,Male,Right handed,Normal
sub149_NB,NB,19.0,frames/Vid19_BB_T.png,frames/Vid19_L.png,r,0.0,5.026301800011424,3.0,1.3822064000123646,,,,22.0,Male,Right handed,Normal
sub149_NB,NB,20.0,frames/Vid20_EM_T.png,frames/Vid20_L.png,r,1.0,4.537434500001837,4.0,1.166213999997126,,,,22.0,Male,Right handed,Normal
sub149_NB,NB,21.0,frames/Vid21_BB_T.png,frames/Vid21_L.png,r,1.0,4.038261000008788,5.0,1.1980351000092924,,,,22.0,Male,Right handed,Normal
sub149_NB,NB,22.0,frames/Vid22_EM_T.png,frames/Vid22_L.png,l,1.0,3.2542184999911115,5.0,1.065300699992804,,,,22.0,Male,Right handed,Normal
sub149_NB,NB,23.0,frames/Vid23_EM_T.png,frames/Vid23_L.png,r,1.0,3.6537705999799073,2.0,1.5153428000048734,,,,22.0,Male,Right handed,Normal
sub149_NB,NB,24.0,frames/Vid24_BB_T.png,frames/Vid24_L.png,r,0.0,4.28281559998868,4.0,2.01331310000387,,,,22.0,Male,Right handed,Normal
sub149_NB,NB,25.0,frames/Vid25_BB_T.png,frames/Vid25_L.png,l,1.0,3.469751000026008,5.0,1.5459987000213005,,,,22.0,Male,Right handed,Normal
sub149_NB,NB,26.0,frames/Vid26_EM_T.png,frames/Vid26_L.png,l,1.0,3.315964500012342,5.0,1.8315996000019368,,,,22.0,Male,Right handed,Normal
sub149_NB,NB,27.0,frames/Vid27_BB_T.png,frames/Vid27_L.png,l,1.0,3.2688578000233974,5.0,1.2645806999935305,,,,22.0,Male,Right handed,Normal
sub149_NB,NB,28.0,frames/Vid28_EM_T.png,frames/Vid28_L.png,l,1.0,2.5827344999997877,5.0,1.2476093000150286,,,,22.0,Male,Right handed,Normal
sub149_NB,NB,29.0,frames/Vid29_BB_T.png,frames/Vid29_L.png,r,1.0,3.407362199999625,5.0,0.9482686000119428,,,,22.0,Male,Right handed,Normal
sub149_NB,NB,30.0,frames/Vid30_EM_T.png,frames/Vid30_L.png,r,1.0,3.779415299999528,4.0,0.9806323999946472,,,,22.0,Male,Right handed,Normal
sub149_NB,NB,31.0,frames/Vid31_EM_T.png,frames/Vid31_L.png,l,1.0,3.3289389999990817,5.0,0.9650201000040396,,,,22.0,Male,Right handed,Normal
sub149_NB,NB,32.0,frames/Vid32_EM_T.png,frames/Vid32_L.png,l,1.0,4.818450399994617,5.0,1.2636115000059365,,,,22.0,Male,Right handed,Normal
sub149_NB,NB,33.0,frames/Vid33_BB_T.png,frames/Vid33_L.png,l,1.0,4.477553299977444,4.0,1.297970699990401,,,,22.0,Male,Right handed,Normal
sub149_NB,NB,34.0,frames/Vid34_BB_T.png,frames/Vid34_L.png,r,0.0,0.275554199994076,3.0,3.931281500001205,,,,22.0,Male,Right handed,Normal
sub149_NB,NB,35.0,frames/Vid35_EM_T.png,frames/Vid35_L.png,r,1.0,3.211636099993484,5.0,1.0478607999975793,,,,22.0,Male,Right handed,Normal
sub149_NB,NB,36.0,frames/Vid36_BB_T.png,frames/Vid36_L.png,l,1.0,3.5033458000107203,4.0,1.1317286000121385,,,,22.0,Male,Right handed,Normal
sub149_NB,NB,37.0,frames/Vid37_BB_T.png,frames/Vid37_L.png,l,1.0,2.354993800021475,5.0,0.7169327999872621,,,,22.0,Male,Right handed,Normal
sub149_NB,NB,38.0,frames/Vid38_EM_T.png,frames/Vid38_L.png,r,1.0,3.6329564999905415,5.0,0.8796254000044428,,,,22.0,Male,Right handed,Normal
sub149_NB,NB,39.0,frames/Vid39_BB_T.png,frames/Vid39_L.png,l,0.0,4.923225799982902,3.0,0.9327943999960552,,,,22.0,Male,Right handed,Normal
sub149_NB,NB,40.0,frames/Vid40_EM_T.png,frames/Vid40_L.png,l,1.0,3.663461400021333,5.0,1.215966899995692,,,,22.0,Male,Right handed,Normal
sub14_NB,NB,1.0,frames/Vid1_EM_T.png,frames/Vid1_L.png,r,1.0,4.865318500000285,5.0,1.9480686000024432,,,,21.0,Female,Right handed,Normal
sub14_NB,NB,2.0,frames/Vid2_BB_T.png,frames/Vid2_L.png,l,1.0,3.51197819999652,5.0,2.4808857000025455,,,,21.0,Female,Right handed,Normal
sub14_NB,NB,3.0,frames/Vid3_BB_T.png,frames/Vid3_L.png,l,1.0,3.686887599993497,5.0,0.947913999989396,,,,21.0,Female,Right handed,Normal
sub14_NB,NB,4.0,frames/Vid4_EM_T.png,frames/Vid4_L.png,r,0.0,28.51153190000332,5.0,2.614928700000746,,,,21.0,Female,Right handed,Normal
sub14_NB,NB,5.0,frames/Vid5_EM_T.png,frames/Vid5_L.png,l,0.0,5.870088199997554,2.0,2.965150900010485,,,,21.0,Female,Right handed,Normal
sub14_NB,NB,6.0,frames/Vid6_BB_T.png,frames/Vid6_L.png,r,1.0,4.415137899981346,5.0,4.647172099997988,,,,21.0,Female,Right handed,Normal
sub14_NB,NB,7.0,frames/Vid7_EM_T.png,frames/Vid7_L.png,l,1.0,4.342418700020062,5.0,0.847544000018388,,,,21.0,Female,Right handed,Normal
sub14_NB,NB,8.0,frames/Vid8_BB_T.png,frames/Vid8_L.png,r,0.0,11.116804899997078,5.0,1.6478719000006097,,,,21.0,Female,Right handed,Normal
sub14_NB,NB,9.0,frames/Vid9_EM_T.png,frames/Vid9_L.png,l,1.0,3.562519300001441,5.0,1.5647781000006944,,,,21.0,Female,Right handed,Normal
sub14_NB,NB,10.0,frames/Vid10_BB_T.png,frames/Vid10_L.png,r,1.0,6.511447400000179,4.0,3.2481912999937776,,,,21.0,Female,Right handed,Normal
sub14_NB,NB,11.0,frames/Vid11_EM_T.png,frames/Vid11_L.png,l,1.0,3.592228499997873,5.0,1.0315613000129815,,,,21.0,Female,Right handed,Normal
sub14_NB,NB,12.0,frames/Vid12_EM_T.png,frames/Vid12_L.png,r,1.0,2.939841699990211,5.0,0.813563499978045,,,,21.0,Female,Right handed,Normal
sub14_NB,NB,13.0,frames/Vid13_BB_T.png,frames/Vid13_L.png,r,1.0,2.8545726999873295,5.0,0.6307227999786846,,,,21.0,Female,Right handed,Normal
sub14_NB,NB,14.0,frames/Vid14_BB_T.png,frames/Vid14_L.png,l,1.0,4.103057100001024,5.0,0.6134919000032824,,,,21.0,Female,Right handed,Normal
sub14_NB,NB,15.0,frames/Vid15_BB_T.png,frames/Vid15_L.png,l,1.0,4.913838700013002,5.0,1.0486842000100296,,,,21.0,Female,Right handed,Normal
sub14_NB,NB,16.0,frames/Vid16_EM_T.png,frames/Vid16_L.png,r,0.0,11.921306900010675,3.0,1.2644663999963086,,,,21.0,Female,Right handed,Normal
sub14_NB,NB,17.0,frames/Vid17_BB_T.png,frames/Vid17_L.png,l,1.0,14.217584300000452,1.0,2.3649879000149667,,,,21.0,Female,Right handed,Normal
sub14_NB,NB,18.0,frames/Vid18_EM_T.png,frames/Vid18_L.png,l,1.0,5.5882520000159275,5.0,1.4482527000072878,,,,21.0,Female,Right handed,Normal
sub14_NB,NB,19.0,frames/Vid19_BB_T.png,frames/Vid19_L.png,l,0.0,6.926605799992103,3.0,2.4152180000091903,,,,21.0,Female,Right handed,Normal
sub14_NB,NB,20.0,frames/Vid20_EM_T.png,frames/Vid20_L.png,r,1.0,3.026779899984831,5.0,2.130226999986917,,,,21.0,Female,Right handed,Normal
sub14_NB,NB,21.0,frames/Vid21_BB_T.png,frames/Vid21_L.png,l,1.0,4.21294259998831,5.0,1.0802801999961955,,,,21.0,Female,Right handed,Normal
sub14_NB,NB,22.0,frames/Vid22_EM_T.png,frames/Vid22_L.png,l,1.0,3.1530142000119668,5.0,2.2484630000253674,,,,21.0,Female,Right handed,Normal
sub14_NB,NB,23.0,frames/Vid23_EM_T.png,frames/Vid23_L.png,l,1.0,6.8055809999932535,4.0,1.76606290001655,,,,21.0,Female,Right handed,Normal
sub14_NB,NB,24.0,frames/Vid24_BB_T.png,frames/Vid24_L.png,l,1.0,2.7272272999980487,5.0,0.5487767000158783,,,,21.0,Female,Right handed,Normal
sub14_NB,NB,25.0,frames/Vid25_BB_T.png,frames/Vid25_L.png,r,1.0,6.1778035999741405,5.0,1.5974759999953676,,,,21.0,Female,Right handed,Normal
sub14_NB,NB,26.0,frames/Vid26_EM_T.png,frames/Vid26_L.png,l,0.0,20.457897499989485,3.0,2.714687799976673,,,,21.0,Female,Right handed,Normal
sub14_NB,NB,27.0,frames/Vid27_BB_T.png,frames/Vid27_L.png,l,1.0,2.4077823999978136,5.0,1.0320046999840995,,,,21.0,Female,Right handed,Normal
sub14_NB,NB,28.0,frames/Vid28_EM_T.png,frames/Vid28_L.png,r,1.0,2.4766223000187892,5.0,1.314151500002481,,,,21.0,Female,Right handed,Normal
sub14_NB,NB,29.0,frames/Vid29_BB_T.png,frames/Vid29_L.png,r,1.0,4.771427200001199,5.0,1.199590599979274,,,,21.0,Female,Right handed,Normal
sub14_NB,NB,30.0,frames/Vid30_EM_T.png,frames/Vid30_L.png,r,1.0,13.620191399997566,3.0,1.7459279000177048,,,,21.0,Female,Right handed,Normal
sub14_NB,NB,31.0,frames/Vid31_EM_T.png,frames/Vid31_L.png,r,1.0,3.0815512999834027,5.0,0.864654699980747,,,,21.0,Female,Right handed,Normal
sub14_NB,NB,32.0,frames/Vid32_EM_T.png,frames/Vid32_L.png,r,1.0,2.588722000014968,5.0,1.2124093000020366,,,,21.0,Female,Right handed,Normal
sub14_NB,NB,33.0,frames/Vid33_BB_T.png,frames/Vid33_L.png,r,1.0,5.715141799999401,5.0,5.428927900007693,,,,21.0,Female,Right handed,Normal
sub14_NB,NB,34.0,frames/Vid34_BB_T.png,frames/Vid34_L.png,l,1.0,9.542534800013527,5.0,0.9645246000145562,,,,21.0,Female,Right handed,Normal
sub14_NB,NB,35.0,frames/Vid35_EM_T.png,frames/Vid35_L.png,l,1.0,3.926182700000936,5.0,0.9486909999977796,,,,21.0,Female,Right handed,Normal
sub14_NB,NB,36.0,frames/Vid36_BB_T.png,frames/Vid36_L.png,r,1.0,4.7453080999839585,3.0,2.863578500022413,,,,21.0,Female,Right handed,Normal
sub14_NB,NB,37.0,frames/Vid37_BB_T.png,frames/Vid37_L.png,l,1.0,2.3411094000039157,5.0,1.2804647000157274,,,,21.0,Female,Right handed,Normal
sub14_NB,NB,38.0,frames/Vid38_EM_T.png,frames/Vid38_L.png,r,0.0,12.110199199989438,4.0,2.0821329999889713,,,,21.0,Female,Right handed,Normal
sub14_NB,NB,39.0,frames/Vid39_BB_T.png,frames/Vid39_L.png,l,1.0,6.190622199996142,5.0,1.6644969999906607,,,,21.0,Female,Right handed,Normal
sub14_NB,NB,40.0,frames/Vid40_EM_T.png,frames/Vid40_L.png,r,1.0,3.790915299992775,5.0,1.247947199997725,,,,21.0,Female,Right handed,Normal
sub150_AB,NB,1.0,frames/Vid1_EM_T.png,frames/Vid1_L.png,l,1.0,5.4355768999957945,5.0,1.5314154000079725,,,,22.0,Male,Right handed,Normal
sub150_AB,NB,2.0,frames/Vid2_BB_T.png,frames/Vid2_L.png,l,1.0,3.632923400000436,5.0,2.8318904000043403,,,,22.0,Male,Right handed,Normal
sub150_AB,NB,3.0,frames/Vid3_BB_T.png,frames/Vid3_L.png,r,1.0,2.9976351000077557,5.0,1.3813785999955144,,,,22.0,Male,Right handed,Normal
sub150_AB,NB,4.0,frames/Vid4_EM_T.png,frames/Vid4_L.png,r,1.0,24.07452260001446,4.0,2.4475159000139683,,,,22.0,Male,Right handed,Normal
sub150_AB,NB,5.0,frames/Vid5_EM_T.png,frames/Vid5_L.png,r,1.0,13.427722099993844,1.0,3.847519600007218,,,,22.0,Male,Right handed,Normal
sub150_AB,NB,6.0,frames/Vid6_BB_T.png,frames/Vid6_L.png,l,1.0,5.018425999995088,5.0,1.531466200016439,,,,22.0,Male,Right handed,Normal
sub150_AB,NB,7.0,frames/Vid7_EM_T.png,frames/Vid7_L.png,r,1.0,5.547034000017447,5.0,2.130810399976326,,,,22.0,Male,Right handed,Normal
sub150_AB,NB,8.0,frames/Vid8_BB_T.png,frames/Vid8_L.png,l,1.0,5.186846800002968,5.0,1.849386499990942,,,,22.0,Male,Right handed,Normal
sub150_AB,NB,9.0,frames/Vid9_EM_T.png,frames/Vid9_L.png,l,1.0,3.2557263000053354,5.0,1.7821792000031564,,,,22.0,Male,Right handed,Normal
sub150_AB,NB,10.0,frames/Vid10_BB_T.png,frames/Vid10_L.png,r,1.0,9.266903199983062,3.0,2.1304715999867767,,,,22.0,Male,Right handed,Normal
sub150_AB,NB,11.0,frames/Vid11_EM_T.png,frames/Vid11_L.png,l,1.0,5.534512899990659,5.0,1.5475348999898415,,,,22.0,Male,Right handed,Normal
sub150_AB,NB,12.0,frames/Vid12_EM_T.png,frames/Vid12_L.png,l,1.0,3.294045999995433,5.0,1.8824289999902248,,,,22.0,Male,Right handed,Normal
sub150_AB,NB,13.0,frames/Vid13_BB_T.png,frames/Vid13_L.png,r,1.0,17.631961999984924,1.0,1.483027200010838,,,,22.0,Male,Right handed,Normal
sub150_AB,NB,14.0,frames/Vid14_BB_T.png,frames/Vid14_L.png,l,1.0,7.222133400005987,5.0,1.9645435999846088,,,,22.0,Male,Right handed,Normal
sub150_AB,NB,15.0,frames/Vid15_BB_T.png,frames/Vid15_L.png,r,1.0,24.125272800010865,3.0,2.2480342999915592,,,,22.0,Male,Right handed,Normal
sub150_AB,NB,16.0,frames/Vid16_EM_T.png,frames/Vid16_L.png,r,1.0,35.62573739999789,3.0,1.9486415999999736,,,,22.0,Male,Right handed,Normal
sub150_AB,NB,17.0,frames/Vid17_BB_T.png,frames/Vid17_L.png,r,1.0,3.356240799999796,5.0,1.2640848999726586,,,,22.0,Male,Right handed,Normal
sub150_AB,NB,18.0,frames/Vid18_EM_T.png,frames/Vid18_L.png,r,1.0,5.712955900002271,5.0,1.6310559999838006,,,,22.0,Male,Right handed,Normal
sub150_AB,NB,19.0,frames/Vid19_BB_T.png,frames/Vid19_L.png,r,0.0,9.12210499998764,4.0,2.215377899992746,,,,22.0,Male,Right handed,Normal
sub150_AB,NB,20.0,frames/Vid20_EM_T.png,frames/Vid20_L.png,l,1.0,10.786182599986205,5.0,1.932034899975406,,,,22.0,Male,Right handed,Normal
sub150_AB,NB,21.0,frames/Vid21_BB_T.png,frames/Vid21_L.png,l,1.0,3.478030999976909,5.0,2.2982950000150595,,,,22.0,Male,Right handed,Normal
sub150_AB,NB,22.0,frames/Vid22_EM_T.png,frames/Vid22_L.png,r,1.0,6.347722200007411,5.0,1.3804416000202764,,,,22.0,Male,Right handed,Normal
sub150_AB,NB,23.0,frames/Vid23_EM_T.png,frames/Vid23_L.png,l,1.0,7.013904499995988,5.0,7.896842799993465,,,,22.0,Male,Right handed,Normal
sub150_AB,NB,24.0,frames/Vid24_BB_T.png,frames/Vid24_L.png,l,1.0,5.691904100007378,5.0,1.9151381999836303,,,,22.0,Male,Right handed,Normal
sub150_AB,NB,25.0,frames/Vid25_BB_T.png,frames/Vid25_L.png,l,1.0,5.040284999995492,5.0,2.562794900004519,,,,22.0,Male,Right handed,Normal
sub150_AB,NB,26.0,frames/Vid26_EM_T.png,frames/Vid26_L.png,r,1.0,38.90329180000117,4.0,3.181066199991619,,,,22.0,Male,Right handed,Normal
sub150_AB,NB,27.0,frames/Vid27_BB_T.png,frames/Vid27_L.png,r,1.0,5.861095600004774,5.0,1.215385999996215,,,,22.0,Male,Right handed,Normal
sub150_AB,NB,28.0,frames/Vid28_EM_T.png,frames/Vid28_L.png,l,1.0,5.95801269999356,5.0,2.498879199993098,,,,22.0,Male,Right handed,Normal
sub150_AB,NB,29.0,frames/Vid29_BB_T.png,frames/Vid29_L.png,l,0.0,13.525184700003592,2.0,1.6326463999866974,,,,22.0,Male,Right handed,Normal
sub150_AB,NB,30.0,frames/Vid30_EM_T.png,frames/Vid30_L.png,l,1.0,11.700080099981278,2.0,1.36400090000825,,,,22.0,Male,Right handed,Normal
sub150_AB,NB,31.0,frames/Vid31_EM_T.png,frames/Vid31_L.png,l,0.0,17.69677059998503,5.0,1.2484204999927897,,,,22.0,Male,Right handed,Normal
sub150_AB,NB,32.0,frames/Vid32_EM_T.png,frames/Vid32_L.png,l,1.0,3.969068000005791,5.0,1.3983436000125948,,,,22.0,Male,Right handed,Normal
sub150_AB,NB,33.0,frames/Vid33_BB_T.png,frames/Vid33_L.png,l,1.0,6.923158900026465,5.0,1.898330599971814,,,,22.0,Male,Right handed,Normal
sub150_AB,NB,34.0,frames/Vid34_BB_T.png,frames/Vid34_L.png,r,1.0,3.7735900999978185,5.0,2.0490436000109185,,,,22.0,Male,Right handed,Normal
sub150_AB,NB,35.0,frames/Vid35_EM_T.png,frames/Vid35_L.png,r,1.0,3.526190000004135,5.0,1.481045799999265,,,,22.0,Male,Right handed,Normal
sub150_AB,NB,36.0,frames/Vid36_BB_T.png,frames/Vid36_L.png,l,1.0,6.105032099992968,5.0,1.565034500003094,,,,22.0,Male,Right handed,Normal
sub150_AB,NB,37.0,frames/Vid37_BB_T.png,frames/Vid37_L.png,r,1.0,3.5670412000035867,5.0,2.180542299989611,,,,22.0,Male,Right handed,Normal
sub150_AB,NB,38.0,frames/Vid38_EM_T.png,frames/Vid38_L.png,r,0.0,15.761012499977369,3.0,7.83202890001121,,,,22.0,Male,Right handed,Normal
sub150_AB,NB,39.0,frames/Vid39_BB_T.png,frames/Vid39_L.png,r,1.0,6.858100699988427,5.0,1.4653402999974787,,,,22.0,Male,Right handed,Normal
sub150_AB,NB,40.0,frames/Vid40_EM_T.png,frames/Vid40_L.png,l,1.0,8.989966900000582,5.0,1.3979974999965634,,,,22.0,Male,Right handed,Normal
sub151_NB,NB,1.0,frames/Vid1_EM_T.png,frames/Vid1_L.png,r,0.0,4.551878300000681,3.0,1.8156220000237224,,,,25.0,Male,Left Handed,Normal
sub151_NB,NB,2.0,frames/Vid2_BB_T.png,frames/Vid2_L.png,l,1.0,4.611500700004399,4.0,1.614921400003368,,,,25.0,Male,Left Handed,Normal
sub151_NB,NB,3.0,frames/Vid3_BB_T.png,frames/Vid3_L.png,l,1.0,5.488159999978961,5.0,3.448197000019718,,,,25.0,Male,Left Handed,Normal
sub151_NB,NB,4.0,frames/Vid4_EM_T.png,frames/Vid4_L.png,r,1.0,8.093759600014891,4.0,1.2816565000102855,,,,25.0,Male,Left Handed,Normal
sub151_NB,NB,5.0,frames/Vid5_EM_T.png,frames/Vid5_L.png,l,1.0,5.974749599990901,1.0,4.232169299997622,,,,25.0,Male,Left Handed,Normal
sub151_NB,NB,6.0,frames/Vid6_BB_T.png,frames/Vid6_L.png,l,1.0,3.594074399996316,4.0,3.0648251000093296,,,,25.0,Male,Left Handed,Normal
sub151_NB,NB,7.0,frames/Vid7_EM_T.png,frames/Vid7_L.png,r,1.0,4.338369500008412,4.0,1.013911999994889,,,,25.0,Male,Left Handed,Normal
sub151_NB,NB,8.0,frames/Vid8_BB_T.png,frames/Vid8_L.png,r,1.0,2.8579557000193745,5.0,1.0170518000086304,,,,25.0,Male,Left Handed,Normal
sub151_NB,NB,9.0,frames/Vid9_EM_T.png,frames/Vid9_L.png,r,1.0,3.963754099997459,4.0,1.6629384999978356,,,,25.0,Male,Left Handed,Normal
sub151_NB,NB,10.0,frames/Vid10_BB_T.png,frames/Vid10_L.png,l,1.0,4.549258900020504,3.0,1.232799999997951,,,,25.0,Male,Left Handed,Normal
sub151_NB,NB,11.0,frames/Vid11_EM_T.png,frames/Vid11_L.png,l,1.0,4.581960199982859,5.0,1.0969951000006404,,,,25.0,Male,Left Handed,Normal
sub151_NB,NB,12.0,frames/Vid12_EM_T.png,frames/Vid12_L.png,l,1.0,2.563473599991994,5.0,0.763498599990271,,,,25.0,Male,Left Handed,Normal
sub151_NB,NB,13.0,frames/Vid13_BB_T.png,frames/Vid13_L.png,r,1.0,4.20975670000189,3.0,1.7473105999815743,,,,25.0,Male,Left Handed,Normal
sub151_NB,NB,14.0,frames/Vid14_BB_T.png,frames/Vid14_L.png,r,1.0,3.741874600003939,5.0,0.9994820000138134,,,,25.0,Male,Left Handed,Normal
sub151_NB,NB,15.0,frames/Vid15_BB_T.png,frames/Vid15_L.png,l,1.0,3.4458034000126645,5.0,1.0142966999846976,,,,25.0,Male,Left Handed,Normal
sub151_NB,NB,16.0,frames/Vid16_EM_T.png,frames/Vid16_L.png,l,1.0,3.3159956999879796,5.0,2.4967088000266813,,,,25.0,Male,Left Handed,Normal
sub151_NB,NB,17.0,frames/Vid17_BB_T.png,frames/Vid17_L.png,r,1.0,3.1336805000028107,5.0,1.1476878999965263,,,,25.0,Male,Left Handed,Normal
sub151_NB,NB,18.0,frames/Vid18_EM_T.png,frames/Vid18_L.png,r,1.0,4.3221371000108775,5.0,1.6316082999983337,,,,25.0,Male,Left Handed,Normal
sub151_NB,NB,19.0,frames/Vid19_BB_T.png,frames/Vid19_L.png,l,1.0,6.136323600017931,3.0,1.3124660000030417,,,,25.0,Male,Left Handed,Normal
sub151_NB,NB,20.0,frames/Vid20_EM_T.png,frames/Vid20_L.png,r,1.0,3.852526300004683,5.0,1.1311948999937158,,,,25.0,Male,Left Handed,Normal
sub151_NB,NB,21.0,frames/Vid21_BB_T.png,frames/Vid21_L.png,r,1.0,2.734876600006828,5.0,1.7133016000152566,,,,25.0,Male,Left Handed,Normal
sub151_NB,NB,22.0,frames/Vid22_EM_T.png,frames/Vid22_L.png,r,1.0,3.1620655999868177,5.0,2.115471700002672,,,,25.0,Male,Left Handed,Normal
sub151_NB,NB,23.0,frames/Vid23_EM_T.png,frames/Vid23_L.png,l,1.0,5.5369651000073645,2.0,9.24758429999929,,,,25.0,Male,Left Handed,Normal
sub151_NB,NB,24.0,frames/Vid24_BB_T.png,frames/Vid24_L.png,r,1.0,3.960072999994736,5.0,3.880009400018025,,,,25.0,Male,Left Handed,Normal
sub151_NB,NB,25.0,frames/Vid25_BB_T.png,frames/Vid25_L.png,r,1.0,5.896822999988217,5.0,1.580214200017508,,,,25.0,Male,Left Handed,Normal
sub151_NB,NB,26.0,frames/Vid26_EM_T.png,frames/Vid26_L.png,r,1.0,8.414449699979741,4.0,1.0136135000211652,,,,25.0,Male,Left Handed,Normal
sub151_NB,NB,27.0,frames/Vid27_BB_T.png,frames/Vid27_L.png,l,1.0,4.195374800008722,4.0,1.6979134999855887,,,,25.0,Male,Left Handed,Normal
sub151_NB,NB,28.0,frames/Vid28_EM_T.png,frames/Vid28_L.png,l,1.0,3.073079099995084,5.0,1.4819078000145964,,,,25.0,Male,Left Handed,Normal
sub151_NB,NB,29.0,frames/Vid29_BB_T.png,frames/Vid29_L.png,l,1.0,3.0002795000036713,5.0,1.2148843000177294,,,,25.0,Male,Left Handed,Normal
sub151_NB,NB,30.0,frames/Vid30_EM_T.png,frames/Vid30_L.png,l,1.0,6.668548700021347,4.0,2.014445299981162,,,,25.0,Male,Left Handed,Normal
sub151_NB,NB,31.0,frames/Vid31_EM_T.png,frames/Vid31_L.png,r,1.0,3.364566800009925,5.0,0.9485636999888812,,,,25.0,Male,Left Handed,Normal
sub151_NB,NB,32.0,frames/Vid32_EM_T.png,frames/Vid32_L.png,r,1.0,3.225365199992666,5.0,0.8322985999984667,,,,25.0,Male,Left Handed,Normal
sub151_NB,NB,33.0,frames/Vid33_BB_T.png,frames/Vid33_L.png,r,1.0,5.150771599990549,5.0,1.063024899980519,,,,25.0,Male,Left Handed,Normal
sub151_NB,NB,34.0,frames/Vid34_BB_T.png,frames/Vid34_L.png,l,1.0,6.764193600014551,2.0,1.1650388999842107,,,,25.0,Male,Left Handed,Normal
sub151_NB,NB,35.0,frames/Vid35_EM_T.png,frames/Vid35_L.png,r,1.0,3.342159799998626,5.0,0.9146506999968552,,,,25.0,Male,Left Handed,Normal
sub151_NB,NB,36.0,frames/Vid36_BB_T.png,frames/Vid36_L.png,l,0.0,6.7951278000255115,3.0,1.6491858000226784,,,,25.0,Male,Left Handed,Normal
sub151_NB,NB,37.0,frames/Vid37_BB_T.png,frames/Vid37_L.png,r,1.0,4.872071300022071,4.0,1.6472933999903034,,,,25.0,Male,Left Handed,Normal
sub151_NB,NB,38.0,frames/Vid38_EM_T.png,frames/Vid38_L.png,r,1.0,4.135578800021904,5.0,2.3314233999990392,,,,25.0,Male,Left Handed,Normal
sub151_NB,NB,39.0,frames/Vid39_BB_T.png,frames/Vid39_L.png,r,1.0,5.6989098000049125,4.0,0.7134182000008877,,,,25.0,Male,Left Handed,Normal
sub151_NB,NB,40.0,frames/Vid40_EM_T.png,frames/Vid40_L.png,l,1.0,4.0391277000017,5.0,1.3321215999894775,,,,25.0,Male,Left Handed,Normal
sub151_nb,NB,1.0,frames/Vid1_EM_T.png,frames/Vid1_L.png,r,1.0,3.3437229999981355,5.0,2.4491413999930955,,,,25.0,Male,Left Handed,Normal
sub151_nb,NB,2.0,frames/Vid2_BB_T.png,frames/Vid2_L.png,l,1.0,5.454743100010091,5.0,1.2305142000259366,,,,25.0,Male,Left Handed,Normal
sub151_nb,NB,3.0,frames/Vid3_BB_T.png,frames/Vid3_L.png,r,0.0,6.351369400013937,5.0,1.3317285999946762,,,,25.0,Male,Left Handed,Normal
sub151_nb,NB,4.0,frames/Vid4_EM_T.png,frames/Vid4_L.png,l,0.0,5.475345199985895,4.0,0.8811292000173125,,,,25.0,Male,Left Handed,Normal
sub151_nb,NB,5.0,frames/Vid5_EM_T.png,frames/Vid5_L.png,r,1.0,3.0380280000099447,4.0,1.2982805999927225,,,,25.0,Male,Left Handed,Normal
sub151_nb,NB,6.0,frames/Vid6_BB_T.png,frames/Vid6_L.png,l,1.0,4.447264399990672,5.0,1.1980323999887332,,,,25.0,Male,Left Handed,Normal
sub151_nb,NB,7.0,frames/Vid7_EM_T.png,frames/Vid7_L.png,l,0.0,8.649724799994146,3.0,1.6133061000145972,,,,25.0,Male,Left Handed,Normal
sub151_nb,NB,8.0,frames/Vid8_BB_T.png,frames/Vid8_L.png,l,0.0,3.079221799998777,5.0,1.2807093000155874,,,,25.0,Male,Left Handed,Normal
sub151_nb,NB,9.0,frames/Vid9_EM_T.png,frames/Vid9_L.png,r,1.0,2.4859361999842804,5.0,1.5985483000113163,,,,25.0,Male,Left Handed,Normal
sub151_nb,NB,10.0,frames/Vid10_BB_T.png,frames/Vid10_L.png,r,0.0,9.889524600002916,4.0,2.449137499992503,,,,25.0,Male,Left Handed,Normal
sub151_nb,NB,11.0,frames/Vid11_EM_T.png,frames/Vid11_L.png,r,1.0,3.652662300009979,4.0,1.015124099998502,,,,25.0,Male,Left Handed,Normal
sub151_nb,NB,12.0,frames/Vid12_EM_T.png,frames/Vid12_L.png,r,1.0,5.51659459999064,3.0,3.6653322000056505,,,,25.0,Male,Left Handed,Normal
sub151_nb,NB,13.0,frames/Vid13_BB_T.png,frames/Vid13_L.png,r,1.0,3.783734000026016,4.0,1.0478980999905616,,,,25.0,Male,Left Handed,Normal
sub151_nb,NB,14.0,frames/Vid14_BB_T.png,frames/Vid14_L.png,l,0.0,6.3694511000067,3.0,2.097142199985683,,,,25.0,Male,Left Handed,Normal
sub151_nb,NB,15.0,frames/Vid15_BB_T.png,frames/Vid15_L.png,r,0.0,9.497517699986927,3.0,1.6140375999966636,,,,25.0,Male,Left Handed,Normal
sub151_nb,NB,16.0,frames/Vid16_EM_T.png,frames/Vid16_L.png,r,0.0,9.83258770001703,2.0,1.3312627999985125,,,,25.0,Male,Left Handed,Normal
sub151_nb,NB,17.0,frames/Vid17_BB_T.png,frames/Vid17_L.png,l,1.0,3.814164400013397,5.0,1.065950599993812,,,,25.0,Male,Left Handed,Normal
sub151_nb,NB,18.0,frames/Vid18_EM_T.png,frames/Vid18_L.png,r,1.0,4.095076300000073,5.0,1.0149775999889243,,,,25.0,Male,Left Handed,Normal
sub151_nb,NB,19.0,frames/Vid19_BB_T.png,frames/Vid19_L.png,l,1.0,2.910314200009452,5.0,1.1318208999873605,,,,25.0,Male,Left Handed,Normal
sub151_nb,NB,20.0,frames/Vid20_EM_T.png,frames/Vid20_L.png,r,1.0,2.0635337000130676,5.0,1.079974200023571,,,,25.0,Male,Left Handed,Normal
sub151_nb,NB,21.0,frames/Vid21_BB_T.png,frames/Vid21_L.png,r,1.0,3.656534800014924,5.0,1.115778200008208,,,,25.0,Male,Left Handed,Normal
sub151_nb,NB,22.0,frames/Vid22_EM_T.png,frames/Vid22_L.png,r,1.0,3.4743171999871265,5.0,1.1480489000095986,,,,25.0,Male,Left Handed,Normal
sub151_nb,NB,23.0,frames/Vid23_EM_T.png,frames/Vid23_L.png,r,0.0,4.248918700002832,3.0,1.1815957000071649,,,,25.0,Male,Left Handed,Normal
sub151_nb,NB,24.0,frames/Vid24_BB_T.png,frames/Vid24_L.png,l,1.0,3.5382786999980453,5.0,1.5812784000008833,,,,25.0,Male,Left Handed,Normal
sub151_nb,NB,25.0,frames/Vid25_BB_T.png,frames/Vid25_L.png,r,1.0,2.935762600012822,2.0,0.7968187000078615,,,,25.0,Male,Left Handed,Normal
sub151_nb,NB,26.0,frames/Vid26_EM_T.png,frames/Vid26_L.png,r,1.0,1.3963676000130365,5.0,1.265422900003614,,,,25.0,Male,Left Handed,Normal
sub151_nb,NB,27.0,frames/Vid27_BB_T.png,frames/Vid27_L.png,r,1.0,3.681885500001954,4.0,1.6324519999907352,,,,25.0,Male,Left Handed,Normal
sub151_nb,NB,28.0,frames/Vid28_EM_T.png,frames/Vid28_L.png,r,1.0,9.491630900010932,2.0,2.265691000007791,,,,25.0,Male,Left Handed,Normal
sub151_nb,NB,29.0,frames/Vid29_BB_T.png,frames/Vid29_L.png,r,1.0,3.83839910000097,5.0,27.195791800011648,,,,25.0,Male,Left Handed,Normal
sub151_nb,NB,30.0,frames/Vid30_EM_T.png,frames/Vid30_L.png,r,0.0,3.661923000006937,4.0,2.114623400004348,,,,25.0,Male,Left Handed,Normal
sub151_nb,NB,31.0,frames/Vid31_EM_T.png,frames/Vid31_L.png,l,1.0,4.686308000003919,5.0,1.1312727000040468,,,,25.0,Male,Left Handed,Normal
sub151_nb,NB,32.0,frames/Vid32_EM_T.png,frames/Vid32_L.png,r,1.0,2.689031600020826,5.0,1.2160865000041667,,,,25.0,Male,Left Handed,Normal
sub151_nb,NB,33.0,frames/Vid33_BB_T.png,frames/Vid33_L.png,l,0.0,4.761328499997035,4.0,2.097841899987543,,,,25.0,Male,Left Handed,Normal
sub151_nb,NB,34.0,frames/Vid34_BB_T.png,frames/Vid34_L.png,r,0.0,4.158748899993952,3.0,1.1490546000131872,,,,25.0,Male,Left Handed,Normal
sub151_nb,NB,35.0,frames/Vid35_EM_T.png,frames/Vid35_L.png,l,1.0,3.711408300005132,5.0,1.1649529999995138,,,,25.0,Male,Left Handed,Normal
sub151_nb,NB,36.0,frames/Vid36_BB_T.png,frames/Vid36_L.png,l,1.0,14.347375500015914,4.0,1.9142047999775968,,,,25.0,Male,Left Handed,Normal
sub151_nb,NB,37.0,frames/Vid37_BB_T.png,frames/Vid37_L.png,r,1.0,2.369805800000904,5.0,1.2481205000076443,,,,25.0,Male,Left Handed,Normal
sub151_nb,NB,38.0,frames/Vid38_EM_T.png,frames/Vid38_L.png,r,1.0,6.191850000002887,5.0,1.0653618999931496,,,,25.0,Male,Left Handed,Normal
sub151_nb,NB,39.0,frames/Vid39_BB_T.png,frames/Vid39_L.png,r,1.0,6.144407000014326,5.0,1.2983882000262383,,,,25.0,Male,Left Handed,Normal
sub151_nb,NB,40.0,frames/Vid40_EM_T.png,frames/Vid40_L.png,r,1.0,3.018086799973389,4.0,0.9316104000026826,,,,25.0,Male,Left Handed,Normal
sub154_NB,NB,1.0,frames/Vid1_EM_T.png,frames/Vid1_L.png,l,1.0,2.4643440000072587,5.0,0.6979600999911781,,,,20.0,Female,Right handed,Corrected to normal
sub154_NB,NB,2.0,frames/Vid2_BB_T.png,frames/Vid2_L.png,r,1.0,4.838850600004662,5.0,0.9146736999973656,,,,20.0,Female,Right handed,Corrected to normal
sub154_NB,NB,3.0,frames/Vid3_BB_T.png,frames/Vid3_L.png,l,1.0,3.711620199988829,5.0,1.0149480000254698,,,,20.0,Female,Right handed,Corrected to normal
sub154_NB,NB,4.0,frames/Vid4_EM_T.png,frames/Vid4_L.png,r,1.0,3.278014899988193,5.0,1.0645630999933928,,,,20.0,Female,Right handed,Corrected to normal
sub154_NB,NB,5.0,frames/Vid5_EM_T.png,frames/Vid5_L.png,r,1.0,4.469711399986409,5.0,1.1978763000224717,,,,20.0,Female,Right handed,Corrected to normal
sub154_NB,NB,6.0,frames/Vid6_BB_T.png,frames/Vid6_L.png,l,1.0,6.954142400005367,4.0,1.2156690999981947,,,,20.0,Female,Right handed,Corrected to normal
sub154_NB,NB,7.0,frames/Vid7_EM_T.png,frames/Vid7_L.png,l,1.0,5.946331899991492,4.0,1.5651092999905811,,,,20.0,Female,Right handed,Corrected to normal
sub154_NB,NB,8.0,frames/Vid8_BB_T.png,frames/Vid8_L.png,l,1.0,3.979035500000464,5.0,1.0981215999927372,,,,20.0,Female,Right handed,Corrected to normal
sub154_NB,NB,9.0,frames/Vid9_EM_T.png,frames/Vid9_L.png,l,1.0,6.1809420000063255,4.0,1.9797739000059664,,,,20.0,Female,Right handed,Corrected to normal
sub154_NB,NB,10.0,frames/Vid10_BB_T.png,frames/Vid10_L.png,l,1.0,6.005367600009777,4.0,0.7649216999998316,,,,20.0,Female,Right handed,Corrected to normal
sub154_NB,NB,11.0,frames/Vid11_EM_T.png,frames/Vid11_L.png,l,1.0,6.840642700000899,3.0,2.3646328000177164,,,,20.0,Female,Right handed,Corrected to normal
sub154_NB,NB,12.0,frames/Vid12_EM_T.png,frames/Vid12_L.png,l,1.0,4.430581299995538,5.0,0.8486036999966018,,,,20.0,Female,Right handed,Corrected to normal
sub154_NB,NB,13.0,frames/Vid13_BB_T.png,frames/Vid13_L.png,l,1.0,10.056856299983338,3.0,1.0822316999838222,,,,20.0,Female,Right handed,Corrected to normal
sub154_NB,NB,14.0,frames/Vid14_BB_T.png,frames/Vid14_L.png,r,1.0,5.335751600010553,5.0,1.0661077999975532,,,,20.0,Female,Right handed,Corrected to normal
sub154_NB,NB,15.0,frames/Vid15_BB_T.png,frames/Vid15_L.png,l,1.0,3.5089482000039425,5.0,0.8992988000100013,,,,20.0,Female,Right handed,Corrected to normal
sub154_NB,NB,16.0,frames/Vid16_EM_T.png,frames/Vid16_L.png,r,1.0,5.025933299999451,5.0,1.165030200005276,,,,20.0,Female,Right handed,Corrected to normal
sub154_NB,NB,17.0,frames/Vid17_BB_T.png,frames/Vid17_L.png,r,1.0,4.434389899979578,5.0,2.298499800002901,,,,20.0,Female,Right handed,Corrected to normal
sub154_NB,NB,18.0,frames/Vid18_EM_T.png,frames/Vid18_L.png,l,1.0,8.924694200017257,2.0,1.181566399987787,,,,20.0,Female,Right handed,Corrected to normal
sub154_NB,NB,19.0,frames/Vid19_BB_T.png,frames/Vid19_L.png,r,1.0,4.331995100015774,3.0,1.3477158999885432,,,,20.0,Female,Right handed,Corrected to normal
sub154_NB,NB,20.0,frames/Vid20_EM_T.png,frames/Vid20_L.png,l,1.0,4.134963999997126,5.0,1.165159099997254,,,,20.0,Female,Right handed,Corrected to normal
sub154_NB,NB,21.0,frames/Vid21_BB_T.png,frames/Vid21_L.png,r,1.0,4.875041699997382,5.0,0.5474965000175871,,,,20.0,Female,Right handed,Corrected to normal
sub154_NB,NB,22.0,frames/Vid22_EM_T.png,frames/Vid22_L.png,l,0.0,5.147674100007862,5.0,5.7968868000025395,,,,20.0,Female,Right handed,Corrected to normal
sub154_NB,NB,23.0,frames/Vid23_EM_T.png,frames/Vid23_L.png,l,0.0,11.280510300013702,3.0,1.0469164999958591,,,,20.0,Female,Right handed,Corrected to normal
sub154_NB,NB,24.0,frames/Vid24_BB_T.png,frames/Vid24_L.png,r,1.0,3.986495299992384,5.0,0.9156691000098364,,,,20.0,Female,Right handed,Corrected to normal
sub154_NB,NB,25.0,frames/Vid25_BB_T.png,frames/Vid25_L.png,l,1.0,2.950095700012753,5.0,0.7805381999933161,,,,20.0,Female,Right handed,Corrected to normal
sub154_NB,NB,26.0,frames/Vid26_EM_T.png,frames/Vid26_L.png,r,0.0,15.155552300013367,5.0,1.0488924000237605,,,,20.0,Female,Right handed,Corrected to normal
sub154_NB,NB,27.0,frames/Vid27_BB_T.png,frames/Vid27_L.png,r,1.0,4.672370199987199,5.0,0.8644851999997627,,,,20.0,Female,Right handed,Corrected to normal
sub154_NB,NB,28.0,frames/Vid28_EM_T.png,frames/Vid28_L.png,r,1.0,2.6316167999757454,5.0,0.7634539999999106,,,,20.0,Female,Right handed,Corrected to normal
sub154_NB,NB,29.0,frames/Vid29_BB_T.png,frames/Vid29_L.png,l,1.0,3.4065149999805726,5.0,1.731639700010419,,,,20.0,Female,Right handed,Corrected to normal
sub154_NB,NB,30.0,frames/Vid30_EM_T.png,frames/Vid30_L.png,l,1.0,11.656542999990052,5.0,0.7655289999966044,,,,20.0,Female,Right handed,Corrected to normal
sub154_NB,NB,31.0,frames/Vid31_EM_T.png,frames/Vid31_L.png,r,0.0,9.176129100000251,2.0,1.14718199998606,,,,20.0,Female,Right handed,Corrected to normal
sub154_NB,NB,32.0,frames/Vid32_EM_T.png,frames/Vid32_L.png,r,1.0,3.5379357999772765,5.0,1.0637227000261191,,,,20.0,Female,Right handed,Corrected to normal
sub154_NB,NB,33.0,frames/Vid33_BB_T.png,frames/Vid33_L.png,l,1.0,4.810590999986744,5.0,0.9649486000125762,,,,20.0,Female,Right handed,Corrected to normal
sub154_NB,NB,34.0,frames/Vid34_BB_T.png,frames/Vid34_L.png,r,1.0,5.330785600002855,5.0,1.03112329999567,,,,20.0,Female,Right handed,Corrected to normal
sub154_NB,NB,35.0,frames/Vid35_EM_T.png,frames/Vid35_L.png,r,1.0,3.3660744999942835,5.0,1.315437400015071,,,,20.0,Female,Right handed,Corrected to normal
sub154_NB,NB,36.0,frames/Vid36_BB_T.png,frames/Vid36_L.png,r,1.0,3.7074498000147287,5.0,0.9810571999987588,,,,20.0,Female,Right handed,Corrected to normal
sub154_NB,NB,37.0,frames/Vid37_BB_T.png,frames/Vid37_L.png,r,1.0,3.8284258999919984,5.0,1.163888000010047,,,,20.0,Female,Right handed,Corrected to normal
sub154_NB,NB,38.0,frames/Vid38_EM_T.png,frames/Vid38_L.png,r,1.0,5.108693499991205,3.0,1.7645334000117143,,,,20.0,Female,Right handed,Corrected to normal
sub154_NB,NB,39.0,frames/Vid39_BB_T.png,frames/Vid39_L.png,r,0.0,5.893762300023809,4.0,1.1972783000092022,,,,20.0,Female,Right handed,Corrected to normal
sub154_NB,NB,40.0,frames/Vid40_EM_T.png,frames/Vid40_L.png,l,1.0,2.9639798999996856,5.0,0.7489670000213664,,,,20.0,Female,Right handed,Corrected to normal
sub156_NB,NB,1.0,frames/Vid1_EM_T.png,frames/Vid1_L.png,l,1.0,3.315223400015384,5.0,1.0486301000055391,,,,21.0,Male,Right handed,Normal
sub156_NB,NB,2.0,frames/Vid2_BB_T.png,frames/Vid2_L.png,l,1.0,3.749998699990101,4.0,1.532138299982762,,,,21.0,Male,Right handed,Normal
sub156_NB,NB,3.0,frames/Vid3_BB_T.png,frames/Vid3_L.png,r,1.0,2.141311700019287,5.0,0.7978412000229582,,,,21.0,Male,Right handed,Normal
sub156_NB,NB,4.0,frames/Vid4_EM_T.png,frames/Vid4_L.png,l,1.0,5.111457799997879,5.0,1.3985804000112694,,,,21.0,Male,Right handed,Normal
sub156_NB,NB,5.0,frames/Vid5_EM_T.png,frames/Vid5_L.png,r,1.0,4.878384299983736,3.0,2.465429200005019,,,,21.0,Male,Right handed,Normal
sub156_NB,NB,6.0,frames/Vid6_BB_T.png,frames/Vid6_L.png,l,1.0,2.728702099993825,5.0,0.7979271000076551,,,,21.0,Male,Right handed,Normal
sub156_NB,NB,7.0,frames/Vid7_EM_T.png,frames/Vid7_L.png,r,1.0,4.131080799998017,5.0,1.182117799995467,,,,21.0,Male,Right handed,Normal
sub156_NB,NB,8.0,frames/Vid8_BB_T.png,frames/Vid8_L.png,l,1.0,8.01962549999007,3.0,1.5496230999997351,,,,21.0,Male,Right handed,Normal
sub156_NB,NB,9.0,frames/Vid9_EM_T.png,frames/Vid9_L.png,r,1.0,4.588458300015191,5.0,0.6649481999920681,,,,21.0,Male,Right handed,Normal
sub156_NB,NB,10.0,frames/Vid10_BB_T.png,frames/Vid10_L.png,l,1.0,3.149731700017582,4.0,1.1478615999803878,,,,21.0,Male,Right handed,Normal
sub156_NB,NB,11.0,frames/Vid11_EM_T.png,frames/Vid11_L.png,l,1.0,2.925922000024002,5.0,0.7650256000051741,,,,21.0,Male,Right handed,Normal
sub156_NB,NB,12.0,frames/Vid12_EM_T.png,frames/Vid12_L.png,r,1.0,6.50390320000588,5.0,17.330474599992158,,,,21.0,Male,Right handed,Normal
sub156_NB,NB,13.0,frames/Vid13_BB_T.png,frames/Vid13_L.png,l,1.0,7.695602699997835,3.0,1.314790600008564,,,,21.0,Male,Right handed,Normal
sub156_NB,NB,14.0,frames/Vid14_BB_T.png,frames/Vid14_L.png,r,1.0,2.9959679000021424,5.0,1.4815951000200585,,,,21.0,Male,Right handed,Normal
sub156_NB,NB,15.0,frames/Vid15_BB_T.png,frames/Vid15_L.png,l,1.0,3.19414889998734,5.0,1.4150457000068857,,,,21.0,Male,Right handed,Normal
sub156_NB,NB,16.0,frames/Vid16_EM_T.png,frames/Vid16_L.png,r,1.0,8.01913629999035,4.0,1.1155693999899086,,,,21.0,Male,Right handed,Normal
sub156_NB,NB,17.0,frames/Vid17_BB_T.png,frames/Vid17_L.png,l,0.0,5.37115800002357,4.0,1.5814967999758665,,,,21.0,Male,Right handed,Normal
sub156_NB,NB,18.0,frames/Vid18_EM_T.png,frames/Vid18_L.png,l,1.0,4.95041809999384,5.0,0.9978095999977086,,,,21.0,Male,Right handed,Normal
sub156_NB,NB,19.0,frames/Vid19_BB_T.png,frames/Vid19_L.png,l,1.0,2.726088100025663,5.0,1.082978899998125,,,,21.0,Male,Right handed,Normal
sub156_NB,NB,20.0,frames/Vid20_EM_T.png,frames/Vid20_L.png,r,1.0,3.471052899985807,4.0,0.8984665999887511,,,,21.0,Male,Right handed,Normal
sub156_NB,NB,21.0,frames/Vid21_BB_T.png,frames/Vid21_L.png,r,1.0,2.6332468999898992,5.0,0.9812591999943834,,,,21.0,Male,Right handed,Normal
sub156_NB,NB,22.0,frames/Vid22_EM_T.png,frames/Vid22_L.png,r,1.0,4.808629299979657,5.0,0.98220119997859,,,,21.0,Male,Right handed,Normal
sub156_NB,NB,23.0,frames/Vid23_EM_T.png,frames/Vid23_L.png,r,1.0,4.323732999997446,4.0,2.0648055000056047,,,,21.0,Male,Right handed,Normal
sub156_NB,NB,24.0,frames/Vid24_BB_T.png,frames/Vid24_L.png,r,1.0,6.110841499990784,5.0,0.7956237999896985,,,,21.0,Male,Right handed,Normal
sub156_NB,NB,25.0,frames/Vid25_BB_T.png,frames/Vid25_L.png,l,1.0,3.152012900012778,5.0,1.1474657999933695,,,,21.0,Male,Right handed,Normal
sub156_NB,NB,26.0,frames/Vid26_EM_T.png,frames/Vid26_L.png,l,0.0,6.238899299991317,4.0,1.1479867000016384,,,,21.0,Male,Right handed,Normal
sub156_NB,NB,27.0,frames/Vid27_BB_T.png,frames/Vid27_L.png,l,1.0,4.822662400023546,5.0,1.1818604999862146,,,,21.0,Male,Right handed,Normal
sub156_NB,NB,28.0,frames/Vid28_EM_T.png,frames/Vid28_L.png,r,1.0,2.8940311999758705,5.0,2.1820287999871653,,,,21.0,Male,Right handed,Normal
sub156_NB,NB,29.0,frames/Vid29_BB_T.png,frames/Vid29_L.png,r,1.0,5.12370669998927,5.0,0.6827441999921575,,,,21.0,Male,Right handed,Normal
sub156_NB,NB,30.0,frames/Vid30_EM_T.png,frames/Vid30_L.png,l,1.0,3.343201199983014,5.0,1.54794600000605,,,,21.0,Male,Right handed,Normal
sub156_NB,NB,31.0,frames/Vid31_EM_T.png,frames/Vid31_L.png,l,1.0,3.23260869999649,5.0,1.0478326999873389,,,,21.0,Male,Right handed,Normal
sub156_NB,NB,32.0,frames/Vid32_EM_T.png,frames/Vid32_L.png,r,1.0,2.706421999988379,5.0,1.3811918999999762,,,,21.0,Male,Right handed,Normal
sub156_NB,NB,33.0,frames/Vid33_BB_T.png,frames/Vid33_L.png,r,1.0,5.023610599979293,5.0,1.2639114999910817,,,,21.0,Male,Right handed,Normal
sub156_NB,NB,34.0,frames/Vid34_BB_T.png,frames/Vid34_L.png,l,1.0,4.145465600013267,4.0,0.9648141999787184,,,,21.0,Male,Right handed,Normal
sub156_NB,NB,35.0,frames/Vid35_EM_T.png,frames/Vid35_L.png,l,1.0,8.283689200005028,5.0,0.949066800007131,,,,21.0,Male,Right handed,Normal
sub156_NB,NB,36.0,frames/Vid36_BB_T.png,frames/Vid36_L.png,l,1.0,2.7950325999991037,5.0,0.732899599999655,,,,21.0,Male,Right handed,Normal
sub156_NB,NB,37.0,frames/Vid37_BB_T.png,frames/Vid37_L.png,l,1.0,2.7262351000099443,5.0,1.1975803000095766,,,,21.0,Male,Right handed,Normal
sub156_NB,NB,38.0,frames/Vid38_EM_T.png,frames/Vid38_L.png,l,1.0,3.322392399975797,5.0,0.5986978999862913,,,,21.0,Male,Right handed,Normal
sub156_NB,NB,39.0,frames/Vid39_BB_T.png,frames/Vid39_L.png,l,1.0,7.155850899987854,5.0,2.064853399991989,,,,21.0,Male,Right handed,Normal
sub156_NB,NB,40.0,frames/Vid40_EM_T.png,frames/Vid40_L.png,r,1.0,2.3144441999902483,5.0,1.3313953999895602,,,,21.0,Male,Right handed,Normal
sub157_AB,AB,1.0,frames/Vid1_EM_T.png,frames/Vid1_L.png,r,1.0,5.765154799999436,5.0,2.149626700003864,,,,22.0,Male,Right handed,Normal
sub157_AB,AB,2.0,frames/Vid2_BB_T.png,frames/Vid2_L.png,l,1.0,3.7590882999938913,5.0,1.7480416000180412,,,,22.0,Male,Right handed,Normal
sub157_AB,AB,3.0,frames/Vid3_BB_T.png,frames/Vid3_L.png,r,0.0,9.23689739999827,3.0,2.814411300001666,,,,22.0,Male,Right handed,Normal
sub157_AB,AB,4.0,frames/Vid4_EM_T.png,frames/Vid4_L.png,l,1.0,3.6485721000062767,5.0,2.71361700000125,,,,22.0,Male,Right handed,Normal
sub157_AB,AB,5.0,frames/Vid5_EM_T.png,frames/Vid5_L.png,l,0.0,5.978268600010779,3.0,9.29831589999958,,,,22.0,Male,Right handed,Normal
sub157_AB,AB,6.0,frames/Vid6_BB_T.png,frames/Vid6_L.png,l,1.0,3.30071000001044,5.0,1.3646377999975812,,,,22.0,Male,Right handed,Normal
sub157_AB,AB,7.0,frames/Vid7_EM_T.png,frames/Vid7_L.png,r,1.0,3.8507768000126816,4.0,2.065442000020994,,,,22.0,Male,Right handed,Normal
sub157_AB,AB,8.0,frames/Vid8_BB_T.png,frames/Vid8_L.png,l,0.0,3.927391799981706,4.0,2.1310245000058785,,,,22.0,Male,Right handed,Normal
sub157_AB,AB,9.0,frames/Vid9_EM_T.png,frames/Vid9_L.png,r,1.0,3.626567800005432,4.0,1.2979732000094373,,,,22.0,Male,Right handed,Normal
sub157_AB,AB,10.0,frames/Vid10_BB_T.png,frames/Vid10_L.png,l,1.0,2.771349699993152,4.0,1.2477711999963503,,,,22.0,Male,Right handed,Normal
sub157_AB,AB,11.0,frames/Vid11_EM_T.png,frames/Vid11_L.png,r,1.0,3.206807500013383,5.0,0.7802586999896448,,,,22.0,Male,Right handed,Normal
sub157_AB,AB,12.0,frames/Vid12_EM_T.png,frames/Vid12_L.png,l,1.0,2.376506000000518,5.0,1.746726800018223,,,,22.0,Male,Right handed,Normal
sub157_AB,AB,13.0,frames/Vid13_BB_T.png,frames/Vid13_L.png,l,0.0,10.267873600008896,2.0,1.9307417999953032,,,,22.0,Male,Right handed,Normal
sub157_AB,AB,14.0,frames/Vid14_BB_T.png,frames/Vid14_L.png,r,1.0,2.079048599989619,4.0,2.132041000004392,,,,22.0,Male,Right handed,Normal
sub157_AB,AB,15.0,frames/Vid15_BB_T.png,frames/Vid15_L.png,l,1.0,5.418688300007489,4.0,3.9133363000000823,,,,22.0,Male,Right handed,Normal
sub157_AB,AB,16.0,frames/Vid16_EM_T.png,frames/Vid16_L.png,l,1.0,4.091942800005199,4.0,1.9816002000006847,,,,22.0,Male,Right handed,Normal
sub157_AB,AB,17.0,frames/Vid17_BB_T.png,frames/Vid17_L.png,r,1.0,8.422316599986516,3.0,1.632743499998469,,,,22.0,Male,Right handed,Normal
sub157_AB,AB,18.0,frames/Vid18_EM_T.png,frames/Vid18_L.png,l,1.0,4.304059199988842,3.0,2.864903099980438,,,,22.0,Male,Right handed,Normal
sub157_AB,AB,19.0,frames/Vid19_BB_T.png,frames/Vid19_L.png,l,1.0,2.446551000000909,5.0,1.7467707000032533,,,,22.0,Male,Right handed,Normal
sub157_AB,AB,20.0,frames/Vid20_EM_T.png,frames/Vid20_L.png,l,1.0,2.265708999999333,5.0,1.4973011999973096,,,,22.0,Male,Right handed,Normal
sub157_AB,AB,21.0,frames/Vid21_BB_T.png,frames/Vid21_L.png,l,1.0,2.5794276000233367,5.0,1.2980689999822062,,,,22.0,Male,Right handed,Normal
sub157_AB,AB,22.0,frames/Vid22_EM_T.png,frames/Vid22_L.png,r,1.0,2.5568002999934833,5.0,0.9485368999885396,,,,22.0,Male,Right handed,Normal
sub157_AB,AB,23.0,frames/Vid23_EM_T.png,frames/Vid23_L.png,r,1.0,6.316336099989712,2.0,1.7802973999932874,,,,22.0,Male,Right handed,Normal
sub157_AB,AB,24.0,frames/Vid24_BB_T.png,frames/Vid24_L.png,l,1.0,4.253785600012634,5.0,1.8148645000183024,,,,22.0,Male,Right handed,Normal
sub157_AB,AB,25.0,frames/Vid25_BB_T.png,frames/Vid25_L.png,l,0.0,2.033791800000472,5.0,2.0648695999989286,,,,22.0,Male,Right handed,Normal
sub157_AB,AB,26.0,frames/Vid26_EM_T.png,frames/Vid26_L.png,r,1.0,3.056988199998159,5.0,1.414701600006083,,,,22.0,Male,Right handed,Normal
sub157_AB,AB,27.0,frames/Vid27_BB_T.png,frames/Vid27_L.png,r,0.0,7.705452499998501,3.0,1.281040599977132,,,,22.0,Male,Right handed,Normal
sub157_AB,AB,28.0,frames/Vid28_EM_T.png,frames/Vid28_L.png,r,1.0,4.788634000025922,5.0,1.3322236000094565,,,,22.0,Male,Right handed,Normal
sub157_AB,AB,29.0,frames/Vid29_BB_T.png,frames/Vid29_L.png,r,1.0,7.484051600011298,4.0,1.7469562999904156,,,,22.0,Male,Right handed,Normal
sub157_AB,AB,30.0,frames/Vid30_EM_T.png,frames/Vid30_L.png,r,1.0,5.168632399989292,4.0,1.3138387000071816,,,,22.0,Male,Right handed,Normal
sub157_AB,AB,31.0,frames/Vid31_EM_T.png,frames/Vid31_L.png,l,1.0,4.011345799983246,4.0,1.131377000012435,,,,22.0,Male,Right handed,Normal
sub157_AB,AB,32.0,frames/Vid32_EM_T.png,frames/Vid32_L.png,r,1.0,2.38356090002344,5.0,0.9979661999968812,,,,22.0,Male,Right handed,Normal
sub157_AB,AB,33.0,frames/Vid33_BB_T.png,frames/Vid33_L.png,l,1.0,5.698609199986095,5.0,1.3651768999989145,,,,22.0,Male,Right handed,Normal
sub157_AB,AB,34.0,frames/Vid34_BB_T.png,frames/Vid34_L.png,r,1.0,6.429297199996654,4.0,1.0495479000092018,,,,22.0,Male,Right handed,Normal
sub157_AB,AB,35.0,frames/Vid35_EM_T.png,frames/Vid35_L.png,l,1.0,4.615081399999326,5.0,1.96434780000709,,,,22.0,Male,Right handed,Normal
sub157_AB,AB,36.0,frames/Vid36_BB_T.png,frames/Vid36_L.png,r,1.0,6.368426300003193,5.0,1.080148200009717,,,,22.0,Male,Right handed,Normal
sub157_AB,AB,37.0,frames/Vid37_BB_T.png,frames/Vid37_L.png,l,1.0,3.367468500015093,4.0,2.23158059999696,,,,22.0,Male,Right handed,Normal
sub157_AB,AB,38.0,frames/Vid38_EM_T.png,frames/Vid38_L.png,l,1.0,11.253219899983378,5.0,2.182425000006333,,,,22.0,Male,Right handed,Normal
sub157_AB,AB,39.0,frames/Vid39_BB_T.png,frames/Vid39_L.png,r,1.0,4.7465659999870695,4.0,1.5974688999995124,,,,22.0,Male,Right handed,Normal
sub157_AB,AB,40.0,frames/Vid40_EM_T.png,frames/Vid40_L.png,r,1.0,4.357641100010369,4.0,1.2155260000145065,,,,22.0,Male,Right handed,Normal
sub159_NB,NB,1.0,frames/Vid1_EM_T.png,frames/Vid1_L.png,r,1.0,4.144460400013486,5.0,0.8637872000108473,,,,27.0,Male,Right handed,Normal
sub159_NB,NB,1.0,frames/Vid1_EM_T.png,frames/Vid1_L.png,l,1.0,9.886409500002628,4.0,1.6651820999977645,,,,27.0,Male,Right handed,Normal
sub159_NB,NB,2.0,frames/Vid2_BB_T.png,frames/Vid2_L.png,l,1.0,3.89177029998973,5.0,0.731189699989045,,,,27.0,Male,Right handed,Normal
sub159_NB,NB,2.0,frames/Vid2_BB_T.png,frames/Vid2_L.png,l,1.0,4.810327999992296,5.0,0.7629021999891847,,,,27.0,Male,Right handed,Normal
sub159_NB,NB,3.0,frames/Vid3_BB_T.png,frames/Vid3_L.png,r,1.0,4.511105900019174,5.0,0.7664711000106763,,,,27.0,Male,Right handed,Normal
sub159_NB,NB,3.0,frames/Vid3_BB_T.png,frames/Vid3_L.png,r,1.0,4.25802670000121,5.0,1.381802300020354,,,,27.0,Male,Right handed,Normal
sub159_NB,NB,4.0,frames/Vid4_EM_T.png,frames/Vid4_L.png,r,0.0,12.749797500000568,5.0,1.413623300002655,,,,27.0,Male,Right handed,Normal
sub159_NB,NB,4.0,frames/Vid4_EM_T.png,frames/Vid4_L.png,r,0.0,3.4479602000210434,5.0,2.280134300002828,,,,27.0,Male,Right handed,Normal
sub159_NB,NB,5.0,frames/Vid5_EM_T.png,frames/Vid5_L.png,l,1.0,6.453520399983972,3.0,1.7653520999883767,,,,27.0,Male,Right handed,Normal
sub159_NB,NB,5.0,frames/Vid5_EM_T.png,frames/Vid5_L.png,r,0.0,5.838423800014425,2.0,2.9646158999821637,,,,27.0,Male,Right handed,Normal
sub159_NB,NB,6.0,frames/Vid6_BB_T.png,frames/Vid6_L.png,l,1.0,3.4050802999990992,5.0,0.998821399989538,,,,27.0,Male,Right handed,Normal
sub159_NB,NB,6.0,frames/Vid6_BB_T.png,frames/Vid6_L.png,l,1.0,5.749617699999362,5.0,0.8820334000047296,,,,27.0,Male,Right handed,Normal
sub159_NB,NB,7.0,frames/Vid7_EM_T.png,frames/Vid7_L.png,l,1.0,10.550287499994738,4.0,8.614773700013757,,,,27.0,Male,Right handed,Normal
sub159_NB,NB,7.0,frames/Vid7_EM_T.png,frames/Vid7_L.png,r,1.0,5.16654540001764,5.0,0.5644528999982867,,,,27.0,Male,Right handed,Normal
sub159_NB,NB,8.0,frames/Vid8_BB_T.png,frames/Vid8_L.png,r,1.0,8.719509599992307,3.0,1.9469554999959655,,,,27.0,Male,Right handed,Normal
sub159_NB,NB,8.0,frames/Vid8_BB_T.png,frames/Vid8_L.png,l,0.0,4.228965900023468,5.0,1.6136132999963593,,,,27.0,Male,Right handed,Normal
sub159_NB,NB,9.0,frames/Vid9_EM_T.png,frames/Vid9_L.png,l,1.0,4.3253451000200585,4.0,1.5984898999740835,,,,27.0,Male,Right handed,Normal
sub159_NB,NB,9.0,frames/Vid9_EM_T.png,frames/Vid9_L.png,l,1.0,3.18963719997555,5.0,0.5656316000095103,,,,27.0,Male,Right handed,Normal
sub159_NB,NB,10.0,frames/Vid10_BB_T.png,frames/Vid10_L.png,r,1.0,4.151312800007872,5.0,1.0815434000105597,,,,27.0,Male,Right handed,Normal
sub159_NB,NB,10.0,frames/Vid10_BB_T.png,frames/Vid10_L.png,l,1.0,4.941192099999171,3.0,2.3808594000001904,,,,27.0,Male,Right handed,Normal
sub159_NB,NB,11.0,frames/Vid11_EM_T.png,frames/Vid11_L.png,r,1.0,3.222360399988247,5.0,1.0317601999850012,,,,27.0,Male,Right handed,Normal
sub159_NB,NB,11.0,frames/Vid11_EM_T.png,frames/Vid11_L.png,r,1.0,2.2177208999928553,5.0,0.9462667999905534,,,,27.0,Male,Right handed,Normal
sub159_NB,NB,12.0,frames/Vid12_EM_T.png,frames/Vid12_L.png,r,0.0,3.4606015000026673,5.0,0.9665131000219844,,,,27.0,Male,Right handed,Normal
sub159_NB,NB,12.0,frames/Vid12_EM_T.png,frames/Vid12_L.png,l,1.0,4.932954200019594,5.0,1.5150727999862283,,,,27.0,Male,Right handed,Normal
sub159_NB,NB,13.0,frames/Vid13_BB_T.png,frames/Vid13_L.png,r,1.0,5.023366300010821,3.0,0.8974104999797419,,,,27.0,Male,Right handed,Normal
sub159_NB,NB,13.0,frames/Vid13_BB_T.png,frames/Vid13_L.png,l,0.0,6.251274400012335,3.0,1.3806748999923002,,,,27.0,Male,Right handed,Normal
sub159_NB,NB,14.0,frames/Vid14_BB_T.png,frames/Vid14_L.png,l,1.0,3.7142231999896462,5.0,0.8482532000052743,,,,27.0,Male,Right handed,Normal
sub159_NB,NB,14.0,frames/Vid14_BB_T.png,frames/Vid14_L.png,l,1.0,7.666283800004749,4.0,0.9987621000036596,,,,27.0,Male,Right handed,Normal
sub159_NB,NB,15.0,frames/Vid15_BB_T.png,frames/Vid15_L.png,r,1.0,10.849011400016025,2.0,3.747243799996795,,,,27.0,Male,Right handed,Normal
sub159_NB,NB,15.0,frames/Vid15_BB_T.png,frames/Vid15_L.png,l,1.0,4.18313149997266,5.0,0.9815383999957704,,,,27.0,Male,Right handed,Normal
sub159_NB,NB,16.0,frames/Vid16_EM_T.png,frames/Vid16_L.png,l,0.0,5.544210699998075,2.0,0.7802081000118051,,,,27.0,Male,Right handed,Normal
sub159_NB,NB,16.0,frames/Vid16_EM_T.png,frames/Vid16_L.png,r,0.0,7.40591420000419,5.0,0.4476863000018056,,,,27.0,Male,Right handed,Normal
sub159_NB,NB,17.0,frames/Vid17_BB_T.png,frames/Vid17_L.png,l,1.0,5.415539100009482,5.0,1.4655301999882795,,,,27.0,Male,Right handed,Normal
sub159_NB,NB,17.0,frames/Vid17_BB_T.png,frames/Vid17_L.png,r,0.0,7.016337299981387,4.0,1.7646192000247538,,,,27.0,Male,Right handed,Normal
sub159_NB,NB,18.0,frames/Vid18_EM_T.png,frames/Vid18_L.png,r,1.0,2.459746800013818,5.0,1.781178499979433,,,,27.0,Male,Right handed,Normal
sub159_NB,NB,18.0,frames/Vid18_EM_T.png,frames/Vid18_L.png,r,1.0,8.229318500001682,2.0,1.0136791999975685,,,,27.0,Male,Right handed,Normal
sub159_NB,NB,19.0,frames/Vid19_BB_T.png,frames/Vid19_L.png,l,0.0,4.015434300003108,2.0,0.8808051000232808,,,,27.0,Male,Right handed,Normal
sub159_NB,NB,19.0,frames/Vid19_BB_T.png,frames/Vid19_L.png,r,1.0,8.782290000002831,2.0,2.71412849999615,,,,27.0,Male,Right handed,Normal
sub159_NB,NB,20.0,frames/Vid20_EM_T.png,frames/Vid20_L.png,l,1.0,4.782926499989117,1.0,1.6137413999822456,,,,27.0,Male,Right handed,Normal
sub159_NB,NB,20.0,frames/Vid20_EM_T.png,frames/Vid20_L.png,l,1.0,5.852370199980214,4.0,1.7313558000023477,,,,27.0,Male,Right handed,Normal
sub159_NB,NB,21.0,frames/Vid21_BB_T.png,frames/Vid21_L.png,l,1.0,3.919205999991391,5.0,0.831188900017878,,,,27.0,Male,Right handed,Normal
sub159_NB,NB,21.0,frames/Vid21_BB_T.png,frames/Vid21_L.png,r,1.0,3.070851099997526,5.0,0.5143227999797091,,,,27.0,Male,Right handed,Normal
sub159_NB,NB,22.0,frames/Vid22_EM_T.png,frames/Vid22_L.png,r,1.0,2.6544412999937776,5.0,0.7311387000081595,,,,27.0,Male,Right handed,Normal
sub159_NB,NB,22.0,frames/Vid22_EM_T.png,frames/Vid22_L.png,r,1.0,12.215386900003068,5.0,1.747276799986139,,,,27.0,Male,Right handed,Normal
sub159_NB,NB,23.0,frames/Vid23_EM_T.png,frames/Vid23_L.png,r,1.0,2.1175931000034325,4.0,1.4150570000056175,,,,27.0,Male,Right handed,Normal
sub159_NB,NB,23.0,frames/Vid23_EM_T.png,frames/Vid23_L.png,r,1.0,4.91749439999694,4.0,7.798558999988018,,,,27.0,Male,Right handed,Normal
sub159_NB,NB,24.0,frames/Vid24_BB_T.png,frames/Vid24_L.png,r,0.0,2.5641574000183027,5.0,1.347530500002904,,,,27.0,Male,Right handed,Normal
sub159_NB,NB,24.0,frames/Vid24_BB_T.png,frames/Vid24_L.png,r,1.0,9.596518000005744,5.0,0.5811958000122104,,,,27.0,Male,Right handed,Normal
sub159_NB,NB,25.0,frames/Vid25_BB_T.png,frames/Vid25_L.png,l,0.0,16.16695090002031,3.0,1.0815413999953307,,,,27.0,Male,Right handed,Normal
sub159_NB,NB,25.0,frames/Vid25_BB_T.png,frames/Vid25_L.png,r,1.0,6.294720100006089,5.0,1.6317379999964032,,,,27.0,Male,Right handed,Normal
sub159_NB,NB,26.0,frames/Vid26_EM_T.png,frames/Vid26_L.png,l,1.0,3.4420582000166178,5.0,1.1475174000079278,,,,27.0,Male,Right handed,Normal
sub159_NB,NB,26.0,frames/Vid26_EM_T.png,frames/Vid26_L.png,r,1.0,4.224151700007496,5.0,3.063826000026893,,,,27.0,Male,Right handed,Normal
sub159_NB,NB,27.0,frames/Vid27_BB_T.png,frames/Vid27_L.png,l,1.0,3.837994000001345,3.0,0.7144402000121772,,,,27.0,Male,Right handed,Normal
sub159_NB,NB,27.0,frames/Vid27_BB_T.png,frames/Vid27_L.png,l,1.0,5.904951800010167,5.0,0.4807111999834887,,,,27.0,Male,Right handed,Normal
sub159_NB,NB,28.0,frames/Vid28_EM_T.png,frames/Vid28_L.png,r,1.0,2.313333600002806,5.0,1.0318690999993123,,,,27.0,Male,Right handed,Normal
sub159_NB,NB,28.0,frames/Vid28_EM_T.png,frames/Vid28_L.png,r,1.0,2.356973799993284,5.0,0.497639600012917,,,,27.0,Male,Right handed,Normal
sub159_NB,NB,29.0,frames/Vid29_BB_T.png,frames/Vid29_L.png,r,1.0,9.715338600013638,3.0,1.5958688000100665,,,,27.0,Male,Right handed,Normal
sub159_NB,NB,29.0,frames/Vid29_BB_T.png,frames/Vid29_L.png,r,1.0,7.974023999995552,5.0,1.680594200006453,,,,27.0,Male,Right handed,Normal
sub159_NB,NB,30.0,frames/Vid30_EM_T.png,frames/Vid30_L.png,l,1.0,6.719775700010359,5.0,1.4803660000034142,,,,27.0,Male,Right handed,Normal
sub159_NB,NB,30.0,frames/Vid30_EM_T.png,frames/Vid30_L.png,r,1.0,4.924622399994405,4.0,2.081368499988457,,,,27.0,Male,Right handed,Normal
sub159_NB,NB,31.0,frames/Vid31_EM_T.png,frames/Vid31_L.png,r,1.0,6.086582699994324,3.0,1.0326674999960233,,,,27.0,Male,Right handed,Normal
sub159_NB,NB,31.0,frames/Vid31_EM_T.png,frames/Vid31_L.png,l,1.0,2.846342300006654,5.0,0.4806775999895762,,,,27.0,Male,Right handed,Normal
sub159_NB,NB,32.0,frames/Vid32_EM_T.png,frames/Vid32_L.png,r,1.0,2.5544043000263628,5.0,1.0649271000002043,,,,27.0,Male,Right handed,Normal
sub159_NB,NB,32.0,frames/Vid32_EM_T.png,frames/Vid32_L.png,l,1.0,2.538351800001692,5.0,1.081039500015322,,,,27.0,Male,Right handed,Normal
sub159_NB,NB,33.0,frames/Vid33_BB_T.png,frames/Vid33_L.png,r,0.0,7.189725499978522,2.0,1.9818333000002897,,,,27.0,Male,Right handed,Normal
sub159_NB,NB,33.0,frames/Vid33_BB_T.png,frames/Vid33_L.png,r,1.0,10.094069799990391,3.0,0.9478101000131574,,,,27.0,Male,Right handed,Normal
sub159_NB,NB,34.0,frames/Vid34_BB_T.png,frames/Vid34_L.png,r,1.0,6.189120800001547,4.0,1.298241499986034,,,,27.0,Male,Right handed,Normal
sub159_NB,NB,34.0,frames/Vid34_BB_T.png,frames/Vid34_L.png,l,1.0,14.630165299982764,3.0,2.664829399989685,,,,27.0,Male,Right handed,Normal
sub159_NB,NB,35.0,frames/Vid35_EM_T.png,frames/Vid35_L.png,r,1.0,4.796204600017518,4.0,1.4311312999925576,,,,27.0,Male,Right handed,Normal
sub159_NB,NB,35.0,frames/Vid35_EM_T.png,frames/Vid35_L.png,l,1.0,9.6876290999935,5.0,1.664461600012146,,,,27.0,Male,Right handed,Normal
sub159_NB,NB,36.0,frames/Vid36_BB_T.png,frames/Vid36_L.png,r,1.0,6.109138400002848,5.0,1.3659819999884348,,,,27.0,Male,Right handed,Normal
sub159_NB,NB,36.0,frames/Vid36_BB_T.png,frames/Vid36_L.png,r,1.0,5.324697700008983,3.0,1.3640943000209518,,,,27.0,Male,Right handed,Normal
sub159_NB,NB,37.0,frames/Vid37_BB_T.png,frames/Vid37_L.png,l,1.0,3.7580488999956287,5.0,1.097538000001805,,,,27.0,Male,Right handed,Normal
sub159_NB,NB,37.0,frames/Vid37_BB_T.png,frames/Vid37_L.png,l,1.0,3.3966420000069775,5.0,2.114166400016984,,,,27.0,Male,Right handed,Normal
sub159_NB,NB,38.0,frames/Vid38_EM_T.png,frames/Vid38_L.png,l,1.0,8.620914099999936,5.0,1.098678000009386,,,,27.0,Male,Right handed,Normal
sub159_NB,NB,38.0,frames/Vid38_EM_T.png,frames/Vid38_L.png,r,0.0,6.741560399997979,3.0,1.6146888000075703,,,,27.0,Male,Right handed,Normal
sub159_NB,NB,39.0,frames/Vid39_BB_T.png,frames/Vid39_L.png,r,1.0,4.11188020001282,5.0,0.8489850000187289,,,,27.0,Male,Right handed,Normal
sub159_NB,NB,39.0,frames/Vid39_BB_T.png,frames/Vid39_L.png,r,1.0,8.740463099995395,4.0,1.8148011000012048,,,,27.0,Male,Right handed,Normal
sub159_NB,NB,40.0,frames/Vid40_EM_T.png,frames/Vid40_L.png,r,1.0,4.553505699994275,5.0,1.0473083000106271,,,,27.0,Male,Right handed,Normal
sub159_NB,NB,40.0,frames/Vid40_EM_T.png,frames/Vid40_L.png,r,1.0,10.695873799995752,4.0,1.0478069999953732,,,,27.0,Male,Right handed,Normal
sub15_NB,NB,1.0,frames/Vid1_EM_T.png,frames/Vid1_L.png,l,0.0,4.0984040000184905,5.0,1.5820702999772038,,,,24.0,Male,Right handed,Normal
sub15_NB,NB,2.0,frames/Vid2_BB_T.png,frames/Vid2_L.png,l,1.0,4.023191599990241,5.0,1.3649063000048045,,,,24.0,Male,Right handed,Normal
sub15_NB,NB,3.0,frames/Vid3_BB_T.png,frames/Vid3_L.png,l,1.0,4.704587099986384,5.0,1.2980100999993738,,,,24.0,Male,Right handed,Normal
sub15_NB,NB,4.0,frames/Vid4_EM_T.png,frames/Vid4_L.png,l,1.0,3.0375771000108216,5.0,0.9648638000071514,,,,24.0,Male,Right handed,Normal
sub15_NB,NB,5.0,frames/Vid5_EM_T.png,frames/Vid5_L.png,l,1.0,5.296391000010772,5.0,0.8645803999970667,,,,24.0,Male,Right handed,Normal
sub15_NB,NB,6.0,frames/Vid6_BB_T.png,frames/Vid6_L.png,r,1.0,5.65854100001161,4.0,1.08183629999985,,,,24.0,Male,Right handed,Normal
sub15_NB,NB,7.0,frames/Vid7_EM_T.png,frames/Vid7_L.png,l,1.0,7.521309100004146,5.0,9.01560199999949,,,,24.0,Male,Right handed,Normal
sub15_NB,NB,8.0,frames/Vid8_BB_T.png,frames/Vid8_L.png,l,0.0,7.703713700000662,4.0,1.8476543000142556,,,,24.0,Male,Right handed,Normal
sub15_NB,NB,9.0,frames/Vid9_EM_T.png,frames/Vid9_L.png,l,1.0,4.762678500002949,2.0,1.6822046000161208,,,,24.0,Male,Right handed,Normal
sub15_NB,NB,10.0,frames/Vid10_BB_T.png,frames/Vid10_L.png,l,0.0,4.207896999985678,5.0,0.7813888000091538,,,,24.0,Male,Right handed,Normal
sub15_NB,NB,11.0,frames/Vid11_EM_T.png,frames/Vid11_L.png,l,1.0,2.258630500000436,5.0,0.8643987999821547,,,,24.0,Male,Right handed,Normal
sub15_NB,NB,12.0,frames/Vid12_EM_T.png,frames/Vid12_L.png,l,0.0,4.309559399989666,3.0,1.1989121999940835,,,,24.0,Male,Right handed,Normal
sub15_NB,NB,13.0,frames/Vid13_BB_T.png,frames/Vid13_L.png,l,0.0,3.158073800004786,3.0,0.9155036000011024,,,,24.0,Male,Right handed,Normal
sub15_NB,NB,14.0,frames/Vid14_BB_T.png,frames/Vid14_L.png,r,1.0,6.885333800018998,3.0,0.9657927000080236,,,,24.0,Male,Right handed,Normal
sub15_NB,NB,15.0,frames/Vid15_BB_T.png,frames/Vid15_L.png,r,1.0,4.806526000000304,3.0,1.065257099980954,,,,24.0,Male,Right handed,Normal
sub15_NB,NB,16.0,frames/Vid16_EM_T.png,frames/Vid16_L.png,r,1.0,8.835935499984771,3.0,0.8133018999942578,,,,24.0,Male,Right handed,Normal
sub15_NB,NB,17.0,frames/Vid17_BB_T.png,frames/Vid17_L.png,l,1.0,3.753486600005999,5.0,1.1821452000003774,,,,24.0,Male,Right handed,Normal
sub15_NB,NB,18.0,frames/Vid18_EM_T.png,frames/Vid18_L.png,l,1.0,2.4043299999902956,3.0,0.8324464000179432,,,,24.0,Male,Right handed,Normal
sub15_NB,NB,19.0,frames/Vid19_BB_T.png,frames/Vid19_L.png,l,1.0,4.766052199993283,5.0,1.0150461999874096,,,,24.0,Male,Right handed,Normal
sub15_NB,NB,20.0,frames/Vid20_EM_T.png,frames/Vid20_L.png,r,1.0,4.716538199980278,4.0,1.2146342999767512,,,,24.0,Male,Right handed,Normal
sub15_NB,NB,21.0,frames/Vid21_BB_T.png,frames/Vid21_L.png,r,1.0,5.284348200017121,5.0,1.0280462999944575,,,,24.0,Male,Right handed,Normal
sub15_NB,NB,22.0,frames/Vid22_EM_T.png,frames/Vid22_L.png,l,0.0,1.8804536000243388,5.0,0.8309504999779165,,,,24.0,Male,Right handed,Normal
sub15_NB,NB,23.0,frames/Vid23_EM_T.png,frames/Vid23_L.png,l,1.0,3.131092299998272,3.0,1.0976100000261797,,,,24.0,Male,Right handed,Normal
sub15_NB,NB,24.0,frames/Vid24_BB_T.png,frames/Vid24_L.png,l,0.0,3.536553800018737,5.0,0.7313327000010759,,,,24.0,Male,Right handed,Normal
sub15_NB,NB,25.0,frames/Vid25_BB_T.png,frames/Vid25_L.png,l,1.0,13.595076500001596,3.0,2.3475512000150047,,,,24.0,Male,Right handed,Normal
sub15_NB,NB,26.0,frames/Vid26_EM_T.png,frames/Vid26_L.png,l,1.0,3.039890199986985,5.0,0.9986864999809768,,,,24.0,Male,Right handed,Normal
sub15_NB,NB,27.0,frames/Vid27_BB_T.png,frames/Vid27_L.png,r,1.0,3.5532525999879,5.0,0.9321005000092556,,,,24.0,Male,Right handed,Normal
sub15_NB,NB,28.0,frames/Vid28_EM_T.png,frames/Vid28_L.png,l,1.0,2.315148699999554,5.0,1.9315585999866016,,,,24.0,Male,Right handed,Normal
sub15_NB,NB,29.0,frames/Vid29_BB_T.png,frames/Vid29_L.png,l,1.0,3.2905784000176936,5.0,1.3481482999923171,,,,24.0,Male,Right handed,Normal
sub15_NB,NB,30.0,frames/Vid30_EM_T.png,frames/Vid30_L.png,l,1.0,9.84242830000585,4.0,1.1168667000019925,,,,24.0,Male,Right handed,Normal
sub15_NB,NB,31.0,frames/Vid31_EM_T.png,frames/Vid31_L.png,l,1.0,4.868519500014372,5.0,2.1140423999750055,,,,24.0,Male,Right handed,Normal
sub15_NB,NB,32.0,frames/Vid32_EM_T.png,frames/Vid32_L.png,l,1.0,4.277976200013654,5.0,1.2987327000009827,,,,24.0,Male,Right handed,Normal
sub15_NB,NB,33.0,frames/Vid33_BB_T.png,frames/Vid33_L.png,l,1.0,7.194627100019716,5.0,0.7817437000048812,,,,24.0,Male,Right handed,Normal
sub15_NB,NB,34.0,frames/Vid34_BB_T.png,frames/Vid34_L.png,r,0.0,7.786475200002315,3.0,2.7652016999782063,,,,24.0,Male,Right handed,Normal
sub15_NB,NB,35.0,frames/Vid35_EM_T.png,frames/Vid35_L.png,l,1.0,3.0924560999847017,5.0,0.8496369000058621,,,,24.0,Male,Right handed,Normal
sub15_NB,NB,36.0,frames/Vid36_BB_T.png,frames/Vid36_L.png,l,1.0,5.370162699982757,5.0,2.194938300002832,,,,24.0,Male,Right handed,Normal
sub15_NB,NB,37.0,frames/Vid37_BB_T.png,frames/Vid37_L.png,r,1.0,5.55581700001494,5.0,0.981598100013798,,,,24.0,Male,Right handed,Normal
sub15_NB,NB,38.0,frames/Vid38_EM_T.png,frames/Vid38_L.png,r,1.0,4.1454306000086945,2.0,1.447114500013413,,,,24.0,Male,Right handed,Normal
sub15_NB,NB,39.0,frames/Vid39_BB_T.png,frames/Vid39_L.png,l,1.0,3.3532746999990195,5.0,0.9314469999808352,,,,24.0,Male,Right handed,Normal
sub15_NB,NB,40.0,frames/Vid40_EM_T.png,frames/Vid40_L.png,r,1.0,4.515846399997827,4.0,1.0979511000041384,,,,24.0,Male,Right handed,Normal
sub160_NB,NB,1.0,frames/Vid1_EM_T.png,frames/Vid1_L.png,r,1.0,1.8447132000001147,5.0,1.2141477999975905,,,,22.0,Male,Right handed,Normal
sub160_NB,NB,2.0,frames/Vid2_BB_T.png,frames/Vid2_L.png,r,1.0,2.274840099998982,5.0,3.149307300016517,,,,22.0,Male,Right handed,Normal
sub160_NB,NB,3.0,frames/Vid3_BB_T.png,frames/Vid3_L.png,r,0.0,2.4715395999955945,3.0,5.780710400023963,,,,22.0,Male,Right handed,Normal
sub160_NB,NB,4.0,frames/Vid4_EM_T.png,frames/Vid4_L.png,l,1.0,4.436103100015316,5.0,1.2310861999867484,,,,22.0,Male,Right handed,Normal
sub160_NB,NB,5.0,frames/Vid5_EM_T.png,frames/Vid5_L.png,l,0.0,4.34857919998467,1.0,1.1656648000061978,,,,22.0,Male,Right handed,Normal
sub160_NB,NB,6.0,frames/Vid6_BB_T.png,frames/Vid6_L.png,r,1.0,3.563840300019365,5.0,1.514922700007446,,,,22.0,Male,Right handed,Normal
sub160_NB,NB,7.0,frames/Vid7_EM_T.png,frames/Vid7_L.png,r,0.0,3.4074708000116516,5.0,1.5808503999724053,,,,22.0,Male,Right handed,Normal
sub160_NB,NB,8.0,frames/Vid8_BB_T.png,frames/Vid8_L.png,r,0.0,4.711414500023238,1.0,1.431508700014092,,,,22.0,Male,Right handed,Normal
sub160_NB,NB,9.0,frames/Vid9_EM_T.png,frames/Vid9_L.png,l,1.0,3.6537798999925144,5.0,1.2158550999884028,,,,22.0,Male,Right handed,Normal
sub160_NB,NB,10.0,frames/Vid10_BB_T.png,frames/Vid10_L.png,l,1.0,4.385953699995298,5.0,1.4657118000031917,,,,22.0,Male,Right handed,Normal
sub160_NB,NB,11.0,frames/Vid11_EM_T.png,frames/Vid11_L.png,r,1.0,2.7039917000220157,5.0,1.5313555000175256,,,,22.0,Male,Right handed,Normal
sub160_NB,NB,12.0,frames/Vid12_EM_T.png,frames/Vid12_L.png,l,1.0,2.396770599996671,5.0,1.3312488999799823,,,,22.0,Male,Right handed,Normal
sub160_NB,NB,13.0,frames/Vid13_BB_T.png,frames/Vid13_L.png,r,0.0,3.886275199998636,4.0,1.7639554000052158,,,,22.0,Male,Right handed,Normal
sub160_NB,NB,14.0,frames/Vid14_BB_T.png,frames/Vid14_L.png,r,1.0,3.4920218999905046,4.0,0.8488551000191364,,,,22.0,Male,Right handed,Normal
sub160_NB,NB,15.0,frames/Vid15_BB_T.png,frames/Vid15_L.png,r,1.0,8.399477200000547,5.0,1.399011999979848,,,,22.0,Male,Right handed,Normal
sub160_NB,NB,16.0,frames/Vid16_EM_T.png,frames/Vid16_L.png,l,1.0,4.266081200010376,5.0,1.5306258000200614,,,,22.0,Male,Right handed,Normal
sub160_NB,NB,17.0,frames/Vid17_BB_T.png,frames/Vid17_L.png,r,0.0,3.318584399996326,5.0,0.8314927000028547,,,,22.0,Male,Right handed,Normal
sub160_NB,NB,18.0,frames/Vid18_EM_T.png,frames/Vid18_L.png,l,1.0,5.470313099998748,3.0,1.564687600010075,,,,22.0,Male,Right handed,Normal
sub160_NB,NB,19.0,frames/Vid19_BB_T.png,frames/Vid19_L.png,l,0.0,4.611727600015001,5.0,1.4632029999920633,,,,22.0,Male,Right handed,Normal
sub160_NB,NB,20.0,frames/Vid20_EM_T.png,frames/Vid20_L.png,l,1.0,2.7828567000105977,4.0,1.7990840999991633,,,,22.0,Male,Right handed,Normal
sub160_NB,NB,21.0,frames/Vid21_BB_T.png,frames/Vid21_L.png,l,1.0,3.369373199995607,5.0,1.4971864000253845,,,,22.0,Male,Right handed,Normal
sub160_NB,NB,22.0,frames/Vid22_EM_T.png,frames/Vid22_L.png,r,1.0,1.7308306000195444,5.0,1.3802662000234704,,,,22.0,Male,Right handed,Normal
sub160_NB,NB,23.0,frames/Vid23_EM_T.png,frames/Vid23_L.png,l,1.0,3.934399999998277,5.0,1.83058149999124,,,,22.0,Male,Right handed,Normal
sub160_NB,NB,24.0,frames/Vid24_BB_T.png,frames/Vid24_L.png,l,0.0,6.16387869999744,1.0,1.8648633999982849,,,,22.0,Male,Right handed,Normal
sub160_NB,NB,25.0,frames/Vid25_BB_T.png,frames/Vid25_L.png,r,1.0,2.5846702000126243,5.0,1.5478578000038397,,,,22.0,Male,Right handed,Normal
sub160_NB,NB,26.0,frames/Vid26_EM_T.png,frames/Vid26_L.png,l,1.0,2.5451657000230625,5.0,1.4662559000134934,,,,22.0,Male,Right handed,Normal
sub160_NB,NB,27.0,frames/Vid27_BB_T.png,frames/Vid27_L.png,r,1.0,4.268644499999937,5.0,1.598228899994865,,,,22.0,Male,Right handed,Normal
sub160_NB,NB,28.0,frames/Vid28_EM_T.png,frames/Vid28_L.png,r,1.0,6.215185399982147,5.0,2.0462925999891013,,,,22.0,Male,Right handed,Normal
sub160_NB,NB,29.0,frames/Vid29_BB_T.png,frames/Vid29_L.png,l,0.0,6.171504800004186,3.0,1.5652997000142932,,,,22.0,Male,Right handed,Normal
sub160_NB,NB,30.0,frames/Vid30_EM_T.png,frames/Vid30_L.png,r,1.0,3.558478499995545,5.0,1.413208099984331,,,,22.0,Male,Right handed,Normal
sub160_NB,NB,31.0,frames/Vid31_EM_T.png,frames/Vid31_L.png,r,1.0,2.371077799994964,5.0,1.3975944999838248,,,,22.0,Male,Right handed,Normal
sub160_NB,NB,32.0,frames/Vid32_EM_T.png,frames/Vid32_L.png,l,1.0,2.6359786999819335,5.0,1.298378200008301,,,,22.0,Male,Right handed,Normal
sub160_NB,NB,33.0,frames/Vid33_BB_T.png,frames/Vid33_L.png,l,1.0,3.1539415000006557,5.0,1.4831292000017129,,,,22.0,Male,Right handed,Normal
sub160_NB,NB,34.0,frames/Vid34_BB_T.png,frames/Vid34_L.png,l,1.0,3.6320719000068498,3.0,2.096772699995199,,,,22.0,Male,Right handed,Normal
sub160_NB,NB,35.0,frames/Vid35_EM_T.png,frames/Vid35_L.png,r,1.0,3.535558500007028,5.0,1.9973764000169467,,,,22.0,Male,Right handed,Normal
sub160_NB,NB,36.0,frames/Vid36_BB_T.png,frames/Vid36_L.png,l,1.0,4.9599823000025935,5.0,0.8635064999980386,,,,22.0,Male,Right handed,Normal
sub160_NB,NB,37.0,frames/Vid37_BB_T.png,frames/Vid37_L.png,l,1.0,3.2601729999878444,5.0,1.6644857000210322,,,,22.0,Male,Right handed,Normal
sub160_NB,NB,38.0,frames/Vid38_EM_T.png,frames/Vid38_L.png,r,1.0,2.8845831000071485,5.0,2.2295566000102554,,,,22.0,Male,Right handed,Normal
sub160_NB,NB,39.0,frames/Vid39_BB_T.png,frames/Vid39_L.png,l,0.0,8.57517279998865,3.0,1.679036299989093,,,,22.0,Male,Right handed,Normal
sub160_NB,NB,40.0,frames/Vid40_EM_T.png,frames/Vid40_L.png,r,1.0,2.9871386000013445,5.0,1.1468441000033636,,,,22.0,Male,Right handed,Normal
sub161_NB,NB,1.0,frames/Vid1_EM_T.png,frames/Vid1_L.png,l,0.0,4.767154899978777,1.0,1.1486623999953736,,,,22.0,Male,Right handed,Corrected to normal
sub161_NB,NB,1.0,frames/Vid1_EM_T.png,frames/Vid1_L.png,l,0.0,14.32785370000056,3.0,2.1815678999992087,,,,22.0,Male,Right handed,Corrected to normal
sub161_NB,NB,2.0,frames/Vid2_BB_T.png,frames/Vid2_L.png,r,1.0,3.0275904000154696,5.0,1.1821270000073127,,,,22.0,Male,Right handed,Corrected to normal
sub161_NB,NB,2.0,frames/Vid2_BB_T.png,frames/Vid2_L.png,r,1.0,3.281126099987887,5.0,0.9974136000091676,,,,22.0,Male,Right handed,Corrected to normal
sub161_NB,NB,3.0,frames/Vid3_BB_T.png,frames/Vid3_L.png,l,1.0,2.416609600011725,4.0,1.3973712000006344,,,,22.0,Male,Right handed,Corrected to normal
sub161_NB,NB,3.0,frames/Vid3_BB_T.png,frames/Vid3_L.png,r,1.0,2.8071717000275385,5.0,1.1641084000002593,,,,22.0,Male,Right handed,Corrected to normal
sub161_NB,NB,4.0,frames/Vid4_EM_T.png,frames/Vid4_L.png,r,1.0,2.795983599993633,5.0,1.3835397000075318,,,,22.0,Male,Right handed,Corrected to normal
sub161_NB,NB,4.0,frames/Vid4_EM_T.png,frames/Vid4_L.png,r,1.0,10.38224929998978,4.0,1.8151093000196852,,,,22.0,Male,Right handed,Corrected to normal
sub161_NB,NB,5.0,frames/Vid5_EM_T.png,frames/Vid5_L.png,r,1.0,2.35394170001382,1.0,0.6982931999955326,,,,22.0,Male,Right handed,Corrected to normal
sub161_NB,NB,5.0,frames/Vid5_EM_T.png,frames/Vid5_L.png,l,1.0,3.014762500009965,5.0,1.6635421999963,,,,22.0,Male,Right handed,Corrected to normal
sub161_NB,NB,6.0,frames/Vid6_BB_T.png,frames/Vid6_L.png,r,1.0,5.2962249999982305,5.0,2.6480982000066433,,,,22.0,Male,Right handed,Corrected to normal
sub161_NB,NB,6.0,frames/Vid6_BB_T.png,frames/Vid6_L.png,r,1.0,6.731143300014082,5.0,1.7982100000081118,,,,22.0,Male,Right handed,Corrected to normal
sub161_NB,NB,7.0,frames/Vid7_EM_T.png,frames/Vid7_L.png,r,0.0,2.87509700001101,1.0,1.1468750000058208,,,,22.0,Male,Right handed,Corrected to normal
sub161_NB,NB,7.0,frames/Vid7_EM_T.png,frames/Vid7_L.png,r,1.0,4.7785740999970585,5.0,1.9984843999845907,,,,22.0,Male,Right handed,Corrected to normal
sub161_NB,NB,8.0,frames/Vid8_BB_T.png,frames/Vid8_L.png,l,0.0,2.584347099997103,5.0,1.5139578999951482,,,,22.0,Male,Right handed,Corrected to normal
sub161_NB,NB,8.0,frames/Vid8_BB_T.png,frames/Vid8_L.png,l,1.0,3.9829672999912873,5.0,1.1312136999913491,,,,22.0,Male,Right handed,Corrected to normal
sub161_NB,NB,9.0,frames/Vid9_EM_T.png,frames/Vid9_L.png,l,1.0,2.2910550000087824,4.0,1.0321300000068732,,,,22.0,Male,Right handed,Corrected to normal
sub161_NB,NB,9.0,frames/Vid9_EM_T.png,frames/Vid9_L.png,r,1.0,3.485086200002115,5.0,0.9963742999825628,,,,22.0,Male,Right handed,Corrected to normal
sub161_NB,NB,10.0,frames/Vid10_BB_T.png,frames/Vid10_L.png,r,1.0,1.7714722999953665,5.0,1.0648513000051023,,,,22.0,Male,Right handed,Corrected to normal
sub161_NB,NB,10.0,frames/Vid10_BB_T.png,frames/Vid10_L.png,l,1.0,8.31660120000015,2.0,2.698853100009728,,,,22.0,Male,Right handed,Corrected to normal
sub161_NB,NB,11.0,frames/Vid11_EM_T.png,frames/Vid11_L.png,r,1.0,2.734351599996444,5.0,1.3151332999987062,,,,22.0,Male,Right handed,Corrected to normal
sub161_NB,NB,11.0,frames/Vid11_EM_T.png,frames/Vid11_L.png,l,1.0,3.0900584000046365,5.0,1.031408799986821,,,,22.0,Male,Right handed,Corrected to normal
sub161_NB,NB,12.0,frames/Vid12_EM_T.png,frames/Vid12_L.png,l,1.0,2.243882200011285,4.0,1.463096499996027,,,,22.0,Male,Right handed,Corrected to normal
sub161_NB,NB,12.0,frames/Vid12_EM_T.png,frames/Vid12_L.png,r,1.0,8.769736099988222,2.0,1.8972157000098375,,,,22.0,Male,Right handed,Corrected to normal
sub161_NB,NB,13.0,frames/Vid13_BB_T.png,frames/Vid13_L.png,l,1.0,4.190651199984131,2.0,1.1818813999998383,,,,22.0,Male,Right handed,Corrected to normal
sub161_NB,NB,13.0,frames/Vid13_BB_T.png,frames/Vid13_L.png,l,0.0,3.3643054999993183,5.0,2.248878099984722,,,,22.0,Male,Right handed,Corrected to normal
sub161_NB,NB,14.0,frames/Vid14_BB_T.png,frames/Vid14_L.png,r,1.0,2.1271497999841813,1.0,1.0645598000264729,,,,22.0,Male,Right handed,Corrected to normal
sub161_NB,NB,14.0,frames/Vid14_BB_T.png,frames/Vid14_L.png,r,1.0,4.2299375999718904,5.0,1.630766299989773,,,,22.0,Male,Right handed,Corrected to normal
sub161_NB,NB,15.0,frames/Vid15_BB_T.png,frames/Vid15_L.png,r,1.0,2.29605370000354,5.0,0.9487057999940588,,,,22.0,Male,Right handed,Corrected to normal
sub161_NB,NB,15.0,frames/Vid15_BB_T.png,frames/Vid15_L.png,r,1.0,3.127994200011017,5.0,1.632139900000766,,,,22.0,Male,Right handed,Corrected to normal
sub161_NB,NB,16.0,frames/Vid16_EM_T.png,frames/Vid16_L.png,r,1.0,3.2476546999823768,4.0,1.0148865000228398,,,,22.0,Male,Right handed,Corrected to normal
sub161_NB,NB,16.0,frames/Vid16_EM_T.png,frames/Vid16_L.png,r,1.0,4.37307729999884,3.0,1.913576799997827,,,,22.0,Male,Right handed,Corrected to normal
sub161_NB,NB,17.0,frames/Vid17_BB_T.png,frames/Vid17_L.png,r,1.0,6.230065299983835,4.0,2.2978217999916524,,,,22.0,Male,Right handed,Corrected to normal
sub161_NB,NB,17.0,frames/Vid17_BB_T.png,frames/Vid17_L.png,l,1.0,4.479281800013268,4.0,1.3310705999901984,,,,22.0,Male,Right handed,Corrected to normal
sub161_NB,NB,18.0,frames/Vid18_EM_T.png,frames/Vid18_L.png,l,1.0,4.682944900006987,2.0,1.8317066000017803,,,,22.0,Male,Right handed,Corrected to normal
sub161_NB,NB,18.0,frames/Vid18_EM_T.png,frames/Vid18_L.png,l,1.0,7.03006550000282,3.0,1.11323529999936,,,,22.0,Male,Right handed,Corrected to normal
sub161_NB,NB,19.0,frames/Vid19_BB_T.png,frames/Vid19_L.png,l,1.0,4.035602099989774,2.0,3.448788900015643,,,,22.0,Male,Right handed,Corrected to normal
sub161_NB,NB,19.0,frames/Vid19_BB_T.png,frames/Vid19_L.png,l,1.0,9.248718199989526,1.0,2.9470927999936976,,,,22.0,Male,Right handed,Corrected to normal
sub161_NB,NB,20.0,frames/Vid20_EM_T.png,frames/Vid20_L.png,r,1.0,2.997185999993235,3.0,1.9983410999993791,,,,22.0,Male,Right handed,Corrected to normal
sub161_NB,NB,20.0,frames/Vid20_EM_T.png,frames/Vid20_L.png,l,1.0,3.5599809999985155,4.0,2.2317115000041667,,,,22.0,Male,Right handed,Corrected to normal
sub161_NB,NB,21.0,frames/Vid21_BB_T.png,frames/Vid21_L.png,r,1.0,3.688794499990763,4.0,0.998619999998482,,,,22.0,Male,Right handed,Corrected to normal
sub161_NB,NB,21.0,frames/Vid21_BB_T.png,frames/Vid21_L.png,l,1.0,3.429996900027618,5.0,1.44886229999247,,,,22.0,Male,Right handed,Corrected to normal
sub161_NB,NB,22.0,frames/Vid22_EM_T.png,frames/Vid22_L.png,r,1.0,2.9593939000042155,4.0,1.563121199986199,,,,22.0,Male,Right handed,Corrected to normal
sub161_NB,NB,22.0,frames/Vid22_EM_T.png,frames/Vid22_L.png,r,1.0,7.303127699997276,4.0,2.230540499993367,,,,22.0,Male,Right handed,Corrected to normal
sub161_NB,NB,23.0,frames/Vid23_EM_T.png,frames/Vid23_L.png,l,1.0,2.6668546999862883,5.0,1.8975654999958351,,,,22.0,Male,Right handed,Corrected to normal
sub161_NB,NB,23.0,frames/Vid23_EM_T.png,frames/Vid23_L.png,l,1.0,4.451558900007512,1.0,0.998157900001388,,,,22.0,Male,Right handed,Corrected to normal
sub161_NB,NB,24.0,frames/Vid24_BB_T.png,frames/Vid24_L.png,r,1.0,2.6117354000161868,5.0,1.5777143000159413,,,,22.0,Male,Right handed,Corrected to normal
sub161_NB,NB,24.0,frames/Vid24_BB_T.png,frames/Vid24_L.png,l,1.0,2.4055691999965347,5.0,1.447444599994924,,,,22.0,Male,Right handed,Corrected to normal
sub161_NB,NB,25.0,frames/Vid25_BB_T.png,frames/Vid25_L.png,l,1.0,2.5820567999908235,3.0,0.9466651999973692,,,,22.0,Male,Right handed,Corrected to normal
sub161_NB,NB,25.0,frames/Vid25_BB_T.png,frames/Vid25_L.png,r,1.0,6.933067900012247,4.0,0.998068199987756,,,,22.0,Male,Right handed,Corrected to normal
sub161_NB,NB,26.0,frames/Vid26_EM_T.png,frames/Vid26_L.png,r,1.0,2.359017099981429,5.0,1.4982527999964077,,,,22.0,Male,Right handed,Corrected to normal
sub161_NB,NB,26.0,frames/Vid26_EM_T.png,frames/Vid26_L.png,l,0.0,4.039827300002798,4.0,1.3474276999768335,,,,22.0,Male,Right handed,Corrected to normal
sub161_NB,NB,27.0,frames/Vid27_BB_T.png,frames/Vid27_L.png,l,1.0,4.3298315000138246,2.0,1.5320848999836016,,,,22.0,Male,Right handed,Corrected to normal
sub161_NB,NB,27.0,frames/Vid27_BB_T.png,frames/Vid27_L.png,r,1.0,2.9756587999872863,5.0,2.047905199986417,,,,22.0,Male,Right handed,Corrected to normal
sub161_NB,NB,28.0,frames/Vid28_EM_T.png,frames/Vid28_L.png,r,1.0,4.026892299996689,1.0,1.4633437999873422,,,,22.0,Male,Right handed,Corrected to normal
sub161_NB,NB,28.0,frames/Vid28_EM_T.png,frames/Vid28_L.png,r,1.0,7.882005899999058,4.0,7.331412900006399,,,,22.0,Male,Right handed,Corrected to normal
sub161_NB,NB,29.0,frames/Vid29_BB_T.png,frames/Vid29_L.png,l,0.0,2.2785178999765776,1.0,1.4471796000143513,,,,22.0,Male,Right handed,Corrected to normal
sub161_NB,NB,29.0,frames/Vid29_BB_T.png,frames/Vid29_L.png,l,1.0,3.0010049999982584,5.0,2.164221799990628,,,,22.0,Male,Right handed,Corrected to normal
sub161_NB,NB,30.0,frames/Vid30_EM_T.png,frames/Vid30_L.png,l,0.0,2.992132799990941,1.0,1.7489239999849815,,,,22.0,Male,Right handed,Corrected to normal
sub161_NB,NB,30.0,frames/Vid30_EM_T.png,frames/Vid30_L.png,r,1.0,5.09907190001104,5.0,1.6483490999962669,,,,22.0,Male,Right handed,Corrected to normal
sub161_NB,NB,31.0,frames/Vid31_EM_T.png,frames/Vid31_L.png,r,1.0,5.9911782999988645,3.0,8.630979199981084,,,,22.0,Male,Right handed,Corrected to normal
sub161_NB,NB,31.0,frames/Vid31_EM_T.png,frames/Vid31_L.png,r,1.0,6.843165500002215,2.0,1.1658883000200149,,,,22.0,Male,Right handed,Corrected to normal
sub161_NB,NB,32.0,frames/Vid32_EM_T.png,frames/Vid32_L.png,l,1.0,2.3177154999866616,4.0,1.5137016999942716,,,,22.0,Male,Right handed,Corrected to normal
sub161_NB,NB,32.0,frames/Vid32_EM_T.png,frames/Vid32_L.png,r,1.0,3.849816000001738,4.0,2.3144897000165656,,,,22.0,Male,Right handed,Corrected to normal
sub161_NB,NB,33.0,frames/Vid33_BB_T.png,frames/Vid33_L.png,l,0.0,2.5516862999938894,1.0,1.616178799973568,,,,22.0,Male,Right handed,Corrected to normal
sub161_NB,NB,33.0,frames/Vid33_BB_T.png,frames/Vid33_L.png,l,1.0,4.329789600014919,5.0,1.5644676000229083,,,,22.0,Male,Right handed,Corrected to normal
sub161_NB,NB,34.0,frames/Vid34_BB_T.png,frames/Vid34_L.png,r,1.0,3.874290999985533,3.0,0.9487518999958412,,,,22.0,Male,Right handed,Corrected to normal
sub161_NB,NB,34.0,frames/Vid34_BB_T.png,frames/Vid34_L.png,l,1.0,3.6181745999783743,4.0,1.0168441999994684,,,,22.0,Male,Right handed,Corrected to normal
sub161_NB,NB,35.0,frames/Vid35_EM_T.png,frames/Vid35_L.png,r,1.0,2.31414329999825,5.0,1.5996700999967288,,,,22.0,Male,Right handed,Corrected to normal
sub161_NB,NB,35.0,frames/Vid35_EM_T.png,frames/Vid35_L.png,r,1.0,7.53555219998816,3.0,1.847285499999998,,,,22.0,Male,Right handed,Corrected to normal
sub161_NB,NB,36.0,frames/Vid36_BB_T.png,frames/Vid36_L.png,l,0.0,3.2284074000199325,2.0,1.0648463999968951,,,,22.0,Male,Right handed,Corrected to normal
sub161_NB,NB,36.0,frames/Vid36_BB_T.png,frames/Vid36_L.png,r,1.0,5.1255884999991395,3.0,1.7160225000116045,,,,22.0,Male,Right handed,Corrected to normal
sub161_NB,NB,37.0,frames/Vid37_BB_T.png,frames/Vid37_L.png,r,1.0,2.520423899986781,5.0,1.148920100007672,,,,22.0,Male,Right handed,Corrected to normal
sub161_NB,NB,37.0,frames/Vid37_BB_T.png,frames/Vid37_L.png,r,1.0,4.166721499990672,5.0,2.231862299988279,,,,22.0,Male,Right handed,Corrected to normal
sub161_NB,NB,38.0,frames/Vid38_EM_T.png,frames/Vid38_L.png,r,1.0,3.069406299997354,4.0,0.9472763000230772,,,,22.0,Male,Right handed,Corrected to normal
sub161_NB,NB,38.0,frames/Vid38_EM_T.png,frames/Vid38_L.png,r,1.0,4.023348099988652,4.0,1.1474699999962468,,,,22.0,Male,Right handed,Corrected to normal
sub161_NB,NB,39.0,frames/Vid39_BB_T.png,frames/Vid39_L.png,l,1.0,3.1506625000038184,4.0,1.181028500024695,,,,22.0,Male,Right handed,Corrected to normal
sub161_NB,NB,39.0,frames/Vid39_BB_T.png,frames/Vid39_L.png,l,1.0,8.213722999993479,3.0,2.1490780000167433,,,,22.0,Male,Right handed,Corrected to normal
sub161_NB,NB,40.0,frames/Vid40_EM_T.png,frames/Vid40_L.png,r,1.0,4.297342900012154,2.0,1.2298728000023402,,,,22.0,Male,Right handed,Corrected to normal
sub161_NB,NB,40.0,frames/Vid40_EM_T.png,frames/Vid40_L.png,r,1.0,5.631742400000803,5.0,2.6154678000020795,,,,22.0,Male,Right handed,Corrected to normal
sub163_NB,NB,1.0,frames/Vid1_EM_T.png,frames/Vid1_L.png,l,1.0,6.675472000002628,4.0,1.0314919999800622,,,,20.0,Male,Right handed,Normal
sub163_NB,NB,2.0,frames/Vid2_BB_T.png,frames/Vid2_L.png,r,1.0,3.760942900000373,5.0,1.2486931000021286,,,,20.0,Male,Right handed,Normal
sub163_NB,NB,3.0,frames/Vid3_BB_T.png,frames/Vid3_L.png,r,1.0,2.7782794999948237,5.0,1.331313199974829,,,,20.0,Male,Right handed,Normal
sub163_NB,NB,4.0,frames/Vid4_EM_T.png,frames/Vid4_L.png,r,1.0,5.664107300020987,4.0,1.515700799995102,,,,20.0,Male,Right handed,Normal
sub163_NB,NB,5.0,frames/Vid5_EM_T.png,frames/Vid5_L.png,l,1.0,3.825504500011448,4.0,1.1814876999997068,,,,20.0,Male,Right handed,Normal
sub163_NB,NB,6.0,frames/Vid6_BB_T.png,frames/Vid6_L.png,r,1.0,4.129366799985291,5.0,1.3810785000096075,,,,20.0,Male,Right handed,Normal
sub163_NB,NB,7.0,frames/Vid7_EM_T.png,frames/Vid7_L.png,r,1.0,3.3910175999917556,4.0,1.149008500011405,,,,20.0,Male,Right handed,Normal
sub163_NB,NB,8.0,frames/Vid8_BB_T.png,frames/Vid8_L.png,r,1.0,3.978663099987898,4.0,1.799127399979625,,,,20.0,Male,Right handed,Normal
sub163_NB,NB,9.0,frames/Vid9_EM_T.png,frames/Vid9_L.png,l,1.0,5.566113200009568,3.0,1.7473958999908064,,,,20.0,Male,Right handed,Normal
sub163_NB,NB,10.0,frames/Vid10_BB_T.png,frames/Vid10_L.png,l,1.0,13.659728700004052,2.0,1.9485353999771176,,,,20.0,Male,Right handed,Normal
sub163_NB,NB,11.0,frames/Vid11_EM_T.png,frames/Vid11_L.png,r,1.0,2.5781631999998353,4.0,1.0478240000084045,,,,20.0,Male,Right handed,Normal
sub163_NB,NB,12.0,frames/Vid12_EM_T.png,frames/Vid12_L.png,l,1.0,5.643558300012955,3.0,3.68110680000973,,,,20.0,Male,Right handed,Normal
sub163_NB,NB,13.0,frames/Vid13_BB_T.png,frames/Vid13_L.png,r,1.0,5.038036200014176,4.0,1.597392800002126,,,,20.0,Male,Right handed,Normal
sub163_NB,NB,14.0,frames/Vid14_BB_T.png,frames/Vid14_L.png,l,1.0,5.222332799981814,4.0,1.662918499991065,,,,20.0,Male,Right handed,Normal
sub163_NB,NB,15.0,frames/Vid15_BB_T.png,frames/Vid15_L.png,l,1.0,3.7124710000061896,4.0,2.0640813000209164,,,,20.0,Male,Right handed,Normal
sub163_NB,NB,16.0,frames/Vid16_EM_T.png,frames/Vid16_L.png,l,1.0,4.360899899998913,3.0,1.0651379999762869,,,,20.0,Male,Right handed,Normal
sub163_NB,NB,17.0,frames/Vid17_BB_T.png,frames/Vid17_L.png,l,1.0,3.9827556000091136,4.0,0.9648415000119712,,,,20.0,Male,Right handed,Normal
sub163_NB,NB,18.0,frames/Vid18_EM_T.png,frames/Vid18_L.png,l,1.0,5.558519200014416,5.0,1.5822679999982938,,,,20.0,Male,Right handed,Normal
sub163_NB,NB,19.0,frames/Vid19_BB_T.png,frames/Vid19_L.png,l,1.0,6.309434399998281,3.0,8.830381600011606,,,,20.0,Male,Right handed,Normal
sub163_NB,NB,20.0,frames/Vid20_EM_T.png,frames/Vid20_L.png,l,1.0,11.08325419999892,3.0,1.5642081999976654,,,,20.0,Male,Right handed,Normal
sub163_NB,NB,21.0,frames/Vid21_BB_T.png,frames/Vid21_L.png,l,1.0,4.705019199987873,4.0,1.9313680000195743,,,,20.0,Male,Right handed,Normal
sub163_NB,NB,22.0,frames/Vid22_EM_T.png,frames/Vid22_L.png,l,1.0,3.0261203000263777,5.0,1.1155876999837346,,,,20.0,Male,Right handed,Normal
sub163_NB,NB,23.0,frames/Vid23_EM_T.png,frames/Vid23_L.png,l,1.0,8.370173300005263,2.0,1.5972175999777392,,,,20.0,Male,Right handed,Normal
sub163_NB,NB,24.0,frames/Vid24_BB_T.png,frames/Vid24_L.png,l,1.0,5.303851500008022,5.0,1.8145137000246905,,,,20.0,Male,Right handed,Normal
sub163_NB,NB,25.0,frames/Vid25_BB_T.png,frames/Vid25_L.png,r,0.0,5.688999600009993,2.0,3.4316850999894086,,,,20.0,Male,Right handed,Normal
sub163_NB,NB,26.0,frames/Vid26_EM_T.png,frames/Vid26_L.png,l,0.0,6.268517799995607,3.0,2.0142979999945965,,,,20.0,Male,Right handed,Normal
sub163_NB,NB,27.0,frames/Vid27_BB_T.png,frames/Vid27_L.png,r,1.0,4.185769600007916,4.0,1.148775200010277,,,,20.0,Male,Right handed,Normal
sub163_NB,NB,28.0,frames/Vid28_EM_T.png,frames/Vid28_L.png,r,1.0,3.3835488999902736,4.0,1.7641321000119206,,,,20.0,Male,Right handed,Normal
sub163_NB,NB,29.0,frames/Vid29_BB_T.png,frames/Vid29_L.png,l,1.0,3.2014492000162136,4.0,1.0635393999982623,,,,20.0,Male,Right handed,Normal
sub163_NB,NB,30.0,frames/Vid30_EM_T.png,frames/Vid30_L.png,l,1.0,3.4004387999884784,5.0,1.7462214000115637,,,,20.0,Male,Right handed,Normal
sub163_NB,NB,31.0,frames/Vid31_EM_T.png,frames/Vid31_L.png,l,1.0,3.1651397999958135,5.0,1.8802286999998616,,,,20.0,Male,Right handed,Normal
sub163_NB,NB,32.0,frames/Vid32_EM_T.png,frames/Vid32_L.png,r,1.0,3.912262400001054,5.0,1.3971641999960411,,,,20.0,Male,Right handed,Normal
sub163_NB,NB,33.0,frames/Vid33_BB_T.png,frames/Vid33_L.png,r,1.0,4.888372799992794,5.0,1.0306434000085574,,,,20.0,Male,Right handed,Normal
sub163_NB,NB,34.0,frames/Vid34_BB_T.png,frames/Vid34_L.png,r,1.0,4.5393296999973245,4.0,1.0984623999975156,,,,20.0,Male,Right handed,Normal
sub163_NB,NB,35.0,frames/Vid35_EM_T.png,frames/Vid35_L.png,r,1.0,3.570753300009528,4.0,1.248858100007055,,,,20.0,Male,Right handed,Normal
sub163_NB,NB,36.0,frames/Vid36_BB_T.png,frames/Vid36_L.png,r,1.0,4.606958999997005,3.0,3.046656799997436,,,,20.0,Male,Right handed,Normal
sub163_NB,NB,37.0,frames/Vid37_BB_T.png,frames/Vid37_L.png,r,1.0,2.820129999978235,5.0,1.3145407999982126,,,,20.0,Male,Right handed,Normal
sub163_NB,NB,38.0,frames/Vid38_EM_T.png,frames/Vid38_L.png,r,1.0,6.234239199984586,4.0,1.0331621000077575,,,,20.0,Male,Right handed,Normal
sub163_NB,NB,39.0,frames/Vid39_BB_T.png,frames/Vid39_L.png,r,1.0,4.883726200001547,5.0,1.4648531999846457,,,,20.0,Male,Right handed,Normal
sub163_NB,NB,40.0,frames/Vid40_EM_T.png,frames/Vid40_L.png,l,1.0,6.334368899988476,4.0,1.164166100003058,,,,20.0,Male,Right handed,Normal
sub169_NB,NB,1.0,frames/Vid1_EM_T.png,frames/Vid1_L.png,r,0.0,6.302698000014061,5.0,1.0975153000035789,,,,21.0,Male,Right handed,Corrected to normal
sub169_NB,NB,2.0,frames/Vid2_BB_T.png,frames/Vid2_L.png,r,1.0,5.366154399991501,5.0,1.59820160001982,,,,21.0,Male,Right handed,Corrected to normal
sub169_NB,NB,3.0,frames/Vid3_BB_T.png,frames/Vid3_L.png,l,1.0,2.0991550000035204,5.0,0.9331600000150502,,,,21.0,Male,Right handed,Corrected to normal
sub169_NB,NB,4.0,frames/Vid4_EM_T.png,frames/Vid4_L.png,r,0.0,54.72299500001827,5.0,2.764924199989764,,,,21.0,Male,Right handed,Corrected to normal
sub169_NB,NB,5.0,frames/Vid5_EM_T.png,frames/Vid5_L.png,r,1.0,5.997378000000026,5.0,1.0971641000069212,,,,21.0,Male,Right handed,Corrected to normal
sub169_NB,NB,6.0,frames/Vid6_BB_T.png,frames/Vid6_L.png,r,1.0,3.1290454999834765,5.0,2.7975202999950852,,,,21.0,Male,Right handed,Corrected to normal
sub169_NB,NB,7.0,frames/Vid7_EM_T.png,frames/Vid7_L.png,r,1.0,5.4121835000114515,5.0,2.397944299998926,,,,21.0,Male,Right handed,Corrected to normal
sub169_NB,NB,8.0,frames/Vid8_BB_T.png,frames/Vid8_L.png,r,0.0,36.03637909999816,5.0,2.196873700013384,,,,21.0,Male,Right handed,Corrected to normal
sub169_NB,NB,9.0,frames/Vid9_EM_T.png,frames/Vid9_L.png,l,0.0,11.84585800001514,5.0,1.8965918000030797,,,,21.0,Male,Right handed,Corrected to normal
sub169_NB,NB,10.0,frames/Vid10_BB_T.png,frames/Vid10_L.png,l,1.0,9.603218500007642,5.0,1.714023799984716,,,,21.0,Male,Right handed,Corrected to normal
sub169_NB,NB,11.0,frames/Vid11_EM_T.png,frames/Vid11_L.png,l,1.0,8.567546299978858,5.0,2.8818213999911677,,,,21.0,Male,Right handed,Corrected to normal
sub169_NB,NB,12.0,frames/Vid12_EM_T.png,frames/Vid12_L.png,r,1.0,10.531897699984256,5.0,12.863709099998232,,,,21.0,Male,Right handed,Corrected to normal
sub169_NB,NB,13.0,frames/Vid13_BB_T.png,frames/Vid13_L.png,l,1.0,9.35010159999365,5.0,1.1652192999899853,,,,21.0,Male,Right handed,Corrected to normal
sub169_NB,NB,14.0,frames/Vid14_BB_T.png,frames/Vid14_L.png,r,1.0,5.650613500009058,5.0,1.0802848000021186,,,,21.0,Male,Right handed,Corrected to normal
sub169_NB,NB,15.0,frames/Vid15_BB_T.png,frames/Vid15_L.png,l,1.0,9.677818700001808,5.0,1.747515700000804,,,,21.0,Male,Right handed,Corrected to normal
sub169_NB,NB,16.0,frames/Vid16_EM_T.png,frames/Vid16_L.png,l,0.0,22.99464920000173,5.0,1.8493899999884889,,,,21.0,Male,Right handed,Corrected to normal
sub169_NB,NB,17.0,frames/Vid17_BB_T.png,frames/Vid17_L.png,l,1.0,3.0863661999756005,5.0,1.398939100006828,,,,21.0,Male,Right handed,Corrected to normal
sub169_NB,NB,18.0,frames/Vid18_EM_T.png,frames/Vid18_L.png,r,0.0,39.70539990000543,5.0,3.563155200012261,,,,21.0,Male,Right handed,Corrected to normal
sub169_NB,NB,19.0,frames/Vid19_BB_T.png,frames/Vid19_L.png,l,0.0,30.84213949998957,5.0,2.7481123999750707,,,,21.0,Male,Right handed,Corrected to normal
sub169_NB,NB,20.0,frames/Vid20_EM_T.png,frames/Vid20_L.png,l,1.0,8.359142799978144,5.0,2.347525000019232,,,,21.0,Male,Right handed,Corrected to normal
sub169_NB,NB,21.0,frames/Vid21_BB_T.png,frames/Vid21_L.png,l,1.0,8.312347200000659,5.0,2.180415899987566,,,,21.0,Male,Right handed,Corrected to normal
sub169_NB,NB,22.0,frames/Vid22_EM_T.png,frames/Vid22_L.png,r,1.0,5.373677900002804,5.0,2.3138790000230074,,,,21.0,Male,Right handed,Corrected to normal
sub169_NB,NB,23.0,frames/Vid23_EM_T.png,frames/Vid23_L.png,l,1.0,8.91958230000455,5.0,0.9641774999909104,,,,21.0,Male,Right handed,Corrected to normal
sub169_NB,NB,24.0,frames/Vid24_BB_T.png,frames/Vid24_L.png,r,1.0,23.684084899985464,5.0,1.0643571999971757,,,,21.0,Male,Right handed,Corrected to normal
sub169_NB,NB,25.0,frames/Vid25_BB_T.png,frames/Vid25_L.png,l,1.0,11.497771299997112,5.0,2.397225200023968,,,,21.0,Male,Right handed,Corrected to normal
sub169_NB,NB,26.0,frames/Vid26_EM_T.png,frames/Vid26_L.png,l,1.0,3.2682671999791637,5.0,1.58142879998195,,,,21.0,Male,Right handed,Corrected to normal
sub169_NB,NB,27.0,frames/Vid27_BB_T.png,frames/Vid27_L.png,l,1.0,4.963736699981382,5.0,1.181688999990001,,,,21.0,Male,Right handed,Corrected to normal
sub169_NB,NB,28.0,frames/Vid28_EM_T.png,frames/Vid28_L.png,r,1.0,3.1650421999802347,5.0,1.0154688000038732,,,,21.0,Male,Right handed,Corrected to normal
sub169_NB,NB,29.0,frames/Vid29_BB_T.png,frames/Vid29_L.png,l,1.0,10.743306300020777,5.0,2.1812704000039957,,,,21.0,Male,Right handed,Corrected to normal
sub169_NB,NB,30.0,frames/Vid30_EM_T.png,frames/Vid30_L.png,r,1.0,9.391920199996092,5.0,1.0316537000180688,,,,21.0,Male,Right handed,Corrected to normal
sub169_NB,NB,31.0,frames/Vid31_EM_T.png,frames/Vid31_L.png,r,1.0,5.126825099985581,5.0,1.0157298000121957,,,,21.0,Male,Right handed,Corrected to normal
sub169_NB,NB,32.0,frames/Vid32_EM_T.png,frames/Vid32_L.png,r,1.0,3.777974299999187,5.0,2.0133599000109825,,,,21.0,Male,Right handed,Corrected to normal
sub169_NB,NB,33.0,frames/Vid33_BB_T.png,frames/Vid33_L.png,l,1.0,3.690053900005296,5.0,1.1647996999963652,,,,21.0,Male,Right handed,Corrected to normal
sub169_NB,NB,34.0,frames/Vid34_BB_T.png,frames/Vid34_L.png,r,1.0,3.911591499985662,5.0,1.096704099996714,,,,21.0,Male,Right handed,Corrected to normal
sub169_NB,NB,35.0,frames/Vid35_EM_T.png,frames/Vid35_L.png,r,1.0,6.670029800006887,5.0,1.364050000003772,,,,21.0,Male,Right handed,Corrected to normal
sub169_NB,NB,36.0,frames/Vid36_BB_T.png,frames/Vid36_L.png,l,1.0,6.559021399996709,5.0,2.2306298000039533,,,,21.0,Male,Right handed,Corrected to normal
sub169_NB,NB,37.0,frames/Vid37_BB_T.png,frames/Vid37_L.png,r,1.0,4.976302700000815,5.0,1.6649103999952786,,,,21.0,Male,Right handed,Corrected to normal
sub169_NB,NB,38.0,frames/Vid38_EM_T.png,frames/Vid38_L.png,r,1.0,4.0247182000020985,5.0,1.3971411000238732,,,,21.0,Male,Right handed,Corrected to normal
sub169_NB,NB,39.0,frames/Vid39_BB_T.png,frames/Vid39_L.png,l,1.0,5.2107287000108045,5.0,1.5141577000031248,,,,21.0,Male,Right handed,Corrected to normal
sub169_NB,NB,40.0,frames/Vid40_EM_T.png,frames/Vid40_L.png,l,1.0,12.303026399982627,5.0,1.9313027999887709,,,,21.0,Male,Right handed,Corrected to normal
sub16_NB,NB,1.0,frames/Vid1_EM_T.png,frames/Vid1_L.png,l,0.0,6.6448683999769855,4.0,1.2648002999776509,,,,21.0,Female,Left Handed,Corrected to normal
sub16_NB,NB,2.0,frames/Vid2_BB_T.png,frames/Vid2_L.png,l,1.0,8.223192699981155,5.0,1.182949300011387,,,,21.0,Female,Left Handed,Corrected to normal
sub16_NB,NB,3.0,frames/Vid3_BB_T.png,frames/Vid3_L.png,l,1.0,2.684162599995034,5.0,1.4820365000050515,,,,21.0,Female,Left Handed,Corrected to normal
sub16_NB,NB,4.0,frames/Vid4_EM_T.png,frames/Vid4_L.png,r,0.0,13.397753099998226,4.0,6.881235200009542,,,,21.0,Female,Left Handed,Corrected to normal
sub16_NB,NB,5.0,frames/Vid5_EM_T.png,frames/Vid5_L.png,l,1.0,11.814620399993146,2.0,2.12998329999391,,,,21.0,Female,Left Handed,Corrected to normal
sub16_NB,NB,6.0,frames/Vid6_BB_T.png,frames/Vid6_L.png,r,1.0,3.6600947999977502,5.0,1.164446600014344,,,,21.0,Female,Left Handed,Corrected to normal
sub16_NB,NB,7.0,frames/Vid7_EM_T.png,frames/Vid7_L.png,r,0.0,5.294933500001207,5.0,1.2465623999887612,,,,21.0,Female,Left Handed,Corrected to normal
sub16_NB,NB,8.0,frames/Vid8_BB_T.png,frames/Vid8_L.png,r,1.0,5.844170500000473,5.0,1.9302161000086928,,,,21.0,Female,Left Handed,Corrected to normal
sub16_NB,NB,9.0,frames/Vid9_EM_T.png,frames/Vid9_L.png,l,1.0,9.570740600000136,2.0,1.9299803999892904,,,,21.0,Female,Left Handed,Corrected to normal
sub16_NB,NB,10.0,frames/Vid10_BB_T.png,frames/Vid10_L.png,l,1.0,5.140283600019757,5.0,1.381160799995996,,,,21.0,Female,Left Handed,Corrected to normal
sub16_NB,NB,11.0,frames/Vid11_EM_T.png,frames/Vid11_L.png,r,1.0,4.750558700005058,4.0,1.1808617999777198,,,,21.0,Female,Left Handed,Corrected to normal
sub16_NB,NB,12.0,frames/Vid12_EM_T.png,frames/Vid12_L.png,r,0.0,7.412202700012131,5.0,2.031947899988154,,,,21.0,Female,Left Handed,Corrected to normal
sub16_NB,NB,13.0,frames/Vid13_BB_T.png,frames/Vid13_L.png,r,1.0,3.883895700011635,3.0,1.0628695000195876,,,,21.0,Female,Left Handed,Corrected to normal
sub16_NB,NB,14.0,frames/Vid14_BB_T.png,frames/Vid14_L.png,l,1.0,9.623632800008636,1.0,3.097041100001661,,,,21.0,Female,Left Handed,Corrected to normal
sub16_NB,NB,15.0,frames/Vid15_BB_T.png,frames/Vid15_L.png,r,1.0,4.289217099983944,5.0,1.4982233000046108,,,,21.0,Female,Left Handed,Corrected to normal
sub16_NB,NB,16.0,frames/Vid16_EM_T.png,frames/Vid16_L.png,l,1.0,5.145012699998915,4.0,1.8137215999886391,,,,21.0,Female,Left Handed,Corrected to normal
sub16_NB,NB,17.0,frames/Vid17_BB_T.png,frames/Vid17_L.png,l,0.0,6.004772999993293,5.0,3.36484520000522,,,,21.0,Female,Left Handed,Corrected to normal
sub16_NB,NB,18.0,frames/Vid18_EM_T.png,frames/Vid18_L.png,l,0.0,9.162182200001553,1.0,1.9813929999945683,,,,21.0,Female,Left Handed,Corrected to normal
sub16_NB,NB,19.0,frames/Vid19_BB_T.png,frames/Vid19_L.png,l,1.0,7.547982500022044,5.0,1.9639917000022251,,,,21.0,Female,Left Handed,Corrected to normal
sub16_NB,NB,20.0,frames/Vid20_EM_T.png,frames/Vid20_L.png,r,0.0,6.470684500003699,4.0,1.4964161999814678,,,,21.0,Female,Left Handed,Corrected to normal
sub16_NB,NB,21.0,frames/Vid21_BB_T.png,frames/Vid21_L.png,r,1.0,5.989591699995799,4.0,1.2966215999913402,,,,21.0,Female,Left Handed,Corrected to normal
sub16_NB,NB,22.0,frames/Vid22_EM_T.png,frames/Vid22_L.png,r,1.0,3.508078599988949,5.0,1.5974475000111852,,,,21.0,Female,Left Handed,Corrected to normal
sub16_NB,NB,23.0,frames/Vid23_EM_T.png,frames/Vid23_L.png,r,0.0,5.1927806999883614,4.0,1.5142571000033058,,,,21.0,Female,Left Handed,Corrected to normal
sub16_NB,NB,24.0,frames/Vid24_BB_T.png,frames/Vid24_L.png,l,1.0,4.528134099993622,4.0,1.51532400000724,,,,21.0,Female,Left Handed,Corrected to normal
sub16_NB,NB,25.0,frames/Vid25_BB_T.png,frames/Vid25_L.png,l,0.0,4.442299400019692,4.0,1.5315735000185668,,,,21.0,Female,Left Handed,Corrected to normal
sub16_NB,NB,26.0,frames/Vid26_EM_T.png,frames/Vid26_L.png,l,0.0,5.324659200006863,5.0,1.931452699995134,,,,21.0,Female,Left Handed,Corrected to normal
sub16_NB,NB,27.0,frames/Vid27_BB_T.png,frames/Vid27_L.png,l,0.0,12.49397169999429,2.0,1.997887500008801,,,,21.0,Female,Left Handed,Corrected to normal
sub16_NB,NB,28.0,frames/Vid28_EM_T.png,frames/Vid28_L.png,l,1.0,3.962802899972303,5.0,1.714848700008588,,,,21.0,Female,Left Handed,Corrected to normal
sub16_NB,NB,29.0,frames/Vid29_BB_T.png,frames/Vid29_L.png,r,0.0,5.979021400009515,3.0,2.0649644999939483,,,,21.0,Female,Left Handed,Corrected to normal
sub16_NB,NB,30.0,frames/Vid30_EM_T.png,frames/Vid30_L.png,l,1.0,4.445436399983009,3.0,1.8479293000127657,,,,21.0,Female,Left Handed,Corrected to normal
sub16_NB,NB,31.0,frames/Vid31_EM_T.png,frames/Vid31_L.png,l,1.0,3.63806779999868,4.0,1.8302173999836668,,,,21.0,Female,Left Handed,Corrected to normal
sub16_NB,NB,32.0,frames/Vid32_EM_T.png,frames/Vid32_L.png,l,1.0,3.9870158999983687,5.0,1.263517299987143,,,,21.0,Female,Left Handed,Corrected to normal
sub16_NB,NB,33.0,frames/Vid33_BB_T.png,frames/Vid33_L.png,l,1.0,6.15196940000169,4.0,2.664069299993571,,,,21.0,Female,Left Handed,Corrected to normal
sub16_NB,NB,34.0,frames/Vid34_BB_T.png,frames/Vid34_L.png,l,1.0,4.989421000005677,5.0,1.2987848999910057,,,,21.0,Female,Left Handed,Corrected to normal
sub16_NB,NB,35.0,frames/Vid35_EM_T.png,frames/Vid35_L.png,r,1.0,4.987950800015824,4.0,1.4657508000091184,,,,21.0,Female,Left Handed,Corrected to normal
sub16_NB,NB,36.0,frames/Vid36_BB_T.png,frames/Vid36_L.png,l,0.0,3.6248468999983743,2.0,3.698233400005847,,,,21.0,Female,Left Handed,Corrected to normal
sub16_NB,NB,37.0,frames/Vid37_BB_T.png,frames/Vid37_L.png,r,1.0,6.742423699994106,2.0,1.630365899996832,,,,21.0,Female,Left Handed,Corrected to normal
sub16_NB,NB,38.0,frames/Vid38_EM_T.png,frames/Vid38_L.png,l,1.0,7.010403899999801,1.0,1.3987636000092607,,,,21.0,Female,Left Handed,Corrected to normal
sub16_NB,NB,39.0,frames/Vid39_BB_T.png,frames/Vid39_L.png,r,1.0,9.580900600005409,5.0,0.9979723000142258,,,,21.0,Female,Left Handed,Corrected to normal
sub16_NB,NB,40.0,frames/Vid40_EM_T.png,frames/Vid40_L.png,l,1.0,6.847779199975776,5.0,1.5313219000236131,,,,21.0,Female,Left Handed,Corrected to normal
sub171_NB,NB,1.0,frames/Vid1_EM_T.png,frames/Vid1_L.png,r,1.0,11.061265700001968,3.0,1.597300900000846,,,,23.0,Male,Right handed,Normal
sub171_NB,NB,2.0,frames/Vid2_BB_T.png,frames/Vid2_L.png,l,1.0,9.721674899978098,3.0,1.5644480000191834,,,,23.0,Male,Right handed,Normal
sub171_NB,NB,3.0,frames/Vid3_BB_T.png,frames/Vid3_L.png,r,1.0,2.506591199984541,5.0,0.9134685000171884,,,,23.0,Male,Right handed,Normal
sub171_NB,NB,4.0,frames/Vid4_EM_T.png,frames/Vid4_L.png,l,1.0,4.0015066000050865,4.0,2.1141262000019196,,,,23.0,Male,Right handed,Normal
sub171_NB,NB,5.0,frames/Vid5_EM_T.png,frames/Vid5_L.png,l,1.0,4.134288500004914,4.0,4.146941999992123,,,,23.0,Male,Right handed,Normal
sub171_NB,NB,6.0,frames/Vid6_BB_T.png,frames/Vid6_L.png,l,1.0,3.891229000000749,3.0,0.8977028999943286,,,,23.0,Male,Right handed,Normal
sub171_NB,NB,7.0,frames/Vid7_EM_T.png,frames/Vid7_L.png,r,1.0,9.903312200010989,3.0,1.1988312999892514,,,,23.0,Male,Right handed,Normal
sub171_NB,NB,8.0,frames/Vid8_BB_T.png,frames/Vid8_L.png,l,1.0,6.5187974000000395,2.0,1.031556499976432,,,,23.0,Male,Right handed,Normal
sub171_NB,NB,9.0,frames/Vid9_EM_T.png,frames/Vid9_L.png,r,1.0,6.102972899971064,1.0,1.2998855999903751,,,,23.0,Male,Right handed,Normal
sub171_NB,NB,10.0,frames/Vid10_BB_T.png,frames/Vid10_L.png,l,1.0,3.932124400016619,4.0,1.56346589999157,,,,23.0,Male,Right handed,Normal
sub171_NB,NB,11.0,frames/Vid11_EM_T.png,frames/Vid11_L.png,l,1.0,3.1255606000195257,5.0,1.382405500015011,,,,23.0,Male,Right handed,Normal
sub171_NB,NB,12.0,frames/Vid12_EM_T.png,frames/Vid12_L.png,l,1.0,8.791768199997023,3.0,1.4498632999893744,,,,23.0,Male,Right handed,Normal
sub171_NB,NB,13.0,frames/Vid13_BB_T.png,frames/Vid13_L.png,r,1.0,4.079235799988965,4.0,1.280794699996477,,,,23.0,Male,Right handed,Normal
sub171_NB,NB,14.0,frames/Vid14_BB_T.png,frames/Vid14_L.png,r,1.0,4.631668299989542,3.0,1.5975114000029862,,,,23.0,Male,Right handed,Normal
sub171_NB,NB,15.0,frames/Vid15_BB_T.png,frames/Vid15_L.png,r,1.0,3.4773722999962047,5.0,1.3316385000071025,,,,23.0,Male,Right handed,Normal
sub171_NB,NB,16.0,frames/Vid16_EM_T.png,frames/Vid16_L.png,r,1.0,8.880965099990135,3.0,7.480274800007464,,,,23.0,Male,Right handed,Normal
sub171_NB,NB,17.0,frames/Vid17_BB_T.png,frames/Vid17_L.png,r,1.0,4.626301100011915,3.0,0.8150810000079218,,,,23.0,Male,Right handed,Normal
sub171_NB,NB,18.0,frames/Vid18_EM_T.png,frames/Vid18_L.png,r,0.0,12.360685699997704,2.0,1.333383499993943,,,,23.0,Male,Right handed,Normal
sub171_NB,NB,19.0,frames/Vid19_BB_T.png,frames/Vid19_L.png,r,1.0,2.5033849999890663,5.0,0.8138751999940723,,,,23.0,Male,Right handed,Normal
sub171_NB,NB,20.0,frames/Vid20_EM_T.png,frames/Vid20_L.png,l,1.0,2.7629359000129625,4.0,1.580418900004588,,,,23.0,Male,Right handed,Normal
sub171_NB,NB,21.0,frames/Vid21_BB_T.png,frames/Vid21_L.png,r,1.0,9.036080399993809,4.0,1.2308435999730136,,,,23.0,Male,Right handed,Normal
sub171_NB,NB,22.0,frames/Vid22_EM_T.png,frames/Vid22_L.png,r,1.0,3.54813560002367,5.0,0.931319800001802,,,,23.0,Male,Right handed,Normal
sub171_NB,NB,23.0,frames/Vid23_EM_T.png,frames/Vid23_L.png,l,1.0,8.90544289999525,5.0,1.9298875000094995,,,,23.0,Male,Right handed,Normal
sub171_NB,NB,24.0,frames/Vid24_BB_T.png,frames/Vid24_L.png,r,1.0,3.805555600003572,5.0,0.8473734999715816,,,,23.0,Male,Right handed,Normal
sub171_NB,NB,25.0,frames/Vid25_BB_T.png,frames/Vid25_L.png,r,0.0,8.375194400025066,2.0,1.1142462999850975,,,,23.0,Male,Right handed,Normal
sub171_NB,NB,26.0,frames/Vid26_EM_T.png,frames/Vid26_L.png,r,1.0,2.209150699985912,5.0,1.2653279000078328,,,,23.0,Male,Right handed,Normal
sub171_NB,NB,27.0,frames/Vid27_BB_T.png,frames/Vid27_L.png,r,1.0,13.14316529998905,3.0,1.4300187999906484,,,,23.0,Male,Right handed,Normal
sub171_NB,NB,28.0,frames/Vid28_EM_T.png,frames/Vid28_L.png,r,1.0,3.4321522999962326,5.0,2.4967536999902222,,,,23.0,Male,Right handed,Normal
sub171_NB,NB,29.0,frames/Vid29_BB_T.png,frames/Vid29_L.png,r,1.0,4.04229780001333,4.0,2.898602100001881,,,,23.0,Male,Right handed,Normal
sub171_NB,NB,30.0,frames/Vid30_EM_T.png,frames/Vid30_L.png,r,1.0,3.6691597000171896,4.0,1.199241800000891,,,,23.0,Male,Right handed,Normal
sub171_NB,NB,31.0,frames/Vid31_EM_T.png,frames/Vid31_L.png,l,1.0,5.071354099985911,2.0,1.4804790999914983,,,,23.0,Male,Right handed,Normal
sub171_NB,NB,32.0,frames/Vid32_EM_T.png,frames/Vid32_L.png,l,1.0,3.6988292999740224,5.0,7.113862300000619,,,,23.0,Male,Right handed,Normal
sub171_NB,NB,33.0,frames/Vid33_BB_T.png,frames/Vid33_L.png,l,1.0,4.598187499999767,5.0,3.1645106000069063,,,,23.0,Male,Right handed,Normal
sub171_NB,NB,34.0,frames/Vid34_BB_T.png,frames/Vid34_L.png,l,1.0,7.256093800009694,5.0,2.214317800011486,,,,23.0,Male,Right handed,Normal
sub171_NB,NB,35.0,frames/Vid35_EM_T.png,frames/Vid35_L.png,r,0.0,6.821521799982293,4.0,1.7976771000248846,,,,23.0,Male,Right handed,Normal
sub171_NB,NB,36.0,frames/Vid36_BB_T.png,frames/Vid36_L.png,r,1.0,2.7136049999971874,5.0,1.6815353999845684,,,,23.0,Male,Right handed,Normal
sub171_NB,NB,37.0,frames/Vid37_BB_T.png,frames/Vid37_L.png,r,1.0,3.2236472999793477,5.0,2.0487219000060577,,,,23.0,Male,Right handed,Normal
sub171_NB,NB,38.0,frames/Vid38_EM_T.png,frames/Vid38_L.png,l,1.0,3.0575841999961995,4.0,1.383692000003066,,,,23.0,Male,Right handed,Normal
sub171_NB,NB,39.0,frames/Vid39_BB_T.png,frames/Vid39_L.png,l,1.0,4.921124600019539,5.0,5.266090399993118,,,,23.0,Male,Right handed,Normal
sub171_NB,NB,40.0,frames/Vid40_EM_T.png,frames/Vid40_L.png,r,1.0,2.81995810000808,5.0,1.3482412000012118,,,,23.0,Male,Right handed,Normal
sub172_NB,NB,1.0,frames/Vid1_EM_T.png,frames/Vid1_L.png,l,1.0,4.803886199981207,5.0,0.7658756000164431,,,,25.0,Male,Left Handed,Normal
sub172_NB,NB,2.0,frames/Vid2_BB_T.png,frames/Vid2_L.png,l,1.0,2.427622599992901,5.0,1.5490970000100788,,,,25.0,Male,Left Handed,Normal
sub172_NB,NB,3.0,frames/Vid3_BB_T.png,frames/Vid3_L.png,l,1.0,6.174980900017545,5.0,0.7654513999877963,,,,25.0,Male,Left Handed,Normal
sub172_NB,NB,4.0,frames/Vid4_EM_T.png,frames/Vid4_L.png,l,0.0,9.014072299993131,5.0,4.398408199980622,,,,25.0,Male,Left Handed,Normal
sub172_NB,NB,5.0,frames/Vid5_EM_T.png,frames/Vid5_L.png,r,1.0,9.119037900003605,4.0,1.9157288999995217,,,,25.0,Male,Left Handed,Normal
sub172_NB,NB,6.0,frames/Vid6_BB_T.png,frames/Vid6_L.png,l,1.0,3.2692858000227716,5.0,1.1970398999983445,,,,25.0,Male,Left Handed,Normal
sub172_NB,NB,7.0,frames/Vid7_EM_T.png,frames/Vid7_L.png,l,1.0,3.7856223999988288,5.0,1.0637052000092808,,,,25.0,Male,Left Handed,Normal
sub172_NB,NB,8.0,frames/Vid8_BB_T.png,frames/Vid8_L.png,r,1.0,4.639479199977359,5.0,3.014335599989863,,,,25.0,Male,Left Handed,Normal
sub172_NB,NB,9.0,frames/Vid9_EM_T.png,frames/Vid9_L.png,l,1.0,2.9866479999909643,5.0,1.298324200004572,,,,25.0,Male,Left Handed,Normal
sub172_NB,NB,10.0,frames/Vid10_BB_T.png,frames/Vid10_L.png,l,1.0,2.451210800005356,5.0,1.047763999988092,,,,25.0,Male,Left Handed,Normal
sub172_NB,NB,11.0,frames/Vid11_EM_T.png,frames/Vid11_L.png,r,1.0,2.4743455999996513,5.0,1.6642468000063673,,,,25.0,Male,Left Handed,Normal
sub172_NB,NB,12.0,frames/Vid12_EM_T.png,frames/Vid12_L.png,r,1.0,3.752846799994586,5.0,1.348421500006225,,,,25.0,Male,Left Handed,Normal
sub172_NB,NB,13.0,frames/Vid13_BB_T.png,frames/Vid13_L.png,r,1.0,8.332076600025175,3.0,3.1472412000002805,,,,25.0,Male,Left Handed,Normal
sub172_NB,NB,14.0,frames/Vid14_BB_T.png,frames/Vid14_L.png,l,1.0,10.311681199993473,3.0,22.381566299998667,,,,25.0,Male,Left Handed,Normal
sub172_NB,NB,15.0,frames/Vid15_BB_T.png,frames/Vid15_L.png,r,1.0,5.1363805000146385,5.0,1.48143300000811,,,,25.0,Male,Left Handed,Normal
sub172_NB,NB,16.0,frames/Vid16_EM_T.png,frames/Vid16_L.png,r,0.0,5.213478000019677,4.0,1.8615086000063457,,,,25.0,Male,Left Handed,Normal
sub172_NB,NB,17.0,frames/Vid17_BB_T.png,frames/Vid17_L.png,r,1.0,11.01283500000136,2.0,3.3792350000003353,,,,25.0,Male,Left Handed,Normal
sub172_NB,NB,18.0,frames/Vid18_EM_T.png,frames/Vid18_L.png,l,1.0,2.196118199994089,5.0,0.7976677999831736,,,,25.0,Male,Left Handed,Normal
sub172_NB,NB,19.0,frames/Vid19_BB_T.png,frames/Vid19_L.png,l,1.0,2.243109100003494,5.0,1.0317318000015805,,,,25.0,Male,Left Handed,Normal
sub172_NB,NB,20.0,frames/Vid20_EM_T.png,frames/Vid20_L.png,r,1.0,2.464082499995129,5.0,1.5650516000168864,,,,25.0,Male,Left Handed,Normal
sub172_NB,NB,21.0,frames/Vid21_BB_T.png,frames/Vid21_L.png,r,1.0,5.78132729997742,5.0,1.413661400001729,,,,25.0,Male,Left Handed,Normal
sub172_NB,NB,22.0,frames/Vid22_EM_T.png,frames/Vid22_L.png,l,1.0,2.6625549999880604,5.0,1.2488730999757536,,,,25.0,Male,Left Handed,Normal
sub172_NB,NB,23.0,frames/Vid23_EM_T.png,frames/Vid23_L.png,l,1.0,3.969286000006832,3.0,2.115013100003125,,,,25.0,Male,Left Handed,Normal
sub172_NB,NB,24.0,frames/Vid24_BB_T.png,frames/Vid24_L.png,l,1.0,2.512226099992404,5.0,1.064048800006276,,,,25.0,Male,Left Handed,Normal
sub172_NB,NB,25.0,frames/Vid25_BB_T.png,frames/Vid25_L.png,l,1.0,3.150678899983177,5.0,0.9969351000036112,,,,25.0,Male,Left Handed,Normal
sub172_NB,NB,26.0,frames/Vid26_EM_T.png,frames/Vid26_L.png,r,1.0,5.4236131999932695,5.0,1.4823716999962926,,,,25.0,Male,Left Handed,Normal
sub172_NB,NB,27.0,frames/Vid27_BB_T.png,frames/Vid27_L.png,r,1.0,4.76701600002707,5.0,1.8315946999937296,,,,25.0,Male,Left Handed,Normal
sub172_NB,NB,28.0,frames/Vid28_EM_T.png,frames/Vid28_L.png,r,1.0,3.657080899982247,5.0,0.7479844000190496,,,,25.0,Male,Left Handed,Normal
sub172_NB,NB,29.0,frames/Vid29_BB_T.png,frames/Vid29_L.png,l,1.0,2.6907061000238173,5.0,0.7479033000126947,,,,25.0,Male,Left Handed,Normal
sub172_NB,NB,30.0,frames/Vid30_EM_T.png,frames/Vid30_L.png,l,1.0,4.912697099993238,3.0,3.1473378999799024,,,,25.0,Male,Left Handed,Normal
sub172_NB,NB,31.0,frames/Vid31_EM_T.png,frames/Vid31_L.png,r,1.0,2.921992799994769,5.0,1.8954897000221536,,,,25.0,Male,Left Handed,Normal
sub172_NB,NB,32.0,frames/Vid32_EM_T.png,frames/Vid32_L.png,l,1.0,1.7598296999931335,5.0,0.9821515000076032,,,,25.0,Male,Left Handed,Normal
sub172_NB,NB,33.0,frames/Vid33_BB_T.png,frames/Vid33_L.png,r,1.0,3.6455038000131026,5.0,1.0643163999775425,,,,25.0,Male,Left Handed,Normal
sub172_NB,NB,34.0,frames/Vid34_BB_T.png,frames/Vid34_L.png,r,1.0,3.570194700005231,5.0,1.5308083000127226,,,,25.0,Male,Left Handed,Normal
sub172_NB,NB,35.0,frames/Vid35_EM_T.png,frames/Vid35_L.png,l,1.0,2.59358709998196,5.0,0.7161400000040885,,,,25.0,Male,Left Handed,Normal
sub172_NB,NB,36.0,frames/Vid36_BB_T.png,frames/Vid36_L.png,r,1.0,10.226374300022144,2.0,2.931673899991438,,,,25.0,Male,Left Handed,Normal
sub172_NB,NB,37.0,frames/Vid37_BB_T.png,frames/Vid37_L.png,r,1.0,2.462972000008449,5.0,0.748450299986871,,,,25.0,Male,Left Handed,Normal
sub172_NB,NB,38.0,frames/Vid38_EM_T.png,frames/Vid38_L.png,l,1.0,3.223609900014708,5.0,0.7320383000187576,,,,25.0,Male,Left Handed,Normal
sub172_NB,NB,39.0,frames/Vid39_BB_T.png,frames/Vid39_L.png,r,1.0,6.077282700018259,5.0,0.881140499986941,,,,25.0,Male,Left Handed,Normal
sub172_NB,NB,40.0,frames/Vid40_EM_T.png,frames/Vid40_L.png,l,1.0,4.386714400025085,5.0,1.2819742999854498,,,,25.0,Male,Left Handed,Normal
sub173_NB,NB,1.0,frames/Vid1_EM_T.png,frames/Vid1_L.png,r,1.0,6.087020899984054,5.0,0.8312667999998666,,,,20.0,Male,Right handed,Normal
sub173_NB,NB,2.0,frames/Vid2_BB_T.png,frames/Vid2_L.png,l,1.0,4.471843600011198,5.0,1.4315091999887954,,,,20.0,Male,Right handed,Normal
sub173_NB,NB,3.0,frames/Vid3_BB_T.png,frames/Vid3_L.png,l,1.0,2.7491336000093725,5.0,1.4153268999943975,,,,20.0,Male,Right handed,Normal
sub173_NB,NB,4.0,frames/Vid4_EM_T.png,frames/Vid4_L.png,r,1.0,6.107946000003722,5.0,0.9315725000051316,,,,20.0,Male,Right handed,Normal
sub173_NB,NB,5.0,frames/Vid5_EM_T.png,frames/Vid5_L.png,r,1.0,11.267041299986886,4.0,2.531120400002692,,,,20.0,Male,Right handed,Normal
sub173_NB,NB,6.0,frames/Vid6_BB_T.png,frames/Vid6_L.png,r,1.0,2.867129099991871,5.0,0.7799132999789435,,,,20.0,Male,Right handed,Normal
sub173_NB,NB,7.0,frames/Vid7_EM_T.png,frames/Vid7_L.png,r,1.0,4.427053999999771,5.0,1.097366800007876,,,,20.0,Male,Right handed,Normal
sub173_NB,NB,8.0,frames/Vid8_BB_T.png,frames/Vid8_L.png,r,0.0,3.203299099986907,5.0,0.8475453999999445,,,,20.0,Male,Right handed,Normal
sub173_NB,NB,9.0,frames/Vid9_EM_T.png,frames/Vid9_L.png,l,1.0,12.17178590002004,2.0,1.1478982999979053,,,,20.0,Male,Right handed,Normal
sub173_NB,NB,10.0,frames/Vid10_BB_T.png,frames/Vid10_L.png,l,1.0,2.421101199986879,5.0,0.9970543000090402,,,,20.0,Male,Right handed,Normal
sub173_NB,NB,11.0,frames/Vid11_EM_T.png,frames/Vid11_L.png,r,1.0,2.704882899997756,5.0,0.7818744000105653,,,,20.0,Male,Right handed,Normal
sub173_NB,NB,12.0,frames/Vid12_EM_T.png,frames/Vid12_L.png,l,1.0,7.454644499986898,5.0,1.2316829000192229,,,,20.0,Male,Right handed,Normal
sub173_NB,NB,13.0,frames/Vid13_BB_T.png,frames/Vid13_L.png,r,1.0,7.752867099974537,2.0,2.398729500011541,,,,20.0,Male,Right handed,Normal
sub173_NB,NB,14.0,frames/Vid14_BB_T.png,frames/Vid14_L.png,l,1.0,8.352698899980169,5.0,1.2797245999972802,,,,20.0,Male,Right handed,Normal
sub173_NB,NB,15.0,frames/Vid15_BB_T.png,frames/Vid15_L.png,r,1.0,7.433392599981744,5.0,1.2649590999935754,,,,20.0,Male,Right handed,Normal
sub173_NB,NB,16.0,frames/Vid16_EM_T.png,frames/Vid16_L.png,r,1.0,3.8756586000090465,5.0,0.8326136999821756,,,,20.0,Male,Right handed,Normal
sub173_NB,NB,17.0,frames/Vid17_BB_T.png,frames/Vid17_L.png,l,1.0,9.271137700008694,5.0,0.7318232999823522,,,,20.0,Male,Right handed,Normal
sub173_NB,NB,18.0,frames/Vid18_EM_T.png,frames/Vid18_L.png,l,1.0,6.3549673999950755,5.0,1.0142025999957696,,,,20.0,Male,Right handed,Normal
sub173_NB,NB,19.0,frames/Vid19_BB_T.png,frames/Vid19_L.png,l,1.0,8.313656999991508,3.0,2.912520100013353,,,,20.0,Male,Right handed,Normal
sub173_NB,NB,20.0,frames/Vid20_EM_T.png,frames/Vid20_L.png,l,1.0,7.992901899997378,5.0,1.5803871999960393,,,,20.0,Male,Right handed,Normal
sub173_NB,NB,21.0,frames/Vid21_BB_T.png,frames/Vid21_L.png,r,1.0,7.560475900012534,5.0,1.0633597999985795,,,,20.0,Male,Right handed,Normal
sub173_NB,NB,22.0,frames/Vid22_EM_T.png,frames/Vid22_L.png,l,1.0,8.471512700023595,5.0,1.0139113000186626,,,,20.0,Male,Right handed,Normal
sub173_NB,NB,23.0,frames/Vid23_EM_T.png,frames/Vid23_L.png,l,1.0,4.323136299994076,5.0,1.397505100001581,,,,20.0,Male,Right handed,Normal
sub173_NB,NB,24.0,frames/Vid24_BB_T.png,frames/Vid24_L.png,l,1.0,4.1260966999980155,5.0,1.1151006000000052,,,,20.0,Male,Right handed,Normal
sub173_NB,NB,25.0,frames/Vid25_BB_T.png,frames/Vid25_L.png,l,1.0,5.752624600019772,5.0,0.8822602999862283,,,,20.0,Male,Right handed,Normal
sub173_NB,NB,26.0,frames/Vid26_EM_T.png,frames/Vid26_L.png,l,1.0,5.605678399995668,4.0,1.614163499994902,,,,20.0,Male,Right handed,Normal
sub173_NB,NB,27.0,frames/Vid27_BB_T.png,frames/Vid27_L.png,l,1.0,9.56932319997577,5.0,1.9472012000042016,,,,20.0,Male,Right handed,Normal
sub173_NB,NB,28.0,frames/Vid28_EM_T.png,frames/Vid28_L.png,l,1.0,2.1682053999975324,5.0,0.7806788999878336,,,,20.0,Male,Right handed,Normal
sub173_NB,NB,29.0,frames/Vid29_BB_T.png,frames/Vid29_L.png,l,1.0,6.6558793999720365,5.0,1.2155803999921773,,,,20.0,Male,Right handed,Normal
sub173_NB,NB,30.0,frames/Vid30_EM_T.png,frames/Vid30_L.png,l,1.0,9.311916200007545,4.0,1.5973956999951042,,,,20.0,Male,Right handed,Normal
sub173_NB,NB,31.0,frames/Vid31_EM_T.png,frames/Vid31_L.png,r,1.0,2.6339799000124913,5.0,0.8481995000038296,,,,20.0,Male,Right handed,Normal
sub173_NB,NB,32.0,frames/Vid32_EM_T.png,frames/Vid32_L.png,l,1.0,2.235744999983581,5.0,0.7803952000103891,,,,20.0,Male,Right handed,Normal
sub173_NB,NB,33.0,frames/Vid33_BB_T.png,frames/Vid33_L.png,r,1.0,4.55280470001162,5.0,1.5308406999974975,,,,20.0,Male,Right handed,Normal
sub173_NB,NB,34.0,frames/Vid34_BB_T.png,frames/Vid34_L.png,l,1.0,4.423675900005037,4.0,1.3977359000127765,,,,20.0,Male,Right handed,Normal
sub173_NB,NB,35.0,frames/Vid35_EM_T.png,frames/Vid35_L.png,l,1.0,5.93011079999269,5.0,5.631593499972951,,,,20.0,Male,Right handed,Normal
sub173_NB,NB,36.0,frames/Vid36_BB_T.png,frames/Vid36_L.png,r,1.0,11.528269900009036,3.0,1.830518499977188,,,,20.0,Male,Right handed,Normal
sub173_NB,NB,37.0,frames/Vid37_BB_T.png,frames/Vid37_L.png,l,1.0,2.7952577999967616,5.0,0.882324799982598,,,,20.0,Male,Right handed,Normal
sub173_NB,NB,38.0,frames/Vid38_EM_T.png,frames/Vid38_L.png,r,1.0,9.417856399988525,4.0,1.4639339999994263,,,,20.0,Male,Right handed,Normal
sub173_NB,NB,39.0,frames/Vid39_BB_T.png,frames/Vid39_L.png,r,1.0,11.962718299997505,5.0,1.012491500005126,,,,20.0,Male,Right handed,Normal
sub173_NB,NB,40.0,frames/Vid40_EM_T.png,frames/Vid40_L.png,l,1.0,6.095001699985005,5.0,1.1316679000156,,,,20.0,Male,Right handed,Normal
sub175_NB,NB,1.0,frames/Vid1_EM_T.png,frames/Vid1_L.png,l,1.0,7.461747800000012,4.0,2.115733499987982,,,,22.0,Male,Right handed,Normal
sub175_NB,NB,2.0,frames/Vid2_BB_T.png,frames/Vid2_L.png,r,1.0,6.234136000013677,3.0,2.2477497000072617,,,,22.0,Male,Right handed,Normal
sub175_NB,NB,3.0,frames/Vid3_BB_T.png,frames/Vid3_L.png,l,0.0,6.274852700007614,3.0,3.9134010999987368,,,,22.0,Male,Right handed,Normal
sub175_NB,NB,4.0,frames/Vid4_EM_T.png,frames/Vid4_L.png,r,1.0,5.243923300004099,4.0,3.0977914000104647,,,,22.0,Male,Right handed,Normal
sub175_NB,NB,5.0,frames/Vid5_EM_T.png,frames/Vid5_L.png,r,1.0,3.6034714999841526,3.0,2.8981062000093516,,,,22.0,Male,Right handed,Normal
sub175_NB,NB,6.0,frames/Vid6_BB_T.png,frames/Vid6_L.png,r,1.0,5.650657300022431,2.0,6.6473181000037584,,,,22.0,Male,Right handed,Normal
sub175_NB,NB,7.0,frames/Vid7_EM_T.png,frames/Vid7_L.png,l,0.0,7.227043199993204,2.0,2.098513799981447,,,,22.0,Male,Right handed,Normal
sub175_NB,NB,8.0,frames/Vid8_BB_T.png,frames/Vid8_L.png,l,0.0,4.552005600009579,3.0,3.880401100002928,,,,22.0,Male,Right handed,Normal
sub175_NB,NB,9.0,frames/Vid9_EM_T.png,frames/Vid9_L.png,l,0.0,11.496260299987624,2.0,1.7126550000102725,,,,22.0,Male,Right handed,Normal
sub175_NB,NB,10.0,frames/Vid10_BB_T.png,frames/Vid10_L.png,r,1.0,13.824362100014696,1.0,4.014853300002869,,,,22.0,Male,Right handed,Normal
sub175_NB,NB,11.0,frames/Vid11_EM_T.png,frames/Vid11_L.png,r,1.0,5.446566700004041,4.0,4.498620500002289,,,,22.0,Male,Right handed,Normal
sub175_NB,NB,12.0,frames/Vid12_EM_T.png,frames/Vid12_L.png,l,0.0,2.681652100000065,5.0,4.847254199994495,,,,22.0,Male,Right handed,Normal
sub175_NB,NB,13.0,frames/Vid13_BB_T.png,frames/Vid13_L.png,l,0.0,9.61289809999289,1.0,6.896126699983142,,,,22.0,Male,Right handed,Normal
sub175_NB,NB,14.0,frames/Vid14_BB_T.png,frames/Vid14_L.png,l,1.0,10.18415859999368,3.0,2.7487723999947775,,,,22.0,Male,Right handed,Normal
sub175_NB,NB,15.0,frames/Vid15_BB_T.png,frames/Vid15_L.png,l,1.0,10.999408999981824,3.0,5.665380999998888,,,,22.0,Male,Right handed,Normal
sub175_NB,NB,16.0,frames/Vid16_EM_T.png,frames/Vid16_L.png,r,1.0,6.704640999989351,3.0,1.9655239999992773,,,,22.0,Male,Right handed,Normal
sub175_NB,NB,17.0,frames/Vid17_BB_T.png,frames/Vid17_L.png,r,0.0,5.865397099987604,2.0,2.048015200009104,,,,22.0,Male,Right handed,Normal
sub175_NB,NB,18.0,frames/Vid18_EM_T.png,frames/Vid18_L.png,l,1.0,11.093890699994516,2.0,1.9309493000037037,,,,22.0,Male,Right handed,Normal
sub175_NB,NB,19.0,frames/Vid19_BB_T.png,frames/Vid19_L.png,l,0.0,6.28175779999583,4.0,2.1796639999956824,,,,22.0,Male,Right handed,Normal
sub175_NB,NB,20.0,frames/Vid20_EM_T.png,frames/Vid20_L.png,r,1.0,5.661027299996931,4.0,1.9961559000075797,,,,22.0,Male,Right handed,Normal
sub175_NB,NB,21.0,frames/Vid21_BB_T.png,frames/Vid21_L.png,l,1.0,6.135032500023954,4.0,2.4147599000134505,,,,22.0,Male,Right handed,Normal
sub175_NB,NB,22.0,frames/Vid22_EM_T.png,frames/Vid22_L.png,r,0.0,7.299757100001443,2.0,2.4310345000121742,,,,22.0,Male,Right handed,Normal
sub175_NB,NB,23.0,frames/Vid23_EM_T.png,frames/Vid23_L.png,r,1.0,8.044101400009822,3.0,2.364463200006867,,,,22.0,Male,Right handed,Normal
sub175_NB,NB,24.0,frames/Vid24_BB_T.png,frames/Vid24_L.png,l,1.0,6.993607800017344,2.0,5.430208200006746,,,,22.0,Male,Right handed,Normal
sub175_NB,NB,25.0,frames/Vid25_BB_T.png,frames/Vid25_L.png,l,0.0,19.655719100002894,1.0,2.0310992000158876,,,,22.0,Male,Right handed,Normal
sub175_NB,NB,26.0,frames/Vid26_EM_T.png,frames/Vid26_L.png,r,1.0,5.913300999993226,4.0,2.030524799978594,,,,22.0,Male,Right handed,Normal
sub175_NB,NB,27.0,frames/Vid27_BB_T.png,frames/Vid27_L.png,l,1.0,6.19310360000236,4.0,2.4651770999771543,,,,22.0,Male,Right handed,Normal
sub175_NB,NB,28.0,frames/Vid28_EM_T.png,frames/Vid28_L.png,l,1.0,9.017233899998246,4.0,2.41501260001678,,,,22.0,Male,Right handed,Normal
sub175_NB,NB,29.0,frames/Vid29_BB_T.png,frames/Vid29_L.png,r,1.0,3.621705599973211,5.0,2.697981000004802,,,,22.0,Male,Right handed,Normal
sub175_NB,NB,30.0,frames/Vid30_EM_T.png,frames/Vid30_L.png,l,1.0,5.464263800007757,3.0,2.93102910000016,,,,22.0,Male,Right handed,Normal
sub175_NB,NB,31.0,frames/Vid31_EM_T.png,frames/Vid31_L.png,l,1.0,5.2540800999850035,3.0,2.482199899997795,,,,22.0,Male,Right handed,Normal
sub175_NB,NB,32.0,frames/Vid32_EM_T.png,frames/Vid32_L.png,r,1.0,3.8776464000111446,5.0,3.16464500001166,,,,22.0,Male,Right handed,Normal
sub175_NB,NB,33.0,frames/Vid33_BB_T.png,frames/Vid33_L.png,r,1.0,4.694013900007121,5.0,2.7148037000151817,,,,22.0,Male,Right handed,Normal
sub175_NB,NB,34.0,frames/Vid34_BB_T.png,frames/Vid34_L.png,l,1.0,11.289036000001945,1.0,1.7633288000070024,,,,22.0,Male,Right handed,Normal
sub175_NB,NB,35.0,frames/Vid35_EM_T.png,frames/Vid35_L.png,r,1.0,8.994323600025382,1.0,2.165434299997287,,,,22.0,Male,Right handed,Normal
sub175_NB,NB,36.0,frames/Vid36_BB_T.png,frames/Vid36_L.png,l,0.0,7.094251000002259,2.0,1.7311328999930993,,,,22.0,Male,Right handed,Normal
sub175_NB,NB,37.0,frames/Vid37_BB_T.png,frames/Vid37_L.png,l,1.0,2.737196900008712,5.0,2.06589709999389,,,,22.0,Male,Right handed,Normal
sub175_NB,NB,38.0,frames/Vid38_EM_T.png,frames/Vid38_L.png,r,1.0,9.642781300004572,3.0,2.214181400020607,,,,22.0,Male,Right handed,Normal
sub175_NB,NB,39.0,frames/Vid39_BB_T.png,frames/Vid39_L.png,r,1.0,7.125366499996744,4.0,2.0654104000132065,,,,22.0,Male,Right handed,Normal
sub175_NB,NB,40.0,frames/Vid40_EM_T.png,frames/Vid40_L.png,r,1.0,9.497142100008205,1.0,1.9487427999847569,,,,22.0,Male,Right handed,Normal
sub176_NB,NB,1.0,frames/Vid1_EM_T.png,frames/Vid1_L.png,r,1.0,3.57482420001179,5.0,1.1479556999984195,,,,22.0,Male,Right handed,Normal
sub176_NB,NB,2.0,frames/Vid2_BB_T.png,frames/Vid2_L.png,l,1.0,3.156511999986833,4.0,1.6809562999987977,,,,22.0,Male,Right handed,Normal
sub176_NB,NB,3.0,frames/Vid3_BB_T.png,frames/Vid3_L.png,r,1.0,3.929899699985981,5.0,0.7641101000190247,,,,22.0,Male,Right handed,Normal
sub176_NB,NB,4.0,frames/Vid4_EM_T.png,frames/Vid4_L.png,r,1.0,4.655053900001803,5.0,0.6323435999802314,,,,22.0,Male,Right handed,Normal
sub176_NB,NB,5.0,frames/Vid5_EM_T.png,frames/Vid5_L.png,r,0.0,10.305000599997584,1.0,5.28042219998315,,,,22.0,Male,Right handed,Normal
sub176_NB,NB,6.0,frames/Vid6_BB_T.png,frames/Vid6_L.png,r,1.0,4.720418600016274,5.0,0.862613200006308,,,,22.0,Male,Right handed,Normal
sub176_NB,NB,7.0,frames/Vid7_EM_T.png,frames/Vid7_L.png,r,0.0,9.25769189998391,1.0,1.964182499999879,,,,22.0,Male,Right handed,Normal
sub176_NB,NB,8.0,frames/Vid8_BB_T.png,frames/Vid8_L.png,r,0.0,3.38193780000438,2.0,1.23081639999873,,,,22.0,Male,Right handed,Normal
sub176_NB,NB,9.0,frames/Vid9_EM_T.png,frames/Vid9_L.png,l,1.0,18.76493879998452,1.0,2.48148869999568,,,,22.0,Male,Right handed,Normal
sub176_NB,NB,10.0,frames/Vid10_BB_T.png,frames/Vid10_L.png,r,1.0,5.283360600005835,3.0,1.329615199996624,,,,22.0,Male,Right handed,Normal
sub176_NB,NB,11.0,frames/Vid11_EM_T.png,frames/Vid11_L.png,r,1.0,3.4367736999993213,5.0,0.9479988000239246,,,,22.0,Male,Right handed,Normal
sub176_NB,NB,12.0,frames/Vid12_EM_T.png,frames/Vid12_L.png,l,1.0,3.4724876999971457,4.0,1.16548279998824,,,,22.0,Male,Right handed,Normal
sub176_NB,NB,13.0,frames/Vid13_BB_T.png,frames/Vid13_L.png,r,0.0,5.602681299991673,4.0,1.4150004000111949,,,,22.0,Male,Right handed,Normal
sub176_NB,NB,14.0,frames/Vid14_BB_T.png,frames/Vid14_L.png,r,1.0,4.296285399992485,1.0,0.8148422999947798,,,,22.0,Male,Right handed,Normal
sub176_NB,NB,15.0,frames/Vid15_BB_T.png,frames/Vid15_L.png,r,1.0,2.935794099990744,5.0,1.03236929999548,,,,22.0,Male,Right handed,Normal
sub176_NB,NB,16.0,frames/Vid16_EM_T.png,frames/Vid16_L.png,l,1.0,18.87012519998825,1.0,1.948182000021916,,,,22.0,Male,Right handed,Normal
sub176_NB,NB,17.0,frames/Vid17_BB_T.png,frames/Vid17_L.png,l,1.0,4.263451399980113,5.0,1.4634010999870952,,,,22.0,Male,Right handed,Normal
sub176_NB,NB,18.0,frames/Vid18_EM_T.png,frames/Vid18_L.png,l,1.0,5.3585355000104755,2.0,1.131180700002005,,,,22.0,Male,Right handed,Normal
sub176_NB,NB,19.0,frames/Vid19_BB_T.png,frames/Vid19_L.png,r,1.0,4.196550699998625,3.0,1.2825553999864496,,,,22.0,Male,Right handed,Normal
sub176_NB,NB,20.0,frames/Vid20_EM_T.png,frames/Vid20_L.png,r,1.0,4.070343100000173,1.0,0.7316465000039898,,,,22.0,Male,Right handed,Normal
sub176_NB,NB,21.0,frames/Vid21_BB_T.png,frames/Vid21_L.png,r,1.0,13.359059099981096,3.0,1.9642514000006488,,,,22.0,Male,Right handed,Normal
sub176_NB,NB,22.0,frames/Vid22_EM_T.png,frames/Vid22_L.png,l,1.0,8.14990439999383,4.0,1.465687700023409,,,,22.0,Male,Right handed,Normal
sub176_NB,NB,23.0,frames/Vid23_EM_T.png,frames/Vid23_L.png,r,1.0,2.969221399980597,4.0,0.831947400001809,,,,22.0,Male,Right handed,Normal
sub176_NB,NB,24.0,frames/Vid24_BB_T.png,frames/Vid24_L.png,r,1.0,2.5120422999898437,4.0,1.6962572000047658,,,,22.0,Male,Right handed,Normal
sub176_NB,NB,25.0,frames/Vid25_BB_T.png,frames/Vid25_L.png,l,1.0,5.225383999990299,4.0,1.2973598000244235,,,,22.0,Male,Right handed,Normal
sub176_NB,NB,26.0,frames/Vid26_EM_T.png,frames/Vid26_L.png,r,1.0,7.089277399994899,4.0,0.6481847999966703,,,,22.0,Male,Right handed,Normal
sub176_NB,NB,27.0,frames/Vid27_BB_T.png,frames/Vid27_L.png,l,1.0,4.829239699989557,2.0,1.4649002000223843,,,,22.0,Male,Right handed,Normal
sub176_NB,NB,28.0,frames/Vid28_EM_T.png,frames/Vid28_L.png,l,1.0,2.739337800012436,5.0,1.2329229000024498,,,,22.0,Male,Right handed,Normal
sub176_NB,NB,29.0,frames/Vid29_BB_T.png,frames/Vid29_L.png,r,1.0,2.1563764000020456,5.0,0.93282650000765,,,,22.0,Male,Right handed,Normal
sub176_NB,NB,30.0,frames/Vid30_EM_T.png,frames/Vid30_L.png,l,1.0,11.05923119999352,3.0,1.6836774999974295,,,,22.0,Male,Right handed,Normal
sub176_NB,NB,31.0,frames/Vid31_EM_T.png,frames/Vid31_L.png,l,1.0,6.561110699985875,4.0,0.9156009000143968,,,,22.0,Male,Right handed,Normal
sub176_NB,NB,32.0,frames/Vid32_EM_T.png,frames/Vid32_L.png,r,1.0,3.15795920000528,4.0,0.7983160000003409,,,,22.0,Male,Right handed,Normal
sub176_NB,NB,33.0,frames/Vid33_BB_T.png,frames/Vid33_L.png,r,1.0,2.925476100004744,5.0,0.7823776000004727,,,,22.0,Male,Right handed,Normal
sub176_NB,NB,34.0,frames/Vid34_BB_T.png,frames/Vid34_L.png,r,1.0,6.403934100002516,2.0,1.464341000013519,,,,22.0,Male,Right handed,Normal
sub176_NB,NB,35.0,frames/Vid35_EM_T.png,frames/Vid35_L.png,l,1.0,2.637531599990325,5.0,0.7650698999932501,,,,22.0,Male,Right handed,Normal
sub176_NB,NB,36.0,frames/Vid36_BB_T.png,frames/Vid36_L.png,r,1.0,3.918864700011909,5.0,1.3827166999981273,,,,22.0,Male,Right handed,Normal
sub176_NB,NB,37.0,frames/Vid37_BB_T.png,frames/Vid37_L.png,l,1.0,3.3666338000039104,5.0,1.282671399996616,,,,22.0,Male,Right handed,Normal
sub176_NB,NB,38.0,frames/Vid38_EM_T.png,frames/Vid38_L.png,r,1.0,4.924471299978904,4.0,1.2977962000004482,,,,22.0,Male,Right handed,Normal
sub176_NB,NB,39.0,frames/Vid39_BB_T.png,frames/Vid39_L.png,r,1.0,3.469034299982013,4.0,1.33158659999026,,,,22.0,Male,Right handed,Normal
sub176_NB,NB,40.0,frames/Vid40_EM_T.png,frames/Vid40_L.png,r,1.0,4.709061600005953,4.0,1.5000913000258151,,,,22.0,Male,Right handed,Normal
sub179_NB,NB,1.0,frames/Vid1_EM_T.png,frames/Vid1_L.png,r,1.0,8.014229199994588,5.0,1.231650100002298,,,,23.0,Female,Right handed,Corrected to normal
sub179_NB,NB,2.0,frames/Vid2_BB_T.png,frames/Vid2_L.png,r,1.0,8.954602499987232,3.0,0.9482624999945984,,,,23.0,Female,Right handed,Corrected to normal
sub179_NB,NB,3.0,frames/Vid3_BB_T.png,frames/Vid3_L.png,l,1.0,6.972265399992466,5.0,1.264777399977902,,,,23.0,Female,Right handed,Corrected to normal
sub179_NB,NB,4.0,frames/Vid4_EM_T.png,frames/Vid4_L.png,l,1.0,7.944802000012714,5.0,1.8326815000036731,,,,23.0,Female,Right handed,Corrected to normal
sub179_NB,NB,5.0,frames/Vid5_EM_T.png,frames/Vid5_L.png,l,1.0,6.151817099977052,3.0,0.9981804999988526,,,,23.0,Female,Right handed,Corrected to normal
sub179_NB,NB,6.0,frames/Vid6_BB_T.png,frames/Vid6_L.png,l,1.0,9.066871700022602,3.0,1.3144140999938827,,,,23.0,Female,Right handed,Corrected to normal
sub179_NB,NB,7.0,frames/Vid7_EM_T.png,frames/Vid7_L.png,r,1.0,7.702793300006306,5.0,1.4488712000020314,,,,23.0,Female,Right handed,Corrected to normal
sub179_NB,NB,8.0,frames/Vid8_BB_T.png,frames/Vid8_L.png,l,1.0,4.572378999990178,5.0,1.5470250000071246,,,,23.0,Female,Right handed,Corrected to normal
sub179_NB,NB,9.0,frames/Vid9_EM_T.png,frames/Vid9_L.png,r,1.0,4.803014900011476,3.0,1.2654846000077669,,,,23.0,Female,Right handed,Corrected to normal
sub179_NB,NB,10.0,frames/Vid10_BB_T.png,frames/Vid10_L.png,r,1.0,4.1405102999997325,2.0,1.4985647999856155,,,,23.0,Female,Right handed,Corrected to normal
sub179_NB,NB,11.0,frames/Vid11_EM_T.png,frames/Vid11_L.png,r,1.0,5.259335400012787,5.0,1.165223199990578,,,,23.0,Female,Right handed,Corrected to normal
sub179_NB,NB,12.0,frames/Vid12_EM_T.png,frames/Vid12_L.png,r,0.0,7.706205800001044,4.0,1.031434900010936,,,,23.0,Female,Right handed,Corrected to normal
sub179_NB,NB,13.0,frames/Vid13_BB_T.png,frames/Vid13_L.png,l,1.0,9.468494999979155,5.0,2.899083900003461,,,,23.0,Female,Right handed,Corrected to normal
sub179_NB,NB,14.0,frames/Vid14_BB_T.png,frames/Vid14_L.png,r,0.0,8.636459199973615,2.0,1.5151110999868251,,,,23.0,Female,Right handed,Corrected to normal
sub179_NB,NB,15.0,frames/Vid15_BB_T.png,frames/Vid15_L.png,r,1.0,3.4617175000021234,5.0,1.1490873000002466,,,,23.0,Female,Right handed,Corrected to normal
sub179_NB,NB,16.0,frames/Vid16_EM_T.png,frames/Vid16_L.png,r,0.0,4.452054000023054,5.0,1.4838992999866605,,,,23.0,Female,Right handed,Corrected to normal
sub179_NB,NB,17.0,frames/Vid17_BB_T.png,frames/Vid17_L.png,l,1.0,8.324848000018392,3.0,2.815621000016108,,,,23.0,Female,Right handed,Corrected to normal
sub179_NB,NB,18.0,frames/Vid18_EM_T.png,frames/Vid18_L.png,l,1.0,12.937215799989644,4.0,1.4788463000149932,,,,23.0,Female,Right handed,Corrected to normal
sub179_NB,NB,19.0,frames/Vid19_BB_T.png,frames/Vid19_L.png,r,0.0,12.547281600011049,5.0,1.8971616000053473,,,,23.0,Female,Right handed,Corrected to normal
sub179_NB,NB,20.0,frames/Vid20_EM_T.png,frames/Vid20_L.png,r,1.0,2.2496614000119735,5.0,1.097946399997454,,,,23.0,Female,Right handed,Corrected to normal
sub179_NB,NB,21.0,frames/Vid21_BB_T.png,frames/Vid21_L.png,l,0.0,7.889693700009957,4.0,1.1159541999804787,,,,23.0,Female,Right handed,Corrected to normal
sub179_NB,NB,22.0,frames/Vid22_EM_T.png,frames/Vid22_L.png,r,1.0,3.8525991999777034,5.0,1.032398499984993,,,,23.0,Female,Right handed,Corrected to normal
sub179_NB,NB,23.0,frames/Vid23_EM_T.png,frames/Vid23_L.png,r,0.0,4.449855999991996,4.0,0.8487258999957703,,,,23.0,Female,Right handed,Corrected to normal
sub179_NB,NB,24.0,frames/Vid24_BB_T.png,frames/Vid24_L.png,r,1.0,9.94049310000264,5.0,0.7987615000165533,,,,23.0,Female,Right handed,Corrected to normal
sub179_NB,NB,25.0,frames/Vid25_BB_T.png,frames/Vid25_L.png,r,1.0,10.012203299993416,5.0,4.86305519999587,,,,23.0,Female,Right handed,Corrected to normal
sub179_NB,NB,26.0,frames/Vid26_EM_T.png,frames/Vid26_L.png,l,1.0,6.010878099972615,5.0,0.8978546000143979,,,,23.0,Female,Right handed,Corrected to normal
sub179_NB,NB,27.0,frames/Vid27_BB_T.png,frames/Vid27_L.png,r,1.0,6.5188893000013195,3.0,0.8309918000013568,,,,23.0,Female,Right handed,Corrected to normal
sub179_NB,NB,28.0,frames/Vid28_EM_T.png,frames/Vid28_L.png,r,1.0,3.2915703999751713,5.0,1.464304799999809,,,,23.0,Female,Right handed,Corrected to normal
sub179_NB,NB,29.0,frames/Vid29_BB_T.png,frames/Vid29_L.png,l,1.0,4.217605199984973,5.0,1.1978277000016533,,,,23.0,Female,Right handed,Corrected to normal
sub179_NB,NB,30.0,frames/Vid30_EM_T.png,frames/Vid30_L.png,l,1.0,7.372435299999779,4.0,1.931246899999678,,,,23.0,Female,Right handed,Corrected to normal
sub179_NB,NB,31.0,frames/Vid31_EM_T.png,frames/Vid31_L.png,r,1.0,6.933375399996294,3.0,0.997784099978162,,,,23.0,Female,Right handed,Corrected to normal
sub179_NB,NB,32.0,frames/Vid32_EM_T.png,frames/Vid32_L.png,l,1.0,5.230368399992585,5.0,1.449102500017034,,,,23.0,Female,Right handed,Corrected to normal
sub179_NB,NB,33.0,frames/Vid33_BB_T.png,frames/Vid33_L.png,l,0.0,4.49564609999652,4.0,0.8322540000081062,,,,23.0,Female,Right handed,Corrected to normal
sub179_NB,NB,34.0,frames/Vid34_BB_T.png,frames/Vid34_L.png,r,1.0,7.602265699999407,3.0,2.94757750001736,,,,23.0,Female,Right handed,Corrected to normal
sub179_NB,NB,35.0,frames/Vid35_EM_T.png,frames/Vid35_L.png,r,1.0,6.727669699990656,4.0,1.3657713000138756,,,,23.0,Female,Right handed,Corrected to normal
sub179_NB,NB,36.0,frames/Vid36_BB_T.png,frames/Vid36_L.png,l,1.0,6.3555028999981005,5.0,1.4845917000202462,,,,23.0,Female,Right handed,Corrected to normal
sub179_NB,NB,37.0,frames/Vid37_BB_T.png,frames/Vid37_L.png,r,1.0,4.814990399987437,5.0,1.2647876999981236,,,,23.0,Female,Right handed,Corrected to normal
sub179_NB,NB,38.0,frames/Vid38_EM_T.png,frames/Vid38_L.png,l,1.0,9.19845820000046,3.0,1.2647111000260338,,,,23.0,Female,Right handed,Corrected to normal
sub179_NB,NB,39.0,frames/Vid39_BB_T.png,frames/Vid39_L.png,r,0.0,17.383710499998415,5.0,13.396754699992016,,,,23.0,Female,Right handed,Corrected to normal
sub179_NB,NB,40.0,frames/Vid40_EM_T.png,frames/Vid40_L.png,r,1.0,2.9429935999796726,5.0,1.1474983999796675,,,,23.0,Female,Right handed,Corrected to normal
sub17_NB,NB,1.0,frames/Vid1_EM_T.png,frames/Vid1_L.png,l,1.0,8.071044100011932,5.0,0.966237499989802,,,,22.0,Male,Right handed,Normal
sub17_NB,NB,2.0,frames/Vid2_BB_T.png,frames/Vid2_L.png,l,1.0,5.792826700024307,5.0,1.216214999993099,,,,22.0,Male,Right handed,Normal
sub17_NB,NB,3.0,frames/Vid3_BB_T.png,frames/Vid3_L.png,l,1.0,4.641778299992438,5.0,0.8320764999953099,,,,22.0,Male,Right handed,Normal
sub17_NB,NB,4.0,frames/Vid4_EM_T.png,frames/Vid4_L.png,r,1.0,11.33436000000802,5.0,3.0992874999938067,,,,22.0,Male,Right handed,Normal
sub17_NB,NB,5.0,frames/Vid5_EM_T.png,frames/Vid5_L.png,l,1.0,4.79356310001458,5.0,0.7313660999934655,,,,22.0,Male,Right handed,Normal
sub17_NB,NB,6.0,frames/Vid6_BB_T.png,frames/Vid6_L.png,l,1.0,3.073660199996084,5.0,1.4318070000153966,,,,22.0,Male,Right handed,Normal
sub17_NB,NB,7.0,frames/Vid7_EM_T.png,frames/Vid7_L.png,l,1.0,8.327367299993057,2.0,1.56492609999259,,,,22.0,Male,Right handed,Normal
sub17_NB,NB,8.0,frames/Vid8_BB_T.png,frames/Vid8_L.png,l,1.0,3.3098262999847066,5.0,0.8314683999924455,,,,22.0,Male,Right handed,Normal
sub17_NB,NB,9.0,frames/Vid9_EM_T.png,frames/Vid9_L.png,l,1.0,6.852377000002889,2.0,2.7318565000023227,,,,22.0,Male,Right handed,Normal
sub17_NB,NB,10.0,frames/Vid10_BB_T.png,frames/Vid10_L.png,r,1.0,5.81749490002403,5.0,1.8309202999807896,,,,22.0,Male,Right handed,Normal
sub17_NB,NB,11.0,frames/Vid11_EM_T.png,frames/Vid11_L.png,l,1.0,2.654961199994432,5.0,1.082170200010296,,,,22.0,Male,Right handed,Normal
sub17_NB,NB,12.0,frames/Vid12_EM_T.png,frames/Vid12_L.png,r,1.0,7.642187599994941,5.0,1.515470499987714,,,,22.0,Male,Right handed,Normal
sub17_NB,NB,13.0,frames/Vid13_BB_T.png,frames/Vid13_L.png,r,0.0,7.849243499978911,1.0,1.414245399995707,,,,22.0,Male,Right handed,Normal
sub17_NB,NB,14.0,frames/Vid14_BB_T.png,frames/Vid14_L.png,l,1.0,3.181774900003802,5.0,0.8810943000135012,,,,22.0,Male,Right handed,Normal
sub17_NB,NB,15.0,frames/Vid15_BB_T.png,frames/Vid15_L.png,l,1.0,3.7897295000148006,5.0,0.597504300007131,,,,22.0,Male,Right handed,Normal
sub17_NB,NB,16.0,frames/Vid16_EM_T.png,frames/Vid16_L.png,r,1.0,7.121916300005978,2.0,1.2488967000099365,,,,22.0,Male,Right handed,Normal
sub17_NB,NB,17.0,frames/Vid17_BB_T.png,frames/Vid17_L.png,r,1.0,5.903580800018972,3.0,2.7966880000021774,,,,22.0,Male,Right handed,Normal
sub17_NB,NB,18.0,frames/Vid18_EM_T.png,frames/Vid18_L.png,l,1.0,3.2403577999793924,5.0,0.7653480999870226,,,,22.0,Male,Right handed,Normal
sub17_NB,NB,19.0,frames/Vid19_BB_T.png,frames/Vid19_L.png,r,1.0,9.824885699985316,3.0,1.6653756000159774,,,,22.0,Male,Right handed,Normal
sub17_NB,NB,20.0,frames/Vid20_EM_T.png,frames/Vid20_L.png,r,1.0,7.819020599999931,2.0,3.965470399998594,,,,22.0,Male,Right handed,Normal
sub17_NB,NB,21.0,frames/Vid21_BB_T.png,frames/Vid21_L.png,r,1.0,3.5524566000094637,5.0,1.0496321999817155,,,,22.0,Male,Right handed,Normal
sub17_NB,NB,22.0,frames/Vid22_EM_T.png,frames/Vid22_L.png,l,1.0,5.125016800011508,5.0,1.215740099985851,,,,22.0,Male,Right handed,Normal
sub17_NB,NB,23.0,frames/Vid23_EM_T.png,frames/Vid23_L.png,l,1.0,2.9471095000044443,5.0,1.212988299987046,,,,22.0,Male,Right handed,Normal
sub17_NB,NB,24.0,frames/Vid24_BB_T.png,frames/Vid24_L.png,l,1.0,5.6190683000022545,5.0,1.196246000006795,,,,22.0,Male,Right handed,Normal
sub17_NB,NB,25.0,frames/Vid25_BB_T.png,frames/Vid25_L.png,l,1.0,5.216594900004566,5.0,0.9662710999837144,,,,22.0,Male,Right handed,Normal
sub17_NB,NB,26.0,frames/Vid26_EM_T.png,frames/Vid26_L.png,r,1.0,11.110917499987409,5.0,1.0808631999825593,,,,22.0,Male,Right handed,Normal
sub17_NB,NB,27.0,frames/Vid27_BB_T.png,frames/Vid27_L.png,l,1.0,4.964092799986247,4.0,2.879999900003895,,,,22.0,Male,Right handed,Normal
sub17_NB,NB,28.0,frames/Vid28_EM_T.png,frames/Vid28_L.png,r,1.0,3.489486200007377,5.0,2.514113000012003,,,,22.0,Male,Right handed,Normal
sub17_NB,NB,29.0,frames/Vid29_BB_T.png,frames/Vid29_L.png,r,1.0,9.325078800000483,3.0,2.29829969999264,,,,22.0,Male,Right handed,Normal
sub17_NB,NB,30.0,frames/Vid30_EM_T.png,frames/Vid30_L.png,r,1.0,9.871299599995837,5.0,6.497405600006459,,,,22.0,Male,Right handed,Normal
sub17_NB,NB,31.0,frames/Vid31_EM_T.png,frames/Vid31_L.png,r,1.0,3.382251799979713,5.0,0.6806745000067167,,,,22.0,Male,Right handed,Normal
sub17_NB,NB,32.0,frames/Vid32_EM_T.png,frames/Vid32_L.png,r,1.0,3.8446072000078857,5.0,1.0149930999905337,,,,22.0,Male,Right handed,Normal
sub17_NB,NB,33.0,frames/Vid33_BB_T.png,frames/Vid33_L.png,l,1.0,4.850421200011624,5.0,1.1460939999960829,,,,22.0,Male,Right handed,Normal
sub17_NB,NB,34.0,frames/Vid34_BB_T.png,frames/Vid34_L.png,r,1.0,7.515213100006804,2.0,1.6659594000084326,,,,22.0,Male,Right handed,Normal
sub17_NB,NB,35.0,frames/Vid35_EM_T.png,frames/Vid35_L.png,l,1.0,4.070915299991611,5.0,0.8811723999970127,,,,22.0,Male,Right handed,Normal
sub17_NB,NB,36.0,frames/Vid36_BB_T.png,frames/Vid36_L.png,r,1.0,3.6766563999990463,5.0,1.164810199989006,,,,22.0,Male,Right handed,Normal
sub17_NB,NB,37.0,frames/Vid37_BB_T.png,frames/Vid37_L.png,l,1.0,2.3122203999955673,5.0,0.9805109000008088,,,,22.0,Male,Right handed,Normal
sub17_NB,NB,38.0,frames/Vid38_EM_T.png,frames/Vid38_L.png,l,1.0,10.023466899991035,4.0,1.7155786999792326,,,,22.0,Male,Right handed,Normal
sub17_NB,NB,39.0,frames/Vid39_BB_T.png,frames/Vid39_L.png,l,1.0,4.175599200010765,5.0,1.0981066999956963,,,,22.0,Male,Right handed,Normal
sub17_NB,NB,40.0,frames/Vid40_EM_T.png,frames/Vid40_L.png,r,1.0,10.45599780001794,5.0,2.414198399987072,,,,22.0,Male,Right handed,Normal
sub180_NB,NB,1.0,frames/Vid1_EM_T.png,frames/Vid1_L.png,l,1.0,3.170145299984142,4.0,1.4808620000258088,,,,20.0,Male,Right handed,Corrected to normal
sub180_NB,NB,2.0,frames/Vid2_BB_T.png,frames/Vid2_L.png,r,1.0,4.276987100020051,5.0,1.3146049000206403,,,,20.0,Male,Right handed,Corrected to normal
sub180_NB,NB,3.0,frames/Vid3_BB_T.png,frames/Vid3_L.png,r,1.0,7.150938100006897,4.0,1.0642092000343837,,,,20.0,Male,Right handed,Corrected to normal
sub180_NB,NB,4.0,frames/Vid4_EM_T.png,frames/Vid4_L.png,r,1.0,4.713945300027262,5.0,1.0474757000338286,,,,20.0,Male,Right handed,Corrected to normal
sub180_NB,NB,5.0,frames/Vid5_EM_T.png,frames/Vid5_L.png,r,1.0,7.199382800026797,4.0,0.9142936000134796,,,,20.0,Male,Right handed,Corrected to normal
sub180_NB,NB,6.0,frames/Vid6_BB_T.png,frames/Vid6_L.png,l,1.0,4.183040099975187,4.0,3.1807625999790616,,,,20.0,Male,Right handed,Corrected to normal
sub180_NB,NB,7.0,frames/Vid7_EM_T.png,frames/Vid7_L.png,l,1.0,3.515271499985829,4.0,1.4986354000284337,,,,20.0,Male,Right handed,Corrected to normal
sub180_NB,NB,8.0,frames/Vid8_BB_T.png,frames/Vid8_L.png,l,0.0,10.27641869999934,3.0,1.9146467999671584,,,,20.0,Male,Right handed,Corrected to normal
sub180_NB,NB,9.0,frames/Vid9_EM_T.png,frames/Vid9_L.png,r,1.0,3.047483199974522,5.0,1.26574729999993,,,,20.0,Male,Right handed,Corrected to normal
sub180_NB,NB,10.0,frames/Vid10_BB_T.png,frames/Vid10_L.png,l,1.0,4.42749069997808,4.0,1.279823399963789,,,,20.0,Male,Right handed,Corrected to normal
sub180_NB,NB,11.0,frames/Vid11_EM_T.png,frames/Vid11_L.png,l,1.0,3.031357300002128,4.0,1.6142390000168234,,,,20.0,Male,Right handed,Corrected to normal
sub180_NB,NB,12.0,frames/Vid12_EM_T.png,frames/Vid12_L.png,l,1.0,3.4102204000228085,5.0,1.114014400052838,,,,20.0,Male,Right handed,Corrected to normal
sub180_NB,NB,13.0,frames/Vid13_BB_T.png,frames/Vid13_L.png,l,1.0,4.000340799975675,3.0,1.815059199987445,,,,20.0,Male,Right handed,Corrected to normal
sub180_NB,NB,14.0,frames/Vid14_BB_T.png,frames/Vid14_L.png,r,1.0,7.090424499998335,4.0,1.249056099972222,,,,20.0,Male,Right handed,Corrected to normal
sub180_NB,NB,15.0,frames/Vid15_BB_T.png,frames/Vid15_L.png,r,1.0,2.5458998999674805,4.0,0.4663884999463334,,,,20.0,Male,Right handed,Corrected to normal
sub180_NB,NB,16.0,frames/Vid16_EM_T.png,frames/Vid16_L.png,r,1.0,8.839357700024266,3.0,1.4316166000207886,,,,20.0,Male,Right handed,Corrected to normal
sub180_NB,NB,17.0,frames/Vid17_BB_T.png,frames/Vid17_L.png,l,1.0,4.54418850003276,5.0,5.0813579999958165,,,,20.0,Male,Right handed,Corrected to normal
sub180_NB,NB,18.0,frames/Vid18_EM_T.png,frames/Vid18_L.png,l,1.0,4.544900099979714,4.0,0.8969723000191152,,,,20.0,Male,Right handed,Corrected to normal
sub180_NB,NB,19.0,frames/Vid19_BB_T.png,frames/Vid19_L.png,r,1.0,2.8428256000042893,5.0,1.0641475000302307,,,,20.0,Male,Right handed,Corrected to normal
sub180_NB,NB,20.0,frames/Vid20_EM_T.png,frames/Vid20_L.png,l,1.0,9.814651099964976,3.0,1.7804906999808736,,,,20.0,Male,Right handed,Corrected to normal
sub180_NB,NB,21.0,frames/Vid21_BB_T.png,frames/Vid21_L.png,l,1.0,2.524822899955325,5.0,0.8505379999987781,,,,20.0,Male,Right handed,Corrected to normal
sub180_NB,NB,22.0,frames/Vid22_EM_T.png,frames/Vid22_L.png,l,1.0,4.151949999970384,5.0,1.9636614000191912,,,,20.0,Male,Right handed,Corrected to normal
sub180_NB,NB,23.0,frames/Vid23_EM_T.png,frames/Vid23_L.png,r,1.0,4.878841300029308,4.0,0.6802636999636889,,,,20.0,Male,Right handed,Corrected to normal
sub180_NB,NB,24.0,frames/Vid24_BB_T.png,frames/Vid24_L.png,r,1.0,2.376265899976715,5.0,0.5821422000299208,,,,20.0,Male,Right handed,Corrected to normal
sub180_NB,NB,25.0,frames/Vid25_BB_T.png,frames/Vid25_L.png,r,1.0,3.14997820003191,5.0,1.2642121999524534,,,,20.0,Male,Right handed,Corrected to normal
sub180_NB,NB,26.0,frames/Vid26_EM_T.png,frames/Vid26_L.png,r,1.0,4.963505199993961,5.0,0.9640854999888688,,,,20.0,Male,Right handed,Corrected to normal
sub180_NB,NB,27.0,frames/Vid27_BB_T.png,frames/Vid27_L.png,l,1.0,4.09519410005305,4.0,1.681326000019908,,,,20.0,Male,Right handed,Corrected to normal
sub180_NB,NB,28.0,frames/Vid28_EM_T.png,frames/Vid28_L.png,r,1.0,5.458848099980969,5.0,1.0824141000048255,,,,20.0,Male,Right handed,Corrected to normal
sub180_NB,NB,29.0,frames/Vid29_BB_T.png,frames/Vid29_L.png,r,1.0,7.692944500013255,4.0,0.9302525999955832,,,,20.0,Male,Right handed,Corrected to normal
sub180_NB,NB,30.0,frames/Vid30_EM_T.png,frames/Vid30_L.png,l,1.0,8.592209499969613,5.0,1.329788599978201,,,,20.0,Male,Right handed,Corrected to normal
sub180_NB,NB,31.0,frames/Vid31_EM_T.png,frames/Vid31_L.png,r,1.0,4.20545549999224,3.0,2.1968166999868117,,,,20.0,Male,Right handed,Corrected to normal
sub180_NB,NB,32.0,frames/Vid32_EM_T.png,frames/Vid32_L.png,r,1.0,5.449199800030328,5.0,1.496075100032613,,,,20.0,Male,Right handed,Corrected to normal
sub180_NB,NB,33.0,frames/Vid33_BB_T.png,frames/Vid33_L.png,l,1.0,7.797890499990899,3.0,1.450382700015325,,,,20.0,Male,Right handed,Corrected to normal
sub180_NB,NB,34.0,frames/Vid34_BB_T.png,frames/Vid34_L.png,l,1.0,5.0429247000138275,3.0,3.2633847999968566,,,,20.0,Male,Right handed,Corrected to normal
sub180_NB,NB,35.0,frames/Vid35_EM_T.png,frames/Vid35_L.png,r,1.0,4.1612284000148065,4.0,2.3147662000264972,,,,20.0,Male,Right handed,Corrected to normal
sub180_NB,NB,36.0,frames/Vid36_BB_T.png,frames/Vid36_L.png,l,1.0,4.017629800015129,4.0,0.7635508999810554,,,,20.0,Male,Right handed,Corrected to normal
sub180_NB,NB,37.0,frames/Vid37_BB_T.png,frames/Vid37_L.png,r,0.0,10.102930199995171,3.0,1.897548499982804,,,,20.0,Male,Right handed,Corrected to normal
sub180_NB,NB,38.0,frames/Vid38_EM_T.png,frames/Vid38_L.png,l,1.0,18.09294979996048,4.0,1.5152352000004612,,,,20.0,Male,Right handed,Corrected to normal
sub180_NB,NB,39.0,frames/Vid39_BB_T.png,frames/Vid39_L.png,r,1.0,6.056615099951159,4.0,1.6147142000263557,,,,20.0,Male,Right handed,Corrected to normal
sub180_NB,NB,40.0,frames/Vid40_EM_T.png,frames/Vid40_L.png,l,1.0,3.8129398000310175,4.0,0.6818946999846958,,,,20.0,Male,Right handed,Corrected to normal
sub181-NB,NB,1.0,frames/Vid1_EM_T.png,frames/Vid1_L.png,l,0.0,4.369714699976612,5.0,1.998192900035065,,,,22.0,Male,Right handed,Normal
sub181-NB,NB,2.0,frames/Vid2_BB_T.png,frames/Vid2_L.png,r,1.0,3.755284800019581,5.0,1.115923699981067,,,,22.0,Male,Right handed,Normal
sub181-NB,NB,3.0,frames/Vid3_BB_T.png,frames/Vid3_L.png,l,1.0,3.5425307999830693,5.0,1.2790013000485487,,,,22.0,Male,Right handed,Normal
sub181-NB,NB,4.0,frames/Vid4_EM_T.png,frames/Vid4_L.png,l,0.0,8.939355700043961,4.0,2.5304121999652125,,,,22.0,Male,Right handed,Normal
sub181-NB,NB,5.0,frames/Vid5_EM_T.png,frames/Vid5_L.png,r,1.0,3.6981734999571927,4.0,1.3126093999599109,,,,22.0,Male,Right handed,Normal
sub181-NB,NB,6.0,frames/Vid6_BB_T.png,frames/Vid6_L.png,l,1.0,2.810014399990905,5.0,1.665420399978757,,,,22.0,Male,Right handed,Normal
sub181-NB,NB,7.0,frames/Vid7_EM_T.png,frames/Vid7_L.png,l,1.0,3.4242843000101857,5.0,1.998266100010369,,,,22.0,Male,Right handed,Normal
sub181-NB,NB,8.0,frames/Vid8_BB_T.png,frames/Vid8_L.png,r,1.0,4.894841400033329,4.0,1.5295711999642665,,,,22.0,Male,Right handed,Normal
sub181-NB,NB,9.0,frames/Vid9_EM_T.png,frames/Vid9_L.png,r,1.0,5.364420700003393,4.0,1.5994044999824837,,,,22.0,Male,Right handed,Normal
sub181-NB,NB,10.0,frames/Vid10_BB_T.png,frames/Vid10_L.png,l,1.0,3.553381700010505,5.0,1.6969573000096716,,,,22.0,Male,Right handed,Normal
sub181-NB,NB,11.0,frames/Vid11_EM_T.png,frames/Vid11_L.png,r,1.0,2.8200378000037745,5.0,1.9826367999776269,,,,22.0,Male,Right handed,Normal
sub181-NB,NB,12.0,frames/Vid12_EM_T.png,frames/Vid12_L.png,l,1.0,3.3544060999993235,5.0,1.8817735000047833,,,,22.0,Male,Right handed,Normal
sub181-NB,NB,13.0,frames/Vid13_BB_T.png,frames/Vid13_L.png,r,1.0,5.6725257000071,3.0,2.4312079999945126,,,,22.0,Male,Right handed,Normal
sub181-NB,NB,14.0,frames/Vid14_BB_T.png,frames/Vid14_L.png,l,1.0,4.126672599988524,4.0,1.7310912000248209,,,,22.0,Male,Right handed,Normal
sub181-NB,NB,15.0,frames/Vid15_BB_T.png,frames/Vid15_L.png,l,1.0,10.637602799979504,4.0,1.7475500000291504,,,,22.0,Male,Right handed,Normal
sub181-NB,NB,16.0,frames/Vid16_EM_T.png,frames/Vid16_L.png,r,1.0,4.735062699997798,5.0,1.8316124000120908,,,,22.0,Male,Right handed,Normal
sub181-NB,NB,17.0,frames/Vid17_BB_T.png,frames/Vid17_L.png,r,1.0,4.58700180001324,4.0,2.3980656000203453,,,,22.0,Male,Right handed,Normal
sub181-NB,NB,18.0,frames/Vid18_EM_T.png,frames/Vid18_L.png,r,1.0,8.62295940000331,3.0,3.7313813000218943,,,,22.0,Male,Right handed,Normal
sub181-NB,NB,19.0,frames/Vid19_BB_T.png,frames/Vid19_L.png,r,1.0,6.456193700025324,4.0,2.2478505999897607,,,,22.0,Male,Right handed,Normal
sub181-NB,NB,20.0,frames/Vid20_EM_T.png,frames/Vid20_L.png,r,1.0,3.49722209997708,5.0,1.7134774000151085,,,,22.0,Male,Right handed,Normal
sub181-NB,NB,21.0,frames/Vid21_BB_T.png,frames/Vid21_L.png,r,1.0,5.85130839998601,5.0,1.3982762999949043,,,,22.0,Male,Right handed,Normal
sub181-NB,NB,22.0,frames/Vid22_EM_T.png,frames/Vid22_L.png,r,1.0,3.226595100015402,5.0,2.031017300032545,,,,22.0,Male,Right handed,Normal
sub181-NB,NB,23.0,frames/Vid23_EM_T.png,frames/Vid23_L.png,r,1.0,10.81541909999214,3.0,2.0456164000206627,,,,22.0,Male,Right handed,Normal
sub181-NB,NB,24.0,frames/Vid24_BB_T.png,frames/Vid24_L.png,l,1.0,7.411637499986682,4.0,3.481629799993243,,,,22.0,Male,Right handed,Normal
sub181-NB,NB,25.0,frames/Vid25_BB_T.png,frames/Vid25_L.png,l,1.0,3.3208855999982916,5.0,2.864741800003685,,,,22.0,Male,Right handed,Normal
sub181-NB,NB,26.0,frames/Vid26_EM_T.png,frames/Vid26_L.png,r,1.0,4.932557700027246,4.0,1.9983522000256928,,,,22.0,Male,Right handed,Normal
sub181-NB,NB,27.0,frames/Vid27_BB_T.png,frames/Vid27_L.png,r,1.0,6.39282850001473,5.0,1.86440840002615,,,,22.0,Male,Right handed,Normal
sub181-NB,NB,28.0,frames/Vid28_EM_T.png,frames/Vid28_L.png,r,1.0,2.969405999989249,5.0,1.6984290000400506,,,,22.0,Male,Right handed,Normal
sub181-NB,NB,29.0,frames/Vid29_BB_T.png,frames/Vid29_L.png,l,1.0,4.960295099997893,4.0,1.7827628000522964,,,,22.0,Male,Right handed,Normal
sub181-NB,NB,30.0,frames/Vid30_EM_T.png,frames/Vid30_L.png,l,1.0,4.7863745000213385,5.0,1.5981524999951944,,,,22.0,Male,Right handed,Normal
sub181-NB,NB,31.0,frames/Vid31_EM_T.png,frames/Vid31_L.png,l,0.0,5.311490899999626,4.0,5.580127100052778,,,,22.0,Male,Right handed,Normal
sub181-NB,NB,32.0,frames/Vid32_EM_T.png,frames/Vid32_L.png,l,1.0,2.7335922000347637,5.0,1.6636280000093393,,,,22.0,Male,Right handed,Normal
sub181-NB,NB,33.0,frames/Vid33_BB_T.png,frames/Vid33_L.png,l,1.0,5.839950699999463,4.0,2.0136082000099123,,,,22.0,Male,Right handed,Normal
sub181-NB,NB,34.0,frames/Vid34_BB_T.png,frames/Vid34_L.png,l,1.0,6.201136299991049,5.0,2.314429400023073,,,,22.0,Male,Right handed,Normal
sub181-NB,NB,35.0,frames/Vid35_EM_T.png,frames/Vid35_L.png,r,1.0,5.5944292999920435,4.0,13.831084799952803,,,,22.0,Male,Right handed,Normal
sub181-NB,NB,36.0,frames/Vid36_BB_T.png,frames/Vid36_L.png,r,1.0,3.2032047000247985,5.0,1.7803951000096276,,,,22.0,Male,Right handed,Normal
sub181-NB,NB,37.0,frames/Vid37_BB_T.png,frames/Vid37_L.png,l,1.0,2.61991340003442,4.0,3.4810482999891974,,,,22.0,Male,Right handed,Normal
sub181-NB,NB,38.0,frames/Vid38_EM_T.png,frames/Vid38_L.png,l,1.0,5.82944529998349,4.0,1.7141644000075758,,,,22.0,Male,Right handed,Normal
sub181-NB,NB,39.0,frames/Vid39_BB_T.png,frames/Vid39_L.png,l,0.0,3.4505768999806605,5.0,1.4825043000164442,,,,22.0,Male,Right handed,Normal
sub181-NB,NB,40.0,frames/Vid40_EM_T.png,frames/Vid40_L.png,r,1.0,10.012097600032575,4.0,1.4979312000214122,,,,22.0,Male,Right handed,Normal
sub182_NB,NB,1.0,frames/Vid1_EM_T.png,frames/Vid1_L.png,l,1.0,2.087979199946858,4.0,1.9483051999704912,,,,20.0,Male,Right handed,Normal
sub182_NB,NB,1.0,frames/Vid1_EM_T.png,frames/Vid1_L.png,l,1.0,8.940995200013276,4.0,0.8817027999903075,,,,20.0,Male,Right handed,Normal
sub182_NB,NB,2.0,frames/Vid2_BB_T.png,frames/Vid2_L.png,l,1.0,2.5752400000346825,5.0,0.5650973001029342,,,,20.0,Male,Right handed,Normal
sub182_NB,NB,2.0,frames/Vid2_BB_T.png,frames/Vid2_L.png,l,1.0,4.80253270000685,5.0,0.7989399999496527,,,,20.0,Male,Right handed,Normal
sub182_NB,NB,3.0,frames/Vid3_BB_T.png,frames/Vid3_L.png,l,1.0,3.611177199985832,5.0,0.9461521999910474,,,,20.0,Male,Right handed,Normal
sub182_NB,NB,3.0,frames/Vid3_BB_T.png,frames/Vid3_L.png,r,1.0,5.645401999994647,2.0,0.8970794000197202,,,,20.0,Male,Right handed,Normal
sub182_NB,NB,4.0,frames/Vid4_EM_T.png,frames/Vid4_L.png,r,0.0,2.4449601999949664,5.0,4.948048799997196,,,,20.0,Male,Right handed,Normal
sub182_NB,NB,4.0,frames/Vid4_EM_T.png,frames/Vid4_L.png,l,0.0,5.78358859999571,4.0,1.0484666000120342,,,,20.0,Male,Right handed,Normal
sub182_NB,NB,5.0,frames/Vid5_EM_T.png,frames/Vid5_L.png,l,1.0,2.827519099926576,5.0,0.4968874000478536,,,,20.0,Male,Right handed,Normal
sub182_NB,NB,5.0,frames/Vid5_EM_T.png,frames/Vid5_L.png,l,1.0,4.982992799952626,4.0,0.5312714999890886,,,,20.0,Male,Right handed,Normal
sub182_NB,NB,6.0,frames/Vid6_BB_T.png,frames/Vid6_L.png,r,1.0,1.8465368000324816,3.0,1.1127751000458377,,,,20.0,Male,Right handed,Normal
sub182_NB,NB,6.0,frames/Vid6_BB_T.png,frames/Vid6_L.png,r,1.0,5.501088199962396,4.0,1.3152411000337452,,,,20.0,Male,Right handed,Normal
sub182_NB,NB,7.0,frames/Vid7_EM_T.png,frames/Vid7_L.png,l,0.0,2.555727200000547,4.0,1.6650050999596715,,,,20.0,Male,Right handed,Normal
sub182_NB,NB,7.0,frames/Vid7_EM_T.png,frames/Vid7_L.png,l,0.0,5.107577300048433,5.0,1.28041080001276,,,,20.0,Male,Right handed,Normal
sub182_NB,NB,8.0,frames/Vid8_BB_T.png,frames/Vid8_L.png,r,0.0,2.7512940999586135,5.0,1.2743075999896971,,,,20.0,Male,Right handed,Normal
sub182_NB,NB,8.0,frames/Vid8_BB_T.png,frames/Vid8_L.png,l,0.0,7.235396799980663,4.0,0.7326523000374436,,,,20.0,Male,Right handed,Normal
sub182_NB,NB,9.0,frames/Vid9_EM_T.png,frames/Vid9_L.png,r,1.0,2.7309444999555126,4.0,0.8793861999874935,,,,20.0,Male,Right handed,Normal
sub182_NB,NB,9.0,frames/Vid9_EM_T.png,frames/Vid9_L.png,r,1.0,3.598257699981332,2.0,2.39782529999502,,,,20.0,Male,Right handed,Normal
sub182_NB,NB,10.0,frames/Vid10_BB_T.png,frames/Vid10_L.png,l,0.0,4.538675099960528,4.0,0.8121274999575689,,,,20.0,Male,Right handed,Normal
sub182_NB,NB,10.0,frames/Vid10_BB_T.png,frames/Vid10_L.png,l,1.0,11.331416699977126,3.0,5.414806299959309,,,,20.0,Male,Right handed,Normal
sub182_NB,NB,11.0,frames/Vid11_EM_T.png,frames/Vid11_L.png,l,0.0,4.544504499994218,3.0,2.046857300098054,,,,20.0,Male,Right handed,Normal
sub182_NB,NB,11.0,frames/Vid11_EM_T.png,frames/Vid11_L.png,r,1.0,4.173646699986421,5.0,1.364475800015498,,,,20.0,Male,Right handed,Normal
sub182_NB,NB,12.0,frames/Vid12_EM_T.png,frames/Vid12_L.png,r,1.0,2.002578099956736,3.0,1.1474956999300048,,,,20.0,Male,Right handed,Normal
sub182_NB,NB,12.0,frames/Vid12_EM_T.png,frames/Vid12_L.png,l,1.0,4.171000499976799,4.0,0.764874599990435,,,,20.0,Male,Right handed,Normal
sub182_NB,NB,13.0,frames/Vid13_BB_T.png,frames/Vid13_L.png,l,0.0,2.3850150000071153,3.0,1.5312219000188634,,,,20.0,Male,Right handed,Normal
sub182_NB,NB,13.0,frames/Vid13_BB_T.png,frames/Vid13_L.png,l,1.0,8.402055700018536,3.0,2.0158336000167765,,,,20.0,Male,Right handed,Normal
sub182_NB,NB,14.0,frames/Vid14_BB_T.png,frames/Vid14_L.png,l,1.0,1.7039464000845328,5.0,0.2145277999807149,,,,20.0,Male,Right handed,Normal
sub182_NB,NB,14.0,frames/Vid14_BB_T.png,frames/Vid14_L.png,l,1.0,4.694999200000893,4.0,1.0493339999811724,,,,20.0,Male,Right handed,Normal
sub182_NB,NB,15.0,frames/Vid15_BB_T.png,frames/Vid15_L.png,r,0.0,3.9959480999968946,5.0,0.6826803999720141,,,,20.0,Male,Right handed,Normal
sub182_NB,NB,15.0,frames/Vid15_BB_T.png,frames/Vid15_L.png,l,1.0,3.7291374999913383,5.0,1.1816249000257812,,,,20.0,Male,Right handed,Normal
sub182_NB,NB,16.0,frames/Vid16_EM_T.png,frames/Vid16_L.png,l,0.0,5.7160781000275165,4.0,0.5815642999950796,,,,20.0,Male,Right handed,Normal
sub182_NB,NB,16.0,frames/Vid16_EM_T.png,frames/Vid16_L.png,r,1.0,7.237429999979213,5.0,0.8804914999636821,,,,20.0,Male,Right handed,Normal
sub182_NB,NB,17.0,frames/Vid17_BB_T.png,frames/Vid17_L.png,r,1.0,3.0441128000384197,3.0,1.8640299999387937,,,,20.0,Male,Right handed,Normal
sub182_NB,NB,17.0,frames/Vid17_BB_T.png,frames/Vid17_L.png,l,1.0,7.071278699964751,3.0,1.4488357999944128,,,,20.0,Male,Right handed,Normal
sub182_NB,NB,18.0,frames/Vid18_EM_T.png,frames/Vid18_L.png,l,1.0,3.0993711999617517,4.0,2.8812046999810264,,,,20.0,Male,Right handed,Normal
sub182_NB,NB,18.0,frames/Vid18_EM_T.png,frames/Vid18_L.png,l,1.0,6.807542000024114,5.0,1.5306730999727731,,,,20.0,Male,Right handed,Normal
sub182_NB,NB,19.0,frames/Vid19_BB_T.png,frames/Vid19_L.png,l,1.0,2.902593299979344,4.0,1.9806828000582757,,,,20.0,Male,Right handed,Normal
sub182_NB,NB,19.0,frames/Vid19_BB_T.png,frames/Vid19_L.png,r,0.0,13.046165699954145,3.0,2.0148785999626853,,,,20.0,Male,Right handed,Normal
sub182_NB,NB,20.0,frames/Vid20_EM_T.png,frames/Vid20_L.png,r,1.0,1.623168999911286,4.0,0.6490059000207111,,,,20.0,Male,Right handed,Normal
sub182_NB,NB,20.0,frames/Vid20_EM_T.png,frames/Vid20_L.png,l,0.0,4.137588899990078,3.0,1.132713099999819,,,,20.0,Male,Right handed,Normal
sub182_NB,NB,21.0,frames/Vid21_BB_T.png,frames/Vid21_L.png,r,1.0,3.1893751999596134,4.0,0.5646927000489086,,,,20.0,Male,Right handed,Normal
sub182_NB,NB,21.0,frames/Vid21_BB_T.png,frames/Vid21_L.png,l,0.0,7.595883700007107,4.0,0.6323884999728762,,,,20.0,Male,Right handed,Normal
sub182_NB,NB,22.0,frames/Vid22_EM_T.png,frames/Vid22_L.png,r,1.0,3.860503399977461,5.0,0.5647610999876633,,,,20.0,Male,Right handed,Normal
sub182_NB,NB,22.0,frames/Vid22_EM_T.png,frames/Vid22_L.png,l,0.0,6.6463944999850355,5.0,0.5816017999895848,,,,20.0,Male,Right handed,Normal
sub182_NB,NB,23.0,frames/Vid23_EM_T.png,frames/Vid23_L.png,r,1.0,2.633947500027716,4.0,1.2798717999830842,,,,20.0,Male,Right handed,Normal
sub182_NB,NB,23.0,frames/Vid23_EM_T.png,frames/Vid23_L.png,r,0.0,8.51002809999045,5.0,0.6991272000013851,,,,20.0,Male,Right handed,Normal
sub182_NB,NB,24.0,frames/Vid24_BB_T.png,frames/Vid24_L.png,r,1.0,2.510976600111462,5.0,2.097283599898219,,,,20.0,Male,Right handed,Normal
sub182_NB,NB,24.0,frames/Vid24_BB_T.png,frames/Vid24_L.png,r,0.0,5.307062099978793,4.0,1.4144731999840587,,,,20.0,Male,Right handed,Normal
sub182_NB,NB,25.0,frames/Vid25_BB_T.png,frames/Vid25_L.png,l,1.0,2.1544054000405595,4.0,0.8827319999691099,,,,20.0,Male,Right handed,Normal
sub182_NB,NB,25.0,frames/Vid25_BB_T.png,frames/Vid25_L.png,r,0.0,6.410250899964012,4.0,0.681149399955757,,,,20.0,Male,Right handed,Normal
sub182_NB,NB,26.0,frames/Vid26_EM_T.png,frames/Vid26_L.png,l,0.0,3.81398940004874,4.0,2.0958277999889106,,,,20.0,Male,Right handed,Normal
sub182_NB,NB,26.0,frames/Vid26_EM_T.png,frames/Vid26_L.png,l,1.0,5.0153199000051245,5.0,1.34776559995953,,,,20.0,Male,Right handed,Normal
sub182_NB,NB,27.0,frames/Vid27_BB_T.png,frames/Vid27_L.png,r,1.0,2.7579239000333473,3.0,0.78153260005638,,,,20.0,Male,Right handed,Normal
sub182_NB,NB,27.0,frames/Vid27_BB_T.png,frames/Vid27_L.png,l,1.0,4.096820499980822,4.0,0.6320106000057422,,,,20.0,Male,Right handed,Normal
sub182_NB,NB,28.0,frames/Vid28_EM_T.png,frames/Vid28_L.png,r,1.0,1.8039686999982223,5.0,2.2468413000460714,,,,20.0,Male,Right handed,Normal
sub182_NB,NB,28.0,frames/Vid28_EM_T.png,frames/Vid28_L.png,r,1.0,8.120506499952171,5.0,1.1979491999954917,,,,20.0,Male,Right handed,Normal
sub182_NB,NB,29.0,frames/Vid29_BB_T.png,frames/Vid29_L.png,r,1.0,2.6892275999998674,4.0,0.7488076000008732,,,,20.0,Male,Right handed,Normal
sub182_NB,NB,29.0,frames/Vid29_BB_T.png,frames/Vid29_L.png,l,1.0,3.7301715000066906,5.0,1.5141324000433087,,,,20.0,Male,Right handed,Normal
sub182_NB,NB,30.0,frames/Vid30_EM_T.png,frames/Vid30_L.png,r,1.0,2.4305526999523863,3.0,2.5307823000475764,,,,20.0,Male,Right handed,Normal
sub182_NB,NB,30.0,frames/Vid30_EM_T.png,frames/Vid30_L.png,r,0.0,7.106482599978335,3.0,0.9639916999731212,,,,20.0,Male,Right handed,Normal
sub182_NB,NB,31.0,frames/Vid31_EM_T.png,frames/Vid31_L.png,r,1.0,1.9974609999917448,4.0,0.3636867000022903,,,,20.0,Male,Right handed,Normal
sub182_NB,NB,31.0,frames/Vid31_EM_T.png,frames/Vid31_L.png,r,1.0,4.121287000016309,5.0,0.6150988999870606,,,,20.0,Male,Right handed,Normal
sub182_NB,NB,32.0,frames/Vid32_EM_T.png,frames/Vid32_L.png,r,1.0,2.2981927999062464,5.0,0.5648311999393627,,,,20.0,Male,Right handed,Normal
sub182_NB,NB,32.0,frames/Vid32_EM_T.png,frames/Vid32_L.png,l,1.0,4.024002699996345,5.0,1.1977736999979245,,,,20.0,Male,Right handed,Normal
sub182_NB,NB,33.0,frames/Vid33_BB_T.png,frames/Vid33_L.png,l,1.0,2.028196700033732,4.0,1.0487775000510735,,,,20.0,Male,Right handed,Normal
sub182_NB,NB,33.0,frames/Vid33_BB_T.png,frames/Vid33_L.png,r,0.0,7.962403999990784,3.0,1.9982970000128264,,,,20.0,Male,Right handed,Normal
sub182_NB,NB,34.0,frames/Vid34_BB_T.png,frames/Vid34_L.png,l,1.0,4.878530600108206,2.0,2.1789546000072733,,,,20.0,Male,Right handed,Normal
sub182_NB,NB,34.0,frames/Vid34_BB_T.png,frames/Vid34_L.png,r,0.0,5.1200876999646425,2.0,1.3490721000125632,,,,20.0,Male,Right handed,Normal
sub182_NB,NB,35.0,frames/Vid35_EM_T.png,frames/Vid35_L.png,l,1.0,2.4856646000407636,5.0,0.381657600053586,,,,20.0,Male,Right handed,Normal
sub182_NB,NB,35.0,frames/Vid35_EM_T.png,frames/Vid35_L.png,r,1.0,5.294824999989942,4.0,0.6147791999974288,,,,20.0,Male,Right handed,Normal
sub182_NB,NB,36.0,frames/Vid36_BB_T.png,frames/Vid36_L.png,r,1.0,5.786700600059703,2.0,1.965289399959147,,,,20.0,Male,Right handed,Normal
sub182_NB,NB,36.0,frames/Vid36_BB_T.png,frames/Vid36_L.png,r,0.0,7.096918499970343,4.0,0.7490064000012353,,,,20.0,Male,Right handed,Normal
sub182_NB,NB,37.0,frames/Vid37_BB_T.png,frames/Vid37_L.png,r,1.0,2.1266371000092477,5.0,1.3152661999920383,,,,20.0,Male,Right handed,Normal
sub182_NB,NB,37.0,frames/Vid37_BB_T.png,frames/Vid37_L.png,r,1.0,8.788293099962175,4.0,1.017010300012771,,,,20.0,Male,Right handed,Normal
sub182_NB,NB,38.0,frames/Vid38_EM_T.png,frames/Vid38_L.png,l,1.0,3.647540000034496,5.0,0.446077200002037,,,,20.0,Male,Right handed,Normal
sub182_NB,NB,38.0,frames/Vid38_EM_T.png,frames/Vid38_L.png,l,1.0,4.92389140004525,5.0,1.3147490000119433,,,,20.0,Male,Right handed,Normal
sub182_NB,NB,39.0,frames/Vid39_BB_T.png,frames/Vid39_L.png,l,1.0,4.12372100003995,4.0,0.6647577999392524,,,,20.0,Male,Right handed,Normal
sub182_NB,NB,39.0,frames/Vid39_BB_T.png,frames/Vid39_L.png,l,1.0,7.05638419999741,3.0,1.882761400018353,,,,20.0,Male,Right handed,Normal
sub182_NB,NB,40.0,frames/Vid40_EM_T.png,frames/Vid40_L.png,r,1.0,3.0392176000168547,5.0,1.231191199971363,,,,20.0,Male,Right handed,Normal
sub182_NB,NB,40.0,frames/Vid40_EM_T.png,frames/Vid40_L.png,l,1.0,5.434761899989098,4.0,1.2984601999633014,,,,20.0,Male,Right handed,Normal
sub183_NB,NB,1.0,frames/Vid1_EM_T.png,frames/Vid1_L.png,l,1.0,7.434443700010888,3.0,0.7811226999619976,,,,20.0,Male,Right handed,Corrected to normal
sub183_NB,NB,1.0,frames/Vid1_EM_T.png,frames/Vid1_L.png,r,1.0,3.5469625999685377,5.0,1.1978601000155322,,,,20.0,Male,Right handed,Corrected to normal
sub183_NB,NB,2.0,frames/Vid2_BB_T.png,frames/Vid2_L.png,l,1.0,4.405692800064571,5.0,1.5644655999494717,,,,20.0,Male,Right handed,Corrected to normal
sub183_NB,NB,2.0,frames/Vid2_BB_T.png,frames/Vid2_L.png,r,1.0,3.6443059999728575,5.0,1.6143915000138804,,,,20.0,Male,Right handed,Corrected to normal
sub183_NB,NB,3.0,frames/Vid3_BB_T.png,frames/Vid3_L.png,l,1.0,3.4160802999977022,5.0,1.0152653999393806,,,,20.0,Male,Right handed,Corrected to normal
sub183_NB,NB,3.0,frames/Vid3_BB_T.png,frames/Vid3_L.png,l,1.0,1.884387300000526,5.0,1.197446799953468,,,,20.0,Male,Right handed,Corrected to normal
sub183_NB,NB,4.0,frames/Vid4_EM_T.png,frames/Vid4_L.png,r,1.0,2.8859336000168696,5.0,1.0646136000286788,,,,20.0,Male,Right handed,Corrected to normal
sub183_NB,NB,4.0,frames/Vid4_EM_T.png,frames/Vid4_L.png,r,1.0,6.320476699969731,3.0,1.2147393999621272,,,,20.0,Male,Right handed,Corrected to normal
sub183_NB,NB,5.0,frames/Vid5_EM_T.png,frames/Vid5_L.png,l,1.0,4.737721399986185,4.0,1.8817111999960616,,,,20.0,Male,Right handed,Corrected to normal
sub183_NB,NB,5.0,frames/Vid5_EM_T.png,frames/Vid5_L.png,r,1.0,8.873424599994905,2.0,10.032098600000609,,,,20.0,Male,Right handed,Corrected to normal
sub183_NB,NB,6.0,frames/Vid6_BB_T.png,frames/Vid6_L.png,l,1.0,3.532516300096177,5.0,1.564220399945043,,,,20.0,Male,Right handed,Corrected to normal
sub183_NB,NB,6.0,frames/Vid6_BB_T.png,frames/Vid6_L.png,l,1.0,2.8038891999749467,5.0,0.9981583000044338,,,,20.0,Male,Right handed,Corrected to normal
sub183_NB,NB,7.0,frames/Vid7_EM_T.png,frames/Vid7_L.png,l,1.0,3.941431700019166,5.0,0.7636983999982476,,,,20.0,Male,Right handed,Corrected to normal
sub183_NB,NB,7.0,frames/Vid7_EM_T.png,frames/Vid7_L.png,l,1.0,3.328715499956161,5.0,0.6650513999629766,,,,20.0,Male,Right handed,Corrected to normal
sub183_NB,NB,8.0,frames/Vid8_BB_T.png,frames/Vid8_L.png,l,1.0,7.676608299952932,3.0,2.080695000011474,,,,20.0,Male,Right handed,Corrected to normal
sub183_NB,NB,8.0,frames/Vid8_BB_T.png,frames/Vid8_L.png,r,1.0,6.45074790000217,5.0,2.9317711999756284,,,,20.0,Male,Right handed,Corrected to normal
sub183_NB,NB,9.0,frames/Vid9_EM_T.png,frames/Vid9_L.png,l,1.0,5.562630199943669,4.0,1.1643523999955503,,,,20.0,Male,Right handed,Corrected to normal
sub183_NB,NB,9.0,frames/Vid9_EM_T.png,frames/Vid9_L.png,l,1.0,9.77477880002698,3.0,2.5976666000206023,,,,20.0,Male,Right handed,Corrected to normal
sub183_NB,NB,10.0,frames/Vid10_BB_T.png,frames/Vid10_L.png,r,1.0,5.821145199937746,4.0,2.197905599954538,,,,20.0,Male,Right handed,Corrected to normal
sub183_NB,NB,10.0,frames/Vid10_BB_T.png,frames/Vid10_L.png,r,1.0,3.676609999965876,3.0,2.064928100036923,,,,20.0,Male,Right handed,Corrected to normal
sub183_NB,NB,11.0,frames/Vid11_EM_T.png,frames/Vid11_L.png,l,1.0,9.943119500065222,5.0,2.8647750000236556,,,,20.0,Male,Right handed,Corrected to normal
sub183_NB,NB,11.0,frames/Vid11_EM_T.png,frames/Vid11_L.png,l,1.0,2.385074399993755,5.0,2.2641806000028737,,,,20.0,Male,Right handed,Corrected to normal
sub183_NB,NB,12.0,frames/Vid12_EM_T.png,frames/Vid12_L.png,r,1.0,4.5657458999194205,5.0,0.9480619000969456,,,,20.0,Male,Right handed,Corrected to normal
sub183_NB,NB,12.0,frames/Vid12_EM_T.png,frames/Vid12_L.png,r,1.0,2.8652021999587305,5.0,1.647832099988591,,,,20.0,Male,Right handed,Corrected to normal
sub183_NB,NB,13.0,frames/Vid13_BB_T.png,frames/Vid13_L.png,l,1.0,2.894072699942626,5.0,0.9988573000300676,,,,20.0,Male,Right handed,Corrected to normal
sub183_NB,NB,13.0,frames/Vid13_BB_T.png,frames/Vid13_L.png,r,1.0,4.857841600023676,1.0,1.3489059999701567,,,,20.0,Male,Right handed,Corrected to normal
sub183_NB,NB,14.0,frames/Vid14_BB_T.png,frames/Vid14_L.png,r,1.0,3.865023500053212,4.0,0.8646459999727085,,,,20.0,Male,Right handed,Corrected to normal
sub183_NB,NB,14.0,frames/Vid14_BB_T.png,frames/Vid14_L.png,r,1.0,5.697247800009791,1.0,1.314776100043673,,,,20.0,Male,Right handed,Corrected to normal
sub183_NB,NB,15.0,frames/Vid15_BB_T.png,frames/Vid15_L.png,r,1.0,5.302101899986155,4.0,1.098096700035967,,,,20.0,Male,Right handed,Corrected to normal
sub183_NB,NB,15.0,frames/Vid15_BB_T.png,frames/Vid15_L.png,l,1.0,11.606808799959254,5.0,2.1812060000374913,,,,20.0,Male,Right handed,Corrected to normal
sub183_NB,NB,16.0,frames/Vid16_EM_T.png,frames/Vid16_L.png,l,1.0,5.5452115999069065,4.0,1.3964664998929948,,,,20.0,Male,Right handed,Corrected to normal
sub183_NB,NB,16.0,frames/Vid16_EM_T.png,frames/Vid16_L.png,r,0.0,3.017793499981053,5.0,1.2969046999933198,,,,20.0,Male,Right handed,Corrected to normal
sub183_NB,NB,17.0,frames/Vid17_BB_T.png,frames/Vid17_L.png,r,1.0,4.209788799984381,5.0,1.446302100084722,,,,20.0,Male,Right handed,Corrected to normal
sub183_NB,NB,17.0,frames/Vid17_BB_T.png,frames/Vid17_L.png,r,1.0,3.0771496999659576,5.0,0.6651024000020698,,,,20.0,Male,Right handed,Corrected to normal
sub183_NB,NB,18.0,frames/Vid18_EM_T.png,frames/Vid18_L.png,l,1.0,3.809235099935904,5.0,1.0468156000133604,,,,20.0,Male,Right handed,Corrected to normal
sub183_NB,NB,18.0,frames/Vid18_EM_T.png,frames/Vid18_L.png,l,1.0,4.331218799983617,5.0,1.7973832999705337,,,,20.0,Male,Right handed,Corrected to normal
sub183_NB,NB,19.0,frames/Vid19_BB_T.png,frames/Vid19_L.png,r,0.0,5.804387000040151,4.0,0.9150285000214352,,,,20.0,Male,Right handed,Corrected to normal
sub183_NB,NB,19.0,frames/Vid19_BB_T.png,frames/Vid19_L.png,l,1.0,4.029046700045001,5.0,2.214826699986588,,,,20.0,Male,Right handed,Corrected to normal
sub183_NB,NB,20.0,frames/Vid20_EM_T.png,frames/Vid20_L.png,l,1.0,2.6833406999940053,4.0,0.8646330999908969,,,,20.0,Male,Right handed,Corrected to normal
sub183_NB,NB,20.0,frames/Vid20_EM_T.png,frames/Vid20_L.png,l,1.0,3.6550454999669455,5.0,1.1467273000162097,,,,20.0,Male,Right handed,Corrected to normal
sub183_NB,NB,21.0,frames/Vid21_BB_T.png,frames/Vid21_L.png,r,1.0,4.389979299972765,5.0,1.464798800065182,,,,20.0,Male,Right handed,Corrected to normal
sub183_NB,NB,21.0,frames/Vid21_BB_T.png,frames/Vid21_L.png,l,1.0,2.8409863999695517,5.0,1.1636926000355745,,,,20.0,Male,Right handed,Corrected to normal
sub183_NB,NB,22.0,frames/Vid22_EM_T.png,frames/Vid22_L.png,r,0.0,3.0186031000921503,5.0,1.414189399918541,,,,20.0,Male,Right handed,Corrected to normal
sub183_NB,NB,22.0,frames/Vid22_EM_T.png,frames/Vid22_L.png,l,1.0,3.0333377000060864,5.0,0.7479512999998406,,,,20.0,Male,Right handed,Corrected to normal
sub183_NB,NB,23.0,frames/Vid23_EM_T.png,frames/Vid23_L.png,l,1.0,5.138279000064358,3.0,1.8631286999443544,,,,20.0,Male,Right handed,Corrected to normal
sub183_NB,NB,23.0,frames/Vid23_EM_T.png,frames/Vid23_L.png,r,1.0,2.402071700023953,5.0,2.481880699982866,,,,20.0,Male,Right handed,Corrected to normal
sub183_NB,NB,24.0,frames/Vid24_BB_T.png,frames/Vid24_L.png,l,0.0,5.548841200070456,4.0,1.3139496999792757,,,,20.0,Male,Right handed,Corrected to normal
sub183_NB,NB,24.0,frames/Vid24_BB_T.png,frames/Vid24_L.png,r,1.0,3.3357061000424437,5.0,1.5474592999671586,,,,20.0,Male,Right handed,Corrected to normal
sub183_NB,NB,25.0,frames/Vid25_BB_T.png,frames/Vid25_L.png,r,1.0,19.448970400029793,3.0,2.197032099938951,,,,20.0,Male,Right handed,Corrected to normal
sub183_NB,NB,25.0,frames/Vid25_BB_T.png,frames/Vid25_L.png,l,1.0,3.1986152000026777,4.0,1.69787480001105,,,,20.0,Male,Right handed,Corrected to normal
sub183_NB,NB,26.0,frames/Vid26_EM_T.png,frames/Vid26_L.png,l,1.0,2.6649428999517113,4.0,4.147937800036743,,,,20.0,Male,Right handed,Corrected to normal
sub183_NB,NB,26.0,frames/Vid26_EM_T.png,frames/Vid26_L.png,l,1.0,2.1560445000068285,5.0,2.164781600004062,,,,20.0,Male,Right handed,Corrected to normal
sub183_NB,NB,27.0,frames/Vid27_BB_T.png,frames/Vid27_L.png,r,1.0,5.454728599986993,5.0,1.0654862000374123,,,,20.0,Male,Right handed,Corrected to normal
sub183_NB,NB,27.0,frames/Vid27_BB_T.png,frames/Vid27_L.png,l,1.0,6.760998899990227,3.0,1.4944808000000194,,,,20.0,Male,Right handed,Corrected to normal
sub183_NB,NB,28.0,frames/Vid28_EM_T.png,frames/Vid28_L.png,r,1.0,3.812795800040476,5.0,1.247603000025265,,,,20.0,Male,Right handed,Corrected to normal
sub183_NB,NB,28.0,frames/Vid28_EM_T.png,frames/Vid28_L.png,r,1.0,3.52272319997428,5.0,1.047267300018575,,,,20.0,Male,Right handed,Corrected to normal
sub183_NB,NB,29.0,frames/Vid29_BB_T.png,frames/Vid29_L.png,l,1.0,4.479644599952735,5.0,1.0968592000426725,,,,20.0,Male,Right handed,Corrected to normal
sub183_NB,NB,29.0,frames/Vid29_BB_T.png,frames/Vid29_L.png,l,1.0,3.1336521000484936,5.0,1.4151073999819346,,,,20.0,Male,Right handed,Corrected to normal
sub183_NB,NB,30.0,frames/Vid30_EM_T.png,frames/Vid30_L.png,r,1.0,5.3834740000311285,4.0,1.4312490000156686,,,,20.0,Male,Right handed,Corrected to normal
sub183_NB,NB,30.0,frames/Vid30_EM_T.png,frames/Vid30_L.png,l,1.0,2.923159199999646,5.0,1.215622199990321,,,,20.0,Male,Right handed,Corrected to normal
sub183_NB,NB,31.0,frames/Vid31_EM_T.png,frames/Vid31_L.png,r,1.0,8.358939500059932,3.0,1.7981474000262097,,,,20.0,Male,Right handed,Corrected to normal
sub183_NB,NB,31.0,frames/Vid31_EM_T.png,frames/Vid31_L.png,l,1.0,3.5034775999956764,5.0,1.1147852999856696,,,,20.0,Male,Right handed,Corrected to normal
sub183_NB,NB,32.0,frames/Vid32_EM_T.png,frames/Vid32_L.png,l,1.0,4.566060499986634,5.0,1.1800096000079066,,,,20.0,Male,Right handed,Corrected to normal
sub183_NB,NB,32.0,frames/Vid32_EM_T.png,frames/Vid32_L.png,l,1.0,2.373708200000692,5.0,3.614903000008781,,,,20.0,Male,Right handed,Corrected to normal
sub183_NB,NB,33.0,frames/Vid33_BB_T.png,frames/Vid33_L.png,r,1.0,5.158093000063673,4.0,1.3816878999350592,,,,20.0,Male,Right handed,Corrected to normal
sub183_NB,NB,33.0,frames/Vid33_BB_T.png,frames/Vid33_L.png,l,1.0,7.865550499991514,5.0,1.69780190003803,,,,20.0,Male,Right handed,Corrected to normal
sub183_NB,NB,34.0,frames/Vid34_BB_T.png,frames/Vid34_L.png,l,1.0,7.3885474998969585,4.0,1.0626582000404596,,,,20.0,Male,Right handed,Corrected to normal
sub183_NB,NB,34.0,frames/Vid34_BB_T.png,frames/Vid34_L.png,r,1.0,3.9805266999755986,5.0,1.4136031999951228,,,,20.0,Male,Right handed,Corrected to normal
sub183_NB,NB,35.0,frames/Vid35_EM_T.png,frames/Vid35_L.png,l,1.0,6.160890099941753,4.0,1.4648327000904828,,,,20.0,Male,Right handed,Corrected to normal
sub183_NB,NB,35.0,frames/Vid35_EM_T.png,frames/Vid35_L.png,l,1.0,2.6675566000049,5.0,1.483072799979709,,,,20.0,Male,Right handed,Corrected to normal
sub183_NB,NB,36.0,frames/Vid36_BB_T.png,frames/Vid36_L.png,l,1.0,8.322418799973093,3.0,40.86563729995396,,,,20.0,Male,Right handed,Corrected to normal
sub183_NB,NB,36.0,frames/Vid36_BB_T.png,frames/Vid36_L.png,r,1.0,3.1633895999984816,2.0,1.915460799995344,,,,20.0,Male,Right handed,Corrected to normal
sub183_NB,NB,37.0,frames/Vid37_BB_T.png,frames/Vid37_L.png,r,1.0,2.8304512999020517,5.0,1.1814681000541896,,,,20.0,Male,Right handed,Corrected to normal
sub183_NB,NB,37.0,frames/Vid37_BB_T.png,frames/Vid37_L.png,l,1.0,2.577561100013554,5.0,1.064483200025279,,,,20.0,Male,Right handed,Corrected to normal
sub183_NB,NB,38.0,frames/Vid38_EM_T.png,frames/Vid38_L.png,l,0.0,12.300444799941031,4.0,2.5123804999748245,,,,20.0,Male,Right handed,Corrected to normal
sub183_NB,NB,38.0,frames/Vid38_EM_T.png,frames/Vid38_L.png,r,1.0,4.033551500004251,5.0,1.2984875999973156,,,,20.0,Male,Right handed,Corrected to normal
sub183_NB,NB,39.0,frames/Vid39_BB_T.png,frames/Vid39_L.png,l,1.0,8.608478599926457,4.0,1.448671399964951,,,,20.0,Male,Right handed,Corrected to normal
sub183_NB,NB,39.0,frames/Vid39_BB_T.png,frames/Vid39_L.png,r,0.0,6.05271180003183,4.0,1.047419899958186,,,,20.0,Male,Right handed,Corrected to normal
sub183_NB,NB,40.0,frames/Vid40_EM_T.png,frames/Vid40_L.png,r,1.0,4.46261000004597,5.0,1.2300475999945777,,,,20.0,Male,Right handed,Corrected to normal
sub183_NB,NB,40.0,frames/Vid40_EM_T.png,frames/Vid40_L.png,r,1.0,2.9726746999658644,5.0,1.247356200008653,,,,20.0,Male,Right handed,Corrected to normal
sub185_NB,NB,1.0,frames/Vid1_EM_T.png,frames/Vid1_L.png,r,1.0,2.4962330000125803,5.0,0.9807664999971166,,,,21.0,Male,Right handed,Normal
sub185_NB,NB,2.0,frames/Vid2_BB_T.png,frames/Vid2_L.png,l,1.0,2.376527199987322,5.0,0.4804692000034265,,,,21.0,Male,Right handed,Normal
sub185_NB,NB,3.0,frames/Vid3_BB_T.png,frames/Vid3_L.png,l,1.0,2.247088500007522,5.0,0.7802035000058822,,,,21.0,Male,Right handed,Normal
sub185_NB,NB,4.0,frames/Vid4_EM_T.png,frames/Vid4_L.png,r,0.0,2.77896339999279,5.0,0.4135910999611951,,,,21.0,Male,Right handed,Normal
sub185_NB,NB,5.0,frames/Vid5_EM_T.png,frames/Vid5_L.png,r,1.0,2.688640900014434,5.0,1.04916160000721,,,,21.0,Male,Right handed,Normal
sub185_NB,NB,6.0,frames/Vid6_BB_T.png,frames/Vid6_L.png,l,1.0,5.065980300016236,5.0,0.5817230999819003,,,,21.0,Male,Right handed,Normal
sub185_NB,NB,7.0,frames/Vid7_EM_T.png,frames/Vid7_L.png,l,0.0,11.50764969998272,4.0,1.8801113999797965,,,,21.0,Male,Right handed,Normal
sub185_NB,NB,8.0,frames/Vid8_BB_T.png,frames/Vid8_L.png,r,1.0,3.692768399952911,3.0,1.5969623000128197,,,,21.0,Male,Right handed,Normal
sub185_NB,NB,9.0,frames/Vid9_EM_T.png,frames/Vid9_L.png,r,1.0,4.661816000007093,5.0,0.4821987000177614,,,,21.0,Male,Right handed,Normal
sub185_NB,NB,10.0,frames/Vid10_BB_T.png,frames/Vid10_L.png,r,1.0,5.310615300026257,5.0,1.1490634999936449,,,,21.0,Male,Right handed,Normal
sub185_NB,NB,11.0,frames/Vid11_EM_T.png,frames/Vid11_L.png,r,1.0,2.9544155999901704,5.0,0.3659814999555237,,,,21.0,Male,Right handed,Normal
sub185_NB,NB,12.0,frames/Vid12_EM_T.png,frames/Vid12_L.png,r,1.0,9.682074600015769,5.0,2.112025500042364,,,,21.0,Male,Right handed,Normal
sub185_NB,NB,13.0,frames/Vid13_BB_T.png,frames/Vid13_L.png,r,0.0,3.8893670000252314,5.0,0.5640193000435829,,,,21.0,Male,Right handed,Normal
sub185_NB,NB,14.0,frames/Vid14_BB_T.png,frames/Vid14_L.png,l,1.0,4.842436800012365,3.0,1.706825100001879,,,,21.0,Male,Right handed,Normal
sub185_NB,NB,15.0,frames/Vid15_BB_T.png,frames/Vid15_L.png,l,1.0,4.944317399989814,5.0,0.4323322999989614,,,,21.0,Male,Right handed,Normal
sub185_NB,NB,16.0,frames/Vid16_EM_T.png,frames/Vid16_L.png,l,1.0,2.926349199959077,5.0,0.7303541000001132,,,,21.0,Male,Right handed,Normal
sub185_NB,NB,17.0,frames/Vid17_BB_T.png,frames/Vid17_L.png,r,1.0,3.090714899997693,5.0,2.233828199969139,,,,21.0,Male,Right handed,Normal
sub185_NB,NB,18.0,frames/Vid18_EM_T.png,frames/Vid18_L.png,r,1.0,3.5887284000054933,5.0,1.5641025000368245,,,,21.0,Male,Right handed,Normal
sub185_NB,NB,19.0,frames/Vid19_BB_T.png,frames/Vid19_L.png,l,0.0,2.6622549000312574,3.0,1.1155007000197656,,,,21.0,Male,Right handed,Normal
sub185_NB,NB,20.0,frames/Vid20_EM_T.png,frames/Vid20_L.png,l,1.0,2.07015029998729,5.0,0.6630801999708638,,,,21.0,Male,Right handed,Normal
sub185_NB,NB,21.0,frames/Vid21_BB_T.png,frames/Vid21_L.png,l,1.0,2.4258874999941327,5.0,0.3975094999768771,,,,21.0,Male,Right handed,Normal
sub185_NB,NB,22.0,frames/Vid22_EM_T.png,frames/Vid22_L.png,l,1.0,2.50343950005481,5.0,1.2327013000031002,,,,21.0,Male,Right handed,Normal
sub185_NB,NB,23.0,frames/Vid23_EM_T.png,frames/Vid23_L.png,r,1.0,3.508336699975189,3.0,1.6132310000248251,,,,21.0,Male,Right handed,Normal
sub185_NB,NB,24.0,frames/Vid24_BB_T.png,frames/Vid24_L.png,r,1.0,4.5805270000128075,5.0,1.965658700035419,,,,21.0,Male,Right handed,Normal
sub185_NB,NB,25.0,frames/Vid25_BB_T.png,frames/Vid25_L.png,l,1.0,5.471614599984605,5.0,4.747428099974059,,,,21.0,Male,Right handed,Normal
sub185_NB,NB,26.0,frames/Vid26_EM_T.png,frames/Vid26_L.png,l,0.0,2.907472899998538,3.0,2.68060580000747,,,,21.0,Male,Right handed,Normal
sub185_NB,NB,27.0,frames/Vid27_BB_T.png,frames/Vid27_L.png,l,1.0,4.184393500036094,5.0,1.015379499993287,,,,21.0,Male,Right handed,Normal
sub185_NB,NB,28.0,frames/Vid28_EM_T.png,frames/Vid28_L.png,r,1.0,3.207714499963913,5.0,0.5631350000039674,,,,21.0,Male,Right handed,Normal
sub185_NB,NB,29.0,frames/Vid29_BB_T.png,frames/Vid29_L.png,r,1.0,4.308084499964025,5.0,0.4969542999751866,,,,21.0,Male,Right handed,Normal
sub185_NB,NB,30.0,frames/Vid30_EM_T.png,frames/Vid30_L.png,l,1.0,4.6221706999931484,5.0,0.66516460001003,,,,21.0,Male,Right handed,Normal
sub185_NB,NB,31.0,frames/Vid31_EM_T.png,frames/Vid31_L.png,l,1.0,3.640549400006421,5.0,0.7314710000064224,,,,21.0,Male,Right handed,Normal
sub185_NB,NB,32.0,frames/Vid32_EM_T.png,frames/Vid32_L.png,l,1.0,3.476046999974642,5.0,0.7310286000138149,,,,21.0,Male,Right handed,Normal
sub185_NB,NB,33.0,frames/Vid33_BB_T.png,frames/Vid33_L.png,l,1.0,2.7489115000353195,5.0,0.7145844000042416,,,,21.0,Male,Right handed,Normal
sub185_NB,NB,34.0,frames/Vid34_BB_T.png,frames/Vid34_L.png,r,1.0,4.917682299972512,5.0,0.7148823999450542,,,,21.0,Male,Right handed,Normal
sub185_NB,NB,35.0,frames/Vid35_EM_T.png,frames/Vid35_L.png,l,1.0,3.1848828999791294,5.0,0.8135913999867626,,,,21.0,Male,Right handed,Normal
sub185_NB,NB,36.0,frames/Vid36_BB_T.png,frames/Vid36_L.png,r,0.0,4.025337299972307,4.0,1.24831350002205,,,,21.0,Male,Right handed,Normal
sub185_NB,NB,37.0,frames/Vid37_BB_T.png,frames/Vid37_L.png,r,1.0,2.795507999951951,5.0,1.3975777000305245,,,,21.0,Male,Right handed,Normal
sub185_NB,NB,38.0,frames/Vid38_EM_T.png,frames/Vid38_L.png,l,1.0,2.9729163000010885,3.0,0.5145955000189133,,,,21.0,Male,Right handed,Normal
sub185_NB,NB,39.0,frames/Vid39_BB_T.png,frames/Vid39_L.png,l,0.0,5.507754700025544,3.0,1.9159180999849923,,,,21.0,Male,Right handed,Normal
sub185_NB,NB,40.0,frames/Vid40_EM_T.png,frames/Vid40_L.png,l,1.0,3.0013323000166565,5.0,0.5315749000292271,,,,21.0,Male,Right handed,Normal
sub186_NB,NB,1.0,frames/Vid1_EM_T.png,frames/Vid1_L.png,l,1.0,6.612028300005477,5.0,0.9002951000002213,,,,22.0,Male,Right handed,Normal
sub186_NB,NB,2.0,frames/Vid2_BB_T.png,frames/Vid2_L.png,l,1.0,4.659852500015404,5.0,2.2145415999693796,,,,22.0,Male,Right handed,Normal
sub186_NB,NB,3.0,frames/Vid3_BB_T.png,frames/Vid3_L.png,l,1.0,5.769720700045582,5.0,1.7817617999971844,,,,22.0,Male,Right handed,Normal
sub186_NB,NB,4.0,frames/Vid4_EM_T.png,frames/Vid4_L.png,r,0.0,13.270177000027616,2.0,1.714794899977278,,,,22.0,Male,Right handed,Normal
sub186_NB,NB,5.0,frames/Vid5_EM_T.png,frames/Vid5_L.png,l,1.0,6.061312100035138,4.0,1.49848850001581,,,,22.0,Male,Right handed,Normal
sub186_NB,NB,6.0,frames/Vid6_BB_T.png,frames/Vid6_L.png,r,1.0,4.675923599977978,5.0,1.5637828999897465,,,,22.0,Male,Right handed,Normal
sub186_NB,NB,7.0,frames/Vid7_EM_T.png,frames/Vid7_L.png,l,0.0,12.270055699977092,4.0,2.1327409999794327,,,,22.0,Male,Right handed,Normal
sub186_NB,NB,8.0,frames/Vid8_BB_T.png,frames/Vid8_L.png,l,1.0,6.158787099993788,5.0,1.747949599986896,,,,22.0,Male,Right handed,Normal
sub186_NB,NB,9.0,frames/Vid9_EM_T.png,frames/Vid9_L.png,l,1.0,7.795800100022461,5.0,1.1813241000054404,,,,22.0,Male,Right handed,Normal
sub186_NB,NB,10.0,frames/Vid10_BB_T.png,frames/Vid10_L.png,l,1.0,3.943336799973622,5.0,1.1142418999806978,,,,22.0,Male,Right handed,Normal
sub186_NB,NB,11.0,frames/Vid11_EM_T.png,frames/Vid11_L.png,r,1.0,4.347664000000805,5.0,1.3656773999682628,,,,22.0,Male,Right handed,Normal
sub186_NB,NB,12.0,frames/Vid12_EM_T.png,frames/Vid12_L.png,r,1.0,10.523294700018596,3.0,4.032291299954522,,,,22.0,Male,Right handed,Normal
sub186_NB,NB,13.0,frames/Vid13_BB_T.png,frames/Vid13_L.png,r,0.0,9.312185199989472,1.0,1.5639179000281729,,,,22.0,Male,Right handed,Normal
sub186_NB,NB,14.0,frames/Vid14_BB_T.png,frames/Vid14_L.png,r,1.0,5.246281799976714,5.0,2.663651500013657,,,,22.0,Male,Right handed,Normal
sub186_NB,NB,15.0,frames/Vid15_BB_T.png,frames/Vid15_L.png,r,1.0,5.528967499965802,5.0,1.581931599997915,,,,22.0,Male,Right handed,Normal
sub186_NB,NB,16.0,frames/Vid16_EM_T.png,frames/Vid16_L.png,r,1.0,7.719681900052819,5.0,0.7991058999905363,,,,22.0,Male,Right handed,Normal
sub186_NB,NB,17.0,frames/Vid17_BB_T.png,frames/Vid17_L.png,r,1.0,6.027618699998129,2.0,9.297573199961334,,,,22.0,Male,Right handed,Normal
sub186_NB,NB,18.0,frames/Vid18_EM_T.png,frames/Vid18_L.png,l,1.0,4.785133400000632,5.0,1.3310579999815673,,,,22.0,Male,Right handed,Normal
sub186_NB,NB,19.0,frames/Vid19_BB_T.png,frames/Vid19_L.png,r,1.0,8.512725799984764,2.0,1.6988077000132762,,,,22.0,Male,Right handed,Normal
sub186_NB,NB,20.0,frames/Vid20_EM_T.png,frames/Vid20_L.png,l,1.0,4.660926099983044,5.0,1.1164220999926329,,,,22.0,Male,Right handed,Normal
sub186_NB,NB,21.0,frames/Vid21_BB_T.png,frames/Vid21_L.png,l,1.0,6.574640000006184,5.0,0.8802649999852292,,,,22.0,Male,Right handed,Normal
sub186_NB,NB,22.0,frames/Vid22_EM_T.png,frames/Vid22_L.png,r,1.0,5.126566799997818,5.0,1.2149027000414208,,,,22.0,Male,Right handed,Normal
sub186_NB,NB,23.0,frames/Vid23_EM_T.png,frames/Vid23_L.png,r,1.0,3.1461081000161357,5.0,0.899060100025963,,,,22.0,Male,Right handed,Normal
sub186_NB,NB,24.0,frames/Vid24_BB_T.png,frames/Vid24_L.png,l,1.0,7.589510400022846,5.0,1.6494595999829471,,,,22.0,Male,Right handed,Normal
sub186_NB,NB,25.0,frames/Vid25_BB_T.png,frames/Vid25_L.png,r,1.0,6.469690700003412,5.0,0.8953897000174038,,,,22.0,Male,Right handed,Normal
sub186_NB,NB,26.0,frames/Vid26_EM_T.png,frames/Vid26_L.png,l,1.0,4.278652599954512,5.0,1.432246499985922,,,,22.0,Male,Right handed,Normal
sub186_NB,NB,27.0,frames/Vid27_BB_T.png,frames/Vid27_L.png,l,1.0,11.568449300015343,4.0,1.8482846000115387,,,,22.0,Male,Right handed,Normal
sub186_NB,NB,28.0,frames/Vid28_EM_T.png,frames/Vid28_L.png,r,1.0,4.944229800021276,5.0,1.431201700004749,,,,22.0,Male,Right handed,Normal
sub186_NB,NB,29.0,frames/Vid29_BB_T.png,frames/Vid29_L.png,r,0.0,7.130796500016004,3.0,2.481610399961937,,,,22.0,Male,Right handed,Normal
sub186_NB,NB,30.0,frames/Vid30_EM_T.png,frames/Vid30_L.png,r,1.0,10.310174699989147,5.0,10.381550499994772,,,,22.0,Male,Right handed,Normal
sub186_NB,NB,31.0,frames/Vid31_EM_T.png,frames/Vid31_L.png,l,1.0,10.3586890999577,5.0,1.2985395999858156,,,,22.0,Male,Right handed,Normal
sub186_NB,NB,32.0,frames/Vid32_EM_T.png,frames/Vid32_L.png,r,1.0,3.6895023999968544,5.0,1.681398800050374,,,,22.0,Male,Right handed,Normal
sub186_NB,NB,33.0,frames/Vid33_BB_T.png,frames/Vid33_L.png,r,1.0,12.679042699979618,5.0,2.6312625000136904,,,,22.0,Male,Right handed,Normal
sub186_NB,NB,34.0,frames/Vid34_BB_T.png,frames/Vid34_L.png,l,1.0,3.992275799973868,3.0,1.1130689999554306,,,,22.0,Male,Right handed,Normal
sub186_NB,NB,35.0,frames/Vid35_EM_T.png,frames/Vid35_L.png,r,1.0,4.1540824000258,5.0,1.147495799988974,,,,22.0,Male,Right handed,Normal
sub186_NB,NB,36.0,frames/Vid36_BB_T.png,frames/Vid36_L.png,l,1.0,4.502246499992907,5.0,1.2137996000237763,,,,22.0,Male,Right handed,Normal
sub186_NB,NB,37.0,frames/Vid37_BB_T.png,frames/Vid37_L.png,r,1.0,2.956982599978801,5.0,0.7478067000047304,,,,22.0,Male,Right handed,Normal
sub186_NB,NB,38.0,frames/Vid38_EM_T.png,frames/Vid38_L.png,r,0.0,10.316116700007116,2.0,1.4488385999575255,,,,22.0,Male,Right handed,Normal
sub186_NB,NB,39.0,frames/Vid39_BB_T.png,frames/Vid39_L.png,l,0.0,9.18549309996888,2.0,1.6654978999868035,,,,22.0,Male,Right handed,Normal
sub186_NB,NB,40.0,frames/Vid40_EM_T.png,frames/Vid40_L.png,r,1.0,5.25763680000091,5.0,0.6961287999874912,,,,22.0,Male,Right handed,Normal
sub188_NB,NB,1.0,frames/Vid1_EM_T.png,frames/Vid1_L.png,r,1.0,7.363671600003727,5.0,0.6806790999835357,,,,22.0,Male,Right handed,Normal
sub188_NB,NB,2.0,frames/Vid2_BB_T.png,frames/Vid2_L.png,l,1.0,7.46800480003003,5.0,6.815013399987947,,,,22.0,Male,Right handed,Normal
sub188_NB,NB,3.0,frames/Vid3_BB_T.png,frames/Vid3_L.png,r,1.0,3.584555199951865,5.0,1.065110800031107,,,,22.0,Male,Right handed,Normal
sub188_NB,NB,4.0,frames/Vid4_EM_T.png,frames/Vid4_L.png,l,1.0,6.994338000018615,5.0,1.3484718999825418,,,,22.0,Male,Right handed,Normal
sub188_NB,NB,5.0,frames/Vid5_EM_T.png,frames/Vid5_L.png,l,1.0,6.0111789999646135,5.0,1.2474838999914937,,,,22.0,Male,Right handed,Normal
sub188_NB,NB,6.0,frames/Vid6_BB_T.png,frames/Vid6_L.png,l,1.0,2.7702916000271216,5.0,0.7647251000162214,,,,22.0,Male,Right handed,Normal
sub188_NB,NB,7.0,frames/Vid7_EM_T.png,frames/Vid7_L.png,r,0.0,8.13406319997739,3.0,1.8652091000112705,,,,22.0,Male,Right handed,Normal
sub188_NB,NB,8.0,frames/Vid8_BB_T.png,frames/Vid8_L.png,r,1.0,4.2276500999578275,5.0,2.132141300011426,,,,22.0,Male,Right handed,Normal
sub188_NB,NB,9.0,frames/Vid9_EM_T.png,frames/Vid9_L.png,l,1.0,3.7649766000104137,5.0,0.9147547999746166,,,,22.0,Male,Right handed,Normal
sub188_NB,NB,10.0,frames/Vid10_BB_T.png,frames/Vid10_L.png,r,1.0,4.949818300025072,5.0,0.8155789999873377,,,,22.0,Male,Right handed,Normal
sub188_NB,NB,11.0,frames/Vid11_EM_T.png,frames/Vid11_L.png,l,1.0,3.519322899985127,5.0,0.5164610999636352,,,,22.0,Male,Right handed,Normal
sub188_NB,NB,12.0,frames/Vid12_EM_T.png,frames/Vid12_L.png,r,1.0,2.6457602999871597,5.0,1.013663599966094,,,,22.0,Male,Right handed,Normal
sub188_NB,NB,13.0,frames/Vid13_BB_T.png,frames/Vid13_L.png,l,1.0,11.63984050002182,1.0,2.53061290003825,,,,22.0,Male,Right handed,Normal
sub188_NB,NB,14.0,frames/Vid14_BB_T.png,frames/Vid14_L.png,r,1.0,3.957656499987934,5.0,1.5828925000387244,,,,22.0,Male,Right handed,Normal
sub188_NB,NB,15.0,frames/Vid15_BB_T.png,frames/Vid15_L.png,l,1.0,7.979716799978632,5.0,1.298002000025008,,,,22.0,Male,Right handed,Normal
sub188_NB,NB,16.0,frames/Vid16_EM_T.png,frames/Vid16_L.png,r,0.0,4.614135499985423,5.0,1.3141062000067905,,,,22.0,Male,Right handed,Normal
sub188_NB,NB,17.0,frames/Vid17_BB_T.png,frames/Vid17_L.png,l,1.0,6.805903400003444,1.0,1.5790164999780243,,,,22.0,Male,Right handed,Normal
sub188_NB,NB,18.0,frames/Vid18_EM_T.png,frames/Vid18_L.png,l,1.0,9.311777899973094,2.0,5.582641100045294,,,,22.0,Male,Right handed,Normal
sub188_NB,NB,19.0,frames/Vid19_BB_T.png,frames/Vid19_L.png,l,0.0,8.243878300010692,3.0,1.397427499992773,,,,22.0,Male,Right handed,Normal
sub188_NB,NB,20.0,frames/Vid20_EM_T.png,frames/Vid20_L.png,r,1.0,4.203288699965924,5.0,0.6310181000153534,,,,22.0,Male,Right handed,Normal
sub188_NB,NB,21.0,frames/Vid21_BB_T.png,frames/Vid21_L.png,l,1.0,4.154275799985044,5.0,1.5832574000232853,,,,22.0,Male,Right handed,Normal
sub188_NB,NB,22.0,frames/Vid22_EM_T.png,frames/Vid22_L.png,l,1.0,2.180316000012681,5.0,0.6985684999963269,,,,22.0,Male,Right handed,Normal
sub188_NB,NB,23.0,frames/Vid23_EM_T.png,frames/Vid23_L.png,r,1.0,16.494415699969977,1.0,1.6987399000208825,,,,22.0,Male,Right handed,Normal
sub188_NB,NB,24.0,frames/Vid24_BB_T.png,frames/Vid24_L.png,l,1.0,3.082154800009448,5.0,0.5652558000292629,,,,22.0,Male,Right handed,Normal
sub188_NB,NB,25.0,frames/Vid25_BB_T.png,frames/Vid25_L.png,l,0.0,7.913037999998778,5.0,0.8618582999915816,,,,22.0,Male,Right handed,Normal
sub188_NB,NB,26.0,frames/Vid26_EM_T.png,frames/Vid26_L.png,r,1.0,3.9246607999666594,5.0,0.6822247999953106,,,,22.0,Male,Right handed,Normal
sub188_NB,NB,27.0,frames/Vid27_BB_T.png,frames/Vid27_L.png,l,1.0,6.379551599966362,5.0,0.6644875000347383,,,,22.0,Male,Right handed,Normal
sub188_NB,NB,28.0,frames/Vid28_EM_T.png,frames/Vid28_L.png,r,1.0,4.275398099969607,5.0,0.8810869999579154,,,,22.0,Male,Right handed,Normal
sub188_NB,NB,29.0,frames/Vid29_BB_T.png,frames/Vid29_L.png,l,1.0,7.158193499955814,4.0,1.482378399989102,,,,22.0,Male,Right handed,Normal
sub188_NB,NB,30.0,frames/Vid30_EM_T.png,frames/Vid30_L.png,r,1.0,5.39761590003036,5.0,1.5483731999993324,,,,22.0,Male,Right handed,Normal
sub188_NB,NB,31.0,frames/Vid31_EM_T.png,frames/Vid31_L.png,r,1.0,3.698041399999056,5.0,1.349355599959381,,,,22.0,Male,Right handed,Normal
sub188_NB,NB,32.0,frames/Vid32_EM_T.png,frames/Vid32_L.png,r,1.0,4.417014799953904,3.0,2.079157900006976,,,,22.0,Male,Right handed,Normal
sub188_NB,NB,33.0,frames/Vid33_BB_T.png,frames/Vid33_L.png,l,1.0,3.3025153999915347,5.0,1.2976765999919735,,,,22.0,Male,Right handed,Normal
sub188_NB,NB,34.0,frames/Vid34_BB_T.png,frames/Vid34_L.png,l,1.0,5.354560400010087,5.0,1.7492205000016838,,,,22.0,Male,Right handed,Normal
sub188_NB,NB,35.0,frames/Vid35_EM_T.png,frames/Vid35_L.png,r,1.0,7.091607499984093,5.0,0.9816646999679506,,,,22.0,Male,Right handed,Normal
sub188_NB,NB,36.0,frames/Vid36_BB_T.png,frames/Vid36_L.png,r,1.0,3.5794120999635197,5.0,0.6138056000345387,,,,22.0,Male,Right handed,Normal
sub188_NB,NB,37.0,frames/Vid37_BB_T.png,frames/Vid37_L.png,r,1.0,5.306690400000662,5.0,1.3483920999569818,,,,22.0,Male,Right handed,Normal
sub188_NB,NB,38.0,frames/Vid38_EM_T.png,frames/Vid38_L.png,r,1.0,6.196933900006115,5.0,1.8322951999725776,,,,22.0,Male,Right handed,Normal
sub188_NB,NB,39.0,frames/Vid39_BB_T.png,frames/Vid39_L.png,l,1.0,4.04398100002436,4.0,1.348748099990189,,,,22.0,Male,Right handed,Normal
sub188_NB,NB,40.0,frames/Vid40_EM_T.png,frames/Vid40_L.png,l,1.0,8.30289700004505,5.0,2.282187700038776,,,,22.0,Male,Right handed,Normal
sub18_NB,NB,1.0,frames/Vid1_EM_T.png,frames/Vid1_L.png,l,1.0,2.7542937000107486,5.0,0.8319530000153463,,,,20.0,Female,Right handed,Normal
sub18_NB,NB,2.0,frames/Vid2_BB_T.png,frames/Vid2_L.png,l,1.0,3.973440000001574,5.0,1.1642510000092443,,,,20.0,Female,Right handed,Normal
sub18_NB,NB,3.0,frames/Vid3_BB_T.png,frames/Vid3_L.png,l,1.0,2.937801500025671,5.0,2.81450209999457,,,,20.0,Female,Right handed,Normal
sub18_NB,NB,4.0,frames/Vid4_EM_T.png,frames/Vid4_L.png,r,1.0,3.706195600010687,5.0,1.0478665999835357,,,,20.0,Female,Right handed,Normal
sub18_NB,NB,5.0,frames/Vid5_EM_T.png,frames/Vid5_L.png,r,1.0,3.5554887000180315,4.0,0.8158503000158817,,,,20.0,Female,Right handed,Normal
sub18_NB,NB,6.0,frames/Vid6_BB_T.png,frames/Vid6_L.png,l,1.0,3.620375099999365,5.0,1.2974424999847542,,,,20.0,Female,Right handed,Normal
sub18_NB,NB,7.0,frames/Vid7_EM_T.png,frames/Vid7_L.png,r,1.0,3.565576599998167,4.0,1.081537300022319,,,,20.0,Female,Right handed,Normal
sub18_NB,NB,8.0,frames/Vid8_BB_T.png,frames/Vid8_L.png,r,1.0,3.5191295000258833,5.0,1.3640822999877855,,,,20.0,Female,Right handed,Normal
sub18_NB,NB,9.0,frames/Vid9_EM_T.png,frames/Vid9_L.png,l,1.0,3.1607004999823403,4.0,0.9650997999997344,,,,20.0,Female,Right handed,Normal
sub18_NB,NB,10.0,frames/Vid10_BB_T.png,frames/Vid10_L.png,r,1.0,3.261946499987971,5.0,1.1812910999869928,,,,20.0,Female,Right handed,Normal
sub18_NB,NB,11.0,frames/Vid11_EM_T.png,frames/Vid11_L.png,l,1.0,2.469358000002103,1.0,1.2474097000085749,,,,20.0,Female,Right handed,Normal
sub18_NB,NB,12.0,frames/Vid12_EM_T.png,frames/Vid12_L.png,r,1.0,3.772479499981273,5.0,1.047201599983964,,,,20.0,Female,Right handed,Normal
sub18_NB,NB,13.0,frames/Vid13_BB_T.png,frames/Vid13_L.png,l,1.0,6.3188915999780875,4.0,0.8979175999993458,,,,20.0,Female,Right handed,Normal
sub18_NB,NB,14.0,frames/Vid14_BB_T.png,frames/Vid14_L.png,r,1.0,3.378671599988593,4.0,1.2959660000051372,,,,20.0,Female,Right handed,Normal
sub18_NB,NB,15.0,frames/Vid15_BB_T.png,frames/Vid15_L.png,r,1.0,4.00364169999375,5.0,1.0810450999997556,,,,20.0,Female,Right handed,Normal
sub18_NB,NB,16.0,frames/Vid16_EM_T.png,frames/Vid16_L.png,r,1.0,7.991670100018382,1.0,2.5818392999935895,,,,20.0,Female,Right handed,Normal
sub18_NB,NB,17.0,frames/Vid17_BB_T.png,frames/Vid17_L.png,l,1.0,2.513746300013736,5.0,0.948078399989754,,,,20.0,Female,Right handed,Normal
sub18_NB,NB,18.0,frames/Vid18_EM_T.png,frames/Vid18_L.png,l,1.0,3.0531693999946583,5.0,1.331894500006456,,,,20.0,Female,Right handed,Normal
sub18_NB,NB,19.0,frames/Vid19_BB_T.png,frames/Vid19_L.png,l,1.0,10.96554279999691,2.0,7.431899899995187,,,,20.0,Female,Right handed,Normal
sub18_NB,NB,20.0,frames/Vid20_EM_T.png,frames/Vid20_L.png,l,1.0,4.5522982999973465,3.0,1.2331009000190534,,,,20.0,Female,Right handed,Normal
sub18_NB,NB,21.0,frames/Vid21_BB_T.png,frames/Vid21_L.png,r,1.0,4.7304638999921735,4.0,1.499207100016065,,,,20.0,Female,Right handed,Normal
sub18_NB,NB,22.0,frames/Vid22_EM_T.png,frames/Vid22_L.png,r,1.0,3.2202740000211634,5.0,0.965573299996322,,,,20.0,Female,Right handed,Normal
sub18_NB,NB,23.0,frames/Vid23_EM_T.png,frames/Vid23_L.png,l,1.0,2.5909010999894235,3.0,1.215632800012827,,,,20.0,Female,Right handed,Normal
sub18_NB,NB,24.0,frames/Vid24_BB_T.png,frames/Vid24_L.png,l,1.0,2.0176804999937303,5.0,0.8636232000135351,,,,20.0,Female,Right handed,Normal
sub18_NB,NB,25.0,frames/Vid25_BB_T.png,frames/Vid25_L.png,l,1.0,7.412119800021173,5.0,0.8301471000013407,,,,20.0,Female,Right handed,Normal
sub18_NB,NB,26.0,frames/Vid26_EM_T.png,frames/Vid26_L.png,r,1.0,4.526573700015433,4.0,1.3650197999959346,,,,20.0,Female,Right handed,Normal
sub18_NB,NB,27.0,frames/Vid27_BB_T.png,frames/Vid27_L.png,l,1.0,2.966674700001022,4.0,0.9472856000065804,,,,20.0,Female,Right handed,Normal
sub18_NB,NB,28.0,frames/Vid28_EM_T.png,frames/Vid28_L.png,l,1.0,2.184095400007209,5.0,1.5640585999935863,,,,20.0,Female,Right handed,Normal
sub18_NB,NB,29.0,frames/Vid29_BB_T.png,frames/Vid29_L.png,l,1.0,3.3527877000160515,1.0,0.7980310000129975,,,,20.0,Female,Right handed,Normal
sub18_NB,NB,30.0,frames/Vid30_EM_T.png,frames/Vid30_L.png,l,1.0,6.827285900013521,4.0,4.314299199992092,,,,20.0,Female,Right handed,Normal
sub18_NB,NB,31.0,frames/Vid31_EM_T.png,frames/Vid31_L.png,l,1.0,2.0469219000078738,5.0,1.0309554999985266,,,,20.0,Female,Right handed,Normal
sub18_NB,NB,32.0,frames/Vid32_EM_T.png,frames/Vid32_L.png,r,1.0,3.658204100007424,5.0,0.9654878000146708,,,,20.0,Female,Right handed,Normal
sub18_NB,NB,33.0,frames/Vid33_BB_T.png,frames/Vid33_L.png,l,1.0,4.017884100001538,5.0,2.1811059000028763,,,,20.0,Female,Right handed,Normal
sub18_NB,NB,34.0,frames/Vid34_BB_T.png,frames/Vid34_L.png,l,1.0,4.4844106000091415,5.0,1.5968947999936065,,,,20.0,Female,Right handed,Normal
sub18_NB,NB,35.0,frames/Vid35_EM_T.png,frames/Vid35_L.png,l,1.0,2.1681107000040356,5.0,0.7316624999803025,,,,20.0,Female,Right handed,Normal
sub18_NB,NB,36.0,frames/Vid36_BB_T.png,frames/Vid36_L.png,r,0.0,10.162235999974657,1.0,1.3473869000154082,,,,20.0,Female,Right handed,Normal
sub18_NB,NB,37.0,frames/Vid37_BB_T.png,frames/Vid37_L.png,r,1.0,2.705475300026592,5.0,0.9639012000116054,,,,20.0,Female,Right handed,Normal
sub18_NB,NB,38.0,frames/Vid38_EM_T.png,frames/Vid38_L.png,r,1.0,4.096203599998262,4.0,0.8323499000107404,,,,20.0,Female,Right handed,Normal
sub18_NB,NB,39.0,frames/Vid39_BB_T.png,frames/Vid39_L.png,l,0.0,4.83246780000627,3.0,1.547791499993764,,,,20.0,Female,Right handed,Normal
sub18_NB,NB,40.0,frames/Vid40_EM_T.png,frames/Vid40_L.png,l,1.0,3.004899599996861,5.0,1.0807365000073332,,,,20.0,Female,Right handed,Normal
sub19_NB,NB,1.0,frames/Vid1_EM_T.png,frames/Vid1_L.png,r,0.0,3.244788299999982,5.0,0.9314507999999933,,,,22.0,Male,Right handed,Normal
sub19_NB,NB,2.0,frames/Vid2_BB_T.png,frames/Vid2_L.png,r,1.0,3.178867999999966,5.0,0.9479589000000032,,,,22.0,Male,Right handed,Normal
sub19_NB,NB,3.0,frames/Vid3_BB_T.png,frames/Vid3_L.png,l,1.0,4.5630175000001145,5.0,1.5304776000000402,,,,22.0,Male,Right handed,Normal
sub19_NB,NB,4.0,frames/Vid4_EM_T.png,frames/Vid4_L.png,l,0.0,2.039630200000147,5.0,1.379712100000006,,,,22.0,Male,Right handed,Normal
sub19_NB,NB,5.0,frames/Vid5_EM_T.png,frames/Vid5_L.png,r,0.0,7.551048000000037,3.0,1.9143907000000129,,,,22.0,Male,Right handed,Normal
sub19_NB,NB,6.0,frames/Vid6_BB_T.png,frames/Vid6_L.png,l,1.0,5.795856699999831,5.0,1.8320243999999093,,,,22.0,Male,Right handed,Normal
sub19_NB,NB,7.0,frames/Vid7_EM_T.png,frames/Vid7_L.png,l,1.0,3.6081380000000536,5.0,1.4651374000000033,,,,22.0,Male,Right handed,Normal
sub19_NB,NB,8.0,frames/Vid8_BB_T.png,frames/Vid8_L.png,r,1.0,5.039431499999864,5.0,1.2306120000000649,,,,22.0,Male,Right handed,Normal
sub19_NB,NB,9.0,frames/Vid9_EM_T.png,frames/Vid9_L.png,l,1.0,2.4280195999999705,4.0,0.9972868999998354,,,,22.0,Male,Right handed,Normal
sub19_NB,NB,10.0,frames/Vid10_BB_T.png,frames/Vid10_L.png,r,1.0,1.8106345999999576,5.0,0.380712399999993,,,,22.0,Male,Right handed,Normal
sub19_NB,NB,11.0,frames/Vid11_EM_T.png,frames/Vid11_L.png,l,1.0,2.131275100000039,5.0,1.0314410999999382,,,,22.0,Male,Right handed,Normal
sub19_NB,NB,12.0,frames/Vid12_EM_T.png,frames/Vid12_L.png,l,1.0,3.4722518999999465,5.0,1.4981233999999404,,,,22.0,Male,Right handed,Normal
sub19_NB,NB,13.0,frames/Vid13_BB_T.png,frames/Vid13_L.png,l,1.0,3.6977081,5.0,1.7503884999998718,,,,22.0,Male,Right handed,Normal
sub19_NB,NB,14.0,frames/Vid14_BB_T.png,frames/Vid14_L.png,l,1.0,4.7355402000000595,4.0,1.4811945000001288,,,,22.0,Male,Right handed,Normal
sub19_NB,NB,15.0,frames/Vid15_BB_T.png,frames/Vid15_L.png,l,1.0,4.152469800000063,5.0,1.9489733000000344,,,,22.0,Male,Right handed,Normal
sub19_NB,NB,16.0,frames/Vid16_EM_T.png,frames/Vid16_L.png,r,1.0,2.435375699999895,5.0,0.3800871999999344,,,,22.0,Male,Right handed,Normal
sub19_NB,NB,17.0,frames/Vid17_BB_T.png,frames/Vid17_L.png,r,1.0,3.5518193000000338,5.0,1.313370900000109,,,,22.0,Male,Right handed,Normal
sub19_NB,NB,18.0,frames/Vid18_EM_T.png,frames/Vid18_L.png,r,1.0,2.3681821999998647,5.0,0.949288900000056,,,,22.0,Male,Right handed,Normal
sub19_NB,NB,19.0,frames/Vid19_BB_T.png,frames/Vid19_L.png,l,1.0,6.1065137000000504,3.0,1.6311754999999266,,,,22.0,Male,Right handed,Normal
sub19_NB,NB,20.0,frames/Vid20_EM_T.png,frames/Vid20_L.png,r,1.0,2.0336565000000064,5.0,0.9639417999999296,,,,22.0,Male,Right handed,Normal
sub19_NB,NB,21.0,frames/Vid21_BB_T.png,frames/Vid21_L.png,r,1.0,2.1856390000000374,5.0,0.6975052000000233,,,,22.0,Male,Right handed,Normal
sub19_NB,NB,22.0,frames/Vid22_EM_T.png,frames/Vid22_L.png,l,1.0,3.0278764000001956,5.0,1.497865900000079,,,,22.0,Male,Right handed,Normal
sub19_NB,NB,23.0,frames/Vid23_EM_T.png,frames/Vid23_L.png,l,1.0,1.977884099999983,5.0,0.6303477000001294,,,,22.0,Male,Right handed,Normal
sub19_NB,NB,24.0,frames/Vid24_BB_T.png,frames/Vid24_L.png,r,1.0,3.4261175999999978,5.0,1.3320654999999988,,,,22.0,Male,Right handed,Normal
sub19_NB,NB,25.0,frames/Vid25_BB_T.png,frames/Vid25_L.png,l,1.0,3.09551650000003,5.0,2.6824945999999272,,,,22.0,Male,Right handed,Normal
sub19_NB,NB,26.0,frames/Vid26_EM_T.png,frames/Vid26_L.png,r,1.0,3.5342243000000053,5.0,1.2800929999998516,,,,22.0,Male,Right handed,Normal
sub19_NB,NB,27.0,frames/Vid27_BB_T.png,frames/Vid27_L.png,l,1.0,5.785100300000067,5.0,0.8140376000001197,,,,22.0,Male,Right handed,Normal
sub19_NB,NB,28.0,frames/Vid28_EM_T.png,frames/Vid28_L.png,l,1.0,2.130190099999936,5.0,0.5639598999998725,,,,22.0,Male,Right handed,Normal
sub19_NB,NB,29.0,frames/Vid29_BB_T.png,frames/Vid29_L.png,r,1.0,3.6137555999998767,5.0,0.8468153999999686,,,,22.0,Male,Right handed,Normal
sub19_NB,NB,30.0,frames/Vid30_EM_T.png,frames/Vid30_L.png,r,1.0,3.380175999999892,5.0,1.247387500000059,,,,22.0,Male,Right handed,Normal
sub19_NB,NB,31.0,frames/Vid31_EM_T.png,frames/Vid31_L.png,r,1.0,2.3174251999998887,5.0,0.6641035999998621,,,,22.0,Male,Right handed,Normal
sub19_NB,NB,32.0,frames/Vid32_EM_T.png,frames/Vid32_L.png,r,1.0,2.149821299999985,5.0,0.46249059999991,,,,22.0,Male,Right handed,Normal
sub19_NB,NB,33.0,frames/Vid33_BB_T.png,frames/Vid33_L.png,l,1.0,3.5606047000001126,5.0,1.3490666000000149,,,,22.0,Male,Right handed,Normal
sub19_NB,NB,34.0,frames/Vid34_BB_T.png,frames/Vid34_L.png,r,1.0,4.9413807999999335,5.0,1.1804199999999128,,,,22.0,Male,Right handed,Normal
sub19_NB,NB,35.0,frames/Vid35_EM_T.png,frames/Vid35_L.png,r,1.0,2.055185700000038,5.0,0.7975028000000748,,,,22.0,Male,Right handed,Normal
sub19_NB,NB,36.0,frames/Vid36_BB_T.png,frames/Vid36_L.png,l,1.0,5.355671399999892,5.0,1.9478597999998328,,,,22.0,Male,Right handed,Normal
sub19_NB,NB,37.0,frames/Vid37_BB_T.png,frames/Vid37_L.png,r,1.0,2.5124287999999524,5.0,0.697218600000042,,,,22.0,Male,Right handed,Normal
sub19_NB,NB,38.0,frames/Vid38_EM_T.png,frames/Vid38_L.png,r,1.0,6.309381499999972,5.0,0.629217300000164,,,,22.0,Male,Right handed,Normal
sub19_NB,NB,39.0,frames/Vid39_BB_T.png,frames/Vid39_L.png,l,1.0,6.500275399999964,5.0,0.6153132999997979,,,,22.0,Male,Right handed,Normal
sub19_NB,NB,40.0,frames/Vid40_EM_T.png,frames/Vid40_L.png,l,1.0,2.691353100000015,5.0,1.1168448999999327,,,,22.0,Male,Right handed,Normal
sub21_NB,NB,1.0,frames/Vid1_EM_T.png,frames/Vid1_L.png,r,1.0,6.63270539999985,5.0,1.6478400000000877,,,,22.0,Male,Right handed,Normal
sub21_NB,NB,2.0,frames/Vid2_BB_T.png,frames/Vid2_L.png,r,1.0,6.287705800000367,4.0,1.6794684999999845,,,,22.0,Male,Right handed,Normal
sub21_NB,NB,3.0,frames/Vid3_BB_T.png,frames/Vid3_L.png,l,1.0,13.2479558,4.0,1.88089889999992,,,,22.0,Male,Right handed,Normal
sub21_NB,NB,4.0,frames/Vid4_EM_T.png,frames/Vid4_L.png,r,1.0,9.798810900000262,4.0,1.4644781000001783,,,,22.0,Male,Right handed,Normal
sub21_NB,NB,5.0,frames/Vid5_EM_T.png,frames/Vid5_L.png,l,1.0,8.047120699999596,3.0,2.380987600000026,,,,22.0,Male,Right handed,Normal
sub21_NB,NB,6.0,frames/Vid6_BB_T.png,frames/Vid6_L.png,r,1.0,10.8315748,5.0,1.6476870999999846,,,,22.0,Male,Right handed,Normal
sub21_NB,NB,7.0,frames/Vid7_EM_T.png,frames/Vid7_L.png,r,1.0,5.205740999999762,5.0,1.164194800000132,,,,22.0,Male,Right handed,Normal
sub21_NB,NB,8.0,frames/Vid8_BB_T.png,frames/Vid8_L.png,l,1.0,8.91693320000013,3.0,2.2306671999999708,,,,22.0,Male,Right handed,Normal
sub21_NB,NB,9.0,frames/Vid9_EM_T.png,frames/Vid9_L.png,r,1.0,5.264026299999841,5.0,1.8486747000001744,,,,22.0,Male,Right handed,Normal
sub21_NB,NB,10.0,frames/Vid10_BB_T.png,frames/Vid10_L.png,l,0.0,5.3478228999997555,1.0,3.1803749999999127,,,,22.0,Male,Right handed,Normal
sub21_NB,NB,11.0,frames/Vid11_EM_T.png,frames/Vid11_L.png,l,1.0,2.674359600000116,5.0,0.8651694999998654,,,,22.0,Male,Right handed,Normal
sub21_NB,NB,12.0,frames/Vid12_EM_T.png,frames/Vid12_L.png,l,1.0,14.06245799999988,4.0,7.965499100000216,,,,22.0,Male,Right handed,Normal
sub21_NB,NB,13.0,frames/Vid13_BB_T.png,frames/Vid13_L.png,r,1.0,5.491494200000034,2.0,1.9482330999999249,,,,22.0,Male,Right handed,Normal
sub21_NB,NB,14.0,frames/Vid14_BB_T.png,frames/Vid14_L.png,l,1.0,6.56244820000029,5.0,1.0645736999999826,,,,22.0,Male,Right handed,Normal
sub21_NB,NB,15.0,frames/Vid15_BB_T.png,frames/Vid15_L.png,r,1.0,5.8478109000002405,3.0,1.5797722000002068,,,,22.0,Male,Right handed,Normal
sub21_NB,NB,16.0,frames/Vid16_EM_T.png,frames/Vid16_L.png,l,1.0,8.861248799999885,4.0,1.3490419000004297,,,,22.0,Male,Right handed,Normal
sub21_NB,NB,17.0,frames/Vid17_BB_T.png,frames/Vid17_L.png,r,1.0,7.776796600000125,5.0,1.531467799999973,,,,22.0,Male,Right handed,Normal
sub21_NB,NB,18.0,frames/Vid18_EM_T.png,frames/Vid18_L.png,r,1.0,3.5147828000003756,2.0,2.3479355000004034,,,,22.0,Male,Right handed,Normal
sub21_NB,NB,19.0,frames/Vid19_BB_T.png,frames/Vid19_L.png,r,1.0,7.208732200000213,3.0,1.547630300000037,,,,22.0,Male,Right handed,Normal
sub21_NB,NB,20.0,frames/Vid20_EM_T.png,frames/Vid20_L.png,r,1.0,5.135503399999834,5.0,1.4474236999999448,,,,22.0,Male,Right handed,Normal
sub21_NB,NB,21.0,frames/Vid21_BB_T.png,frames/Vid21_L.png,l,1.0,6.3030650999999125,5.0,1.1639763000002858,,,,22.0,Male,Right handed,Normal
sub21_NB,NB,22.0,frames/Vid22_EM_T.png,frames/Vid22_L.png,l,1.0,3.829456100000243,5.0,1.647355599999628,,,,22.0,Male,Right handed,Normal
sub21_NB,NB,23.0,frames/Vid23_EM_T.png,frames/Vid23_L.png,r,1.0,6.559211900000264,3.0,2.615727800000059,,,,22.0,Male,Right handed,Normal
sub21_NB,NB,24.0,frames/Vid24_BB_T.png,frames/Vid24_L.png,l,1.0,9.710583500000212,2.0,1.864045399999668,,,,22.0,Male,Right handed,Normal
sub21_NB,NB,25.0,frames/Vid25_BB_T.png,frames/Vid25_L.png,r,1.0,9.077305899999828,3.0,1.38016959999959,,,,22.0,Male,Right handed,Normal
sub21_NB,NB,26.0,frames/Vid26_EM_T.png,frames/Vid26_L.png,r,0.0,4.951298299999962,3.0,1.2984083999999712,,,,22.0,Male,Right handed,Normal
sub21_NB,NB,27.0,frames/Vid27_BB_T.png,frames/Vid27_L.png,l,0.0,9.453267300000334,2.0,2.298331099999814,,,,22.0,Male,Right handed,Normal
sub21_NB,NB,28.0,frames/Vid28_EM_T.png,frames/Vid28_L.png,l,1.0,5.349000100000012,5.0,1.2312449999999444,,,,22.0,Male,Right handed,Normal
sub21_NB,NB,29.0,frames/Vid29_BB_T.png,frames/Vid29_L.png,l,1.0,4.237872400000015,3.0,1.464823400000114,,,,22.0,Male,Right handed,Normal
sub21_NB,NB,30.0,frames/Vid30_EM_T.png,frames/Vid30_L.png,r,0.0,5.025389900000391,4.0,1.7463090000001102,,,,22.0,Male,Right handed,Normal
sub21_NB,NB,31.0,frames/Vid31_EM_T.png,frames/Vid31_L.png,l,1.0,3.703892399999859,5.0,0.9970055000003412,,,,22.0,Male,Right handed,Normal
sub21_NB,NB,32.0,frames/Vid32_EM_T.png,frames/Vid32_L.png,l,1.0,3.27102960000002,5.0,1.7982607999997526,,,,22.0,Male,Right handed,Normal
sub21_NB,NB,33.0,frames/Vid33_BB_T.png,frames/Vid33_L.png,l,1.0,6.950556100000085,4.0,2.7817760000002636,,,,22.0,Male,Right handed,Normal
sub21_NB,NB,34.0,frames/Vid34_BB_T.png,frames/Vid34_L.png,l,1.0,8.008936200000335,3.0,1.1659328000000642,,,,22.0,Male,Right handed,Normal
sub21_NB,NB,35.0,frames/Vid35_EM_T.png,frames/Vid35_L.png,r,1.0,6.107800999999654,5.0,1.7313970000000154,,,,22.0,Male,Right handed,Normal
sub21_NB,NB,36.0,frames/Vid36_BB_T.png,frames/Vid36_L.png,r,1.0,8.881466299999829,4.0,1.8294144000001324,,,,22.0,Male,Right handed,Normal
sub21_NB,NB,37.0,frames/Vid37_BB_T.png,frames/Vid37_L.png,l,1.0,4.5860867999999755,5.0,1.163549100000182,,,,22.0,Male,Right handed,Normal
sub21_NB,NB,38.0,frames/Vid38_EM_T.png,frames/Vid38_L.png,r,1.0,9.603836400000093,4.0,1.479994300000271,,,,22.0,Male,Right handed,Normal
sub21_NB,NB,39.0,frames/Vid39_BB_T.png,frames/Vid39_L.png,l,1.0,10.375298599999953,5.0,1.3141433999999208,,,,22.0,Male,Right handed,Normal
sub21_NB,NB,40.0,frames/Vid40_EM_T.png,frames/Vid40_L.png,r,0.0,8.816867900000034,3.0,1.114346399999704,,,,22.0,Male,Right handed,Normal
sub228_AB,AB,1.0,frames/Vid1_EM_T.png,frames/Vid1_L.png,l,1.0,2.008740100005525,5.0,1.0463535000017146,,,,22.0,Male,Right handed,Normal
sub228_AB,AB,2.0,frames/Vid2_BB_T.png,frames/Vid2_L.png,l,0.0,3.136807399991085,3.0,1.0146347999980208,,,,22.0,Male,Right handed,Normal
sub228_AB,AB,3.0,frames/Vid3_BB_T.png,frames/Vid3_L.png,l,1.0,2.6011277999932645,5.0,1.031451400005608,,,,22.0,Male,Right handed,Normal
sub228_AB,AB,4.0,frames/Vid4_EM_T.png,frames/Vid4_L.png,l,1.0,3.1586881000112044,5.0,0.7843547999946168,,,,22.0,Male,Right handed,Normal
sub228_AB,AB,5.0,frames/Vid5_EM_T.png,frames/Vid5_L.png,r,0.0,12.923806499995408,4.0,1.6490454000013417,,,,22.0,Male,Right handed,Normal
sub228_AB,AB,6.0,frames/Vid6_BB_T.png,frames/Vid6_L.png,l,0.0,6.163229899990256,3.0,1.08219659999304,,,,22.0,Male,Right handed,Normal
sub228_AB,AB,7.0,frames/Vid7_EM_T.png,frames/Vid7_L.png,r,0.0,4.263386000005994,3.0,1.431179000006523,,,,22.0,Male,Right handed,Normal
sub228_AB,AB,8.0,frames/Vid8_BB_T.png,frames/Vid8_L.png,r,0.0,3.5825073000014527,5.0,0.9808232000068527,,,,22.0,Male,Right handed,Normal
sub228_AB,AB,9.0,frames/Vid9_EM_T.png,frames/Vid9_L.png,l,1.0,2.583546000008937,5.0,0.9997196000040276,,,,22.0,Male,Right handed,Normal
sub228_AB,AB,10.0,frames/Vid10_BB_T.png,frames/Vid10_L.png,l,1.0,11.75240140000824,3.0,3.8486569999950007,,,,22.0,Male,Right handed,Normal
sub228_AB,AB,11.0,frames/Vid11_EM_T.png,frames/Vid11_L.png,l,0.0,16.914528999986942,4.0,1.5792493000044487,,,,22.0,Male,Right handed,Normal
sub228_AB,AB,12.0,frames/Vid12_EM_T.png,frames/Vid12_L.png,r,1.0,4.336891300001298,5.0,1.1301805999974022,,,,22.0,Male,Right handed,Normal
sub228_AB,AB,13.0,frames/Vid13_BB_T.png,frames/Vid13_L.png,l,1.0,5.157499499997357,5.0,1.0824220000067726,,,,22.0,Male,Right handed,Normal
sub228_AB,AB,14.0,frames/Vid14_BB_T.png,frames/Vid14_L.png,l,1.0,3.94060129999707,5.0,0.9475552999938373,,,,22.0,Male,Right handed,Normal
sub228_AB,AB,15.0,frames/Vid15_BB_T.png,frames/Vid15_L.png,r,0.0,7.3613771999953315,1.0,1.3159965000086231,,,,22.0,Male,Right handed,Normal
sub228_AB,AB,16.0,frames/Vid16_EM_T.png,frames/Vid16_L.png,r,1.0,3.8313628000032622,4.0,1.4822151999978814,,,,22.0,Male,Right handed,Normal
sub228_AB,AB,17.0,frames/Vid17_BB_T.png,frames/Vid17_L.png,l,0.0,13.013278899990835,4.0,0.8638614999945275,,,,22.0,Male,Right handed,Normal
sub228_AB,AB,18.0,frames/Vid18_EM_T.png,frames/Vid18_L.png,r,0.0,4.931500000006054,5.0,1.4822397000098135,,,,22.0,Male,Right handed,Normal
sub228_AB,AB,19.0,frames/Vid19_BB_T.png,frames/Vid19_L.png,r,1.0,3.712932900001761,4.0,0.9142050000082236,,,,22.0,Male,Right handed,Normal
sub228_AB,AB,20.0,frames/Vid20_EM_T.png,frames/Vid20_L.png,r,0.0,7.136303499995847,3.0,2.5992659000039566,,,,22.0,Male,Right handed,Normal
sub228_AB,AB,21.0,frames/Vid21_BB_T.png,frames/Vid21_L.png,r,0.0,4.083599300007336,5.0,0.880477200000314,,,,22.0,Male,Right handed,Normal
sub228_AB,AB,22.0,frames/Vid22_EM_T.png,frames/Vid22_L.png,l,1.0,4.660127000010107,5.0,1.3826599000021815,,,,22.0,Male,Right handed,Normal
sub228_AB,AB,23.0,frames/Vid23_EM_T.png,frames/Vid23_L.png,l,1.0,5.7458313000097405,4.0,2.8634407999925315,,,,22.0,Male,Right handed,Normal
sub228_AB,AB,24.0,frames/Vid24_BB_T.png,frames/Vid24_L.png,l,1.0,3.2208527000038885,5.0,1.3517241000081412,,,,22.0,Male,Right handed,Normal
sub228_AB,AB,25.0,frames/Vid25_BB_T.png,frames/Vid25_L.png,r,0.0,9.007689199992456,4.0,1.3151654999965103,,,,22.0,Male,Right handed,Normal
sub228_AB,AB,26.0,frames/Vid26_EM_T.png,frames/Vid26_L.png,l,1.0,2.8549927999993088,5.0,0.965122599998722,,,,22.0,Male,Right handed,Normal
sub228_AB,AB,27.0,frames/Vid27_BB_T.png,frames/Vid27_L.png,l,1.0,2.494388199993409,5.0,1.148713599992334,,,,22.0,Male,Right handed,Normal
sub228_AB,AB,28.0,frames/Vid28_EM_T.png,frames/Vid28_L.png,l,1.0,19.38576849999663,4.0,1.2151180999935605,,,,22.0,Male,Right handed,Normal
sub228_AB,AB,29.0,frames/Vid29_BB_T.png,frames/Vid29_L.png,l,0.0,11.343477699992944,2.0,1.9617386999889277,,,,22.0,Male,Right handed,Normal
sub228_AB,AB,30.0,frames/Vid30_EM_T.png,frames/Vid30_L.png,l,1.0,5.47136579999642,5.0,0.9311239999951796,,,,22.0,Male,Right handed,Normal
sub228_AB,AB,31.0,frames/Vid31_EM_T.png,frames/Vid31_L.png,r,1.0,6.655102999997325,5.0,6.463863600001787,,,,22.0,Male,Right handed,Normal
sub228_AB,AB,32.0,frames/Vid32_EM_T.png,frames/Vid32_L.png,l,1.0,3.3151241000014124,5.0,1.2313771999906749,,,,22.0,Male,Right handed,Normal
sub228_AB,AB,33.0,frames/Vid33_BB_T.png,frames/Vid33_L.png,l,1.0,3.358883099994273,5.0,1.2654374999983702,,,,22.0,Male,Right handed,Normal
sub228_AB,AB,34.0,frames/Vid34_BB_T.png,frames/Vid34_L.png,l,0.0,2.923643699992681,5.0,1.1325644000025932,,,,22.0,Male,Right handed,Normal
sub228_AB,AB,35.0,frames/Vid35_EM_T.png,frames/Vid35_L.png,l,1.0,4.910896100001992,5.0,1.030617099997471,,,,22.0,Male,Right handed,Normal
sub228_AB,AB,36.0,frames/Vid36_BB_T.png,frames/Vid36_L.png,l,0.0,4.033394400001271,4.0,0.9656343999959064,,,,22.0,Male,Right handed,Normal
sub228_AB,AB,37.0,frames/Vid37_BB_T.png,frames/Vid37_L.png,r,1.0,2.294415399999707,5.0,1.0825153999903705,,,,22.0,Male,Right handed,Normal
sub228_AB,AB,38.0,frames/Vid38_EM_T.png,frames/Vid38_L.png,r,1.0,4.7252341999992495,4.0,1.5802933999948436,,,,22.0,Male,Right handed,Normal
sub228_AB,AB,39.0,frames/Vid39_BB_T.png,frames/Vid39_L.png,r,0.0,5.1568470999918645,3.0,0.8978520999953616,,,,22.0,Male,Right handed,Normal
sub228_AB,AB,40.0,frames/Vid40_EM_T.png,frames/Vid40_L.png,l,1.0,3.3440009000041755,5.0,1.3320314000011422,,,,22.0,Male,Right handed,Normal
sub22_NB,NB,1.0,frames/Vid1_EM_T.png,frames/Vid1_L.png,l,1.0,5.583641900000657,5.0,2.0802481999999145,,,,25.0,Female,Right handed,Normal
sub22_NB,NB,1.0,frames/Vid1_EM_T.png,frames/Vid1_L.png,r,1.0,12.762282599999708,4.0,1.8644367999995664,,,,25.0,Female,Right handed,Normal
sub22_NB,NB,2.0,frames/Vid2_BB_T.png,frames/Vid2_L.png,l,1.0,5.343263199998546,5.0,2.98283629999969,,,,25.0,Female,Right handed,Normal
sub22_NB,NB,2.0,frames/Vid2_BB_T.png,frames/Vid2_L.png,r,1.0,3.621513500000219,5.0,2.5817557999998826,,,,25.0,Female,Right handed,Normal
sub22_NB,NB,3.0,frames/Vid3_BB_T.png,frames/Vid3_L.png,l,1.0,2.1216648999998142,5.0,1.3638348999993468,,,,25.0,Female,Right handed,Normal
sub22_NB,NB,3.0,frames/Vid3_BB_T.png,frames/Vid3_L.png,l,0.0,11.980660299999728,5.0,1.814075799999955,,,,25.0,Female,Right handed,Normal
sub22_NB,NB,4.0,frames/Vid4_EM_T.png,frames/Vid4_L.png,l,0.0,7.8814052999987325,5.0,1.6812867000007827,,,,25.0,Female,Right handed,Normal
sub22_NB,NB,4.0,frames/Vid4_EM_T.png,frames/Vid4_L.png,l,1.0,8.90862130000005,5.0,1.5809939000000668,,,,25.0,Female,Right handed,Normal
sub22_NB,NB,5.0,frames/Vid5_EM_T.png,frames/Vid5_L.png,r,1.0,2.815817999999126,5.0,1.862947499999791,,,,25.0,Female,Right handed,Normal
sub22_NB,NB,5.0,frames/Vid5_EM_T.png,frames/Vid5_L.png,l,0.0,12.63505720000012,3.0,2.4157233999994787,,,,25.0,Female,Right handed,Normal
sub22_NB,NB,6.0,frames/Vid6_BB_T.png,frames/Vid6_L.png,l,1.0,3.4523044000015943,4.0,1.3488760999989609,,,,25.0,Female,Right handed,Normal
sub22_NB,NB,6.0,frames/Vid6_BB_T.png,frames/Vid6_L.png,r,1.0,2.9858070999998745,5.0,0.6150032000005012,,,,25.0,Female,Right handed,Normal
sub22_NB,NB,7.0,frames/Vid7_EM_T.png,frames/Vid7_L.png,r,1.0,6.125533899999937,5.0,2.414357899999231,,,,25.0,Female,Right handed,Normal
sub22_NB,NB,7.0,frames/Vid7_EM_T.png,frames/Vid7_L.png,r,1.0,4.761006200000338,5.0,0.8650086000006922,,,,25.0,Female,Right handed,Normal
sub22_NB,NB,8.0,frames/Vid8_BB_T.png,frames/Vid8_L.png,r,0.0,4.758977000001323,5.0,1.0313987999998062,,,,25.0,Female,Right handed,Normal
sub22_NB,NB,8.0,frames/Vid8_BB_T.png,frames/Vid8_L.png,l,1.0,3.619562099999712,5.0,0.8804142999997566,,,,25.0,Female,Right handed,Normal
sub22_NB,NB,9.0,frames/Vid9_EM_T.png,frames/Vid9_L.png,r,1.0,2.5446823999991466,5.0,1.2476384999990842,,,,25.0,Female,Right handed,Normal
sub22_NB,NB,9.0,frames/Vid9_EM_T.png,frames/Vid9_L.png,l,1.0,6.676545399999668,1.0,2.6312307999996847,,,,25.0,Female,Right handed,Normal
sub22_NB,NB,10.0,frames/Vid10_BB_T.png,frames/Vid10_L.png,l,1.0,2.8375101999990875,5.0,1.4979844000008598,,,,25.0,Female,Right handed,Normal
sub22_NB,NB,10.0,frames/Vid10_BB_T.png,frames/Vid10_L.png,r,1.0,5.123476499999924,3.0,1.798193600000559,,,,25.0,Female,Right handed,Normal
sub22_NB,NB,11.0,frames/Vid11_EM_T.png,frames/Vid11_L.png,r,1.0,4.951855700001033,3.0,0.9490177999996376,,,,25.0,Female,Right handed,Normal
sub22_NB,NB,11.0,frames/Vid11_EM_T.png,frames/Vid11_L.png,l,1.0,3.64922630000001,3.0,4.0644781999999395,,,,25.0,Female,Right handed,Normal
sub22_NB,NB,12.0,frames/Vid12_EM_T.png,frames/Vid12_L.png,l,1.0,2.3882685999997193,5.0,2.198838300000716,,,,25.0,Female,Right handed,Normal
sub22_NB,NB,12.0,frames/Vid12_EM_T.png,frames/Vid12_L.png,l,1.0,6.378969600000346,3.0,3.164548100000502,,,,25.0,Female,Right handed,Normal
sub22_NB,NB,13.0,frames/Vid13_BB_T.png,frames/Vid13_L.png,r,0.0,2.055126100000052,5.0,1.3157984000008582,,,,25.0,Female,Right handed,Normal
sub22_NB,NB,13.0,frames/Vid13_BB_T.png,frames/Vid13_L.png,r,1.0,3.611562199999753,5.0,1.4795956999996631,,,,25.0,Female,Right handed,Normal
sub22_NB,NB,14.0,frames/Vid14_BB_T.png,frames/Vid14_L.png,r,1.0,2.238843499999348,4.0,1.981595199998992,,,,25.0,Female,Right handed,Normal
sub22_NB,NB,14.0,frames/Vid14_BB_T.png,frames/Vid14_L.png,l,1.0,4.257196399999884,4.0,4.015924299999824,,,,25.0,Female,Right handed,Normal
sub22_NB,NB,15.0,frames/Vid15_BB_T.png,frames/Vid15_L.png,r,1.0,2.7086488000004465,5.0,2.197927200000777,,,,25.0,Female,Right handed,Normal
sub22_NB,NB,15.0,frames/Vid15_BB_T.png,frames/Vid15_L.png,r,1.0,5.7342570000000705,5.0,0.7978193999997529,,,,25.0,Female,Right handed,Normal
sub22_NB,NB,16.0,frames/Vid16_EM_T.png,frames/Vid16_L.png,r,1.0,2.1014107999999396,5.0,1.1147111000009318,,,,25.0,Female,Right handed,Normal
sub22_NB,NB,16.0,frames/Vid16_EM_T.png,frames/Vid16_L.png,r,1.0,8.123642999999902,5.0,1.399086599999464,,,,25.0,Female,Right handed,Normal
sub22_NB,NB,17.0,frames/Vid17_BB_T.png,frames/Vid17_L.png,r,1.0,4.712221199999476,3.0,1.4475789000007353,,,,25.0,Female,Right handed,Normal
sub22_NB,NB,17.0,frames/Vid17_BB_T.png,frames/Vid17_L.png,r,1.0,3.2015658999998777,5.0,0.74742679999963,,,,25.0,Female,Right handed,Normal
sub22_NB,NB,18.0,frames/Vid18_EM_T.png,frames/Vid18_L.png,r,1.0,2.306724599999143,5.0,0.8467560999997659,,,,25.0,Female,Right handed,Normal
sub22_NB,NB,18.0,frames/Vid18_EM_T.png,frames/Vid18_L.png,l,1.0,4.318066600000748,3.0,1.4478172999997696,,,,25.0,Female,Right handed,Normal
sub22_NB,NB,19.0,frames/Vid19_BB_T.png,frames/Vid19_L.png,l,1.0,2.563945300000342,5.0,1.982133499999691,,,,25.0,Female,Right handed,Normal
sub22_NB,NB,19.0,frames/Vid19_BB_T.png,frames/Vid19_L.png,l,0.0,6.522968199999923,1.0,1.1983750999997935,,,,25.0,Female,Right handed,Normal
sub22_NB,NB,20.0,frames/Vid20_EM_T.png,frames/Vid20_L.png,r,1.0,6.54069410000011,5.0,4.995990100000199,,,,25.0,Female,Right handed,Normal
sub22_NB,NB,20.0,frames/Vid20_EM_T.png,frames/Vid20_L.png,r,1.0,3.3100228999992396,5.0,0.9478825999995024,,,,25.0,Female,Right handed,Normal
sub22_NB,NB,21.0,frames/Vid21_BB_T.png,frames/Vid21_L.png,r,1.0,4.175432099998943,4.0,1.3143498999997971,,,,25.0,Female,Right handed,Normal
sub22_NB,NB,21.0,frames/Vid21_BB_T.png,frames/Vid21_L.png,r,1.0,6.499370900000031,5.0,1.1978182000002562,,,,25.0,Female,Right handed,Normal
sub22_NB,NB,22.0,frames/Vid22_EM_T.png,frames/Vid22_L.png,l,1.0,4.638127399999576,5.0,2.0311190000011266,,,,25.0,Female,Right handed,Normal
sub22_NB,NB,22.0,frames/Vid22_EM_T.png,frames/Vid22_L.png,r,1.0,3.923970800000461,5.0,1.397438799999691,,,,25.0,Female,Right handed,Normal
sub22_NB,NB,23.0,frames/Vid23_EM_T.png,frames/Vid23_L.png,r,1.0,2.6604800000004616,5.0,1.164864200000011,,,,25.0,Female,Right handed,Normal
sub22_NB,NB,23.0,frames/Vid23_EM_T.png,frames/Vid23_L.png,l,1.0,10.43398210000032,1.0,1.7485299000009036,,,,25.0,Female,Right handed,Normal
sub22_NB,NB,24.0,frames/Vid24_BB_T.png,frames/Vid24_L.png,r,1.0,3.320615700000417,5.0,1.265648799999326,,,,25.0,Female,Right handed,Normal
sub22_NB,NB,24.0,frames/Vid24_BB_T.png,frames/Vid24_L.png,l,1.0,4.050705999999991,5.0,1.3482191000002786,,,,25.0,Female,Right handed,Normal
sub22_NB,NB,25.0,frames/Vid25_BB_T.png,frames/Vid25_L.png,r,1.0,2.6351359999989654,4.0,1.8639000000002852,,,,25.0,Female,Right handed,Normal
sub22_NB,NB,25.0,frames/Vid25_BB_T.png,frames/Vid25_L.png,r,1.0,11.875337899999977,5.0,1.9623953000000256,,,,25.0,Female,Right handed,Normal
sub22_NB,NB,26.0,frames/Vid26_EM_T.png,frames/Vid26_L.png,l,1.0,2.0747172000010323,5.0,1.3149223000000347,,,,25.0,Female,Right handed,Normal
sub22_NB,NB,26.0,frames/Vid26_EM_T.png,frames/Vid26_L.png,r,1.0,3.91632699999991,5.0,0.8980837999997675,,,,25.0,Female,Right handed,Normal
sub22_NB,NB,27.0,frames/Vid27_BB_T.png,frames/Vid27_L.png,r,1.0,2.2861525999996957,5.0,1.6485640999999305,,,,25.0,Female,Right handed,Normal
sub22_NB,NB,27.0,frames/Vid27_BB_T.png,frames/Vid27_L.png,l,1.0,5.708442899999682,4.0,2.646844400000191,,,,25.0,Female,Right handed,Normal
sub22_NB,NB,28.0,frames/Vid28_EM_T.png,frames/Vid28_L.png,l,1.0,2.7527900000004593,5.0,1.714557600000262,,,,25.0,Female,Right handed,Normal
sub22_NB,NB,28.0,frames/Vid28_EM_T.png,frames/Vid28_L.png,l,1.0,5.282363499999519,5.0,5.21254829999998,,,,25.0,Female,Right handed,Normal
sub22_NB,NB,29.0,frames/Vid29_BB_T.png,frames/Vid29_L.png,r,1.0,4.050021900000502,5.0,1.698743499999182,,,,25.0,Female,Right handed,Normal
sub22_NB,NB,29.0,frames/Vid29_BB_T.png,frames/Vid29_L.png,l,1.0,7.733175499999561,5.0,1.1314637999994377,,,,25.0,Female,Right handed,Normal
sub22_NB,NB,30.0,frames/Vid30_EM_T.png,frames/Vid30_L.png,r,1.0,3.920574600000691,5.0,1.7820269999992888,,,,25.0,Female,Right handed,Normal
sub22_NB,NB,30.0,frames/Vid30_EM_T.png,frames/Vid30_L.png,r,1.0,5.846728500000609,3.0,1.397310300000754,,,,25.0,Female,Right handed,Normal
sub22_NB,NB,31.0,frames/Vid31_EM_T.png,frames/Vid31_L.png,r,1.0,2.4717564999991737,5.0,1.9811585999996169,,,,25.0,Female,Right handed,Normal
sub22_NB,NB,31.0,frames/Vid31_EM_T.png,frames/Vid31_L.png,l,1.0,3.9574635999997554,5.0,1.8981141000003845,,,,25.0,Female,Right handed,Normal
sub22_NB,NB,32.0,frames/Vid32_EM_T.png,frames/Vid32_L.png,r,1.0,3.76265500000045,5.0,2.1975036000003456,,,,25.0,Female,Right handed,Normal
sub22_NB,NB,32.0,frames/Vid32_EM_T.png,frames/Vid32_L.png,r,1.0,2.9746495999997933,5.0,1.1804086000001917,,,,25.0,Female,Right handed,Normal
sub22_NB,NB,33.0,frames/Vid33_BB_T.png,frames/Vid33_L.png,r,1.0,4.366382299998804,5.0,1.482373100001496,,,,25.0,Female,Right handed,Normal
sub22_NB,NB,33.0,frames/Vid33_BB_T.png,frames/Vid33_L.png,r,1.0,6.6889070999995965,1.0,1.548541799999839,,,,25.0,Female,Right handed,Normal
sub22_NB,NB,34.0,frames/Vid34_BB_T.png,frames/Vid34_L.png,l,1.0,4.748300100000051,5.0,1.9808716000006823,,,,25.0,Female,Right handed,Normal
sub22_NB,NB,34.0,frames/Vid34_BB_T.png,frames/Vid34_L.png,r,1.0,7.542546699999548,3.0,2.5136262000005445,,,,25.0,Female,Right handed,Normal
sub22_NB,NB,35.0,frames/Vid35_EM_T.png,frames/Vid35_L.png,l,1.0,3.1231069000004936,5.0,1.0315479000000778,,,,25.0,Female,Right handed,Normal
sub22_NB,NB,35.0,frames/Vid35_EM_T.png,frames/Vid35_L.png,r,1.0,6.372571099999732,3.0,1.848189000000275,,,,25.0,Female,Right handed,Normal
sub22_NB,NB,36.0,frames/Vid36_BB_T.png,frames/Vid36_L.png,r,0.0,12.260561499999312,3.0,1.7965014999990672,,,,25.0,Female,Right handed,Normal
sub22_NB,NB,36.0,frames/Vid36_BB_T.png,frames/Vid36_L.png,l,1.0,4.931706899999881,5.0,1.014509800000269,,,,25.0,Female,Right handed,Normal
sub22_NB,NB,37.0,frames/Vid37_BB_T.png,frames/Vid37_L.png,l,1.0,2.4437650999989273,5.0,1.965028299999176,,,,25.0,Female,Right handed,Normal
sub22_NB,NB,37.0,frames/Vid37_BB_T.png,frames/Vid37_L.png,l,1.0,3.279568599999948,5.0,1.480168699999922,,,,25.0,Female,Right handed,Normal
sub22_NB,NB,38.0,frames/Vid38_EM_T.png,frames/Vid38_L.png,r,1.0,4.665327100001377,4.0,6.149338199998965,,,,25.0,Female,Right handed,Normal
sub22_NB,NB,38.0,frames/Vid38_EM_T.png,frames/Vid38_L.png,r,1.0,6.280529300000126,5.0,0.8135962999995172,,,,25.0,Female,Right handed,Normal
sub22_NB,NB,39.0,frames/Vid39_BB_T.png,frames/Vid39_L.png,r,1.0,6.684073200000057,5.0,2.2644118999996863,,,,25.0,Female,Right handed,Normal
sub22_NB,NB,39.0,frames/Vid39_BB_T.png,frames/Vid39_L.png,l,1.0,6.6877324999995835,5.0,1.1956692000003386,,,,25.0,Female,Right handed,Normal
sub22_NB,NB,40.0,frames/Vid40_EM_T.png,frames/Vid40_L.png,l,1.0,2.267767900000763,4.0,1.4152329999997164,,,,25.0,Female,Right handed,Normal
sub22_NB,NB,40.0,frames/Vid40_EM_T.png,frames/Vid40_L.png,l,1.0,5.129465500000151,3.0,2.349573899999996,,,,25.0,Female,Right handed,Normal
sub23_AB,AB,1.0,frames/Vid1_EM_T.png,frames/Vid1_L.png,l,1.0,5.059997600001225,5.0,1.2818526000010024,,,,21.0,Female,Right handed,Normal
sub23_AB,AB,2.0,frames/Vid2_BB_T.png,frames/Vid2_L.png,l,1.0,4.536981799999921,5.0,1.2474261000006663,,,,21.0,Female,Right handed,Normal
sub23_AB,AB,3.0,frames/Vid3_BB_T.png,frames/Vid3_L.png,r,1.0,5.0437394000000495,5.0,0.9621764999992592,,,,21.0,Female,Right handed,Normal
sub23_AB,AB,4.0,frames/Vid4_EM_T.png,frames/Vid4_L.png,l,1.0,4.100274000000354,5.0,1.1457554000007804,,,,21.0,Female,Right handed,Normal
sub23_AB,AB,5.0,frames/Vid5_EM_T.png,frames/Vid5_L.png,l,1.0,2.84258200000113,1.0,0.865723099999741,,,,21.0,Female,Right handed,Normal
sub23_AB,AB,6.0,frames/Vid6_BB_T.png,frames/Vid6_L.png,l,1.0,3.289619999999559,5.0,1.3661147999991954,,,,21.0,Female,Right handed,Normal
sub23_AB,AB,7.0,frames/Vid7_EM_T.png,frames/Vid7_L.png,r,1.0,3.3283627000000706,4.0,1.597474299998794,,,,21.0,Female,Right handed,Normal
sub23_AB,AB,8.0,frames/Vid8_BB_T.png,frames/Vid8_L.png,r,0.0,3.629884700001639,5.0,1.0480281000000105,,,,21.0,Female,Right handed,Normal
sub23_AB,AB,9.0,frames/Vid9_EM_T.png,frames/Vid9_L.png,r,1.0,2.396713099999033,5.0,1.3637627000007342,,,,21.0,Female,Right handed,Normal
sub23_AB,AB,10.0,frames/Vid10_BB_T.png,frames/Vid10_L.png,l,0.0,6.352451300001121,3.0,1.281473700000788,,,,21.0,Female,Right handed,Normal
sub23_AB,AB,11.0,frames/Vid11_EM_T.png,frames/Vid11_L.png,r,1.0,3.187628499999846,3.0,2.498557900000378,,,,21.0,Female,Right handed,Normal
sub23_AB,AB,12.0,frames/Vid12_EM_T.png,frames/Vid12_L.png,l,1.0,4.304601400001047,5.0,0.5785354999989067,,,,21.0,Female,Right handed,Normal
sub23_AB,AB,13.0,frames/Vid13_BB_T.png,frames/Vid13_L.png,l,0.0,8.816493000000264,2.0,2.1305402999987564,,,,21.0,Female,Right handed,Normal
sub23_AB,AB,14.0,frames/Vid14_BB_T.png,frames/Vid14_L.png,l,1.0,3.5387635999995837,5.0,0.9307305000002088,,,,21.0,Female,Right handed,Normal
sub23_AB,AB,15.0,frames/Vid15_BB_T.png,frames/Vid15_L.png,l,1.0,11.061475000000428,5.0,5.68314829999872,,,,21.0,Female,Right handed,Normal
sub23_AB,AB,16.0,frames/Vid16_EM_T.png,frames/Vid16_L.png,r,0.0,4.356557999999495,5.0,1.3822450000006938,,,,21.0,Female,Right handed,Normal
sub23_AB,AB,17.0,frames/Vid17_BB_T.png,frames/Vid17_L.png,r,0.0,9.905774800001382,1.0,0.69921179999983,,,,21.0,Female,Right handed,Normal
sub23_AB,AB,18.0,frames/Vid18_EM_T.png,frames/Vid18_L.png,l,1.0,6.719355000001087,3.0,2.3154699000006076,,,,21.0,Female,Right handed,Normal
sub23_AB,AB,19.0,frames/Vid19_BB_T.png,frames/Vid19_L.png,l,1.0,5.675366399998893,1.0,1.0985354000004008,,,,21.0,Female,Right handed,Normal
sub23_AB,AB,20.0,frames/Vid20_EM_T.png,frames/Vid20_L.png,l,1.0,2.7145141000000876,5.0,1.5484383000002708,,,,21.0,Female,Right handed,Normal
sub23_AB,AB,21.0,frames/Vid21_BB_T.png,frames/Vid21_L.png,r,1.0,3.394335099999807,5.0,0.715376500000275,,,,21.0,Female,Right handed,Normal
sub23_AB,AB,22.0,frames/Vid22_EM_T.png,frames/Vid22_L.png,r,1.0,3.4078263999999763,5.0,0.7976371000004292,,,,21.0,Female,Right handed,Normal
sub23_AB,AB,23.0,frames/Vid23_EM_T.png,frames/Vid23_L.png,r,1.0,4.3506820000002335,2.0,1.6646395000007033,,,,21.0,Female,Right handed,Normal
sub23_AB,AB,24.0,frames/Vid24_BB_T.png,frames/Vid24_L.png,l,1.0,3.3614027999992686,4.0,1.282172700000956,,,,21.0,Female,Right handed,Normal
sub23_AB,AB,25.0,frames/Vid25_BB_T.png,frames/Vid25_L.png,r,0.0,10.151967600000717,3.0,1.94990819999839,,,,21.0,Female,Right handed,Normal
sub23_AB,AB,26.0,frames/Vid26_EM_T.png,frames/Vid26_L.png,r,1.0,2.308508099999017,5.0,1.2301162000003387,,,,21.0,Female,Right handed,Normal
sub23_AB,AB,27.0,frames/Vid27_BB_T.png,frames/Vid27_L.png,l,1.0,4.916664100001071,5.0,2.397401500000342,,,,21.0,Female,Right handed,Normal
sub23_AB,AB,28.0,frames/Vid28_EM_T.png,frames/Vid28_L.png,r,1.0,5.4070158999984415,5.0,1.515721300000223,,,,21.0,Female,Right handed,Normal
sub23_AB,AB,29.0,frames/Vid29_BB_T.png,frames/Vid29_L.png,r,1.0,3.702051700000084,1.0,1.1632266999986314,,,,21.0,Female,Right handed,Normal
sub23_AB,AB,30.0,frames/Vid30_EM_T.png,frames/Vid30_L.png,l,1.0,3.391887699999643,2.0,0.8818616999997175,,,,21.0,Female,Right handed,Normal
sub23_AB,AB,31.0,frames/Vid31_EM_T.png,frames/Vid31_L.png,l,1.0,3.251521700000012,3.0,1.248513999998977,,,,21.0,Female,Right handed,Normal
sub23_AB,AB,32.0,frames/Vid32_EM_T.png,frames/Vid32_L.png,l,1.0,3.884872499998892,5.0,1.2158663000009255,,,,21.0,Female,Right handed,Normal
sub23_AB,AB,33.0,frames/Vid33_BB_T.png,frames/Vid33_L.png,l,1.0,2.91796179999983,5.0,1.114581100000578,,,,21.0,Female,Right handed,Normal
sub23_AB,AB,34.0,frames/Vid34_BB_T.png,frames/Vid34_L.png,l,0.0,4.362160999999105,1.0,1.7984311000000162,,,,21.0,Female,Right handed,Normal
sub23_AB,AB,35.0,frames/Vid35_EM_T.png,frames/Vid35_L.png,l,1.0,4.628896300000633,3.0,1.2646644999986163,,,,21.0,Female,Right handed,Normal
sub23_AB,AB,36.0,frames/Vid36_BB_T.png,frames/Vid36_L.png,r,1.0,3.3251338000009127,5.0,1.1975276000011943,,,,21.0,Female,Right handed,Normal
sub23_AB,AB,37.0,frames/Vid37_BB_T.png,frames/Vid37_L.png,r,1.0,3.60781119999956,5.0,1.4307555000013965,,,,21.0,Female,Right handed,Normal
sub23_AB,AB,38.0,frames/Vid38_EM_T.png,frames/Vid38_L.png,l,1.0,5.003186099998857,4.0,1.2977673999994297,,,,21.0,Female,Right handed,Normal
sub23_AB,AB,39.0,frames/Vid39_BB_T.png,frames/Vid39_L.png,r,1.0,4.138613799999803,2.0,1.8479009999991831,,,,21.0,Female,Right handed,Normal
sub23_AB,AB,40.0,frames/Vid40_EM_T.png,frames/Vid40_L.png,r,1.0,4.859682000000248,1.0,0.8819192999999359,,,,21.0,Female,Right handed,Normal
sub24_AB,AB,1.0,frames/Vid1_EM_T.png,frames/Vid1_L.png,l,1.0,10.442747500001133,3.0,1.8311737000003632,,,,22.0,Male,Right handed,Normal
sub24_AB,AB,2.0,frames/Vid2_BB_T.png,frames/Vid2_L.png,r,1.0,8.450184999997873,5.0,1.7982148999981291,,,,22.0,Male,Right handed,Normal
sub24_AB,AB,3.0,frames/Vid3_BB_T.png,frames/Vid3_L.png,r,1.0,5.1776692000021285,5.0,1.0307909000002835,,,,22.0,Male,Right handed,Normal
sub24_AB,AB,4.0,frames/Vid4_EM_T.png,frames/Vid4_L.png,r,1.0,9.519379000001209,4.0,0.6978431999996246,,,,22.0,Male,Right handed,Normal
sub24_AB,AB,5.0,frames/Vid5_EM_T.png,frames/Vid5_L.png,r,1.0,5.139849200000754,4.0,1.747215100000176,,,,22.0,Male,Right handed,Normal
sub24_AB,AB,6.0,frames/Vid6_BB_T.png,frames/Vid6_L.png,r,1.0,9.363518199999817,4.0,1.4477068999985931,,,,22.0,Male,Right handed,Normal
sub24_AB,AB,7.0,frames/Vid7_EM_T.png,frames/Vid7_L.png,l,0.0,4.156373100002384,5.0,1.7325901000003796,,,,22.0,Male,Right handed,Normal
sub24_AB,AB,8.0,frames/Vid8_BB_T.png,frames/Vid8_L.png,r,1.0,6.443009999999049,5.0,1.4143539999968198,,,,22.0,Male,Right handed,Normal
sub24_AB,AB,9.0,frames/Vid9_EM_T.png,frames/Vid9_L.png,r,1.0,7.695509600001969,5.0,2.0305307999988145,,,,22.0,Male,Right handed,Normal
sub24_AB,AB,10.0,frames/Vid10_BB_T.png,frames/Vid10_L.png,r,1.0,13.375871199998072,5.0,18.1810536999983,,,,22.0,Male,Right handed,Normal
sub24_AB,AB,11.0,frames/Vid11_EM_T.png,frames/Vid11_L.png,r,1.0,5.895007499999338,5.0,0.8635567999990599,,,,22.0,Male,Right handed,Normal
sub24_AB,AB,12.0,frames/Vid12_EM_T.png,frames/Vid12_L.png,l,1.0,10.497658399999636,5.0,3.499230199999147,,,,22.0,Male,Right handed,Normal
sub24_AB,AB,13.0,frames/Vid13_BB_T.png,frames/Vid13_L.png,l,0.0,7.824718600000779,2.0,1.1983013999997638,,,,22.0,Male,Right handed,Normal
sub24_AB,AB,14.0,frames/Vid14_BB_T.png,frames/Vid14_L.png,l,1.0,5.575711900000897,4.0,1.6144304999979795,,,,22.0,Male,Right handed,Normal
sub24_AB,AB,15.0,frames/Vid15_BB_T.png,frames/Vid15_L.png,l,1.0,5.585471499998675,4.0,0.5822389000022667,,,,22.0,Male,Right handed,Normal
sub24_AB,AB,16.0,frames/Vid16_EM_T.png,frames/Vid16_L.png,l,1.0,6.935534800002642,2.0,1.631930100000318,,,,22.0,Male,Right handed,Normal
sub24_AB,AB,17.0,frames/Vid17_BB_T.png,frames/Vid17_L.png,l,1.0,8.845953200001532,2.0,3.064784499998495,,,,22.0,Male,Right handed,Normal
sub24_AB,AB,18.0,frames/Vid18_EM_T.png,frames/Vid18_L.png,r,1.0,18.86912890000167,3.0,1.4321371000005456,,,,22.0,Male,Right handed,Normal
sub24_AB,AB,19.0,frames/Vid19_BB_T.png,frames/Vid19_L.png,l,0.0,5.567580099999759,3.0,1.548619699999108,,,,22.0,Male,Right handed,Normal
sub24_AB,AB,20.0,frames/Vid20_EM_T.png,frames/Vid20_L.png,r,1.0,9.23289560000194,4.0,1.0148619999999935,,,,22.0,Male,Right handed,Normal
sub24_AB,AB,21.0,frames/Vid21_BB_T.png,frames/Vid21_L.png,r,1.0,6.9017634999981965,4.0,1.565477899999678,,,,22.0,Male,Right handed,Normal
sub24_AB,AB,22.0,frames/Vid22_EM_T.png,frames/Vid22_L.png,l,0.0,17.48557719999735,4.0,1.8819929000019329,,,,22.0,Male,Right handed,Normal
sub24_AB,AB,23.0,frames/Vid23_EM_T.png,frames/Vid23_L.png,r,1.0,7.370906399999512,2.0,1.1805913999996849,,,,22.0,Male,Right handed,Normal
sub24_AB,AB,24.0,frames/Vid24_BB_T.png,frames/Vid24_L.png,l,1.0,6.640259400002833,5.0,0.7142839999978605,,,,22.0,Male,Right handed,Normal
sub24_AB,AB,25.0,frames/Vid25_BB_T.png,frames/Vid25_L.png,r,1.0,16.615018899999995,4.0,2.047151400001894,,,,22.0,Male,Right handed,Normal
sub24_AB,AB,26.0,frames/Vid26_EM_T.png,frames/Vid26_L.png,r,1.0,5.806430299999192,5.0,0.9305998999989242,,,,22.0,Male,Right handed,Normal
sub24_AB,AB,27.0,frames/Vid27_BB_T.png,frames/Vid27_L.png,r,1.0,6.1025293999991845,5.0,0.6801020000020799,,,,22.0,Male,Right handed,Normal
sub24_AB,AB,28.0,frames/Vid28_EM_T.png,frames/Vid28_L.png,l,1.0,3.871387300001515,5.0,1.8971383000025528,,,,22.0,Male,Right handed,Normal
sub24_AB,AB,29.0,frames/Vid29_BB_T.png,frames/Vid29_L.png,l,1.0,3.82931169999938,5.0,0.7645746000016516,,,,22.0,Male,Right handed,Normal
sub24_AB,AB,30.0,frames/Vid30_EM_T.png,frames/Vid30_L.png,l,1.0,9.053902600000583,4.0,1.0323370000005525,,,,22.0,Male,Right handed,Normal
sub24_AB,AB,31.0,frames/Vid31_EM_T.png,frames/Vid31_L.png,l,1.0,4.223538700000063,5.0,1.4632457999978217,,,,22.0,Male,Right handed,Normal
sub24_AB,AB,32.0,frames/Vid32_EM_T.png,frames/Vid32_L.png,r,1.0,4.758431099999143,5.0,1.2484025999983714,,,,22.0,Male,Right handed,Normal
sub24_AB,AB,33.0,frames/Vid33_BB_T.png,frames/Vid33_L.png,l,1.0,4.419396199999028,5.0,1.464792499999021,,,,22.0,Male,Right handed,Normal
sub24_AB,AB,34.0,frames/Vid34_BB_T.png,frames/Vid34_L.png,r,1.0,5.149623500001326,5.0,0.7322289000003366,,,,22.0,Male,Right handed,Normal
sub24_AB,AB,35.0,frames/Vid35_EM_T.png,frames/Vid35_L.png,r,1.0,9.10050499999852,4.0,0.7317302000010386,,,,22.0,Male,Right handed,Normal
sub24_AB,AB,36.0,frames/Vid36_BB_T.png,frames/Vid36_L.png,l,1.0,2.6836988999966707,5.0,1.1139199000026565,,,,22.0,Male,Right handed,Normal
sub24_AB,AB,37.0,frames/Vid37_BB_T.png,frames/Vid37_L.png,l,1.0,4.878259799999796,5.0,1.6135256000015945,,,,22.0,Male,Right handed,Normal
sub24_AB,AB,38.0,frames/Vid38_EM_T.png,frames/Vid38_L.png,r,0.0,6.342081800001324,5.0,1.2989987000000838,,,,22.0,Male,Right handed,Normal
sub24_AB,AB,39.0,frames/Vid39_BB_T.png,frames/Vid39_L.png,r,1.0,7.140865399996983,5.0,0.9145281999990402,,,,22.0,Male,Right handed,Normal
sub24_AB,AB,40.0,frames/Vid40_EM_T.png,frames/Vid40_L.png,r,1.0,5.042194000001473,5.0,0.6645606999991287,,,,22.0,Male,Right handed,Normal
sub25_AB,AB,1.0,frames/Vid1_EM_T.png,frames/Vid1_L.png,r,1.0,4.0951679999998305,5.0,1.298407700000098,,,,20.0,Male,Right handed,Corrected to normal
sub25_AB,AB,2.0,frames/Vid2_BB_T.png,frames/Vid2_L.png,l,1.0,5.7832336999999825,2.0,1.0649214000004577,,,,20.0,Male,Right handed,Corrected to normal
sub25_AB,AB,3.0,frames/Vid3_BB_T.png,frames/Vid3_L.png,r,1.0,4.142452400003094,4.0,2.113913199998933,,,,20.0,Male,Right handed,Corrected to normal
sub25_AB,AB,4.0,frames/Vid4_EM_T.png,frames/Vid4_L.png,l,1.0,10.34078149999914,2.0,2.745369899999787,,,,20.0,Male,Right handed,Corrected to normal
sub25_AB,AB,5.0,frames/Vid5_EM_T.png,frames/Vid5_L.png,l,1.0,2.9014883000018017,3.0,0.9820774999971036,,,,20.0,Male,Right handed,Corrected to normal
sub25_AB,AB,6.0,frames/Vid6_BB_T.png,frames/Vid6_L.png,r,1.0,3.0586605000025884,1.0,4.264929899996787,,,,20.0,Male,Right handed,Corrected to normal
sub25_AB,AB,7.0,frames/Vid7_EM_T.png,frames/Vid7_L.png,r,1.0,5.425852099997428,2.0,2.665017600000283,,,,20.0,Male,Right handed,Corrected to normal
sub25_AB,AB,8.0,frames/Vid8_BB_T.png,frames/Vid8_L.png,l,0.0,7.8488336999980675,3.0,1.0647426000032283,,,,20.0,Male,Right handed,Corrected to normal
sub25_AB,AB,9.0,frames/Vid9_EM_T.png,frames/Vid9_L.png,r,1.0,3.847277399996528,4.0,1.2486821000020427,,,,20.0,Male,Right handed,Corrected to normal
sub25_AB,AB,10.0,frames/Vid10_BB_T.png,frames/Vid10_L.png,l,1.0,4.234454700002971,3.0,3.3663835000006657,,,,20.0,Male,Right handed,Corrected to normal
sub25_AB,AB,11.0,frames/Vid11_EM_T.png,frames/Vid11_L.png,l,1.0,3.120423899999878,4.0,2.549670699998387,,,,20.0,Male,Right handed,Corrected to normal
sub25_AB,AB,12.0,frames/Vid12_EM_T.png,frames/Vid12_L.png,l,1.0,3.904394400000456,3.0,0.6653525000001537,,,,20.0,Male,Right handed,Corrected to normal
sub25_AB,AB,13.0,frames/Vid13_BB_T.png,frames/Vid13_L.png,r,0.0,3.8894098000018857,2.0,1.4487692000002426,,,,20.0,Male,Right handed,Corrected to normal
sub25_AB,AB,14.0,frames/Vid14_BB_T.png,frames/Vid14_L.png,l,1.0,2.884448599997995,4.0,0.6830410000002303,,,,20.0,Male,Right handed,Corrected to normal
sub25_AB,AB,15.0,frames/Vid15_BB_T.png,frames/Vid15_L.png,r,1.0,4.697841499997594,2.0,1.5640524000009464,,,,20.0,Male,Right handed,Corrected to normal
sub25_AB,AB,16.0,frames/Vid16_EM_T.png,frames/Vid16_L.png,r,0.0,4.6352764000002935,1.0,1.7137686999994912,,,,20.0,Male,Right handed,Corrected to normal
sub25_AB,AB,17.0,frames/Vid17_BB_T.png,frames/Vid17_L.png,r,1.0,4.506914099998539,1.0,0.8645546999978251,,,,20.0,Male,Right handed,Corrected to normal
sub25_AB,AB,18.0,frames/Vid18_EM_T.png,frames/Vid18_L.png,l,1.0,3.438846900000499,3.0,1.114392499999667,,,,20.0,Male,Right handed,Corrected to normal
sub25_AB,AB,19.0,frames/Vid19_BB_T.png,frames/Vid19_L.png,r,1.0,4.707245300000068,1.0,2.214497199998732,,,,20.0,Male,Right handed,Corrected to normal
sub25_AB,AB,20.0,frames/Vid20_EM_T.png,frames/Vid20_L.png,l,1.0,4.1429992000012135,2.0,1.4312098000009428,,,,20.0,Male,Right handed,Corrected to normal
sub25_AB,AB,21.0,frames/Vid21_BB_T.png,frames/Vid21_L.png,r,1.0,5.126319000002695,5.0,2.2969025999991572,,,,20.0,Male,Right handed,Corrected to normal
sub25_AB,AB,22.0,frames/Vid22_EM_T.png,frames/Vid22_L.png,l,1.0,3.371878400001151,5.0,1.263666099999682,,,,20.0,Male,Right handed,Corrected to normal
sub25_AB,AB,23.0,frames/Vid23_EM_T.png,frames/Vid23_L.png,l,1.0,2.713705799997115,4.0,1.4646830999990923,,,,20.0,Male,Right handed,Corrected to normal
sub25_AB,AB,24.0,frames/Vid24_BB_T.png,frames/Vid24_L.png,l,1.0,6.619347899999411,3.0,3.3826119000004837,,,,20.0,Male,Right handed,Corrected to normal
sub25_AB,AB,25.0,frames/Vid25_BB_T.png,frames/Vid25_L.png,l,1.0,8.279096399997798,3.0,1.197978799998964,,,,20.0,Male,Right handed,Corrected to normal
sub25_AB,AB,26.0,frames/Vid26_EM_T.png,frames/Vid26_L.png,l,1.0,2.8477558000013232,2.0,1.4303930999994918,,,,20.0,Male,Right handed,Corrected to normal
sub25_AB,AB,27.0,frames/Vid27_BB_T.png,frames/Vid27_L.png,l,1.0,7.51456799999869,5.0,8.579723099999683,,,,20.0,Male,Right handed,Corrected to normal
sub25_AB,AB,28.0,frames/Vid28_EM_T.png,frames/Vid28_L.png,l,1.0,2.1734273999973084,5.0,1.332588900000701,,,,20.0,Male,Right handed,Corrected to normal
sub25_AB,AB,29.0,frames/Vid29_BB_T.png,frames/Vid29_L.png,l,1.0,4.570596699999442,2.0,1.215155699999741,,,,20.0,Male,Right handed,Corrected to normal
sub25_AB,AB,30.0,frames/Vid30_EM_T.png,frames/Vid30_L.png,l,1.0,4.314733699997305,2.0,1.0482286000005845,,,,20.0,Male,Right handed,Corrected to normal
sub25_AB,AB,31.0,frames/Vid31_EM_T.png,frames/Vid31_L.png,r,1.0,2.0668022999998357,4.0,1.481449099999736,,,,20.0,Male,Right handed,Corrected to normal
sub25_AB,AB,32.0,frames/Vid32_EM_T.png,frames/Vid32_L.png,l,1.0,2.4828426000021864,5.0,1.3283063999988372,,,,20.0,Male,Right handed,Corrected to normal
sub25_AB,AB,33.0,frames/Vid33_BB_T.png,frames/Vid33_L.png,r,1.0,3.974912999998196,4.0,1.714736099998845,,,,20.0,Male,Right handed,Corrected to normal
sub25_AB,AB,34.0,frames/Vid34_BB_T.png,frames/Vid34_L.png,l,1.0,6.64944149999792,2.0,1.9322747999976857,,,,20.0,Male,Right handed,Corrected to normal
sub25_AB,AB,35.0,frames/Vid35_EM_T.png,frames/Vid35_L.png,l,1.0,3.953941199997644,1.0,1.1156362000001536,,,,20.0,Male,Right handed,Corrected to normal
sub25_AB,AB,36.0,frames/Vid36_BB_T.png,frames/Vid36_L.png,l,1.0,5.623363000002428,1.0,1.3983799000016006,,,,20.0,Male,Right handed,Corrected to normal
sub25_AB,AB,37.0,frames/Vid37_BB_T.png,frames/Vid37_L.png,l,1.0,4.112172500001179,3.0,0.9816380000011122,,,,20.0,Male,Right handed,Corrected to normal
sub25_AB,AB,38.0,frames/Vid38_EM_T.png,frames/Vid38_L.png,r,1.0,6.614646499998344,2.0,1.8140776000000187,,,,20.0,Male,Right handed,Corrected to normal
sub25_AB,AB,39.0,frames/Vid39_BB_T.png,frames/Vid39_L.png,l,1.0,2.9019398000018555,2.0,1.6976059999979043,,,,20.0,Male,Right handed,Corrected to normal
sub25_AB,AB,40.0,frames/Vid40_EM_T.png,frames/Vid40_L.png,l,1.0,2.410942900001828,4.0,1.0981308000009449,,,,20.0,Male,Right handed,Corrected to normal
sub27_AB,AB,1.0,frames/Vid1_EM_T.png,frames/Vid1_L.png,l,1.0,4.629727600000479,5.0,0.7310873999995238,,,,21.0,Female,Right handed,Normal
sub27_AB,AB,2.0,frames/Vid2_BB_T.png,frames/Vid2_L.png,r,1.0,5.5401894000024186,5.0,0.6818911999980628,,,,21.0,Female,Right handed,Normal
sub27_AB,AB,3.0,frames/Vid3_BB_T.png,frames/Vid3_L.png,l,1.0,2.859921500003111,5.0,0.7826760000025388,,,,21.0,Female,Right handed,Normal
sub27_AB,AB,4.0,frames/Vid4_EM_T.png,frames/Vid4_L.png,r,0.0,10.016399300002377,5.0,0.7474624999995285,,,,21.0,Female,Right handed,Normal
sub27_AB,AB,5.0,frames/Vid5_EM_T.png,frames/Vid5_L.png,l,1.0,3.8401689999991504,3.0,2.7816415000015695,,,,21.0,Female,Right handed,Normal
sub27_AB,AB,6.0,frames/Vid6_BB_T.png,frames/Vid6_L.png,l,1.0,4.6413161999989825,5.0,1.2640661000004911,,,,21.0,Female,Right handed,Normal
sub27_AB,AB,7.0,frames/Vid7_EM_T.png,frames/Vid7_L.png,l,1.0,2.519536399999197,4.0,0.9157763000002888,,,,21.0,Female,Right handed,Normal
sub27_AB,AB,8.0,frames/Vid8_BB_T.png,frames/Vid8_L.png,r,1.0,13.779691799998544,4.0,1.765309000002162,,,,21.0,Female,Right handed,Normal
sub27_AB,AB,9.0,frames/Vid9_EM_T.png,frames/Vid9_L.png,r,1.0,3.701476199999888,5.0,0.9302782000013394,,,,21.0,Female,Right handed,Normal
sub27_AB,AB,10.0,frames/Vid10_BB_T.png,frames/Vid10_L.png,l,1.0,3.245244500001718,4.0,1.980248899999424,,,,21.0,Female,Right handed,Normal
sub27_AB,AB,11.0,frames/Vid11_EM_T.png,frames/Vid11_L.png,l,1.0,2.452077800000552,5.0,0.6822037000019918,,,,21.0,Female,Right handed,Normal
sub27_AB,AB,12.0,frames/Vid12_EM_T.png,frames/Vid12_L.png,r,1.0,2.686573800001497,4.0,1.2494183000017074,,,,21.0,Female,Right handed,Normal
sub27_AB,AB,13.0,frames/Vid13_BB_T.png,frames/Vid13_L.png,r,1.0,4.57961339999747,4.0,2.6476044000010006,,,,21.0,Female,Right handed,Normal
sub27_AB,AB,14.0,frames/Vid14_BB_T.png,frames/Vid14_L.png,l,1.0,2.3044531000014103,4.0,0.8976724999993166,,,,21.0,Female,Right handed,Normal
sub27_AB,AB,15.0,frames/Vid15_BB_T.png,frames/Vid15_L.png,l,1.0,2.912443199998961,3.0,1.0802297000009276,,,,21.0,Female,Right handed,Normal
sub27_AB,AB,16.0,frames/Vid16_EM_T.png,frames/Vid16_L.png,r,1.0,3.965877499998896,4.0,0.9150264999989304,,,,21.0,Female,Right handed,Normal
sub27_AB,AB,17.0,frames/Vid17_BB_T.png,frames/Vid17_L.png,r,1.0,2.61907500000234,4.0,0.9634650999978476,,,,21.0,Female,Right handed,Normal
sub27_AB,AB,18.0,frames/Vid18_EM_T.png,frames/Vid18_L.png,r,1.0,2.8686338999978034,5.0,1.047787999999855,,,,21.0,Female,Right handed,Normal
sub27_AB,AB,19.0,frames/Vid19_BB_T.png,frames/Vid19_L.png,l,0.0,3.677545999998983,3.0,0.9978078000021924,,,,21.0,Female,Right handed,Normal
sub27_AB,AB,20.0,frames/Vid20_EM_T.png,frames/Vid20_L.png,r,1.0,7.5122157000005245,1.0,2.111952700000984,,,,21.0,Female,Right handed,Normal
sub27_AB,AB,21.0,frames/Vid21_BB_T.png,frames/Vid21_L.png,r,1.0,3.5923395000027085,5.0,4.848966099998506,,,,21.0,Female,Right handed,Normal
sub27_AB,AB,22.0,frames/Vid22_EM_T.png,frames/Vid22_L.png,l,1.0,2.624157300000661,5.0,2.716173199998593,,,,21.0,Female,Right handed,Normal
sub27_AB,AB,23.0,frames/Vid23_EM_T.png,frames/Vid23_L.png,r,1.0,1.993742700000439,5.0,1.865646400001424,,,,21.0,Female,Right handed,Normal
sub27_AB,AB,24.0,frames/Vid24_BB_T.png,frames/Vid24_L.png,l,1.0,2.3955823999967834,5.0,1.0155769000011787,,,,21.0,Female,Right handed,Normal
sub27_AB,AB,25.0,frames/Vid25_BB_T.png,frames/Vid25_L.png,r,1.0,8.07889680000153,4.0,1.413963099999819,,,,21.0,Female,Right handed,Normal
sub27_AB,AB,26.0,frames/Vid26_EM_T.png,frames/Vid26_L.png,l,1.0,6.636150199999975,3.0,4.748413400000572,,,,21.0,Female,Right handed,Normal
sub27_AB,AB,27.0,frames/Vid27_BB_T.png,frames/Vid27_L.png,l,1.0,4.201925199999096,5.0,0.8478911999991396,,,,21.0,Female,Right handed,Normal
sub27_AB,AB,28.0,frames/Vid28_EM_T.png,frames/Vid28_L.png,l,1.0,2.983303299999534,5.0,0.8642608999980439,,,,21.0,Female,Right handed,Normal
sub27_AB,AB,29.0,frames/Vid29_BB_T.png,frames/Vid29_L.png,l,1.0,7.7526534000026,1.0,1.097781299999042,,,,21.0,Female,Right handed,Normal
sub27_AB,AB,30.0,frames/Vid30_EM_T.png,frames/Vid30_L.png,r,1.0,3.1902479999989737,5.0,1.0319517999996606,,,,21.0,Female,Right handed,Normal
sub27_AB,AB,31.0,frames/Vid31_EM_T.png,frames/Vid31_L.png,r,1.0,2.3967345999990357,5.0,1.1641550999993342,,,,21.0,Female,Right handed,Normal
sub27_AB,AB,32.0,frames/Vid32_EM_T.png,frames/Vid32_L.png,l,1.0,3.9994979000002786,5.0,2.031016000000818,,,,21.0,Female,Right handed,Normal
sub27_AB,AB,33.0,frames/Vid33_BB_T.png,frames/Vid33_L.png,l,1.0,3.9883162999976776,5.0,1.1302752000010514,,,,21.0,Female,Right handed,Normal
sub27_AB,AB,34.0,frames/Vid34_BB_T.png,frames/Vid34_L.png,r,1.0,4.752059800001007,5.0,1.098194300000614,,,,21.0,Female,Right handed,Normal
sub27_AB,AB,35.0,frames/Vid35_EM_T.png,frames/Vid35_L.png,l,1.0,3.046840700000758,3.0,1.0806782999970892,,,,21.0,Female,Right handed,Normal
sub27_AB,AB,36.0,frames/Vid36_BB_T.png,frames/Vid36_L.png,l,1.0,3.3739064000001235,3.0,0.798725699998613,,,,21.0,Female,Right handed,Normal
sub27_AB,AB,37.0,frames/Vid37_BB_T.png,frames/Vid37_L.png,l,1.0,4.548907899999904,4.0,2.0633861999995133,,,,21.0,Female,Right handed,Normal
sub27_AB,AB,38.0,frames/Vid38_EM_T.png,frames/Vid38_L.png,r,1.0,12.14561110000068,3.0,1.2482536999996228,,,,21.0,Female,Right handed,Normal
sub27_AB,AB,39.0,frames/Vid39_BB_T.png,frames/Vid39_L.png,l,0.0,6.934542099999817,3.0,0.965074600000662,,,,21.0,Female,Right handed,Normal
sub27_AB,AB,40.0,frames/Vid40_EM_T.png,frames/Vid40_L.png,r,1.0,4.499390500001027,4.0,1.198413599999185,,,,21.0,Female,Right handed,Normal
sub29_AB,AB,1.0,frames/Vid1_EM_T.png,frames/Vid1_L.png,r,1.0,7.778114299999288,5.0,0.8979895999982546,,,,22.0,Male,Right handed,Normal
sub29_AB,AB,2.0,frames/Vid2_BB_T.png,frames/Vid2_L.png,r,1.0,6.250246899999183,5.0,1.9632235999997647,,,,22.0,Male,Right handed,Normal
sub29_AB,AB,3.0,frames/Vid3_BB_T.png,frames/Vid3_L.png,r,1.0,5.517510100002255,5.0,1.9650908000003255,,,,22.0,Male,Right handed,Normal
sub29_AB,AB,4.0,frames/Vid4_EM_T.png,frames/Vid4_L.png,l,0.0,22.613682100000005,5.0,3.8301013999989664,,,,22.0,Male,Right handed,Normal
sub29_AB,AB,5.0,frames/Vid5_EM_T.png,frames/Vid5_L.png,r,1.0,16.964991500000906,5.0,3.414939599999343,,,,22.0,Male,Right handed,Normal
sub29_AB,AB,6.0,frames/Vid6_BB_T.png,frames/Vid6_L.png,l,1.0,7.942328199998883,5.0,1.5140879999999015,,,,22.0,Male,Right handed,Normal
sub29_AB,AB,7.0,frames/Vid7_EM_T.png,frames/Vid7_L.png,r,1.0,10.527852100000018,5.0,2.0481142999997246,,,,22.0,Male,Right handed,Normal
sub29_AB,AB,8.0,frames/Vid8_BB_T.png,frames/Vid8_L.png,l,0.0,71.08478399999876,5.0,2.665060299998004,,,,22.0,Male,Right handed,Normal
sub29_AB,AB,9.0,frames/Vid9_EM_T.png,frames/Vid9_L.png,l,1.0,11.83340070000122,3.0,3.798145200002182,,,,22.0,Male,Right handed,Normal
sub29_AB,AB,10.0,frames/Vid10_BB_T.png,frames/Vid10_L.png,l,1.0,8.299730400001863,5.0,1.764921800000593,,,,22.0,Male,Right handed,Normal
sub29_AB,AB,11.0,frames/Vid11_EM_T.png,frames/Vid11_L.png,r,1.0,8.330298499997298,5.0,3.13103780000165,,,,22.0,Male,Right handed,Normal
sub29_AB,AB,12.0,frames/Vid12_EM_T.png,frames/Vid12_L.png,r,1.0,4.326618300001428,5.0,1.5823025999998208,,,,22.0,Male,Right handed,Normal
sub29_AB,AB,13.0,frames/Vid13_BB_T.png,frames/Vid13_L.png,l,1.0,10.566800799999328,5.0,1.9807914000011808,,,,22.0,Male,Right handed,Normal
sub29_AB,AB,14.0,frames/Vid14_BB_T.png,frames/Vid14_L.png,r,1.0,5.607778900000994,5.0,3.079994599997008,,,,22.0,Male,Right handed,Normal
sub29_AB,AB,15.0,frames/Vid15_BB_T.png,frames/Vid15_L.png,r,1.0,14.274580600002082,5.0,2.9144978000003903,,,,22.0,Male,Right handed,Normal
sub29_AB,AB,16.0,frames/Vid16_EM_T.png,frames/Vid16_L.png,l,1.0,19.46055350000097,4.0,4.132953399999678,,,,22.0,Male,Right handed,Normal
sub29_AB,AB,17.0,frames/Vid17_BB_T.png,frames/Vid17_L.png,r,1.0,5.295000199999777,5.0,1.598015499999747,,,,22.0,Male,Right handed,Normal
sub29_AB,AB,18.0,frames/Vid18_EM_T.png,frames/Vid18_L.png,r,1.0,5.476786600000196,5.0,1.5293176000013773,,,,22.0,Male,Right handed,Normal
sub29_AB,AB,19.0,frames/Vid19_BB_T.png,frames/Vid19_L.png,l,1.0,9.146598699997412,5.0,2.713926700002048,,,,22.0,Male,Right handed,Normal
sub29_AB,AB,20.0,frames/Vid20_EM_T.png,frames/Vid20_L.png,l,1.0,6.083859999998822,5.0,1.7470365000008314,,,,22.0,Male,Right handed,Normal
sub29_AB,AB,21.0,frames/Vid21_BB_T.png,frames/Vid21_L.png,r,1.0,9.774970200000098,5.0,2.7475832999989507,,,,22.0,Male,Right handed,Normal
sub29_AB,AB,22.0,frames/Vid22_EM_T.png,frames/Vid22_L.png,l,1.0,11.322442300002876,5.0,3.029919200002041,,,,22.0,Male,Right handed,Normal
sub29_AB,AB,23.0,frames/Vid23_EM_T.png,frames/Vid23_L.png,r,1.0,3.0384314000002632,5.0,1.74747319999733,,,,22.0,Male,Right handed,Normal
sub29_AB,AB,24.0,frames/Vid24_BB_T.png,frames/Vid24_L.png,l,1.0,10.49245289999817,5.0,9.014395500002138,,,,22.0,Male,Right handed,Normal
sub29_AB,AB,25.0,frames/Vid25_BB_T.png,frames/Vid25_L.png,l,1.0,12.259122999999818,5.0,1.3484704999973474,,,,22.0,Male,Right handed,Normal
sub29_AB,AB,26.0,frames/Vid26_EM_T.png,frames/Vid26_L.png,r,1.0,9.864075999998022,5.0,0.847840599999472,,,,22.0,Male,Right handed,Normal
sub29_AB,AB,27.0,frames/Vid27_BB_T.png,frames/Vid27_L.png,r,1.0,9.69104470000093,5.0,1.5807401000020036,,,,22.0,Male,Right handed,Normal
sub29_AB,AB,28.0,frames/Vid28_EM_T.png,frames/Vid28_L.png,r,1.0,6.906180600002699,5.0,3.9646162999997614,,,,22.0,Male,Right handed,Normal
sub29_AB,AB,29.0,frames/Vid29_BB_T.png,frames/Vid29_L.png,l,1.0,5.154185700001108,5.0,1.0814377000024251,,,,22.0,Male,Right handed,Normal
sub29_AB,AB,30.0,frames/Vid30_EM_T.png,frames/Vid30_L.png,r,1.0,6.259499899999355,5.0,1.4151854000010644,,,,22.0,Male,Right handed,Normal
sub29_AB,AB,31.0,frames/Vid31_EM_T.png,frames/Vid31_L.png,r,1.0,4.414770800001861,5.0,3.748096499999519,,,,22.0,Male,Right handed,Normal
sub29_AB,AB,32.0,frames/Vid32_EM_T.png,frames/Vid32_L.png,r,1.0,5.072590700001456,5.0,1.330925099999149,,,,22.0,Male,Right handed,Normal
sub29_AB,AB,33.0,frames/Vid33_BB_T.png,frames/Vid33_L.png,l,1.0,6.99251699999877,5.0,5.298080000000482,,,,22.0,Male,Right handed,Normal
sub29_AB,AB,34.0,frames/Vid34_BB_T.png,frames/Vid34_L.png,l,1.0,5.924402500000724,5.0,2.030392299999221,,,,22.0,Male,Right handed,Normal
sub29_AB,AB,35.0,frames/Vid35_EM_T.png,frames/Vid35_L.png,r,1.0,4.063378700000612,5.0,1.1316468000004534,,,,22.0,Male,Right handed,Normal
sub29_AB,AB,36.0,frames/Vid36_BB_T.png,frames/Vid36_L.png,r,1.0,10.736936799999969,5.0,1.9143116000013831,,,,22.0,Male,Right handed,Normal
sub29_AB,AB,37.0,frames/Vid37_BB_T.png,frames/Vid37_L.png,l,1.0,4.3737409000023035,5.0,1.798494100003154,,,,22.0,Male,Right handed,Normal
sub29_AB,AB,38.0,frames/Vid38_EM_T.png,frames/Vid38_L.png,r,1.0,21.245924099999684,5.0,1.7654556999987108,,,,22.0,Male,Right handed,Normal
sub29_AB,AB,39.0,frames/Vid39_BB_T.png,frames/Vid39_L.png,l,1.0,55.50483180000083,2.0,3.4144567000003008,,,,22.0,Male,Right handed,Normal
sub29_AB,AB,40.0,frames/Vid40_EM_T.png,frames/Vid40_L.png,l,1.0,4.838490699999966,5.0,1.464415200000076,,,,22.0,Male,Right handed,Normal
sub30_AB,AB,1.0,frames/Vid1_EM_T.png,frames/Vid1_L.png,l,1.0,3.318468400000711,5.0,1.1642361000012895,,,,20.0,Male,Right handed,Normal
sub30_AB,AB,2.0,frames/Vid2_BB_T.png,frames/Vid2_L.png,l,1.0,4.7397191999989445,5.0,1.2131497000009404,,,,20.0,Male,Right handed,Normal
sub30_AB,AB,3.0,frames/Vid3_BB_T.png,frames/Vid3_L.png,l,1.0,3.1055395000003045,5.0,1.7142261999979382,,,,20.0,Male,Right handed,Normal
sub30_AB,AB,4.0,frames/Vid4_EM_T.png,frames/Vid4_L.png,l,1.0,21.69445640000049,4.0,0.8163701999983459,,,,20.0,Male,Right handed,Normal
sub30_AB,AB,5.0,frames/Vid5_EM_T.png,frames/Vid5_L.png,r,0.0,12.448094200000924,3.0,1.3315873999999894,,,,20.0,Male,Right handed,Normal
sub30_AB,AB,6.0,frames/Vid6_BB_T.png,frames/Vid6_L.png,r,1.0,3.3802009999999427,5.0,1.9309806000019307,,,,20.0,Male,Right handed,Normal
sub30_AB,AB,7.0,frames/Vid7_EM_T.png,frames/Vid7_L.png,l,1.0,5.583192699999927,5.0,1.162538399999903,,,,20.0,Male,Right handed,Normal
sub30_AB,AB,8.0,frames/Vid8_BB_T.png,frames/Vid8_L.png,r,1.0,6.779797800001688,5.0,0.6979362999991281,,,,20.0,Male,Right handed,Normal
sub30_AB,AB,9.0,frames/Vid9_EM_T.png,frames/Vid9_L.png,r,1.0,10.35022730000128,4.0,2.46299050000016,,,,20.0,Male,Right handed,Normal
sub30_AB,AB,10.0,frames/Vid10_BB_T.png,frames/Vid10_L.png,r,1.0,5.73878710000281,4.0,1.6137767000036547,,,,20.0,Male,Right handed,Normal
sub30_AB,AB,11.0,frames/Vid11_EM_T.png,frames/Vid11_L.png,l,1.0,2.943454299998848,5.0,0.8474838999973144,,,,20.0,Male,Right handed,Normal
sub30_AB,AB,12.0,frames/Vid12_EM_T.png,frames/Vid12_L.png,r,1.0,2.615761199998815,5.0,0.8973541000013938,,,,20.0,Male,Right handed,Normal
sub30_AB,AB,13.0,frames/Vid13_BB_T.png,frames/Vid13_L.png,l,0.0,9.888299999998708,4.0,2.0476067000017792,,,,20.0,Male,Right handed,Normal
sub30_AB,AB,14.0,frames/Vid14_BB_T.png,frames/Vid14_L.png,l,1.0,8.302824200000032,3.0,1.514167199999065,,,,20.0,Male,Right handed,Normal
sub30_AB,AB,15.0,frames/Vid15_BB_T.png,frames/Vid15_L.png,l,0.0,15.954614599999331,5.0,3.665307800001756,,,,20.0,Male,Right handed,Normal
sub30_AB,AB,16.0,frames/Vid16_EM_T.png,frames/Vid16_L.png,r,1.0,11.01350839999941,4.0,1.0468390000023646,,,,20.0,Male,Right handed,Normal
sub30_AB,AB,17.0,frames/Vid17_BB_T.png,frames/Vid17_L.png,l,0.0,6.775476499999058,3.0,0.8800785999992513,,,,20.0,Male,Right handed,Normal
sub30_AB,AB,18.0,frames/Vid18_EM_T.png,frames/Vid18_L.png,l,1.0,4.213885000001028,4.0,1.7302233999980672,,,,20.0,Male,Right handed,Normal
sub30_AB,AB,19.0,frames/Vid19_BB_T.png,frames/Vid19_L.png,r,1.0,4.769703600002686,4.0,1.3989010000004782,,,,20.0,Male,Right handed,Normal
sub30_AB,AB,20.0,frames/Vid20_EM_T.png,frames/Vid20_L.png,r,1.0,4.213607999998203,5.0,0.8979712000000291,,,,20.0,Male,Right handed,Normal
sub30_AB,AB,21.0,frames/Vid21_BB_T.png,frames/Vid21_L.png,r,1.0,11.788833599999634,5.0,1.2482571000000462,,,,20.0,Male,Right handed,Normal
sub30_AB,AB,22.0,frames/Vid22_EM_T.png,frames/Vid22_L.png,l,1.0,3.0591247999982443,5.0,0.9153026000021782,,,,20.0,Male,Right handed,Normal
sub30_AB,AB,23.0,frames/Vid23_EM_T.png,frames/Vid23_L.png,l,1.0,8.273195599998871,3.0,1.013868600002752,,,,20.0,Male,Right handed,Normal
sub30_AB,AB,24.0,frames/Vid24_BB_T.png,frames/Vid24_L.png,r,1.0,5.591136200000619,5.0,8.015633299997717,,,,20.0,Male,Right handed,Normal
sub30_AB,AB,25.0,frames/Vid25_BB_T.png,frames/Vid25_L.png,l,1.0,14.707863700001326,2.0,2.9314349999986007,,,,20.0,Male,Right handed,Normal
sub30_AB,AB,26.0,frames/Vid26_EM_T.png,frames/Vid26_L.png,l,1.0,5.5052340000002005,5.0,0.9660846999977366,,,,20.0,Male,Right handed,Normal
sub30_AB,AB,27.0,frames/Vid27_BB_T.png,frames/Vid27_L.png,r,1.0,5.255185000001802,5.0,1.0481362999998964,,,,20.0,Male,Right handed,Normal
sub30_AB,AB,28.0,frames/Vid28_EM_T.png,frames/Vid28_L.png,l,1.0,3.472712999995565,5.0,0.7977735000022221,,,,20.0,Male,Right handed,Normal
sub30_AB,AB,29.0,frames/Vid29_BB_T.png,frames/Vid29_L.png,l,1.0,10.020234299998265,4.0,1.7653891000009023,,,,20.0,Male,Right handed,Normal
sub30_AB,AB,30.0,frames/Vid30_EM_T.png,frames/Vid30_L.png,r,1.0,7.161551200006215,5.0,1.082154100004118,,,,20.0,Male,Right handed,Normal
sub30_AB,AB,31.0,frames/Vid31_EM_T.png,frames/Vid31_L.png,r,1.0,3.8059725999992224,5.0,1.0156193999973766,,,,20.0,Male,Right handed,Normal
sub30_AB,AB,32.0,frames/Vid32_EM_T.png,frames/Vid32_L.png,l,1.0,4.149619299998449,5.0,0.8659293999990041,,,,20.0,Male,Right handed,Normal
sub30_AB,AB,33.0,frames/Vid33_BB_T.png,frames/Vid33_L.png,l,1.0,5.1566859999948065,5.0,1.1457623000023889,,,,20.0,Male,Right handed,Normal
sub30_AB,AB,34.0,frames/Vid34_BB_T.png,frames/Vid34_L.png,l,1.0,5.040838699998858,3.0,0.7816639000011492,,,,20.0,Male,Right handed,Normal
sub30_AB,AB,35.0,frames/Vid35_EM_T.png,frames/Vid35_L.png,l,1.0,7.340615700002672,3.0,1.016536099999939,,,,20.0,Male,Right handed,Normal
sub30_AB,AB,36.0,frames/Vid36_BB_T.png,frames/Vid36_L.png,l,0.0,14.456402800002252,3.0,1.5653071999986423,,,,20.0,Male,Right handed,Normal
sub30_AB,AB,37.0,frames/Vid37_BB_T.png,frames/Vid37_L.png,r,1.0,3.962653200000205,5.0,1.231041200000618,,,,20.0,Male,Right handed,Normal
sub30_AB,AB,38.0,frames/Vid38_EM_T.png,frames/Vid38_L.png,l,1.0,6.475190600001952,5.0,1.1805080000012822,,,,20.0,Male,Right handed,Normal
sub30_AB,AB,39.0,frames/Vid39_BB_T.png,frames/Vid39_L.png,r,0.0,9.46414999999979,3.0,2.648400699999911,,,,20.0,Male,Right handed,Normal
sub30_AB,AB,40.0,frames/Vid40_EM_T.png,frames/Vid40_L.png,l,1.0,12.39373699999851,4.0,2.781412399999681,,,,20.0,Male,Right handed,Normal
sub31_AB,AB,1.0,frames/Vid1_EM_T.png,frames/Vid1_L.png,l,1.0,15.089313600001333,5.0,2.163853999998537,,,,24.0,Male,Right handed,Normal
sub31_AB,AB,1.0,frames/Vid1_EM_T.png,frames/Vid1_L.png,r,1.0,16.41557019999891,5.0,1.7649520999984816,,,,24.0,Male,Right handed,Normal
sub31_AB,AB,2.0,frames/Vid2_BB_T.png,frames/Vid2_L.png,r,1.0,4.857149399998889,5.0,1.282659500000591,,,,24.0,Male,Right handed,Normal
sub31_AB,AB,2.0,frames/Vid2_BB_T.png,frames/Vid2_L.png,r,1.0,5.49198289999913,5.0,1.2812602000049085,,,,24.0,Male,Right handed,Normal
sub31_AB,AB,3.0,frames/Vid3_BB_T.png,frames/Vid3_L.png,r,1.0,4.807049100003496,5.0,1.5312009000044782,,,,24.0,Male,Right handed,Normal
sub31_AB,AB,3.0,frames/Vid3_BB_T.png,frames/Vid3_L.png,r,1.0,5.649894200003473,5.0,1.065297199995257,,,,24.0,Male,Right handed,Normal
sub31_AB,AB,4.0,frames/Vid4_EM_T.png,frames/Vid4_L.png,r,1.0,10.011948699997449,4.0,2.462797899999714,,,,24.0,Male,Right handed,Normal
sub31_AB,AB,4.0,frames/Vid4_EM_T.png,frames/Vid4_L.png,r,1.0,13.065104299996165,5.0,0.7152270000078715,,,,24.0,Male,Right handed,Normal
sub31_AB,AB,5.0,frames/Vid5_EM_T.png,frames/Vid5_L.png,r,1.0,5.491333400001167,4.0,2.130585599996266,,,,24.0,Male,Right handed,Normal
sub31_AB,AB,5.0,frames/Vid5_EM_T.png,frames/Vid5_L.png,r,1.0,3.876145099988207,5.0,0.5961811000015587,,,,24.0,Male,Right handed,Normal
sub31_AB,AB,6.0,frames/Vid6_BB_T.png,frames/Vid6_L.png,l,1.0,3.09679309999774,5.0,1.497915399995691,,,,24.0,Male,Right handed,Normal
sub31_AB,AB,6.0,frames/Vid6_BB_T.png,frames/Vid6_L.png,l,1.0,4.692830499989213,5.0,2.098403199997847,,,,24.0,Male,Right handed,Normal
sub31_AB,AB,7.0,frames/Vid7_EM_T.png,frames/Vid7_L.png,r,0.0,3.937228399998275,4.0,0.8980115999947884,,,,24.0,Male,Right handed,Normal
sub31_AB,AB,7.0,frames/Vid7_EM_T.png,frames/Vid7_L.png,l,0.0,4.3274934999935795,4.0,1.0310060000047088,,,,24.0,Male,Right handed,Normal
sub31_AB,AB,8.0,frames/Vid8_BB_T.png,frames/Vid8_L.png,r,0.0,2.441947799998161,5.0,0.931847599997127,,,,24.0,Male,Right handed,Normal
sub31_AB,AB,8.0,frames/Vid8_BB_T.png,frames/Vid8_L.png,r,0.0,13.671690899995156,5.0,6.696661000009044,,,,24.0,Male,Right handed,Normal
sub31_AB,AB,9.0,frames/Vid9_EM_T.png,frames/Vid9_L.png,r,1.0,3.738877000003413,4.0,2.132381799994618,,,,24.0,Male,Right handed,Normal
sub31_AB,AB,9.0,frames/Vid9_EM_T.png,frames/Vid9_L.png,r,1.0,3.9815266000077822,5.0,1.3314468000025954,,,,24.0,Male,Right handed,Normal
sub31_AB,AB,10.0,frames/Vid10_BB_T.png,frames/Vid10_L.png,r,0.0,8.230884099997638,5.0,1.2820810999983223,,,,24.0,Male,Right handed,Normal
sub31_AB,AB,10.0,frames/Vid10_BB_T.png,frames/Vid10_L.png,l,1.0,6.94926540000597,5.0,0.965357299995958,,,,24.0,Male,Right handed,Normal
sub31_AB,AB,11.0,frames/Vid11_EM_T.png,frames/Vid11_L.png,l,1.0,5.139931899997464,5.0,4.481316799996421,,,,24.0,Male,Right handed,Normal
sub31_AB,AB,11.0,frames/Vid11_EM_T.png,frames/Vid11_L.png,l,1.0,2.917291199992178,5.0,1.497600800008513,,,,24.0,Male,Right handed,Normal
sub31_AB,AB,12.0,frames/Vid12_EM_T.png,frames/Vid12_L.png,r,1.0,2.5359489000038593,5.0,0.7646549999990384,,,,24.0,Male,Right handed,Normal
sub31_AB,AB,12.0,frames/Vid12_EM_T.png,frames/Vid12_L.png,r,0.0,8.221927800012054,5.0,1.198572699999204,,,,24.0,Male,Right handed,Normal
sub31_AB,AB,13.0,frames/Vid13_BB_T.png,frames/Vid13_L.png,l,1.0,3.691052999995009,1.0,0.998695399997814,,,,24.0,Male,Right handed,Normal
sub31_AB,AB,13.0,frames/Vid13_BB_T.png,frames/Vid13_L.png,l,1.0,4.338672700003372,4.0,1.4134181999979774,,,,24.0,Male,Right handed,Normal
sub31_AB,AB,14.0,frames/Vid14_BB_T.png,frames/Vid14_L.png,r,1.0,2.840851200002362,5.0,0.981052399998589,,,,24.0,Male,Right handed,Normal
sub31_AB,AB,14.0,frames/Vid14_BB_T.png,frames/Vid14_L.png,l,1.0,2.0508726999978535,5.0,0.6989143000100739,,,,24.0,Male,Right handed,Normal
sub31_AB,AB,15.0,frames/Vid15_BB_T.png,frames/Vid15_L.png,l,1.0,4.584140200000547,5.0,0.882431899997755,,,,24.0,Male,Right handed,Normal
sub31_AB,AB,15.0,frames/Vid15_BB_T.png,frames/Vid15_L.png,l,1.0,3.226851200000965,5.0,0.6824255999963498,,,,24.0,Male,Right handed,Normal
sub31_AB,AB,16.0,frames/Vid16_EM_T.png,frames/Vid16_L.png,l,0.0,3.0319763000006787,1.0,2.597431100002723,,,,24.0,Male,Right handed,Normal
sub31_AB,AB,16.0,frames/Vid16_EM_T.png,frames/Vid16_L.png,l,0.0,13.200482200001716,3.0,1.6309652000054484,,,,24.0,Male,Right handed,Normal
sub31_AB,AB,17.0,frames/Vid17_BB_T.png,frames/Vid17_L.png,r,1.0,3.9388609000016,4.0,0.7473169000004418,,,,24.0,Male,Right handed,Normal
sub31_AB,AB,17.0,frames/Vid17_BB_T.png,frames/Vid17_L.png,r,1.0,5.535243499994976,5.0,1.9976762000005692,,,,24.0,Male,Right handed,Normal
sub31_AB,AB,18.0,frames/Vid18_EM_T.png,frames/Vid18_L.png,l,1.0,3.532047300002887,4.0,1.4636581999948248,,,,24.0,Male,Right handed,Normal
sub31_AB,AB,18.0,frames/Vid18_EM_T.png,frames/Vid18_L.png,l,1.0,3.516948100004811,5.0,0.6478193999937503,,,,24.0,Male,Right handed,Normal
sub31_AB,AB,19.0,frames/Vid19_BB_T.png,frames/Vid19_L.png,r,0.0,4.48018189999857,3.0,1.3634391999949005,,,,24.0,Male,Right handed,Normal
sub31_AB,AB,19.0,frames/Vid19_BB_T.png,frames/Vid19_L.png,r,0.0,7.452099200003431,3.0,1.4157380999968154,,,,24.0,Male,Right handed,Normal
sub31_AB,AB,20.0,frames/Vid20_EM_T.png,frames/Vid20_L.png,r,0.0,6.805494799998996,3.0,3.729562000000442,,,,24.0,Male,Right handed,Normal
sub31_AB,AB,20.0,frames/Vid20_EM_T.png,frames/Vid20_L.png,r,1.0,5.547418499991181,4.0,1.214760999995633,,,,24.0,Male,Right handed,Normal
sub31_AB,AB,21.0,frames/Vid21_BB_T.png,frames/Vid21_L.png,l,1.0,3.50453770000604,5.0,1.0476816999944276,,,,24.0,Male,Right handed,Normal
sub31_AB,AB,21.0,frames/Vid21_BB_T.png,frames/Vid21_L.png,r,1.0,5.549666699997033,3.0,2.047196699990309,,,,24.0,Male,Right handed,Normal
sub31_AB,AB,22.0,frames/Vid22_EM_T.png,frames/Vid22_L.png,l,1.0,6.1347475000002305,5.0,1.7296678999991857,,,,24.0,Male,Right handed,Normal
sub31_AB,AB,22.0,frames/Vid22_EM_T.png,frames/Vid22_L.png,l,1.0,2.6516763999970863,5.0,1.0813494000030914,,,,24.0,Male,Right handed,Normal
sub31_AB,AB,23.0,frames/Vid23_EM_T.png,frames/Vid23_L.png,r,1.0,2.9135871999969822,5.0,0.9808188999959384,,,,24.0,Male,Right handed,Normal
sub31_AB,AB,23.0,frames/Vid23_EM_T.png,frames/Vid23_L.png,l,1.0,5.105593300002511,3.0,2.08159460000752,,,,24.0,Male,Right handed,Normal
sub31_AB,AB,24.0,frames/Vid24_BB_T.png,frames/Vid24_L.png,r,1.0,3.287233799994283,4.0,0.9495805999977164,,,,24.0,Male,Right handed,Normal
sub31_AB,AB,24.0,frames/Vid24_BB_T.png,frames/Vid24_L.png,l,1.0,5.400502899996354,5.0,1.3985339000064414,,,,24.0,Male,Right handed,Normal
sub31_AB,AB,25.0,frames/Vid25_BB_T.png,frames/Vid25_L.png,l,1.0,4.62086549999367,5.0,1.030381500000658,,,,24.0,Male,Right handed,Normal
sub31_AB,AB,25.0,frames/Vid25_BB_T.png,frames/Vid25_L.png,l,0.0,9.899121000009472,5.0,1.5278775000042517,,,,24.0,Male,Right handed,Normal
sub31_AB,AB,26.0,frames/Vid26_EM_T.png,frames/Vid26_L.png,l,1.0,13.018890100000135,3.0,2.4152516999965883,,,,24.0,Male,Right handed,Normal
sub31_AB,AB,26.0,frames/Vid26_EM_T.png,frames/Vid26_L.png,l,1.0,16.118774799993844,5.0,1.382220999992569,,,,24.0,Male,Right handed,Normal
sub31_AB,AB,27.0,frames/Vid27_BB_T.png,frames/Vid27_L.png,l,1.0,2.117244000000938,5.0,1.2306242999984534,,,,24.0,Male,Right handed,Normal
sub31_AB,AB,27.0,frames/Vid27_BB_T.png,frames/Vid27_L.png,r,1.0,2.606755900007556,3.0,0.9143271000066306,,,,24.0,Male,Right handed,Normal
sub31_AB,AB,28.0,frames/Vid28_EM_T.png,frames/Vid28_L.png,r,1.0,5.686356000005617,5.0,0.5811727000036626,,,,24.0,Male,Right handed,Normal
sub31_AB,AB,28.0,frames/Vid28_EM_T.png,frames/Vid28_L.png,l,1.0,3.6403291000024183,5.0,1.4312069000006886,,,,24.0,Male,Right handed,Normal
sub31_AB,AB,29.0,frames/Vid29_BB_T.png,frames/Vid29_L.png,l,1.0,3.8748829000032856,3.0,2.3808839000048465,,,,24.0,Male,Right handed,Normal
sub31_AB,AB,29.0,frames/Vid29_BB_T.png,frames/Vid29_L.png,r,1.0,4.024767399998382,4.0,1.231112499997835,,,,24.0,Male,Right handed,Normal
sub31_AB,AB,30.0,frames/Vid30_EM_T.png,frames/Vid30_L.png,l,0.0,4.279831899999408,5.0,1.0478340999979991,,,,24.0,Male,Right handed,Normal
sub31_AB,AB,30.0,frames/Vid30_EM_T.png,frames/Vid30_L.png,l,1.0,5.978338499990059,5.0,1.5649082000018095,,,,24.0,Male,Right handed,Normal
sub31_AB,AB,31.0,frames/Vid31_EM_T.png,frames/Vid31_L.png,r,1.0,3.560818600002676,5.0,1.6310585999963223,,,,24.0,Male,Right handed,Normal
sub31_AB,AB,31.0,frames/Vid31_EM_T.png,frames/Vid31_L.png,l,1.0,2.888665499995114,5.0,0.8150645999994595,,,,24.0,Male,Right handed,Normal
sub31_AB,AB,32.0,frames/Vid32_EM_T.png,frames/Vid32_L.png,r,1.0,4.071016800000507,5.0,0.831839200000104,,,,24.0,Male,Right handed,Normal
sub31_AB,AB,32.0,frames/Vid32_EM_T.png,frames/Vid32_L.png,r,1.0,4.460716500005219,5.0,1.3979238999891097,,,,24.0,Male,Right handed,Normal
sub31_AB,AB,33.0,frames/Vid33_BB_T.png,frames/Vid33_L.png,l,1.0,3.7556492000003345,4.0,1.9655343999984325,,,,24.0,Male,Right handed,Normal
sub31_AB,AB,33.0,frames/Vid33_BB_T.png,frames/Vid33_L.png,l,1.0,4.5333049000037136,5.0,1.3489754000038374,,,,24.0,Male,Right handed,Normal
sub31_AB,AB,34.0,frames/Vid34_BB_T.png,frames/Vid34_L.png,r,0.0,5.816857899997558,5.0,1.1471921999982442,,,,24.0,Male,Right handed,Normal
sub31_AB,AB,34.0,frames/Vid34_BB_T.png,frames/Vid34_L.png,r,1.0,5.7653406000026735,5.0,1.5820804000104545,,,,24.0,Male,Right handed,Normal
sub31_AB,AB,35.0,frames/Vid35_EM_T.png,frames/Vid35_L.png,r,1.0,3.488919600000372,4.0,1.0314110000035726,,,,24.0,Male,Right handed,Normal
sub31_AB,AB,35.0,frames/Vid35_EM_T.png,frames/Vid35_L.png,r,1.0,5.844843900005799,5.0,0.6984370999998646,,,,24.0,Male,Right handed,Normal
sub31_AB,AB,36.0,frames/Vid36_BB_T.png,frames/Vid36_L.png,l,1.0,4.097847800003365,5.0,1.3145736000005854,,,,24.0,Male,Right handed,Normal
sub31_AB,AB,36.0,frames/Vid36_BB_T.png,frames/Vid36_L.png,r,1.0,3.4073148999887053,5.0,0.8811370999901555,,,,24.0,Male,Right handed,Normal
sub31_AB,AB,37.0,frames/Vid37_BB_T.png,frames/Vid37_L.png,r,1.0,3.609571700006199,5.0,2.314704000003985,,,,24.0,Male,Right handed,Normal
sub31_AB,AB,37.0,frames/Vid37_BB_T.png,frames/Vid37_L.png,l,1.0,3.4626501000020653,5.0,1.0637531999964267,,,,24.0,Male,Right handed,Normal
sub31_AB,AB,38.0,frames/Vid38_EM_T.png,frames/Vid38_L.png,l,1.0,5.931443299996317,2.0,3.115010400004394,,,,24.0,Male,Right handed,Normal
sub31_AB,AB,38.0,frames/Vid38_EM_T.png,frames/Vid38_L.png,r,1.0,4.53214090000256,2.0,3.44822849999764,,,,24.0,Male,Right handed,Normal
sub31_AB,AB,39.0,frames/Vid39_BB_T.png,frames/Vid39_L.png,r,0.0,3.869394299996202,5.0,1.2626772000003257,,,,24.0,Male,Right handed,Normal
sub31_AB,AB,39.0,frames/Vid39_BB_T.png,frames/Vid39_L.png,l,1.0,8.03256569999212,3.0,1.632102899995516,,,,24.0,Male,Right handed,Normal
sub31_AB,AB,40.0,frames/Vid40_EM_T.png,frames/Vid40_L.png,r,1.0,2.9894008000046597,5.0,1.3320768000048702,,,,24.0,Male,Right handed,Normal
sub31_AB,AB,40.0,frames/Vid40_EM_T.png,frames/Vid40_L.png,l,1.0,4.509432899998501,5.0,1.7152697000128685,,,,24.0,Male,Right handed,Normal
sub32_AB,AB,1.0,frames/Vid1_EM_T.png,frames/Vid1_L.png,l,1.0,4.574991799992858,5.0,1.0828264000010677,,,,19.0,Female,Right handed,Corrected to normal
sub32_AB,AB,2.0,frames/Vid2_BB_T.png,frames/Vid2_L.png,r,1.0,3.4694017000001622,5.0,1.380573999995249,,,,19.0,Female,Right handed,Corrected to normal
sub32_AB,AB,3.0,frames/Vid3_BB_T.png,frames/Vid3_L.png,r,1.0,3.086748500005342,5.0,1.430534200000693,,,,19.0,Female,Right handed,Corrected to normal
sub32_AB,AB,4.0,frames/Vid4_EM_T.png,frames/Vid4_L.png,r,0.0,18.165077800003928,2.0,2.4143365000054473,,,,19.0,Female,Right handed,Corrected to normal
sub32_AB,AB,5.0,frames/Vid5_EM_T.png,frames/Vid5_L.png,r,0.0,11.993850300001212,2.0,1.7150750000000698,,,,19.0,Female,Right handed,Corrected to normal
sub32_AB,AB,6.0,frames/Vid6_BB_T.png,frames/Vid6_L.png,r,1.0,3.50422499999695,5.0,1.8984115999919595,,,,19.0,Female,Right handed,Corrected to normal
sub32_AB,AB,7.0,frames/Vid7_EM_T.png,frames/Vid7_L.png,r,1.0,6.114121899998281,3.0,0.8977168999990681,,,,19.0,Female,Right handed,Corrected to normal
sub32_AB,AB,8.0,frames/Vid8_BB_T.png,frames/Vid8_L.png,r,1.0,18.217712500001653,4.0,1.2802196999982698,,,,19.0,Female,Right handed,Corrected to normal
sub32_AB,AB,9.0,frames/Vid9_EM_T.png,frames/Vid9_L.png,l,1.0,4.310109600002761,5.0,0.831873800008907,,,,19.0,Female,Right handed,Corrected to normal
sub32_AB,AB,10.0,frames/Vid10_BB_T.png,frames/Vid10_L.png,r,1.0,4.248061299993424,5.0,1.631559000001289,,,,19.0,Female,Right handed,Corrected to normal
sub32_AB,AB,11.0,frames/Vid11_EM_T.png,frames/Vid11_L.png,r,1.0,5.4428216999949655,5.0,0.7647754999925382,,,,19.0,Female,Right handed,Corrected to normal
sub32_AB,AB,12.0,frames/Vid12_EM_T.png,frames/Vid12_L.png,r,1.0,2.381137400006992,5.0,0.997375799997826,,,,19.0,Female,Right handed,Corrected to normal
sub32_AB,AB,13.0,frames/Vid13_BB_T.png,frames/Vid13_L.png,r,1.0,10.47526469999866,3.0,1.9986778000020424,,,,19.0,Female,Right handed,Corrected to normal
sub32_AB,AB,14.0,frames/Vid14_BB_T.png,frames/Vid14_L.png,l,1.0,4.8689569999987725,5.0,1.9642507000098703,,,,19.0,Female,Right handed,Corrected to normal
sub32_AB,AB,15.0,frames/Vid15_BB_T.png,frames/Vid15_L.png,r,1.0,3.5770587000006344,5.0,1.51353320000635,,,,19.0,Female,Right handed,Corrected to normal
sub32_AB,AB,16.0,frames/Vid16_EM_T.png,frames/Vid16_L.png,l,1.0,9.689950400003,4.0,1.8322544999973616,,,,19.0,Female,Right handed,Corrected to normal
sub32_AB,AB,17.0,frames/Vid17_BB_T.png,frames/Vid17_L.png,r,1.0,4.369357799994759,5.0,0.8479105000005802,,,,19.0,Female,Right handed,Corrected to normal
sub32_AB,AB,18.0,frames/Vid18_EM_T.png,frames/Vid18_L.png,r,1.0,3.2279827000020305,5.0,0.8325621999974828,,,,19.0,Female,Right handed,Corrected to normal
sub32_AB,AB,19.0,frames/Vid19_BB_T.png,frames/Vid19_L.png,r,0.0,4.741668799993931,3.0,31.13011589999951,,,,19.0,Female,Right handed,Corrected to normal
sub32_AB,AB,20.0,frames/Vid20_EM_T.png,frames/Vid20_L.png,r,1.0,3.5651876000047196,5.0,0.6649767000053544,,,,19.0,Female,Right handed,Corrected to normal
sub32_AB,AB,21.0,frames/Vid21_BB_T.png,frames/Vid21_L.png,l,1.0,2.8029959999985294,5.0,1.297201800000039,,,,19.0,Female,Right handed,Corrected to normal
sub32_AB,AB,22.0,frames/Vid22_EM_T.png,frames/Vid22_L.png,r,1.0,3.7556006999948295,5.0,1.6307630000083009,,,,19.0,Female,Right handed,Corrected to normal
sub32_AB,AB,23.0,frames/Vid23_EM_T.png,frames/Vid23_L.png,r,1.0,5.016064499999629,5.0,0.7469593999994686,,,,19.0,Female,Right handed,Corrected to normal
sub32_AB,AB,24.0,frames/Vid24_BB_T.png,frames/Vid24_L.png,l,1.0,3.238657499998226,5.0,1.3817323999974178,,,,19.0,Female,Right handed,Corrected to normal
sub32_AB,AB,25.0,frames/Vid25_BB_T.png,frames/Vid25_L.png,l,1.0,3.6344452999910577,5.0,0.7972478000010597,,,,19.0,Female,Right handed,Corrected to normal
sub32_AB,AB,26.0,frames/Vid26_EM_T.png,frames/Vid26_L.png,l,1.0,3.656207100008032,5.0,2.047827100002906,,,,19.0,Female,Right handed,Corrected to normal
sub32_AB,AB,27.0,frames/Vid27_BB_T.png,frames/Vid27_L.png,r,1.0,5.247384100002819,5.0,1.2488116000022274,,,,19.0,Female,Right handed,Corrected to normal
sub32_AB,AB,28.0,frames/Vid28_EM_T.png,frames/Vid28_L.png,r,1.0,2.9146601000102237,5.0,1.4644952000089688,,,,19.0,Female,Right handed,Corrected to normal
sub32_AB,AB,29.0,frames/Vid29_BB_T.png,frames/Vid29_L.png,r,1.0,5.318141499999911,5.0,0.731374599999981,,,,19.0,Female,Right handed,Corrected to normal
sub32_AB,AB,30.0,frames/Vid30_EM_T.png,frames/Vid30_L.png,r,1.0,6.432268300006399,5.0,2.599078200000804,,,,19.0,Female,Right handed,Corrected to normal
sub32_AB,AB,31.0,frames/Vid31_EM_T.png,frames/Vid31_L.png,r,1.0,2.533555300004082,5.0,0.647598299998208,,,,19.0,Female,Right handed,Corrected to normal
sub32_AB,AB,32.0,frames/Vid32_EM_T.png,frames/Vid32_L.png,l,1.0,2.618330400000559,5.0,1.181618000002345,,,,19.0,Female,Right handed,Corrected to normal
sub32_AB,AB,33.0,frames/Vid33_BB_T.png,frames/Vid33_L.png,r,1.0,4.591608099988662,5.0,0.8293171000113944,,,,19.0,Female,Right handed,Corrected to normal
sub32_AB,AB,34.0,frames/Vid34_BB_T.png,frames/Vid34_L.png,r,1.0,4.036821600006078,5.0,0.8310411999991629,,,,19.0,Female,Right handed,Corrected to normal
sub32_AB,AB,35.0,frames/Vid35_EM_T.png,frames/Vid35_L.png,r,1.0,2.2317785999912303,5.0,0.648663400002988,,,,19.0,Female,Right handed,Corrected to normal
sub32_AB,AB,36.0,frames/Vid36_BB_T.png,frames/Vid36_L.png,l,1.0,4.552219799996237,5.0,2.9131252999941353,,,,19.0,Female,Right handed,Corrected to normal
sub32_AB,AB,37.0,frames/Vid37_BB_T.png,frames/Vid37_L.png,r,1.0,3.004218200003379,5.0,0.7315997999976389,,,,19.0,Female,Right handed,Corrected to normal
sub32_AB,AB,38.0,frames/Vid38_EM_T.png,frames/Vid38_L.png,l,1.0,8.498428199993214,2.0,1.548061300010886,,,,19.0,Female,Right handed,Corrected to normal
sub32_AB,AB,39.0,frames/Vid39_BB_T.png,frames/Vid39_L.png,l,1.0,9.96606979999342,3.0,1.5951689000066835,,,,19.0,Female,Right handed,Corrected to normal
sub32_AB,AB,40.0,frames/Vid40_EM_T.png,frames/Vid40_L.png,l,1.0,5.988104799995199,5.0,1.4818337999895448,,,,19.0,Female,Right handed,Corrected to normal
sub33_AB,AB,1.0,frames/Vid1_EM_T.png,frames/Vid1_L.png,l,1.0,15.192531599997892,3.0,1.1986418000014964,,,,23.0,Male,Right handed,Normal
sub33_AB,AB,2.0,frames/Vid2_BB_T.png,frames/Vid2_L.png,r,1.0,4.866004800001974,5.0,1.4643716999999017,,,,23.0,Male,Right handed,Normal
sub33_AB,AB,3.0,frames/Vid3_BB_T.png,frames/Vid3_L.png,r,1.0,6.146723800004111,5.0,1.4629286999988835,,,,23.0,Male,Right handed,Normal
sub33_AB,AB,4.0,frames/Vid4_EM_T.png,frames/Vid4_L.png,l,0.0,9.371825099995476,4.0,1.3313606000010625,,,,23.0,Male,Right handed,Normal
sub33_AB,AB,5.0,frames/Vid5_EM_T.png,frames/Vid5_L.png,l,1.0,3.852576699995552,5.0,1.4811348000075668,,,,23.0,Male,Right handed,Normal
sub33_AB,AB,6.0,frames/Vid6_BB_T.png,frames/Vid6_L.png,r,1.0,5.384640199990827,5.0,1.232047799989232,,,,23.0,Male,Right handed,Normal
sub33_AB,AB,7.0,frames/Vid7_EM_T.png,frames/Vid7_L.png,r,0.0,10.642154400004074,4.0,2.3810186000046087,,,,23.0,Male,Right handed,Normal
sub33_AB,AB,8.0,frames/Vid8_BB_T.png,frames/Vid8_L.png,l,1.0,4.177549200001522,5.0,1.3462453999964057,,,,23.0,Male,Right handed,Normal
sub33_AB,AB,9.0,frames/Vid9_EM_T.png,frames/Vid9_L.png,l,1.0,4.113595200004056,4.0,2.2805864999972982,,,,23.0,Male,Right handed,Normal
sub33_AB,AB,10.0,frames/Vid10_BB_T.png,frames/Vid10_L.png,r,1.0,5.551790600002278,5.0,2.115836000011768,,,,23.0,Male,Right handed,Normal
sub33_AB,AB,11.0,frames/Vid11_EM_T.png,frames/Vid11_L.png,l,1.0,4.820514499995625,5.0,1.1159485999960452,,,,23.0,Male,Right handed,Normal
sub33_AB,AB,12.0,frames/Vid12_EM_T.png,frames/Vid12_L.png,r,1.0,4.2976722000021255,5.0,0.98273099999642,,,,23.0,Male,Right handed,Normal
sub33_AB,AB,13.0,frames/Vid13_BB_T.png,frames/Vid13_L.png,r,1.0,4.290531999999075,4.0,2.079345399994054,,,,23.0,Male,Right handed,Normal
sub33_AB,AB,14.0,frames/Vid14_BB_T.png,frames/Vid14_L.png,r,1.0,7.222950800001854,5.0,1.6144293999968795,,,,23.0,Male,Right handed,Normal
sub33_AB,AB,15.0,frames/Vid15_BB_T.png,frames/Vid15_L.png,r,0.0,12.252790300000925,3.0,1.865031499997713,,,,23.0,Male,Right handed,Normal
sub33_AB,AB,16.0,frames/Vid16_EM_T.png,frames/Vid16_L.png,r,0.0,8.623117099996307,3.0,2.782787499992992,,,,23.0,Male,Right handed,Normal
sub33_AB,AB,17.0,frames/Vid17_BB_T.png,frames/Vid17_L.png,r,1.0,3.188211200002115,5.0,0.6647068000020226,,,,23.0,Male,Right handed,Normal
sub33_AB,AB,18.0,frames/Vid18_EM_T.png,frames/Vid18_L.png,l,1.0,12.84877029999916,4.0,2.04809280000336,,,,23.0,Male,Right handed,Normal
sub33_AB,AB,19.0,frames/Vid19_BB_T.png,frames/Vid19_L.png,r,0.0,10.796790500011411,2.0,1.7627053000032902,,,,23.0,Male,Right handed,Normal
sub33_AB,AB,20.0,frames/Vid20_EM_T.png,frames/Vid20_L.png,r,1.0,2.994743600007496,5.0,1.431559999997262,,,,23.0,Male,Right handed,Normal
sub33_AB,AB,21.0,frames/Vid21_BB_T.png,frames/Vid21_L.png,l,1.0,6.390341999998782,5.0,1.7982546999992337,,,,23.0,Male,Right handed,Normal
sub33_AB,AB,22.0,frames/Vid22_EM_T.png,frames/Vid22_L.png,r,1.0,7.898837400003686,5.0,1.1986980000074254,,,,23.0,Male,Right handed,Normal
sub33_AB,AB,23.0,frames/Vid23_EM_T.png,frames/Vid23_L.png,l,1.0,2.6208899000048405,5.0,2.266188699999475,,,,23.0,Male,Right handed,Normal
sub33_AB,AB,24.0,frames/Vid24_BB_T.png,frames/Vid24_L.png,r,1.0,5.665176300011808,5.0,1.963836900002207,,,,23.0,Male,Right handed,Normal
sub33_AB,AB,25.0,frames/Vid25_BB_T.png,frames/Vid25_L.png,r,1.0,2.2723303999955533,5.0,1.5472585999959847,,,,23.0,Male,Right handed,Normal
sub33_AB,AB,26.0,frames/Vid26_EM_T.png,frames/Vid26_L.png,l,1.0,6.406692500007921,5.0,1.6954847000015434,,,,23.0,Male,Right handed,Normal
sub33_AB,AB,27.0,frames/Vid27_BB_T.png,frames/Vid27_L.png,l,1.0,3.2295666999998502,5.0,2.3806148000003304,,,,23.0,Male,Right handed,Normal
sub33_AB,AB,28.0,frames/Vid28_EM_T.png,frames/Vid28_L.png,l,1.0,3.3367190999997547,5.0,1.6460495999926934,,,,23.0,Male,Right handed,Normal
sub33_AB,AB,29.0,frames/Vid29_BB_T.png,frames/Vid29_L.png,l,1.0,5.364167399995495,4.0,4.715406500006793,,,,23.0,Male,Right handed,Normal
sub33_AB,AB,30.0,frames/Vid30_EM_T.png,frames/Vid30_L.png,r,1.0,5.294496899994556,5.0,1.082765900006052,,,,23.0,Male,Right handed,Normal
sub33_AB,AB,31.0,frames/Vid31_EM_T.png,frames/Vid31_L.png,l,1.0,3.789644400007091,5.0,1.315483900005347,,,,23.0,Male,Right handed,Normal
sub33_AB,AB,32.0,frames/Vid32_EM_T.png,frames/Vid32_L.png,l,1.0,3.379128300002776,5.0,1.3631599000073038,,,,23.0,Male,Right handed,Normal
sub33_AB,AB,33.0,frames/Vid33_BB_T.png,frames/Vid33_L.png,r,1.0,2.5205859999987297,5.0,1.2793726000090828,,,,23.0,Male,Right handed,Normal
sub33_AB,AB,34.0,frames/Vid34_BB_T.png,frames/Vid34_L.png,r,1.0,8.145000300006359,4.0,1.648431299996446,,,,23.0,Male,Right handed,Normal
sub33_AB,AB,35.0,frames/Vid35_EM_T.png,frames/Vid35_L.png,l,1.0,6.309571700010565,5.0,0.915175600006478,,,,23.0,Male,Right handed,Normal
sub33_AB,AB,36.0,frames/Vid36_BB_T.png,frames/Vid36_L.png,l,0.0,7.672038499993505,3.0,1.5479412999993656,,,,23.0,Male,Right handed,Normal
sub33_AB,AB,37.0,frames/Vid37_BB_T.png,frames/Vid37_L.png,r,1.0,5.143439399995259,5.0,1.0978860000032,,,,23.0,Male,Right handed,Normal
sub33_AB,AB,38.0,frames/Vid38_EM_T.png,frames/Vid38_L.png,r,0.0,10.37354860000778,3.0,1.2963824000034947,,,,23.0,Male,Right handed,Normal
sub33_AB,AB,39.0,frames/Vid39_BB_T.png,frames/Vid39_L.png,l,1.0,12.354076499992516,4.0,1.9308423999900697,,,,23.0,Male,Right handed,Normal
sub33_AB,AB,40.0,frames/Vid40_EM_T.png,frames/Vid40_L.png,r,1.0,3.3721977999957744,4.0,3.3142568999901414,,,,23.0,Male,Right handed,Normal
sub34_AB,AB,1.0,frames/Vid1_EM_T.png,frames/Vid1_L.png,r,1.0,5.829807400004938,5.0,1.0838683000038145,,,,22.0,Female,Right handed,Corrected to normal
sub34_AB,AB,2.0,frames/Vid2_BB_T.png,frames/Vid2_L.png,r,1.0,4.186682500003371,5.0,1.2320169000013266,,,,22.0,Female,Right handed,Corrected to normal
sub34_AB,AB,3.0,frames/Vid3_BB_T.png,frames/Vid3_L.png,l,1.0,2.9095877000072505,5.0,1.064040199998999,,,,22.0,Female,Right handed,Corrected to normal
sub34_AB,AB,4.0,frames/Vid4_EM_T.png,frames/Vid4_L.png,l,0.0,3.104990700012422,5.0,0.9467307000013534,,,,22.0,Female,Right handed,Corrected to normal
sub34_AB,AB,5.0,frames/Vid5_EM_T.png,frames/Vid5_L.png,l,1.0,4.6458880999998655,2.0,1.6980688000039663,,,,22.0,Female,Right handed,Corrected to normal
sub34_AB,AB,6.0,frames/Vid6_BB_T.png,frames/Vid6_L.png,r,0.0,4.55186780000804,1.0,1.4995507999992697,,,,22.0,Female,Right handed,Corrected to normal
sub34_AB,AB,7.0,frames/Vid7_EM_T.png,frames/Vid7_L.png,l,1.0,4.1430309000134,1.0,0.8810801000072388,,,,22.0,Female,Right handed,Corrected to normal
sub34_AB,AB,8.0,frames/Vid8_BB_T.png,frames/Vid8_L.png,r,1.0,6.810026700011804,2.0,0.9663199999922654,,,,22.0,Female,Right handed,Corrected to normal
sub34_AB,AB,9.0,frames/Vid9_EM_T.png,frames/Vid9_L.png,l,1.0,5.593278400003328,4.0,1.182379599995329,,,,22.0,Female,Right handed,Corrected to normal
sub34_AB,AB,10.0,frames/Vid10_BB_T.png,frames/Vid10_L.png,l,1.0,5.3079831000068225,5.0,2.132012300004135,,,,22.0,Female,Right handed,Corrected to normal
sub34_AB,AB,11.0,frames/Vid11_EM_T.png,frames/Vid11_L.png,l,1.0,2.6457827999984147,5.0,1.2807274999941,,,,22.0,Female,Right handed,Corrected to normal
sub34_AB,AB,12.0,frames/Vid12_EM_T.png,frames/Vid12_L.png,l,1.0,4.397322399992845,4.0,0.7489625000016531,,,,22.0,Female,Right handed,Corrected to normal
sub34_AB,AB,13.0,frames/Vid13_BB_T.png,frames/Vid13_L.png,r,1.0,5.643548499996541,1.0,1.6658062000060454,,,,22.0,Female,Right handed,Corrected to normal
sub34_AB,AB,14.0,frames/Vid14_BB_T.png,frames/Vid14_L.png,r,1.0,7.527325599992764,2.0,1.5630040999967605,,,,22.0,Female,Right handed,Corrected to normal
sub34_AB,AB,15.0,frames/Vid15_BB_T.png,frames/Vid15_L.png,r,1.0,4.050434499993571,4.0,1.3298456999909831,,,,22.0,Female,Right handed,Corrected to normal
sub34_AB,AB,16.0,frames/Vid16_EM_T.png,frames/Vid16_L.png,l,0.0,7.008293999999296,3.0,1.0475618000054965,,,,22.0,Female,Right handed,Corrected to normal
sub34_AB,AB,17.0,frames/Vid17_BB_T.png,frames/Vid17_L.png,l,1.0,7.067580499991891,3.0,6.532096299997647,,,,22.0,Female,Right handed,Corrected to normal
sub34_AB,AB,18.0,frames/Vid18_EM_T.png,frames/Vid18_L.png,l,1.0,2.762438599995221,4.0,1.3817176000011386,,,,22.0,Female,Right handed,Corrected to normal
sub34_AB,AB,19.0,frames/Vid19_BB_T.png,frames/Vid19_L.png,r,1.0,4.917626399997971,4.0,0.6477637000061804,,,,22.0,Female,Right handed,Corrected to normal
sub34_AB,AB,20.0,frames/Vid20_EM_T.png,frames/Vid20_L.png,r,1.0,5.737821599992458,4.0,1.4462417000031564,,,,22.0,Female,Right handed,Corrected to normal
sub34_AB,AB,21.0,frames/Vid21_BB_T.png,frames/Vid21_L.png,r,1.0,3.980210200010333,4.0,0.9983937999932097,,,,22.0,Female,Right handed,Corrected to normal
sub34_AB,AB,22.0,frames/Vid22_EM_T.png,frames/Vid22_L.png,l,1.0,3.0603682000073604,5.0,0.9330033000005642,,,,22.0,Female,Right handed,Corrected to normal
sub34_AB,AB,23.0,frames/Vid23_EM_T.png,frames/Vid23_L.png,r,0.0,5.834083900001133,1.0,1.9632304000115255,,,,22.0,Female,Right handed,Corrected to normal
sub34_AB,AB,24.0,frames/Vid24_BB_T.png,frames/Vid24_L.png,r,1.0,2.3575209000118775,5.0,0.964342499995837,,,,22.0,Female,Right handed,Corrected to normal
sub34_AB,AB,25.0,frames/Vid25_BB_T.png,frames/Vid25_L.png,r,1.0,3.260367800001404,5.0,1.0806693000049563,,,,22.0,Female,Right handed,Corrected to normal
sub34_AB,AB,26.0,frames/Vid26_EM_T.png,frames/Vid26_L.png,l,0.0,5.141206300002523,3.0,0.647533299998031,,,,22.0,Female,Right handed,Corrected to normal
sub34_AB,AB,27.0,frames/Vid27_BB_T.png,frames/Vid27_L.png,r,1.0,7.992447099997662,4.0,1.031261900003301,,,,22.0,Female,Right handed,Corrected to normal
sub34_AB,AB,28.0,frames/Vid28_EM_T.png,frames/Vid28_L.png,r,1.0,2.1846231000090484,5.0,0.8489942000014707,,,,22.0,Female,Right handed,Corrected to normal
sub34_AB,AB,29.0,frames/Vid29_BB_T.png,frames/Vid29_L.png,r,0.0,3.862485599995125,1.0,1.0812079000024823,,,,22.0,Female,Right handed,Corrected to normal
sub34_AB,AB,30.0,frames/Vid30_EM_T.png,frames/Vid30_L.png,r,1.0,4.97091509999882,5.0,1.3615635000023758,,,,22.0,Female,Right handed,Corrected to normal
sub34_AB,AB,31.0,frames/Vid31_EM_T.png,frames/Vid31_L.png,r,1.0,5.01283940000576,2.0,3.031992399992305,,,,22.0,Female,Right handed,Corrected to normal
sub34_AB,AB,32.0,frames/Vid32_EM_T.png,frames/Vid32_L.png,l,1.0,3.017496199987363,4.0,0.9485196999885376,,,,22.0,Female,Right handed,Corrected to normal
sub34_AB,AB,33.0,frames/Vid33_BB_T.png,frames/Vid33_L.png,l,1.0,6.326004100003047,3.0,0.93190450000111,,,,22.0,Female,Right handed,Corrected to normal
sub34_AB,AB,34.0,frames/Vid34_BB_T.png,frames/Vid34_L.png,r,1.0,3.0304266000021016,2.0,0.8481547999981558,,,,22.0,Female,Right handed,Corrected to normal
sub34_AB,AB,35.0,frames/Vid35_EM_T.png,frames/Vid35_L.png,r,1.0,3.4348426000069594,5.0,0.6805232999904547,,,,22.0,Female,Right handed,Corrected to normal
sub34_AB,AB,36.0,frames/Vid36_BB_T.png,frames/Vid36_L.png,l,1.0,4.503136200000881,4.0,1.1137614000035685,,,,22.0,Female,Right handed,Corrected to normal
sub34_AB,AB,37.0,frames/Vid37_BB_T.png,frames/Vid37_L.png,r,1.0,3.5460039999888977,5.0,1.0139154000062265,,,,22.0,Female,Right handed,Corrected to normal
sub34_AB,AB,38.0,frames/Vid38_EM_T.png,frames/Vid38_L.png,l,1.0,6.022896099995705,4.0,0.6985870000062278,,,,22.0,Female,Right handed,Corrected to normal
sub34_AB,AB,39.0,frames/Vid39_BB_T.png,frames/Vid39_L.png,l,1.0,6.6339719999959925,4.0,0.9822511000093072,,,,22.0,Female,Right handed,Corrected to normal
sub34_AB,AB,40.0,frames/Vid40_EM_T.png,frames/Vid40_L.png,r,1.0,3.2244802999921376,3.0,1.231744799995795,,,,22.0,Female,Right handed,Corrected to normal
sub35_AB,AB,1.0,frames/Vid1_EM_T.png,frames/Vid1_L.png,r,1.0,2.8927527999912854,5.0,0.996370000008028,,,,26.0,Male,Right handed,Normal
sub35_AB,AB,2.0,frames/Vid2_BB_T.png,frames/Vid2_L.png,l,1.0,2.967432099991129,5.0,1.8139165999891704,,,,26.0,Male,Right handed,Normal
sub35_AB,AB,3.0,frames/Vid3_BB_T.png,frames/Vid3_L.png,r,1.0,2.6339472999970894,5.0,1.6814452999969944,,,,26.0,Male,Right handed,Normal
sub35_AB,AB,4.0,frames/Vid4_EM_T.png,frames/Vid4_L.png,r,1.0,3.738375200002338,5.0,1.0647749000054318,,,,26.0,Male,Right handed,Normal
sub35_AB,AB,5.0,frames/Vid5_EM_T.png,frames/Vid5_L.png,r,1.0,3.077707199990982,5.0,1.1142620999889914,,,,26.0,Male,Right handed,Normal
sub35_AB,AB,6.0,frames/Vid6_BB_T.png,frames/Vid6_L.png,l,1.0,3.3349941999913426,5.0,2.114539700007299,,,,26.0,Male,Right handed,Normal
sub35_AB,AB,7.0,frames/Vid7_EM_T.png,frames/Vid7_L.png,l,1.0,2.8037110999866854,5.0,1.8998500000016063,,,,26.0,Male,Right handed,Normal
sub35_AB,AB,8.0,frames/Vid8_BB_T.png,frames/Vid8_L.png,l,1.0,8.077321699995082,5.0,1.2310765000001993,,,,26.0,Male,Right handed,Normal
sub35_AB,AB,9.0,frames/Vid9_EM_T.png,frames/Vid9_L.png,r,1.0,3.035550399989006,5.0,0.9321605000004638,,,,26.0,Male,Right handed,Normal
sub35_AB,AB,10.0,frames/Vid10_BB_T.png,frames/Vid10_L.png,r,1.0,3.76793539999926,5.0,1.0294433999952162,,,,26.0,Male,Right handed,Normal
sub35_AB,AB,11.0,frames/Vid11_EM_T.png,frames/Vid11_L.png,r,1.0,3.412890300009167,5.0,1.6631193999928655,,,,26.0,Male,Right handed,Normal
sub35_AB,AB,12.0,frames/Vid12_EM_T.png,frames/Vid12_L.png,r,1.0,4.5892743000003975,5.0,2.632044300000416,,,,26.0,Male,Right handed,Normal
sub35_AB,AB,13.0,frames/Vid13_BB_T.png,frames/Vid13_L.png,l,1.0,5.012879200003226,5.0,1.247458599988022,,,,26.0,Male,Right handed,Normal
sub35_AB,AB,14.0,frames/Vid14_BB_T.png,frames/Vid14_L.png,l,1.0,2.0867964000062784,5.0,1.5653338999982225,,,,26.0,Male,Right handed,Normal
sub35_AB,AB,15.0,frames/Vid15_BB_T.png,frames/Vid15_L.png,l,1.0,2.881623400011449,5.0,1.815158800003701,,,,26.0,Male,Right handed,Normal
sub35_AB,AB,16.0,frames/Vid16_EM_T.png,frames/Vid16_L.png,l,1.0,10.76447109998844,1.0,1.5151984999974957,,,,26.0,Male,Right handed,Normal
sub35_AB,AB,17.0,frames/Vid17_BB_T.png,frames/Vid17_L.png,l,1.0,6.033250199994654,3.0,2.5159304999979213,,,,26.0,Male,Right handed,Normal
sub35_AB,AB,18.0,frames/Vid18_EM_T.png,frames/Vid18_L.png,r,1.0,3.4074621999898227,5.0,2.148775299996487,,,,26.0,Male,Right handed,Normal
sub35_AB,AB,19.0,frames/Vid19_BB_T.png,frames/Vid19_L.png,r,0.0,2.7099712999915937,5.0,1.69822629999544,,,,26.0,Male,Right handed,Normal
sub35_AB,AB,20.0,frames/Vid20_EM_T.png,frames/Vid20_L.png,l,1.0,5.061915500002215,5.0,4.415207199999713,,,,26.0,Male,Right handed,Normal
sub35_AB,AB,21.0,frames/Vid21_BB_T.png,frames/Vid21_L.png,r,1.0,3.730210100009572,5.0,1.2834276999928989,,,,26.0,Male,Right handed,Normal
sub35_AB,AB,22.0,frames/Vid22_EM_T.png,frames/Vid22_L.png,l,1.0,8.589737399990554,5.0,1.4308861999888904,,,,26.0,Male,Right handed,Normal
sub35_AB,AB,23.0,frames/Vid23_EM_T.png,frames/Vid23_L.png,l,1.0,4.090943599992897,5.0,1.1986851999972714,,,,26.0,Male,Right handed,Normal
sub35_AB,AB,24.0,frames/Vid24_BB_T.png,frames/Vid24_L.png,l,1.0,3.212212800004636,5.0,1.5458119000104489,,,,26.0,Male,Right handed,Normal
sub35_AB,AB,25.0,frames/Vid25_BB_T.png,frames/Vid25_L.png,r,1.0,8.5654760000034,5.0,1.0819481000071391,,,,26.0,Male,Right handed,Normal
sub35_AB,AB,26.0,frames/Vid26_EM_T.png,frames/Vid26_L.png,l,0.0,5.1320770000020275,5.0,1.4319494000083068,,,,26.0,Male,Right handed,Normal
sub35_AB,AB,27.0,frames/Vid27_BB_T.png,frames/Vid27_L.png,r,1.0,6.0175199000077555,5.0,1.0989314999897033,,,,26.0,Male,Right handed,Normal
sub35_AB,AB,28.0,frames/Vid28_EM_T.png,frames/Vid28_L.png,r,1.0,1.9536387999978615,5.0,1.1305854999955045,,,,26.0,Male,Right handed,Normal
sub35_AB,AB,29.0,frames/Vid29_BB_T.png,frames/Vid29_L.png,l,1.0,1.9996707999962384,5.0,1.348196499995538,,,,26.0,Male,Right handed,Normal
sub35_AB,AB,30.0,frames/Vid30_EM_T.png,frames/Vid30_L.png,l,1.0,3.1553719000075944,5.0,0.9979173999890918,,,,26.0,Male,Right handed,Normal
sub35_AB,AB,31.0,frames/Vid31_EM_T.png,frames/Vid31_L.png,r,1.0,3.2919030000048224,5.0,1.6810524000029543,,,,26.0,Male,Right handed,Normal
sub35_AB,AB,32.0,frames/Vid32_EM_T.png,frames/Vid32_L.png,l,1.0,2.3103828999883262,5.0,1.1647321000054944,,,,26.0,Male,Right handed,Normal
sub35_AB,AB,33.0,frames/Vid33_BB_T.png,frames/Vid33_L.png,r,1.0,4.732017000002088,4.0,1.2649812000017846,,,,26.0,Male,Right handed,Normal
sub35_AB,AB,34.0,frames/Vid34_BB_T.png,frames/Vid34_L.png,l,1.0,3.3935438999906182,5.0,1.082317200009129,,,,26.0,Male,Right handed,Normal
sub35_AB,AB,35.0,frames/Vid35_EM_T.png,frames/Vid35_L.png,l,1.0,2.1712780999951065,5.0,1.2795912000001408,,,,26.0,Male,Right handed,Normal
sub35_AB,AB,36.0,frames/Vid36_BB_T.png,frames/Vid36_L.png,l,1.0,4.169507699989481,5.0,1.0812236000056146,,,,26.0,Male,Right handed,Normal
sub35_AB,AB,37.0,frames/Vid37_BB_T.png,frames/Vid37_L.png,l,1.0,2.33274579999852,5.0,1.2641034999978729,,,,26.0,Male,Right handed,Normal
sub35_AB,AB,38.0,frames/Vid38_EM_T.png,frames/Vid38_L.png,l,0.0,4.542585200004396,5.0,1.0983701000077415,,,,26.0,Male,Right handed,Normal
sub35_AB,AB,39.0,frames/Vid39_BB_T.png,frames/Vid39_L.png,r,0.0,13.02892850000353,3.0,10.07981930000824,,,,26.0,Male,Right handed,Normal
sub35_AB,AB,40.0,frames/Vid40_EM_T.png,frames/Vid40_L.png,r,1.0,3.8186399999976857,5.0,1.2973537000070792,,,,26.0,Male,Right handed,Normal
sub36_AB,AB,1.0,frames/Vid1_EM_T.png,frames/Vid1_L.png,l,1.0,4.00960620000842,5.0,1.132025099999737,,,,23.0,Male,Right handed,Corrected to normal
sub36_AB,AB,1.0,frames/Vid1_EM_T.png,frames/Vid1_L.png,l,1.0,8.52973129999009,4.0,5.748317300007329,,,,23.0,Male,Right handed,Corrected to normal
sub36_AB,AB,2.0,frames/Vid2_BB_T.png,frames/Vid2_L.png,r,1.0,4.221416000000318,5.0,1.115608499996597,,,,23.0,Male,Right handed,Corrected to normal
sub36_AB,AB,2.0,frames/Vid2_BB_T.png,frames/Vid2_L.png,l,1.0,14.034419300005538,3.0,1.730240299992147,,,,23.0,Male,Right handed,Corrected to normal
sub36_AB,AB,3.0,frames/Vid3_BB_T.png,frames/Vid3_L.png,l,1.0,13.459997199999634,5.0,2.2647532999981195,,,,23.0,Male,Right handed,Corrected to normal
sub36_AB,AB,3.0,frames/Vid3_BB_T.png,frames/Vid3_L.png,l,1.0,3.317930199991679,4.0,1.9317224999977043,,,,23.0,Male,Right handed,Corrected to normal
sub36_AB,AB,4.0,frames/Vid4_EM_T.png,frames/Vid4_L.png,l,0.0,2.214088200009428,5.0,1.2129866999894148,,,,23.0,Male,Right handed,Corrected to normal
sub36_AB,AB,4.0,frames/Vid4_EM_T.png,frames/Vid4_L.png,l,0.0,5.275109800000791,1.0,0.7315414999902714,,,,23.0,Male,Right handed,Corrected to normal
sub36_AB,AB,5.0,frames/Vid5_EM_T.png,frames/Vid5_L.png,r,1.0,4.242551799994544,4.0,2.1653074999921955,,,,23.0,Male,Right handed,Corrected to normal
sub36_AB,AB,5.0,frames/Vid5_EM_T.png,frames/Vid5_L.png,l,1.0,3.2527097999991383,4.0,2.5484468000067864,,,,23.0,Male,Right handed,Corrected to normal
sub36_AB,AB,6.0,frames/Vid6_BB_T.png,frames/Vid6_L.png,r,1.0,2.7640274000004865,5.0,1.6816268999973545,,,,23.0,Male,Right handed,Corrected to normal
sub36_AB,AB,6.0,frames/Vid6_BB_T.png,frames/Vid6_L.png,r,1.0,6.4364962999970885,4.0,3.5803396999981487,,,,23.0,Male,Right handed,Corrected to normal
sub36_AB,AB,7.0,frames/Vid7_EM_T.png,frames/Vid7_L.png,l,1.0,2.5347481000062544,5.0,1.0316291999915848,,,,23.0,Male,Right handed,Corrected to normal
sub36_AB,AB,7.0,frames/Vid7_EM_T.png,frames/Vid7_L.png,l,0.0,3.766315399989253,4.0,1.7151080000039656,,,,23.0,Male,Right handed,Corrected to normal
sub36_AB,AB,8.0,frames/Vid8_BB_T.png,frames/Vid8_L.png,l,1.0,3.028244500004803,5.0,1.250241300003836,,,,23.0,Male,Right handed,Corrected to normal
sub36_AB,AB,8.0,frames/Vid8_BB_T.png,frames/Vid8_L.png,r,1.0,10.435196699996595,5.0,1.813824900003965,,,,23.0,Male,Right handed,Corrected to normal
sub36_AB,AB,9.0,frames/Vid9_EM_T.png,frames/Vid9_L.png,l,1.0,4.87095950001094,2.0,1.013932300003944,,,,23.0,Male,Right handed,Corrected to normal
sub36_AB,AB,9.0,frames/Vid9_EM_T.png,frames/Vid9_L.png,l,1.0,2.479368100001011,3.0,1.7630459999927552,,,,23.0,Male,Right handed,Corrected to normal
sub36_AB,AB,10.0,frames/Vid10_BB_T.png,frames/Vid10_L.png,l,1.0,5.483512399994652,5.0,1.3463075000036042,,,,23.0,Male,Right handed,Corrected to normal
sub36_AB,AB,10.0,frames/Vid10_BB_T.png,frames/Vid10_L.png,r,1.0,9.82449140000972,2.0,2.647956200002227,,,,23.0,Male,Right handed,Corrected to normal
sub36_AB,AB,11.0,frames/Vid11_EM_T.png,frames/Vid11_L.png,r,1.0,2.517866199996206,5.0,0.9640357000025688,,,,23.0,Male,Right handed,Corrected to normal
sub36_AB,AB,11.0,frames/Vid11_EM_T.png,frames/Vid11_L.png,r,1.0,2.9882942999975057,1.0,2.515343799997936,,,,23.0,Male,Right handed,Corrected to normal
sub36_AB,AB,12.0,frames/Vid12_EM_T.png,frames/Vid12_L.png,l,1.0,3.4961671000055503,5.0,1.1325653999956558,,,,23.0,Male,Right handed,Corrected to normal
sub36_AB,AB,12.0,frames/Vid12_EM_T.png,frames/Vid12_L.png,l,1.0,4.347910600001342,4.0,2.4647588999941945,,,,23.0,Male,Right handed,Corrected to normal
sub36_AB,AB,13.0,frames/Vid13_BB_T.png,frames/Vid13_L.png,l,1.0,5.005843499995535,3.0,1.5147645000106422,,,,23.0,Male,Right handed,Corrected to normal
sub36_AB,AB,13.0,frames/Vid13_BB_T.png,frames/Vid13_L.png,r,0.0,6.019336700002896,3.0,2.0984448000090197,,,,23.0,Male,Right handed,Corrected to normal
sub36_AB,AB,14.0,frames/Vid14_BB_T.png,frames/Vid14_L.png,l,1.0,3.273033100005705,5.0,1.031087800001842,,,,23.0,Male,Right handed,Corrected to normal
sub36_AB,AB,14.0,frames/Vid14_BB_T.png,frames/Vid14_L.png,r,1.0,8.376614799999516,1.0,4.298373500001617,,,,23.0,Male,Right handed,Corrected to normal
sub36_AB,AB,15.0,frames/Vid15_BB_T.png,frames/Vid15_L.png,r,1.0,4.181651699997019,5.0,0.9486627000005684,,,,23.0,Male,Right handed,Corrected to normal
sub36_AB,AB,15.0,frames/Vid15_BB_T.png,frames/Vid15_L.png,l,1.0,3.2897252999973716,4.0,1.1310498000093503,,,,23.0,Male,Right handed,Corrected to normal
sub36_AB,AB,16.0,frames/Vid16_EM_T.png,frames/Vid16_L.png,r,1.0,5.973991399994702,5.0,1.1646345000044676,,,,23.0,Male,Right handed,Corrected to normal
sub36_AB,AB,16.0,frames/Vid16_EM_T.png,frames/Vid16_L.png,r,0.0,9.741083600005368,2.0,1.965441300009843,,,,23.0,Male,Right handed,Corrected to normal
sub36_AB,AB,17.0,frames/Vid17_BB_T.png,frames/Vid17_L.png,r,1.0,3.5071754999953555,5.0,3.298167699991609,,,,23.0,Male,Right handed,Corrected to normal
sub36_AB,AB,17.0,frames/Vid17_BB_T.png,frames/Vid17_L.png,r,1.0,2.4234717000072123,5.0,0.998180599999614,,,,23.0,Male,Right handed,Corrected to normal
sub36_AB,AB,18.0,frames/Vid18_EM_T.png,frames/Vid18_L.png,l,1.0,5.235647100009373,3.0,1.230991799995536,,,,23.0,Male,Right handed,Corrected to normal
sub36_AB,AB,18.0,frames/Vid18_EM_T.png,frames/Vid18_L.png,r,1.0,2.8874224000028335,5.0,1.0652541000017663,,,,23.0,Male,Right handed,Corrected to normal
sub36_AB,AB,19.0,frames/Vid19_BB_T.png,frames/Vid19_L.png,l,0.0,6.102465200005099,4.0,1.0472929999959888,,,,23.0,Male,Right handed,Corrected to normal
sub36_AB,AB,19.0,frames/Vid19_BB_T.png,frames/Vid19_L.png,r,1.0,5.8911539999971865,5.0,5.949083300001803,,,,23.0,Male,Right handed,Corrected to normal
sub36_AB,AB,20.0,frames/Vid20_EM_T.png,frames/Vid20_L.png,l,1.0,3.8591021000029286,4.0,0.9149373999971432,,,,23.0,Male,Right handed,Corrected to normal
sub36_AB,AB,20.0,frames/Vid20_EM_T.png,frames/Vid20_L.png,r,1.0,2.7418630000029225,4.0,0.949196600005962,,,,23.0,Male,Right handed,Corrected to normal
sub36_AB,AB,21.0,frames/Vid21_BB_T.png,frames/Vid21_L.png,l,1.0,3.5996097000024747,5.0,1.481723199991393,,,,23.0,Male,Right handed,Corrected to normal
sub36_AB,AB,21.0,frames/Vid21_BB_T.png,frames/Vid21_L.png,l,1.0,4.7774881000077585,4.0,2.2651454000006197,,,,23.0,Male,Right handed,Corrected to normal
sub36_AB,AB,22.0,frames/Vid22_EM_T.png,frames/Vid22_L.png,l,1.0,3.706942900011199,5.0,1.9139205999963451,,,,23.0,Male,Right handed,Corrected to normal
sub36_AB,AB,22.0,frames/Vid22_EM_T.png,frames/Vid22_L.png,r,1.0,18.300505099992733,3.0,3.615319499993347,,,,23.0,Male,Right handed,Corrected to normal
sub36_AB,AB,23.0,frames/Vid23_EM_T.png,frames/Vid23_L.png,r,0.0,5.5872344999952475,4.0,0.9316263999935472,,,,23.0,Male,Right handed,Corrected to normal
sub36_AB,AB,23.0,frames/Vid23_EM_T.png,frames/Vid23_L.png,r,1.0,3.3781438000005437,5.0,1.7481218999892008,,,,23.0,Male,Right handed,Corrected to normal
sub36_AB,AB,24.0,frames/Vid24_BB_T.png,frames/Vid24_L.png,l,1.0,5.600582900005975,5.0,2.0970994000090286,,,,23.0,Male,Right handed,Corrected to normal
sub36_AB,AB,24.0,frames/Vid24_BB_T.png,frames/Vid24_L.png,l,1.0,3.908637700005784,5.0,2.2984916000132216,,,,23.0,Male,Right handed,Corrected to normal
sub36_AB,AB,25.0,frames/Vid25_BB_T.png,frames/Vid25_L.png,l,1.0,7.950198999998975,4.0,0.9649214999953984,,,,23.0,Male,Right handed,Corrected to normal
sub36_AB,AB,25.0,frames/Vid25_BB_T.png,frames/Vid25_L.png,r,1.0,4.844727000003331,4.0,1.4314012999966508,,,,23.0,Male,Right handed,Corrected to normal
sub36_AB,AB,26.0,frames/Vid26_EM_T.png,frames/Vid26_L.png,l,1.0,9.475604200008092,4.0,1.4651527000096394,,,,23.0,Male,Right handed,Corrected to normal
sub36_AB,AB,26.0,frames/Vid26_EM_T.png,frames/Vid26_L.png,r,0.0,7.334686499991221,4.0,1.798723800005973,,,,23.0,Male,Right handed,Corrected to normal
sub36_AB,AB,27.0,frames/Vid27_BB_T.png,frames/Vid27_L.png,r,1.0,4.333721100003459,5.0,1.1643819000018991,,,,23.0,Male,Right handed,Corrected to normal
sub36_AB,AB,27.0,frames/Vid27_BB_T.png,frames/Vid27_L.png,l,1.0,4.712684700003592,3.0,1.399613200002932,,,,23.0,Male,Right handed,Corrected to normal
sub36_AB,AB,28.0,frames/Vid28_EM_T.png,frames/Vid28_L.png,l,1.0,4.011968999999226,5.0,1.129687799999374,,,,23.0,Male,Right handed,Corrected to normal
sub36_AB,AB,28.0,frames/Vid28_EM_T.png,frames/Vid28_L.png,l,1.0,3.2212847999908263,5.0,1.6323801999969874,,,,23.0,Male,Right handed,Corrected to normal
sub36_AB,AB,29.0,frames/Vid29_BB_T.png,frames/Vid29_L.png,l,1.0,2.679515800002264,5.0,1.3482132000062848,,,,23.0,Male,Right handed,Corrected to normal
sub36_AB,AB,29.0,frames/Vid29_BB_T.png,frames/Vid29_L.png,l,1.0,15.984604400000537,1.0,14.31316710000101,,,,23.0,Male,Right handed,Corrected to normal
sub36_AB,AB,30.0,frames/Vid30_EM_T.png,frames/Vid30_L.png,l,1.0,6.428797199987457,3.0,1.7816425999917556,,,,23.0,Male,Right handed,Corrected to normal
sub36_AB,AB,30.0,frames/Vid30_EM_T.png,frames/Vid30_L.png,r,1.0,12.117671300002256,3.0,1.298610300000291,,,,23.0,Male,Right handed,Corrected to normal
sub36_AB,AB,31.0,frames/Vid31_EM_T.png,frames/Vid31_L.png,r,1.0,3.5446254999988014,5.0,0.8805895999976201,,,,23.0,Male,Right handed,Corrected to normal
sub36_AB,AB,31.0,frames/Vid31_EM_T.png,frames/Vid31_L.png,r,1.0,2.826673200004734,5.0,0.5818966000078944,,,,23.0,Male,Right handed,Corrected to normal
sub36_AB,AB,32.0,frames/Vid32_EM_T.png,frames/Vid32_L.png,l,1.0,3.3839987000101246,5.0,1.2631181000033394,,,,23.0,Male,Right handed,Corrected to normal
sub36_AB,AB,32.0,frames/Vid32_EM_T.png,frames/Vid32_L.png,l,1.0,2.930952900002012,5.0,1.1833578000077978,,,,23.0,Male,Right handed,Corrected to normal
sub36_AB,AB,33.0,frames/Vid33_BB_T.png,frames/Vid33_L.png,r,1.0,6.215975400002208,5.0,0.7136509000119986,,,,23.0,Male,Right handed,Corrected to normal
sub36_AB,AB,33.0,frames/Vid33_BB_T.png,frames/Vid33_L.png,r,1.0,14.905260999992606,3.0,1.0485726000042632,,,,23.0,Male,Right handed,Corrected to normal
sub36_AB,AB,34.0,frames/Vid34_BB_T.png,frames/Vid34_L.png,l,1.0,11.446674999999232,4.0,1.2985660999984248,,,,23.0,Male,Right handed,Corrected to normal
sub36_AB,AB,34.0,frames/Vid34_BB_T.png,frames/Vid34_L.png,l,1.0,8.292003499998827,2.0,2.4978247999970336,,,,23.0,Male,Right handed,Corrected to normal
sub36_AB,AB,35.0,frames/Vid35_EM_T.png,frames/Vid35_L.png,r,1.0,2.865078500006348,5.0,1.3815750000067055,,,,23.0,Male,Right handed,Corrected to normal
sub36_AB,AB,35.0,frames/Vid35_EM_T.png,frames/Vid35_L.png,r,1.0,3.909852900003898,5.0,3.430951799993636,,,,23.0,Male,Right handed,Corrected to normal
sub36_AB,AB,36.0,frames/Vid36_BB_T.png,frames/Vid36_L.png,r,0.0,4.86982849999913,3.0,1.4651630999869667,,,,23.0,Male,Right handed,Corrected to normal
sub36_AB,AB,36.0,frames/Vid36_BB_T.png,frames/Vid36_L.png,l,1.0,3.867205899994587,1.0,1.7837466999917524,,,,23.0,Male,Right handed,Corrected to normal
sub36_AB,AB,37.0,frames/Vid37_BB_T.png,frames/Vid37_L.png,l,1.0,2.758054500009166,5.0,1.2983393000031356,,,,23.0,Male,Right handed,Corrected to normal
sub36_AB,AB,37.0,frames/Vid37_BB_T.png,frames/Vid37_L.png,l,1.0,3.212430999992648,4.0,1.5800068999960786,,,,23.0,Male,Right handed,Corrected to normal
sub36_AB,AB,38.0,frames/Vid38_EM_T.png,frames/Vid38_L.png,r,1.0,7.658659500011709,4.0,0.9150640000007116,,,,23.0,Male,Right handed,Corrected to normal
sub36_AB,AB,38.0,frames/Vid38_EM_T.png,frames/Vid38_L.png,r,0.0,8.431461699990905,1.0,1.3825627000042005,,,,23.0,Male,Right handed,Corrected to normal
sub36_AB,AB,39.0,frames/Vid39_BB_T.png,frames/Vid39_L.png,l,1.0,6.597245299999486,4.0,1.38292819999333,,,,23.0,Male,Right handed,Corrected to normal
sub36_AB,AB,39.0,frames/Vid39_BB_T.png,frames/Vid39_L.png,r,0.0,6.6947824000089895,4.0,2.614664599997923,,,,23.0,Male,Right handed,Corrected to normal
sub36_AB,AB,40.0,frames/Vid40_EM_T.png,frames/Vid40_L.png,r,1.0,5.569675899998401,5.0,1.280160900001647,,,,23.0,Male,Right handed,Corrected to normal
sub36_AB,AB,40.0,frames/Vid40_EM_T.png,frames/Vid40_L.png,r,1.0,3.516067100004875,1.0,1.8475693999935177,,,,23.0,Male,Right handed,Corrected to normal
sub37_AB,AB,1.0,frames/Vid1_EM_T.png,frames/Vid1_L.png,r,1.0,5.32649130000209,5.0,1.4818838000064716,,,,21.0,Female,Right handed,Normal
sub37_AB,AB,2.0,frames/Vid2_BB_T.png,frames/Vid2_L.png,l,1.0,4.629413799993927,5.0,1.4647107999917353,,,,21.0,Female,Right handed,Normal
sub37_AB,AB,3.0,frames/Vid3_BB_T.png,frames/Vid3_L.png,l,1.0,6.882071100000758,5.0,1.547712399988086,,,,21.0,Female,Right handed,Normal
sub37_AB,AB,4.0,frames/Vid4_EM_T.png,frames/Vid4_L.png,r,1.0,12.65418050000153,5.0,2.1479778999928385,,,,21.0,Female,Right handed,Normal
sub37_AB,AB,5.0,frames/Vid5_EM_T.png,frames/Vid5_L.png,r,1.0,4.262668499999563,5.0,3.731752299994696,,,,21.0,Female,Right handed,Normal
sub37_AB,AB,6.0,frames/Vid6_BB_T.png,frames/Vid6_L.png,r,1.0,3.721064400000614,5.0,1.0648421000078088,,,,21.0,Female,Right handed,Normal
sub37_AB,AB,7.0,frames/Vid7_EM_T.png,frames/Vid7_L.png,r,0.0,3.68663870000455,3.0,1.9652937999926507,,,,21.0,Female,Right handed,Normal
sub37_AB,AB,8.0,frames/Vid8_BB_T.png,frames/Vid8_L.png,l,0.0,13.034714200010058,5.0,1.8485612999938896,,,,21.0,Female,Right handed,Normal
sub37_AB,AB,9.0,frames/Vid9_EM_T.png,frames/Vid9_L.png,r,1.0,4.291128199998639,5.0,1.1654062000015983,,,,21.0,Female,Right handed,Normal
sub37_AB,AB,10.0,frames/Vid10_BB_T.png,frames/Vid10_L.png,r,1.0,5.269615299999714,5.0,0.9151910000073258,,,,21.0,Female,Right handed,Normal
sub37_AB,AB,11.0,frames/Vid11_EM_T.png,frames/Vid11_L.png,l,1.0,3.3061358999984805,5.0,1.431428900003084,,,,21.0,Female,Right handed,Normal
sub37_AB,AB,12.0,frames/Vid12_EM_T.png,frames/Vid12_L.png,r,0.0,13.965466100009507,4.0,2.0806176999903983,,,,21.0,Female,Right handed,Normal
sub37_AB,AB,13.0,frames/Vid13_BB_T.png,frames/Vid13_L.png,r,0.0,3.731692800007295,5.0,1.0823287000093842,,,,21.0,Female,Right handed,Normal
sub37_AB,AB,14.0,frames/Vid14_BB_T.png,frames/Vid14_L.png,l,1.0,3.797833899996476,5.0,0.981843100002152,,,,21.0,Female,Right handed,Normal
sub37_AB,AB,15.0,frames/Vid15_BB_T.png,frames/Vid15_L.png,l,1.0,9.277736800009734,5.0,1.3148752999986757,,,,21.0,Female,Right handed,Normal
sub37_AB,AB,16.0,frames/Vid16_EM_T.png,frames/Vid16_L.png,r,1.0,4.589148500002921,5.0,1.0312110999948343,,,,21.0,Female,Right handed,Normal
sub37_AB,AB,17.0,frames/Vid17_BB_T.png,frames/Vid17_L.png,r,0.0,5.40552069999103,3.0,1.6307852000027196,,,,21.0,Female,Right handed,Normal
sub37_AB,AB,18.0,frames/Vid18_EM_T.png,frames/Vid18_L.png,r,1.0,6.685970200007432,5.0,3.897049600011087,,,,21.0,Female,Right handed,Normal
sub37_AB,AB,19.0,frames/Vid19_BB_T.png,frames/Vid19_L.png,l,1.0,7.531287100006011,3.0,2.8814244999957737,,,,21.0,Female,Right handed,Normal
sub37_AB,AB,20.0,frames/Vid20_EM_T.png,frames/Vid20_L.png,l,0.0,6.201419999997597,3.0,0.9651099000038812,,,,21.0,Female,Right handed,Normal
sub37_AB,AB,21.0,frames/Vid21_BB_T.png,frames/Vid21_L.png,l,1.0,5.859809400004451,5.0,1.2329047000093851,,,,21.0,Female,Right handed,Normal
sub37_AB,AB,22.0,frames/Vid22_EM_T.png,frames/Vid22_L.png,r,1.0,4.119180199995753,5.0,1.4813814999943131,,,,21.0,Female,Right handed,Normal
sub37_AB,AB,23.0,frames/Vid23_EM_T.png,frames/Vid23_L.png,l,1.0,6.703081500003464,5.0,5.8319517000054475,,,,21.0,Female,Right handed,Normal
sub37_AB,AB,24.0,frames/Vid24_BB_T.png,frames/Vid24_L.png,l,1.0,5.463723399996525,5.0,1.0987315999955172,,,,21.0,Female,Right handed,Normal
sub37_AB,AB,25.0,frames/Vid25_BB_T.png,frames/Vid25_L.png,r,1.0,11.744284200001855,5.0,1.2643363999959547,,,,21.0,Female,Right handed,Normal
sub37_AB,AB,26.0,frames/Vid26_EM_T.png,frames/Vid26_L.png,l,1.0,8.282428399994387,5.0,1.3311896999948658,,,,21.0,Female,Right handed,Normal
sub37_AB,AB,27.0,frames/Vid27_BB_T.png,frames/Vid27_L.png,r,1.0,3.967876900002011,5.0,1.2806050999934089,,,,21.0,Female,Right handed,Normal
sub37_AB,AB,28.0,frames/Vid28_EM_T.png,frames/Vid28_L.png,l,1.0,4.306146199989598,5.0,1.082134899988887,,,,21.0,Female,Right handed,Normal
sub37_AB,AB,29.0,frames/Vid29_BB_T.png,frames/Vid29_L.png,l,1.0,5.473876699994435,5.0,1.1139867000019876,,,,21.0,Female,Right handed,Normal
sub37_AB,AB,30.0,frames/Vid30_EM_T.png,frames/Vid30_L.png,l,1.0,4.468341200001305,4.0,1.7806512000097428,,,,21.0,Female,Right handed,Normal
sub37_AB,AB,31.0,frames/Vid31_EM_T.png,frames/Vid31_L.png,r,1.0,3.7112839999899734,5.0,1.146120899997186,,,,21.0,Female,Right handed,Normal
sub37_AB,AB,32.0,frames/Vid32_EM_T.png,frames/Vid32_L.png,r,1.0,3.4749738999962574,5.0,1.0980027000041446,,,,21.0,Female,Right handed,Normal
sub37_AB,AB,33.0,frames/Vid33_BB_T.png,frames/Vid33_L.png,l,1.0,7.353274900000542,5.0,1.39864659999148,,,,21.0,Female,Right handed,Normal
sub37_AB,AB,34.0,frames/Vid34_BB_T.png,frames/Vid34_L.png,r,1.0,3.6879249999910826,5.0,1.0493520999880277,,,,21.0,Female,Right handed,Normal
sub37_AB,AB,35.0,frames/Vid35_EM_T.png,frames/Vid35_L.png,l,1.0,4.177251700006309,5.0,1.2655837000056636,,,,21.0,Female,Right handed,Normal
sub37_AB,AB,36.0,frames/Vid36_BB_T.png,frames/Vid36_L.png,r,0.0,3.4627668999892194,5.0,1.2320353999966756,,,,21.0,Female,Right handed,Normal
sub37_AB,AB,37.0,frames/Vid37_BB_T.png,frames/Vid37_L.png,r,1.0,3.590612999993027,5.0,1.7977148000063607,,,,21.0,Female,Right handed,Normal
sub37_AB,AB,38.0,frames/Vid38_EM_T.png,frames/Vid38_L.png,r,1.0,6.317936099992949,5.0,1.4140536000049906,,,,21.0,Female,Right handed,Normal
sub37_AB,AB,39.0,frames/Vid39_BB_T.png,frames/Vid39_L.png,l,1.0,5.941427900004783,5.0,0.9973325000028126,,,,21.0,Female,Right handed,Normal
sub37_AB,AB,40.0,frames/Vid40_EM_T.png,frames/Vid40_L.png,r,1.0,4.582072999997763,5.0,1.148113299990655,,,,21.0,Female,Right handed,Normal
sub38_AB,AB,1.0,frames/Vid1_EM_T.png,frames/Vid1_L.png,r,0.0,14.329254700001911,5.0,1.1646116999909282,,,,20.0,Female,Right handed,Normal
sub38_AB,AB,1.0,frames/Vid1_EM_T.png,frames/Vid1_L.png,r,1.0,9.467592799992415,3.0,2.647670799997286,,,,20.0,Female,Right handed,Normal
sub38_AB,AB,2.0,frames/Vid2_BB_T.png,frames/Vid2_L.png,r,1.0,4.6710020000027725,5.0,1.2299488999997266,,,,20.0,Female,Right handed,Normal
sub38_AB,AB,2.0,frames/Vid2_BB_T.png,frames/Vid2_L.png,r,1.0,2.8191784000082407,5.0,1.1657732000021497,,,,20.0,Female,Right handed,Normal
sub38_AB,AB,3.0,frames/Vid3_BB_T.png,frames/Vid3_L.png,r,1.0,8.745619000008446,5.0,1.0316507000097772,,,,20.0,Female,Right handed,Normal
sub38_AB,AB,3.0,frames/Vid3_BB_T.png,frames/Vid3_L.png,l,1.0,16.15697710000677,5.0,23.31601789999695,,,,20.0,Female,Right handed,Normal
sub38_AB,AB,4.0,frames/Vid4_EM_T.png,frames/Vid4_L.png,r,1.0,7.513855299999705,5.0,0.9805526000127428,,,,20.0,Female,Right handed,Normal
sub38_AB,AB,4.0,frames/Vid4_EM_T.png,frames/Vid4_L.png,r,1.0,5.42887289999635,5.0,1.2472587999945972,,,,20.0,Female,Right handed,Normal
sub38_AB,AB,5.0,frames/Vid5_EM_T.png,frames/Vid5_L.png,r,1.0,6.285072800004855,4.0,1.1979900000005728,,,,20.0,Female,Right handed,Normal
sub38_AB,AB,5.0,frames/Vid5_EM_T.png,frames/Vid5_L.png,l,1.0,6.0367315000039525,4.0,3.163990900007775,,,,20.0,Female,Right handed,Normal
sub38_AB,AB,6.0,frames/Vid6_BB_T.png,frames/Vid6_L.png,l,1.0,5.477603299994371,5.0,2.8321312999905786,,,,20.0,Female,Right handed,Normal
sub38_AB,AB,6.0,frames/Vid6_BB_T.png,frames/Vid6_L.png,l,1.0,4.632632900000317,4.0,1.2468422999954782,,,,20.0,Female,Right handed,Normal
sub38_AB,AB,7.0,frames/Vid7_EM_T.png,frames/Vid7_L.png,l,1.0,5.756156799994642,5.0,3.8981053000024986,,,,20.0,Female,Right handed,Normal
sub38_AB,AB,7.0,frames/Vid7_EM_T.png,frames/Vid7_L.png,l,1.0,20.40581579999707,1.0,0.6972110000060638,,,,20.0,Female,Right handed,Normal
sub38_AB,AB,8.0,frames/Vid8_BB_T.png,frames/Vid8_L.png,l,1.0,6.4728968999988865,5.0,0.8642373000038788,,,,20.0,Female,Right handed,Normal
sub38_AB,AB,8.0,frames/Vid8_BB_T.png,frames/Vid8_L.png,r,0.0,7.389244999998482,1.0,1.9984405000141123,,,,20.0,Female,Right handed,Normal
sub38_AB,AB,9.0,frames/Vid9_EM_T.png,frames/Vid9_L.png,l,0.0,4.752622200001497,5.0,1.3146885999885851,,,,20.0,Female,Right handed,Normal
sub38_AB,AB,9.0,frames/Vid9_EM_T.png,frames/Vid9_L.png,l,1.0,11.790382000006502,1.0,5.431830899993656,,,,20.0,Female,Right handed,Normal
sub38_AB,AB,10.0,frames/Vid10_BB_T.png,frames/Vid10_L.png,r,1.0,6.250191300001461,5.0,0.9989360999898054,,,,20.0,Female,Right handed,Normal
sub38_AB,AB,10.0,frames/Vid10_BB_T.png,frames/Vid10_L.png,l,1.0,4.6699940000107745,5.0,1.3462729000020772,,,,20.0,Female,Right handed,Normal
sub38_AB,AB,11.0,frames/Vid11_EM_T.png,frames/Vid11_L.png,r,1.0,5.302920599991921,5.0,0.8478613000042969,,,,20.0,Female,Right handed,Normal
sub38_AB,AB,11.0,frames/Vid11_EM_T.png,frames/Vid11_L.png,r,1.0,3.866726699998253,5.0,0.9642897000012454,,,,20.0,Female,Right handed,Normal
sub38_AB,AB,12.0,frames/Vid12_EM_T.png,frames/Vid12_L.png,r,1.0,2.6574126000050455,5.0,1.0311484999983804,,,,20.0,Female,Right handed,Normal
sub38_AB,AB,12.0,frames/Vid12_EM_T.png,frames/Vid12_L.png,l,1.0,8.702702099995804,5.0,0.8808887000050163,,,,20.0,Female,Right handed,Normal
sub38_AB,AB,13.0,frames/Vid13_BB_T.png,frames/Vid13_L.png,l,1.0,2.5474019999965094,5.0,0.9146595999918644,,,,20.0,Female,Right handed,Normal
sub38_AB,AB,13.0,frames/Vid13_BB_T.png,frames/Vid13_L.png,r,1.0,9.117806299997028,1.0,1.081188900003326,,,,20.0,Female,Right handed,Normal
sub38_AB,AB,14.0,frames/Vid14_BB_T.png,frames/Vid14_L.png,r,0.0,5.276977900008205,5.0,0.8472406999935629,,,,20.0,Female,Right handed,Normal
sub38_AB,AB,14.0,frames/Vid14_BB_T.png,frames/Vid14_L.png,l,1.0,6.517633900002693,5.0,1.4832434999989346,,,,20.0,Female,Right handed,Normal
sub38_AB,AB,15.0,frames/Vid15_BB_T.png,frames/Vid15_L.png,r,1.0,3.904768599997624,5.0,0.69862429999921,,,,20.0,Female,Right handed,Normal
sub38_AB,AB,15.0,frames/Vid15_BB_T.png,frames/Vid15_L.png,r,1.0,5.9526264000014635,4.0,1.1310746999952244,,,,20.0,Female,Right handed,Normal
sub38_AB,AB,16.0,frames/Vid16_EM_T.png,frames/Vid16_L.png,l,0.0,7.910818200005451,5.0,1.3806341999879803,,,,20.0,Female,Right handed,Normal
sub38_AB,AB,16.0,frames/Vid16_EM_T.png,frames/Vid16_L.png,r,0.0,5.271871100005228,2.0,3.5640581999905407,,,,20.0,Female,Right handed,Normal
sub38_AB,AB,17.0,frames/Vid17_BB_T.png,frames/Vid17_L.png,r,1.0,4.416320399992401,5.0,0.9988525999942794,,,,20.0,Female,Right handed,Normal
sub38_AB,AB,17.0,frames/Vid17_BB_T.png,frames/Vid17_L.png,r,1.0,14.045852600000217,3.0,2.113433700011228,,,,20.0,Female,Right handed,Normal
sub38_AB,AB,18.0,frames/Vid18_EM_T.png,frames/Vid18_L.png,r,1.0,4.8064549999980954,5.0,0.9484347000106936,,,,20.0,Female,Right handed,Normal
sub38_AB,AB,18.0,frames/Vid18_EM_T.png,frames/Vid18_L.png,l,1.0,3.109015099995304,5.0,0.7301856999984011,,,,20.0,Female,Right handed,Normal
sub38_AB,AB,19.0,frames/Vid19_BB_T.png,frames/Vid19_L.png,l,1.0,5.971527100002277,3.0,0.664768600006937,,,,20.0,Female,Right handed,Normal
sub38_AB,AB,19.0,frames/Vid19_BB_T.png,frames/Vid19_L.png,r,1.0,4.555075800002669,5.0,1.031417500009411,,,,20.0,Female,Right handed,Normal
sub38_AB,AB,20.0,frames/Vid20_EM_T.png,frames/Vid20_L.png,l,1.0,3.3525851000013063,5.0,1.1140339999983553,,,,20.0,Female,Right handed,Normal
sub38_AB,AB,20.0,frames/Vid20_EM_T.png,frames/Vid20_L.png,l,1.0,5.954882899997756,3.0,1.046493100002408,,,,20.0,Female,Right handed,Normal
sub38_AB,AB,21.0,frames/Vid21_BB_T.png,frames/Vid21_L.png,r,1.0,8.123415099995327,5.0,1.0498261000029745,,,,20.0,Female,Right handed,Normal
sub38_AB,AB,21.0,frames/Vid21_BB_T.png,frames/Vid21_L.png,l,1.0,6.933333299995866,3.0,1.1828077000100166,,,,20.0,Female,Right handed,Normal
sub38_AB,AB,22.0,frames/Vid22_EM_T.png,frames/Vid22_L.png,l,1.0,4.116621799999848,5.0,1.2139291999919806,,,,20.0,Female,Right handed,Normal
sub38_AB,AB,22.0,frames/Vid22_EM_T.png,frames/Vid22_L.png,r,1.0,5.0660704000038095,5.0,1.2315907000011066,,,,20.0,Female,Right handed,Normal
sub38_AB,AB,23.0,frames/Vid23_EM_T.png,frames/Vid23_L.png,l,1.0,6.333845400004066,4.0,1.1308915999979945,,,,20.0,Female,Right handed,Normal
sub38_AB,AB,23.0,frames/Vid23_EM_T.png,frames/Vid23_L.png,r,1.0,2.475700399998459,5.0,1.2652738000033423,,,,20.0,Female,Right handed,Normal
sub38_AB,AB,24.0,frames/Vid24_BB_T.png,frames/Vid24_L.png,r,0.0,3.887238800001796,5.0,0.9821088000026066,,,,20.0,Female,Right handed,Normal
sub38_AB,AB,24.0,frames/Vid24_BB_T.png,frames/Vid24_L.png,r,1.0,14.432029399991734,2.0,1.5652707999979611,,,,20.0,Female,Right handed,Normal
sub38_AB,AB,25.0,frames/Vid25_BB_T.png,frames/Vid25_L.png,r,0.0,24.74545639999269,3.0,1.081641099997796,,,,20.0,Female,Right handed,Normal
sub38_AB,AB,25.0,frames/Vid25_BB_T.png,frames/Vid25_L.png,l,1.0,5.996975599991856,5.0,2.3305288999981713,,,,20.0,Female,Right handed,Normal
sub38_AB,AB,26.0,frames/Vid26_EM_T.png,frames/Vid26_L.png,l,1.0,6.060556299999007,5.0,1.9319183000043267,,,,20.0,Female,Right handed,Normal
sub38_AB,AB,26.0,frames/Vid26_EM_T.png,frames/Vid26_L.png,l,1.0,5.331677599999239,5.0,2.4973419000016293,,,,20.0,Female,Right handed,Normal
sub38_AB,AB,27.0,frames/Vid27_BB_T.png,frames/Vid27_L.png,r,1.0,5.2417883000016445,5.0,1.2469912999949884,,,,20.0,Female,Right handed,Normal
sub38_AB,AB,27.0,frames/Vid27_BB_T.png,frames/Vid27_L.png,r,1.0,4.554948399993009,3.0,1.3810986000025878,,,,20.0,Female,Right handed,Normal
sub38_AB,AB,28.0,frames/Vid28_EM_T.png,frames/Vid28_L.png,r,0.0,3.200859800010221,5.0,0.8816147999896202,,,,20.0,Female,Right handed,Normal
sub38_AB,AB,28.0,frames/Vid28_EM_T.png,frames/Vid28_L.png,r,1.0,5.422090899999603,5.0,2.131604800000787,,,,20.0,Female,Right handed,Normal
sub38_AB,AB,29.0,frames/Vid29_BB_T.png,frames/Vid29_L.png,r,1.0,6.0455118999962,5.0,2.18087270000251,,,,20.0,Female,Right handed,Normal
sub38_AB,AB,29.0,frames/Vid29_BB_T.png,frames/Vid29_L.png,l,0.0,10.082957399994484,2.0,1.9487217999994757,,,,20.0,Female,Right handed,Normal
sub38_AB,AB,30.0,frames/Vid30_EM_T.png,frames/Vid30_L.png,r,1.0,3.16785539999546,5.0,0.964649699992151,,,,20.0,Female,Right handed,Normal
sub38_AB,AB,30.0,frames/Vid30_EM_T.png,frames/Vid30_L.png,l,1.0,7.460488800003077,5.0,1.663713399990229,,,,20.0,Female,Right handed,Normal
sub38_AB,AB,31.0,frames/Vid31_EM_T.png,frames/Vid31_L.png,l,1.0,4.16132590000052,5.0,0.9820961999939756,,,,20.0,Female,Right handed,Normal
sub38_AB,AB,31.0,frames/Vid31_EM_T.png,frames/Vid31_L.png,l,1.0,6.963767099994584,2.0,1.030889899993781,,,,20.0,Female,Right handed,Normal
sub38_AB,AB,32.0,frames/Vid32_EM_T.png,frames/Vid32_L.png,r,1.0,4.759990099992137,5.0,0.999694999991334,,,,20.0,Female,Right handed,Normal
sub38_AB,AB,32.0,frames/Vid32_EM_T.png,frames/Vid32_L.png,r,1.0,3.654309100005776,5.0,1.0136396000016248,,,,20.0,Female,Right handed,Normal
sub38_AB,AB,33.0,frames/Vid33_BB_T.png,frames/Vid33_L.png,r,1.0,6.400784099998418,5.0,0.8982064000010723,,,,20.0,Female,Right handed,Normal
sub38_AB,AB,33.0,frames/Vid33_BB_T.png,frames/Vid33_L.png,l,1.0,4.677498799996101,4.0,2.1658224999991944,,,,20.0,Female,Right handed,Normal
sub38_AB,AB,34.0,frames/Vid34_BB_T.png,frames/Vid34_L.png,r,0.0,7.11630830001377,4.0,1.2809986999927787,,,,20.0,Female,Right handed,Normal
sub38_AB,AB,34.0,frames/Vid34_BB_T.png,frames/Vid34_L.png,r,1.0,4.640393900001072,5.0,0.8982549000065774,,,,20.0,Female,Right handed,Normal
sub38_AB,AB,35.0,frames/Vid35_EM_T.png,frames/Vid35_L.png,l,1.0,5.820095200004289,5.0,0.8639339999936055,,,,20.0,Female,Right handed,Normal
sub38_AB,AB,35.0,frames/Vid35_EM_T.png,frames/Vid35_L.png,r,1.0,6.254935299992212,5.0,1.2828987999964738,,,,20.0,Female,Right handed,Normal
sub38_AB,AB,36.0,frames/Vid36_BB_T.png,frames/Vid36_L.png,r,1.0,9.710141299990935,5.0,1.0650405999913346,,,,20.0,Female,Right handed,Normal
sub38_AB,AB,36.0,frames/Vid36_BB_T.png,frames/Vid36_L.png,l,1.0,7.6283866000012495,2.0,1.815399400002207,,,,20.0,Female,Right handed,Normal
sub38_AB,AB,37.0,frames/Vid37_BB_T.png,frames/Vid37_L.png,l,1.0,4.3732703999994555,5.0,1.0974681999941822,,,,20.0,Female,Right handed,Normal
sub38_AB,AB,37.0,frames/Vid37_BB_T.png,frames/Vid37_L.png,r,1.0,2.614166800005478,5.0,0.9321865000092656,,,,20.0,Female,Right handed,Normal
sub38_AB,AB,38.0,frames/Vid38_EM_T.png,frames/Vid38_L.png,r,1.0,8.984919199996511,2.0,2.7126583000062965,,,,20.0,Female,Right handed,Normal
sub38_AB,AB,38.0,frames/Vid38_EM_T.png,frames/Vid38_L.png,l,1.0,5.687832600000547,2.0,1.3656788999942364,,,,20.0,Female,Right handed,Normal
sub38_AB,AB,39.0,frames/Vid39_BB_T.png,frames/Vid39_L.png,l,1.0,8.07473230001051,5.0,2.081889900000533,,,,20.0,Female,Right handed,Normal
sub38_AB,AB,39.0,frames/Vid39_BB_T.png,frames/Vid39_L.png,r,0.0,11.133065100002568,3.0,2.2977681000047596,,,,20.0,Female,Right handed,Normal
sub38_AB,AB,40.0,frames/Vid40_EM_T.png,frames/Vid40_L.png,l,0.0,12.393966200004796,4.0,1.7322168999962742,,,,20.0,Female,Right handed,Normal
sub38_AB,AB,40.0,frames/Vid40_EM_T.png,frames/Vid40_L.png,l,1.0,4.455346999995527,2.0,1.5473753999976907,,,,20.0,Female,Right handed,Normal
sub41_NB,NB,1.0,frames/Vid1_EM_T.png,frames/Vid1_L.png,r,1.0,8.202397699991707,5.0,2.9147496999939904,,,,22.0,Male,Right handed,Normal
sub41_NB,NB,2.0,frames/Vid2_BB_T.png,frames/Vid2_L.png,r,1.0,4.075848699983908,5.0,1.7136807999922894,,,,22.0,Male,Right handed,Normal
sub41_NB,NB,3.0,frames/Vid3_BB_T.png,frames/Vid3_L.png,r,1.0,4.236164999980247,4.0,3.3805402999860235,,,,22.0,Male,Right handed,Normal
sub41_NB,NB,4.0,frames/Vid4_EM_T.png,frames/Vid4_L.png,r,0.0,14.617119800008368,4.0,1.7652612999954729,,,,22.0,Male,Right handed,Normal
sub41_NB,NB,5.0,frames/Vid5_EM_T.png,frames/Vid5_L.png,r,1.0,5.203755700000329,5.0,6.730980399996042,,,,22.0,Male,Right handed,Normal
sub41_NB,NB,6.0,frames/Vid6_BB_T.png,frames/Vid6_L.png,r,1.0,4.002331999974558,5.0,0.981055100011872,,,,22.0,Male,Right handed,Normal
sub41_NB,NB,7.0,frames/Vid7_EM_T.png,frames/Vid7_L.png,l,1.0,5.586164699983783,5.0,2.5152965000015683,,,,22.0,Male,Right handed,Normal
sub41_NB,NB,8.0,frames/Vid8_BB_T.png,frames/Vid8_L.png,r,0.0,3.112950200011255,5.0,1.713645199983148,,,,22.0,Male,Right handed,Normal
sub41_NB,NB,9.0,frames/Vid9_EM_T.png,frames/Vid9_L.png,l,0.0,14.230212800001029,2.0,2.5989965999906417,,,,22.0,Male,Right handed,Normal
sub41_NB,NB,10.0,frames/Vid10_BB_T.png,frames/Vid10_L.png,l,1.0,4.198493300005794,4.0,1.630813499999931,,,,22.0,Male,Right handed,Normal
sub41_NB,NB,11.0,frames/Vid11_EM_T.png,frames/Vid11_L.png,r,1.0,4.224024499999359,5.0,2.050020599999698,,,,22.0,Male,Right handed,Normal
sub41_NB,NB,12.0,frames/Vid12_EM_T.png,frames/Vid12_L.png,r,1.0,3.4866743000166025,4.0,1.381223999982467,,,,22.0,Male,Right handed,Normal
sub41_NB,NB,13.0,frames/Vid13_BB_T.png,frames/Vid13_L.png,r,1.0,2.5791912999993656,4.0,1.864142099977471,,,,22.0,Male,Right handed,Normal
sub41_NB,NB,14.0,frames/Vid14_BB_T.png,frames/Vid14_L.png,r,1.0,3.5040925000212155,5.0,2.3484064000076614,,,,22.0,Male,Right handed,Normal
sub41_NB,NB,15.0,frames/Vid15_BB_T.png,frames/Vid15_L.png,r,1.0,4.353849699982675,4.0,2.747682699991856,,,,22.0,Male,Right handed,Normal
sub41_NB,NB,16.0,frames/Vid16_EM_T.png,frames/Vid16_L.png,r,1.0,4.2058107999910135,4.0,1.2156189000234008,,,,22.0,Male,Right handed,Normal
sub41_NB,NB,17.0,frames/Vid17_BB_T.png,frames/Vid17_L.png,l,1.0,6.878097400011029,5.0,9.064454200008186,,,,22.0,Male,Right handed,Normal
sub41_NB,NB,18.0,frames/Vid18_EM_T.png,frames/Vid18_L.png,l,1.0,7.0331275000062305,4.0,1.9656849000020884,,,,22.0,Male,Right handed,Normal
sub41_NB,NB,19.0,frames/Vid19_BB_T.png,frames/Vid19_L.png,l,0.0,9.046394900011364,2.0,2.2488322999852244,,,,22.0,Male,Right handed,Normal
sub41_NB,NB,20.0,frames/Vid20_EM_T.png,frames/Vid20_L.png,r,1.0,4.616864999989048,5.0,1.9472653999982867,,,,22.0,Male,Right handed,Normal
sub41_NB,NB,21.0,frames/Vid21_BB_T.png,frames/Vid21_L.png,l,1.0,2.8156696000078227,5.0,2.0476096000056714,,,,22.0,Male,Right handed,Normal
sub41_NB,NB,22.0,frames/Vid22_EM_T.png,frames/Vid22_L.png,l,1.0,2.729537999985041,5.0,1.7992764999798965,,,,22.0,Male,Right handed,Normal
sub41_NB,NB,23.0,frames/Vid23_EM_T.png,frames/Vid23_L.png,r,1.0,4.267612399999052,4.0,2.5803852999815717,,,,22.0,Male,Right handed,Normal
sub41_NB,NB,24.0,frames/Vid24_BB_T.png,frames/Vid24_L.png,r,1.0,4.891038300003856,5.0,1.7830323000089263,,,,22.0,Male,Right handed,Normal
sub41_NB,NB,25.0,frames/Vid25_BB_T.png,frames/Vid25_L.png,r,1.0,6.926846300018951,4.0,2.115243800013559,,,,22.0,Male,Right handed,Normal
sub41_NB,NB,26.0,frames/Vid26_EM_T.png,frames/Vid26_L.png,r,1.0,6.151147999975365,5.0,2.5644581000087783,,,,22.0,Male,Right handed,Normal
sub41_NB,NB,27.0,frames/Vid27_BB_T.png,frames/Vid27_L.png,l,1.0,2.773335500009125,5.0,0.7308725999901071,,,,22.0,Male,Right handed,Normal
sub41_NB,NB,28.0,frames/Vid28_EM_T.png,frames/Vid28_L.png,r,1.0,1.9293405000062192,5.0,0.681347600009758,,,,22.0,Male,Right handed,Normal
sub41_NB,NB,29.0,frames/Vid29_BB_T.png,frames/Vid29_L.png,r,1.0,6.230633700004546,3.0,2.1818138000089675,,,,22.0,Male,Right handed,Normal
sub41_NB,NB,30.0,frames/Vid30_EM_T.png,frames/Vid30_L.png,l,1.0,7.472821100003784,4.0,1.8984081000089643,,,,22.0,Male,Right handed,Normal
sub41_NB,NB,31.0,frames/Vid31_EM_T.png,frames/Vid31_L.png,r,1.0,4.368606100004399,5.0,0.9807828000048175,,,,22.0,Male,Right handed,Normal
sub41_NB,NB,32.0,frames/Vid32_EM_T.png,frames/Vid32_L.png,r,1.0,3.088353900006041,5.0,0.5652683000080287,,,,22.0,Male,Right handed,Normal
sub41_NB,NB,33.0,frames/Vid33_BB_T.png,frames/Vid33_L.png,r,1.0,4.002192500018282,5.0,0.9619624999759252,,,,22.0,Male,Right handed,Normal
sub41_NB,NB,34.0,frames/Vid34_BB_T.png,frames/Vid34_L.png,r,1.0,9.683663499978138,1.0,4.497925600007875,,,,22.0,Male,Right handed,Normal
sub41_NB,NB,35.0,frames/Vid35_EM_T.png,frames/Vid35_L.png,r,1.0,4.9335563000058755,5.0,2.198518899996998,,,,22.0,Male,Right handed,Normal
sub41_NB,NB,36.0,frames/Vid36_BB_T.png,frames/Vid36_L.png,r,1.0,2.3236998000065796,5.0,1.1645864000020083,,,,22.0,Male,Right handed,Normal
sub41_NB,NB,37.0,frames/Vid37_BB_T.png,frames/Vid37_L.png,l,1.0,2.6692362000176217,5.0,2.1311253999883775,,,,22.0,Male,Right handed,Normal
sub41_NB,NB,38.0,frames/Vid38_EM_T.png,frames/Vid38_L.png,l,1.0,5.4258455999952275,4.0,1.7152264000033028,,,,22.0,Male,Right handed,Normal
sub41_NB,NB,39.0,frames/Vid39_BB_T.png,frames/Vid39_L.png,r,1.0,4.812650900013978,5.0,1.8643475999997463,,,,22.0,Male,Right handed,Normal
sub41_NB,NB,40.0,frames/Vid40_EM_T.png,frames/Vid40_L.png,l,1.0,5.563922500004992,5.0,7.047912800015183,,,,22.0,Male,Right handed,Normal
sub42_NB,NB,1.0,frames/Vid1_EM_T.png,frames/Vid1_L.png,l,1.0,4.901977000001352,5.0,1.547881799982861,,,,26.0,Male,Right handed,Normal
sub42_NB,NB,1.0,frames/Vid1_EM_T.png,frames/Vid1_L.png,l,1.0,6.861892399989301,4.0,1.3486048000049775,,,,26.0,Male,Right handed,Normal
sub42_NB,NB,2.0,frames/Vid2_BB_T.png,frames/Vid2_L.png,l,1.0,4.643225599982543,5.0,1.2640581999730784,,,,26.0,Male,Right handed,Normal
sub42_NB,NB,2.0,frames/Vid2_BB_T.png,frames/Vid2_L.png,l,1.0,4.715226300002541,5.0,1.4138907000015024,,,,26.0,Male,Right handed,Normal
sub42_NB,NB,3.0,frames/Vid3_BB_T.png,frames/Vid3_L.png,r,1.0,10.551671900000656,5.0,5.414270800014492,,,,26.0,Male,Right handed,Normal
sub42_NB,NB,3.0,frames/Vid3_BB_T.png,frames/Vid3_L.png,r,1.0,19.828962299972773,3.0,1.7146251999947708,,,,26.0,Male,Right handed,Normal
sub42_NB,NB,4.0,frames/Vid4_EM_T.png,frames/Vid4_L.png,r,1.0,3.5711145999957807,5.0,1.4481841000088025,,,,26.0,Male,Right handed,Normal
sub42_NB,NB,4.0,frames/Vid4_EM_T.png,frames/Vid4_L.png,r,1.0,10.0690168000001,5.0,1.5149073000065982,,,,26.0,Male,Right handed,Normal
sub42_NB,NB,5.0,frames/Vid5_EM_T.png,frames/Vid5_L.png,r,1.0,3.17906690001837,5.0,0.979817000014009,,,,26.0,Male,Right handed,Normal
sub42_NB,NB,5.0,frames/Vid5_EM_T.png,frames/Vid5_L.png,l,1.0,4.297710400016513,5.0,1.3642020000261257,,,,26.0,Male,Right handed,Normal
sub42_NB,NB,6.0,frames/Vid6_BB_T.png,frames/Vid6_L.png,r,1.0,2.9391933000006247,5.0,0.798544099990977,,,,26.0,Male,Right handed,Normal
sub42_NB,NB,6.0,frames/Vid6_BB_T.png,frames/Vid6_L.png,r,1.0,4.458863500010921,5.0,0.6988971999962814,,,,26.0,Male,Right handed,Normal
sub42_NB,NB,7.0,frames/Vid7_EM_T.png,frames/Vid7_L.png,r,1.0,4.413972400012426,5.0,0.6464899999846239,,,,26.0,Male,Right handed,Normal
sub42_NB,NB,7.0,frames/Vid7_EM_T.png,frames/Vid7_L.png,r,1.0,3.3026801999949384,5.0,0.8655342999845743,,,,26.0,Male,Right handed,Normal
sub42_NB,NB,8.0,frames/Vid8_BB_T.png,frames/Vid8_L.png,l,1.0,3.104630999994697,5.0,0.7642400999902748,,,,26.0,Male,Right handed,Normal
sub42_NB,NB,8.0,frames/Vid8_BB_T.png,frames/Vid8_L.png,r,0.0,12.485401199985064,4.0,13.045860899990656,,,,26.0,Male,Right handed,Normal
sub42_NB,NB,9.0,frames/Vid9_EM_T.png,frames/Vid9_L.png,r,1.0,5.409588500013342,5.0,0.914408899989212,,,,26.0,Male,Right handed,Normal
sub42_NB,NB,9.0,frames/Vid9_EM_T.png,frames/Vid9_L.png,r,1.0,3.765263700013747,4.0,2.831574699986959,,,,26.0,Male,Right handed,Normal
sub42_NB,NB,10.0,frames/Vid10_BB_T.png,frames/Vid10_L.png,l,1.0,3.5849056000006385,5.0,1.1991595000145026,,,,26.0,Male,Right handed,Normal
sub42_NB,NB,10.0,frames/Vid10_BB_T.png,frames/Vid10_L.png,l,1.0,4.657520300010219,4.0,1.248343700019177,,,,26.0,Male,Right handed,Normal
sub42_NB,NB,11.0,frames/Vid11_EM_T.png,frames/Vid11_L.png,l,1.0,2.390829899988603,5.0,0.8798794000176713,,,,26.0,Male,Right handed,Normal
sub42_NB,NB,11.0,frames/Vid11_EM_T.png,frames/Vid11_L.png,r,1.0,4.787485500011826,5.0,1.0976370999997016,,,,26.0,Male,Right handed,Normal
sub42_NB,NB,12.0,frames/Vid12_EM_T.png,frames/Vid12_L.png,l,1.0,4.426610900001833,5.0,1.4328536000102758,,,,26.0,Male,Right handed,Normal
sub42_NB,NB,12.0,frames/Vid12_EM_T.png,frames/Vid12_L.png,l,1.0,3.56870329999947,5.0,0.5311507000005804,,,,26.0,Male,Right handed,Normal
sub42_NB,NB,13.0,frames/Vid13_BB_T.png,frames/Vid13_L.png,r,1.0,14.546323499991558,1.0,1.3470460000098683,,,,26.0,Male,Right handed,Normal
sub42_NB,NB,13.0,frames/Vid13_BB_T.png,frames/Vid13_L.png,r,1.0,3.177450099989074,5.0,0.8652732000045944,,,,26.0,Male,Right handed,Normal
sub42_NB,NB,14.0,frames/Vid14_BB_T.png,frames/Vid14_L.png,r,1.0,4.894695700000739,5.0,1.3496487000084016,,,,26.0,Male,Right handed,Normal
sub42_NB,NB,14.0,frames/Vid14_BB_T.png,frames/Vid14_L.png,l,1.0,4.166974899999332,5.0,1.2488972000137435,,,,26.0,Male,Right handed,Normal
sub42_NB,NB,15.0,frames/Vid15_BB_T.png,frames/Vid15_L.png,r,1.0,8.624609899998177,2.0,1.6156359000015073,,,,26.0,Male,Right handed,Normal
sub42_NB,NB,15.0,frames/Vid15_BB_T.png,frames/Vid15_L.png,l,1.0,4.655385599995498,5.0,1.4659970000211615,,,,26.0,Male,Right handed,Normal
sub42_NB,NB,16.0,frames/Vid16_EM_T.png,frames/Vid16_L.png,l,1.0,6.031410900002811,2.0,1.1491845000127796,,,,26.0,Male,Right handed,Normal
sub42_NB,NB,16.0,frames/Vid16_EM_T.png,frames/Vid16_L.png,r,1.0,12.282340700010536,3.0,1.2630283000180498,,,,26.0,Male,Right handed,Normal
sub42_NB,NB,17.0,frames/Vid17_BB_T.png,frames/Vid17_L.png,l,1.0,2.799104800011264,5.0,0.965334900014568,,,,26.0,Male,Right handed,Normal
sub42_NB,NB,17.0,frames/Vid17_BB_T.png,frames/Vid17_L.png,l,1.0,4.810576099989703,4.0,1.2643730999843683,,,,26.0,Male,Right handed,Normal
sub42_NB,NB,18.0,frames/Vid18_EM_T.png,frames/Vid18_L.png,r,1.0,5.645369199977722,5.0,1.3304761000035796,,,,26.0,Male,Right handed,Normal
sub42_NB,NB,18.0,frames/Vid18_EM_T.png,frames/Vid18_L.png,r,1.0,16.229367099993397,5.0,2.4490915999922436,,,,26.0,Male,Right handed,Normal
sub42_NB,NB,19.0,frames/Vid19_BB_T.png,frames/Vid19_L.png,l,1.0,5.267178700014483,5.0,1.4993331000150647,,,,26.0,Male,Right handed,Normal
sub42_NB,NB,19.0,frames/Vid19_BB_T.png,frames/Vid19_L.png,l,1.0,7.906712700001663,4.0,1.3304402999929152,,,,26.0,Male,Right handed,Normal
sub42_NB,NB,20.0,frames/Vid20_EM_T.png,frames/Vid20_L.png,l,1.0,2.832103599997936,5.0,0.9651319999829866,,,,26.0,Male,Right handed,Normal
sub42_NB,NB,20.0,frames/Vid20_EM_T.png,frames/Vid20_L.png,l,1.0,14.370983800006798,4.0,1.6470411000191234,,,,26.0,Male,Right handed,Normal
sub42_NB,NB,21.0,frames/Vid21_BB_T.png,frames/Vid21_L.png,r,1.0,7.478717799996957,5.0,1.1298689999966882,,,,26.0,Male,Right handed,Normal
sub42_NB,NB,21.0,frames/Vid21_BB_T.png,frames/Vid21_L.png,l,1.0,2.8506201000127476,5.0,0.9973422000184656,,,,26.0,Male,Right handed,Normal
sub42_NB,NB,22.0,frames/Vid22_EM_T.png,frames/Vid22_L.png,l,1.0,3.128415599989239,5.0,1.1647744000074454,,,,26.0,Male,Right handed,Normal
sub42_NB,NB,22.0,frames/Vid22_EM_T.png,frames/Vid22_L.png,r,1.0,3.185871399997268,5.0,0.7462284999783151,,,,26.0,Male,Right handed,Normal
sub42_NB,NB,23.0,frames/Vid23_EM_T.png,frames/Vid23_L.png,r,1.0,5.096396300010383,3.0,1.782034100004239,,,,26.0,Male,Right handed,Normal
sub42_NB,NB,23.0,frames/Vid23_EM_T.png,frames/Vid23_L.png,l,1.0,2.6357522000034805,5.0,0.9469416000065394,,,,26.0,Male,Right handed,Normal
sub42_NB,NB,24.0,frames/Vid24_BB_T.png,frames/Vid24_L.png,r,1.0,3.2905873999989126,5.0,1.2160319999966305,,,,26.0,Male,Right handed,Normal
sub42_NB,NB,24.0,frames/Vid24_BB_T.png,frames/Vid24_L.png,l,1.0,5.4602376999973785,5.0,1.1807290999859106,,,,26.0,Male,Right handed,Normal
sub42_NB,NB,25.0,frames/Vid25_BB_T.png,frames/Vid25_L.png,l,1.0,3.4365251999988686,5.0,0.947790200007148,,,,26.0,Male,Right handed,Normal
sub42_NB,NB,25.0,frames/Vid25_BB_T.png,frames/Vid25_L.png,r,1.0,3.9737207000143826,5.0,0.7156253000139259,,,,26.0,Male,Right handed,Normal
sub42_NB,NB,26.0,frames/Vid26_EM_T.png,frames/Vid26_L.png,l,1.0,3.1671878999914043,5.0,1.532173600018723,,,,26.0,Male,Right handed,Normal
sub42_NB,NB,26.0,frames/Vid26_EM_T.png,frames/Vid26_L.png,r,1.0,10.200765599991428,4.0,0.9149049000116064,,,,26.0,Male,Right handed,Normal
sub42_NB,NB,27.0,frames/Vid27_BB_T.png,frames/Vid27_L.png,r,1.0,5.030727200006368,5.0,0.881970700022066,,,,26.0,Male,Right handed,Normal
sub42_NB,NB,27.0,frames/Vid27_BB_T.png,frames/Vid27_L.png,l,1.0,13.72038959999918,3.0,1.2815214000002015,,,,26.0,Male,Right handed,Normal
sub42_NB,NB,28.0,frames/Vid28_EM_T.png,frames/Vid28_L.png,l,1.0,3.220217499998398,5.0,1.0319792999944184,,,,26.0,Male,Right handed,Normal
sub42_NB,NB,28.0,frames/Vid28_EM_T.png,frames/Vid28_L.png,r,1.0,3.964547099982155,5.0,1.3975072000175714,,,,26.0,Male,Right handed,Normal
sub42_NB,NB,29.0,frames/Vid29_BB_T.png,frames/Vid29_L.png,r,1.0,4.529053799982648,5.0,0.8662462999927811,,,,26.0,Male,Right handed,Normal
sub42_NB,NB,29.0,frames/Vid29_BB_T.png,frames/Vid29_L.png,r,1.0,9.192012399988016,3.0,1.248835499980487,,,,26.0,Male,Right handed,Normal
sub42_NB,NB,30.0,frames/Vid30_EM_T.png,frames/Vid30_L.png,r,1.0,5.592344499978935,5.0,1.5157850999967195,,,,26.0,Male,Right handed,Normal
sub42_NB,NB,30.0,frames/Vid30_EM_T.png,frames/Vid30_L.png,l,1.0,4.094371599989245,5.0,1.14909729998908,,,,26.0,Male,Right handed,Normal
sub42_NB,NB,31.0,frames/Vid31_EM_T.png,frames/Vid31_L.png,l,1.0,2.9544516000023577,5.0,0.8487074000004213,,,,26.0,Male,Right handed,Normal
sub42_NB,NB,31.0,frames/Vid31_EM_T.png,frames/Vid31_L.png,l,1.0,2.717490499984706,5.0,2.0313539000053424,,,,26.0,Male,Right handed,Normal
sub42_NB,NB,32.0,frames/Vid32_EM_T.png,frames/Vid32_L.png,r,1.0,2.743466499989154,5.0,0.8811410999915097,,,,26.0,Male,Right handed,Normal
sub42_NB,NB,32.0,frames/Vid32_EM_T.png,frames/Vid32_L.png,l,1.0,2.979670599976089,5.0,1.5818105999787804,,,,26.0,Male,Right handed,Normal
sub42_NB,NB,33.0,frames/Vid33_BB_T.png,frames/Vid33_L.png,r,1.0,6.591676600015489,4.0,1.0303237000189256,,,,26.0,Male,Right handed,Normal
sub42_NB,NB,33.0,frames/Vid33_BB_T.png,frames/Vid33_L.png,r,1.0,6.151098000002094,5.0,0.6638836999773048,,,,26.0,Male,Right handed,Normal
sub42_NB,NB,34.0,frames/Vid34_BB_T.png,frames/Vid34_L.png,l,1.0,5.733517299988307,5.0,0.9972997000149916,,,,26.0,Male,Right handed,Normal
sub42_NB,NB,34.0,frames/Vid34_BB_T.png,frames/Vid34_L.png,l,1.0,4.996878500009188,5.0,0.548160000005737,,,,26.0,Male,Right handed,Normal
sub42_NB,NB,35.0,frames/Vid35_EM_T.png,frames/Vid35_L.png,r,1.0,2.6293138999899384,5.0,0.7155685999896377,,,,26.0,Male,Right handed,Normal
sub42_NB,NB,35.0,frames/Vid35_EM_T.png,frames/Vid35_L.png,l,1.0,2.380472099990584,5.0,0.5989143000042532,,,,26.0,Male,Right handed,Normal
sub42_NB,NB,36.0,frames/Vid36_BB_T.png,frames/Vid36_L.png,r,1.0,2.6277542999887373,5.0,0.7157197000051383,,,,26.0,Male,Right handed,Normal
sub42_NB,NB,36.0,frames/Vid36_BB_T.png,frames/Vid36_L.png,r,1.0,3.188704299973324,5.0,0.5475085999933071,,,,26.0,Male,Right handed,Normal
sub42_NB,NB,37.0,frames/Vid37_BB_T.png,frames/Vid37_L.png,r,1.0,3.1207745999854524,5.0,1.0654701000021305,,,,26.0,Male,Right handed,Normal
sub42_NB,NB,37.0,frames/Vid37_BB_T.png,frames/Vid37_L.png,r,1.0,3.8787093999853823,5.0,1.5982478999940213,,,,26.0,Male,Right handed,Normal
sub42_NB,NB,38.0,frames/Vid38_EM_T.png,frames/Vid38_L.png,r,1.0,7.429370099998778,3.0,1.2978224999969823,,,,26.0,Male,Right handed,Normal
sub42_NB,NB,38.0,frames/Vid38_EM_T.png,frames/Vid38_L.png,r,1.0,18.24347110002418,4.0,0.9822047000052408,,,,26.0,Male,Right handed,Normal
sub42_NB,NB,39.0,frames/Vid39_BB_T.png,frames/Vid39_L.png,r,1.0,6.286326699977508,5.0,0.6972252000123262,,,,26.0,Male,Right handed,Normal
sub42_NB,NB,39.0,frames/Vid39_BB_T.png,frames/Vid39_L.png,r,1.0,4.264410099975066,5.0,1.4812038999807555,,,,26.0,Male,Right handed,Normal
sub42_NB,NB,40.0,frames/Vid40_EM_T.png,frames/Vid40_L.png,r,1.0,2.8329469000163954,5.0,2.531189600005746,,,,26.0,Male,Right handed,Normal
sub42_NB,NB,40.0,frames/Vid40_EM_T.png,frames/Vid40_L.png,r,1.0,3.095027600007598,5.0,0.5173985000001267,,,,26.0,Male,Right handed,Normal
sub43_NB,NB,1.0,frames/Vid1_EM_T.png,frames/Vid1_L.png,r,1.0,22.360049099981552,4.0,1.9148527999932412,,,,22.0,Male,Right handed,Normal
sub43_NB,NB,2.0,frames/Vid2_BB_T.png,frames/Vid2_L.png,l,1.0,3.3896561000146903,5.0,1.1487226999888662,,,,22.0,Male,Right handed,Normal
sub43_NB,NB,3.0,frames/Vid3_BB_T.png,frames/Vid3_L.png,l,1.0,8.178949499997543,5.0,1.7312783999950625,,,,22.0,Male,Right handed,Normal
sub43_NB,NB,4.0,frames/Vid4_EM_T.png,frames/Vid4_L.png,r,0.0,4.999715999991167,3.0,1.1300170000176877,,,,22.0,Male,Right handed,Normal
sub43_NB,NB,5.0,frames/Vid5_EM_T.png,frames/Vid5_L.png,r,1.0,4.179227100015851,5.0,0.7621273999975529,,,,22.0,Male,Right handed,Normal
sub43_NB,NB,6.0,frames/Vid6_BB_T.png,frames/Vid6_L.png,l,1.0,3.2960372999950778,5.0,1.59775929999887,,,,22.0,Male,Right handed,Normal
sub43_NB,NB,7.0,frames/Vid7_EM_T.png,frames/Vid7_L.png,r,1.0,11.482294799992816,3.0,1.913259299995843,,,,22.0,Male,Right handed,Normal
sub43_NB,NB,8.0,frames/Vid8_BB_T.png,frames/Vid8_L.png,l,0.0,2.948318799986737,5.0,1.9313108999922408,,,,22.0,Male,Right handed,Normal
sub43_NB,NB,9.0,frames/Vid9_EM_T.png,frames/Vid9_L.png,r,1.0,9.726822099997662,2.0,3.582175899995491,,,,22.0,Male,Right handed,Normal
sub43_NB,NB,10.0,frames/Vid10_BB_T.png,frames/Vid10_L.png,r,1.0,3.975206100003561,5.0,0.8146415999799501,,,,22.0,Male,Right handed,Normal
sub43_NB,NB,11.0,frames/Vid11_EM_T.png,frames/Vid11_L.png,l,1.0,3.8683592999877874,5.0,1.5976247999933548,,,,22.0,Male,Right handed,Normal
sub43_NB,NB,12.0,frames/Vid12_EM_T.png,frames/Vid12_L.png,r,1.0,6.301898199977586,5.0,2.178470599988941,,,,22.0,Male,Right handed,Normal
sub43_NB,NB,13.0,frames/Vid13_BB_T.png,frames/Vid13_L.png,l,0.0,5.046281299990369,3.0,1.297229199990397,,,,22.0,Male,Right handed,Normal
sub43_NB,NB,14.0,frames/Vid14_BB_T.png,frames/Vid14_L.png,l,1.0,2.887180299992906,5.0,1.3479312999988906,,,,22.0,Male,Right handed,Normal
sub43_NB,NB,15.0,frames/Vid15_BB_T.png,frames/Vid15_L.png,r,1.0,2.9508714000112377,5.0,0.9989243000163696,,,,22.0,Male,Right handed,Normal
sub43_NB,NB,16.0,frames/Vid16_EM_T.png,frames/Vid16_L.png,r,1.0,6.855829500011168,5.0,1.214576300000772,,,,22.0,Male,Right handed,Normal
sub43_NB,NB,17.0,frames/Vid17_BB_T.png,frames/Vid17_L.png,l,1.0,7.830586099997163,3.0,1.313931500015315,,,,22.0,Male,Right handed,Normal
sub43_NB,NB,18.0,frames/Vid18_EM_T.png,frames/Vid18_L.png,l,1.0,9.430325399996946,5.0,2.2491854000254534,,,,22.0,Male,Right handed,Normal
sub43_NB,NB,19.0,frames/Vid19_BB_T.png,frames/Vid19_L.png,l,0.0,3.818299799982924,5.0,0.8327489000221249,,,,22.0,Male,Right handed,Normal
sub43_NB,NB,20.0,frames/Vid20_EM_T.png,frames/Vid20_L.png,l,1.0,2.001304000004893,5.0,1.2155789000098594,,,,22.0,Male,Right handed,Normal
sub43_NB,NB,21.0,frames/Vid21_BB_T.png,frames/Vid21_L.png,l,1.0,6.402024199982407,5.0,2.4310781999956816,,,,22.0,Male,Right handed,Normal
sub43_NB,NB,22.0,frames/Vid22_EM_T.png,frames/Vid22_L.png,r,1.0,4.131093600008171,5.0,0.8812144999974407,,,,22.0,Male,Right handed,Normal
sub43_NB,NB,23.0,frames/Vid23_EM_T.png,frames/Vid23_L.png,l,1.0,6.5096437000029255,3.0,1.697847700008424,,,,22.0,Male,Right handed,Normal
sub43_NB,NB,24.0,frames/Vid24_BB_T.png,frames/Vid24_L.png,r,1.0,4.893856799986679,3.0,1.499431200005347,,,,22.0,Male,Right handed,Normal
sub43_NB,NB,25.0,frames/Vid25_BB_T.png,frames/Vid25_L.png,l,1.0,4.103702299995348,5.0,1.7306338000053074,,,,22.0,Male,Right handed,Normal
sub43_NB,NB,26.0,frames/Vid26_EM_T.png,frames/Vid26_L.png,r,0.0,7.280189099983545,3.0,1.7469187999959104,,,,22.0,Male,Right handed,Normal
sub43_NB,NB,27.0,frames/Vid27_BB_T.png,frames/Vid27_L.png,r,1.0,5.981634800002212,5.0,1.3636588999943342,,,,22.0,Male,Right handed,Normal
sub43_NB,NB,28.0,frames/Vid28_EM_T.png,frames/Vid28_L.png,r,1.0,5.4158689999894705,5.0,7.681392099999357,,,,22.0,Male,Right handed,Normal
sub43_NB,NB,29.0,frames/Vid29_BB_T.png,frames/Vid29_L.png,l,1.0,8.435259899997618,4.0,1.7629716000228657,,,,22.0,Male,Right handed,Normal
sub43_NB,NB,30.0,frames/Vid30_EM_T.png,frames/Vid30_L.png,l,1.0,9.562327099993126,4.0,2.0800611000158824,,,,22.0,Male,Right handed,Normal
sub43_NB,NB,31.0,frames/Vid31_EM_T.png,frames/Vid31_L.png,l,1.0,2.4287161999964155,5.0,1.3975266000197737,,,,22.0,Male,Right handed,Normal
sub43_NB,NB,32.0,frames/Vid32_EM_T.png,frames/Vid32_L.png,l,1.0,3.3242475999868475,5.0,0.8479508000018541,,,,22.0,Male,Right handed,Normal
sub43_NB,NB,33.0,frames/Vid33_BB_T.png,frames/Vid33_L.png,r,0.0,5.972650999989128,5.0,1.3640946999948935,,,,22.0,Male,Right handed,Normal
sub43_NB,NB,34.0,frames/Vid34_BB_T.png,frames/Vid34_L.png,l,1.0,5.414293200010434,5.0,1.0153569000249263,,,,22.0,Male,Right handed,Normal
sub43_NB,NB,35.0,frames/Vid35_EM_T.png,frames/Vid35_L.png,l,1.0,8.80195319998893,5.0,0.7305994000053033,,,,22.0,Male,Right handed,Normal
sub43_NB,NB,36.0,frames/Vid36_BB_T.png,frames/Vid36_L.png,l,1.0,3.387739799974952,5.0,0.7313156999880448,,,,22.0,Male,Right handed,Normal
sub43_NB,NB,37.0,frames/Vid37_BB_T.png,frames/Vid37_L.png,l,1.0,3.1197540999855846,5.0,1.5128796999924816,,,,22.0,Male,Right handed,Normal
sub43_NB,NB,38.0,frames/Vid38_EM_T.png,frames/Vid38_L.png,l,1.0,4.66638760000933,5.0,0.6973843000014313,,,,22.0,Male,Right handed,Normal
sub43_NB,NB,39.0,frames/Vid39_BB_T.png,frames/Vid39_L.png,l,1.0,7.176392499997746,3.0,1.648567099997308,,,,22.0,Male,Right handed,Normal
sub43_NB,NB,40.0,frames/Vid40_EM_T.png,frames/Vid40_L.png,r,0.0,9.552858500013826,2.0,2.298317600012524,,,,22.0,Male,Right handed,Normal
sub45_NB,NB,1.0,frames/Vid1_EM_T.png,frames/Vid1_L.png,l,0.0,6.790275000006659,2.0,2.8330331000033766,,,,19.0,Male,Right handed,Normal
sub45_NB,NB,2.0,frames/Vid2_BB_T.png,frames/Vid2_L.png,l,1.0,3.2451035999984015,5.0,2.0973987999896053,,,,19.0,Male,Right handed,Normal
sub45_NB,NB,3.0,frames/Vid3_BB_T.png,frames/Vid3_L.png,l,1.0,4.201416600000812,5.0,2.3476958999817725,,,,19.0,Male,Right handed,Normal
sub45_NB,NB,4.0,frames/Vid4_EM_T.png,frames/Vid4_L.png,r,1.0,2.061008699995,4.0,1.6467498999845702,,,,19.0,Male,Right handed,Normal
sub45_NB,NB,5.0,frames/Vid5_EM_T.png,frames/Vid5_L.png,l,0.0,4.588746199995512,2.0,2.0161229000077583,,,,19.0,Male,Right handed,Normal
sub45_NB,NB,6.0,frames/Vid6_BB_T.png,frames/Vid6_L.png,r,1.0,3.5806332000065595,4.0,2.9144708999956492,,,,19.0,Male,Right handed,Normal
sub45_NB,NB,7.0,frames/Vid7_EM_T.png,frames/Vid7_L.png,r,1.0,3.408905699994648,4.0,1.9151748000003863,,,,19.0,Male,Right handed,Normal
sub45_NB,NB,8.0,frames/Vid8_BB_T.png,frames/Vid8_L.png,r,1.0,3.4598936999973375,4.0,1.8977834999968763,,,,19.0,Male,Right handed,Normal
sub45_NB,NB,9.0,frames/Vid9_EM_T.png,frames/Vid9_L.png,l,1.0,5.050878100009868,5.0,1.9489413000119384,,,,19.0,Male,Right handed,Normal
sub45_NB,NB,10.0,frames/Vid10_BB_T.png,frames/Vid10_L.png,l,1.0,4.140885499975411,4.0,3.9477318999997806,,,,19.0,Male,Right handed,Normal
sub45_NB,NB,11.0,frames/Vid11_EM_T.png,frames/Vid11_L.png,l,1.0,2.783142400003271,4.0,1.815426800021669,,,,19.0,Male,Right handed,Normal
sub45_NB,NB,12.0,frames/Vid12_EM_T.png,frames/Vid12_L.png,l,1.0,4.40534490000573,5.0,1.9985995999886657,,,,19.0,Male,Right handed,Normal
sub45_NB,NB,13.0,frames/Vid13_BB_T.png,frames/Vid13_L.png,r,0.0,3.050520699995104,5.0,1.747874499997124,,,,19.0,Male,Right handed,Normal
sub45_NB,NB,14.0,frames/Vid14_BB_T.png,frames/Vid14_L.png,r,1.0,4.075256400014041,3.0,1.980799199984176,,,,19.0,Male,Right handed,Normal
sub45_NB,NB,15.0,frames/Vid15_BB_T.png,frames/Vid15_L.png,l,1.0,4.111287900013849,5.0,2.079774500016356,,,,19.0,Male,Right handed,Normal
sub45_NB,NB,16.0,frames/Vid16_EM_T.png,frames/Vid16_L.png,l,1.0,2.969027199986158,4.0,1.9320414999965576,,,,19.0,Male,Right handed,Normal
sub45_NB,NB,17.0,frames/Vid17_BB_T.png,frames/Vid17_L.png,l,1.0,3.9337853000033647,5.0,1.8826617000158876,,,,19.0,Male,Right handed,Normal
sub45_NB,NB,18.0,frames/Vid18_EM_T.png,frames/Vid18_L.png,l,1.0,2.8790583000227343,4.0,1.9319093999802135,,,,19.0,Male,Right handed,Normal
sub45_NB,NB,19.0,frames/Vid19_BB_T.png,frames/Vid19_L.png,l,1.0,2.2567798999953084,3.0,1.7977886000007857,,,,19.0,Male,Right handed,Normal
sub45_NB,NB,20.0,frames/Vid20_EM_T.png,frames/Vid20_L.png,l,1.0,3.109163900022395,3.0,1.7325986000068951,,,,19.0,Male,Right handed,Normal
sub45_NB,NB,21.0,frames/Vid21_BB_T.png,frames/Vid21_L.png,r,1.0,3.2568195999774616,5.0,3.281827200000407,,,,19.0,Male,Right handed,Normal
sub45_NB,NB,22.0,frames/Vid22_EM_T.png,frames/Vid22_L.png,r,1.0,3.066995400004089,5.0,1.81448190001538,,,,19.0,Male,Right handed,Normal
sub45_NB,NB,23.0,frames/Vid23_EM_T.png,frames/Vid23_L.png,r,1.0,5.143549000000348,2.0,2.247919899993576,,,,19.0,Male,Right handed,Normal
sub45_NB,NB,24.0,frames/Vid24_BB_T.png,frames/Vid24_L.png,r,1.0,6.425222299993038,5.0,1.6656821999931708,,,,19.0,Male,Right handed,Normal
sub45_NB,NB,25.0,frames/Vid25_BB_T.png,frames/Vid25_L.png,l,0.0,3.613521599996602,4.0,2.112535399995977,,,,19.0,Male,Right handed,Normal
sub45_NB,NB,26.0,frames/Vid26_EM_T.png,frames/Vid26_L.png,l,1.0,4.407595600001514,5.0,1.7662976999999955,,,,19.0,Male,Right handed,Normal
sub45_NB,NB,27.0,frames/Vid27_BB_T.png,frames/Vid27_L.png,r,1.0,2.648707000014838,5.0,1.7976360000029672,,,,19.0,Male,Right handed,Normal
sub45_NB,NB,28.0,frames/Vid28_EM_T.png,frames/Vid28_L.png,l,1.0,3.0157902000064496,5.0,2.080845699994825,,,,19.0,Male,Right handed,Normal
sub45_NB,NB,29.0,frames/Vid29_BB_T.png,frames/Vid29_L.png,l,1.0,2.238765499991132,5.0,1.5316736999957357,,,,19.0,Male,Right handed,Normal
sub45_NB,NB,30.0,frames/Vid30_EM_T.png,frames/Vid30_L.png,r,1.0,2.6771621000079904,5.0,1.9145319999952335,,,,19.0,Male,Right handed,Normal
sub45_NB,NB,31.0,frames/Vid31_EM_T.png,frames/Vid31_L.png,l,1.0,2.408403699984774,5.0,1.9649604999867736,,,,19.0,Male,Right handed,Normal
sub45_NB,NB,32.0,frames/Vid32_EM_T.png,frames/Vid32_L.png,r,1.0,2.2114622999797575,5.0,2.1807281999790575,,,,19.0,Male,Right handed,Normal
sub45_NB,NB,33.0,frames/Vid33_BB_T.png,frames/Vid33_L.png,r,1.0,3.777118500001962,3.0,3.0821255999908317,,,,19.0,Male,Right handed,Normal
sub45_NB,NB,34.0,frames/Vid34_BB_T.png,frames/Vid34_L.png,r,1.0,5.788952800008701,4.0,2.464580700005172,,,,19.0,Male,Right handed,Normal
sub45_NB,NB,35.0,frames/Vid35_EM_T.png,frames/Vid35_L.png,l,1.0,6.151372699998319,2.0,1.6810648000100628,,,,19.0,Male,Right handed,Normal
sub45_NB,NB,36.0,frames/Vid36_BB_T.png,frames/Vid36_L.png,l,1.0,4.090148000017507,2.0,1.96492520000902,,,,19.0,Male,Right handed,Normal
sub45_NB,NB,37.0,frames/Vid37_BB_T.png,frames/Vid37_L.png,l,1.0,4.696063599985791,5.0,1.6811960999912117,,,,19.0,Male,Right handed,Normal
sub45_NB,NB,38.0,frames/Vid38_EM_T.png,frames/Vid38_L.png,r,1.0,7.851602599985199,2.0,5.394458999973722,,,,19.0,Male,Right handed,Normal
sub45_NB,NB,39.0,frames/Vid39_BB_T.png,frames/Vid39_L.png,r,0.0,5.570726400008425,3.0,2.6988866000028793,,,,19.0,Male,Right handed,Normal
sub45_NB,NB,40.0,frames/Vid40_EM_T.png,frames/Vid40_L.png,l,1.0,7.27559159998782,2.0,1.34907050000038,,,,19.0,Male,Right handed,Normal
sub46_NB,NB,1.0,frames/Vid1_EM_T.png,frames/Vid1_L.png,l,1.0,8.902903100010008,4.0,1.661199399997713,,,,20.0,Female,Right handed,Corrected to normal
sub46_NB,NB,2.0,frames/Vid2_BB_T.png,frames/Vid2_L.png,r,1.0,4.767810099991038,5.0,1.0652514999965206,,,,20.0,Female,Right handed,Corrected to normal
sub46_NB,NB,3.0,frames/Vid3_BB_T.png,frames/Vid3_L.png,l,1.0,7.767105500010075,4.0,3.3327959000016563,,,,20.0,Female,Right handed,Corrected to normal
sub46_NB,NB,4.0,frames/Vid4_EM_T.png,frames/Vid4_L.png,l,1.0,5.031477000011364,5.0,1.881982999999309,,,,20.0,Female,Right handed,Corrected to normal
sub46_NB,NB,5.0,frames/Vid5_EM_T.png,frames/Vid5_L.png,l,1.0,5.133945499983383,3.0,2.58195120000164,,,,20.0,Female,Right handed,Corrected to normal
sub46_NB,NB,6.0,frames/Vid6_BB_T.png,frames/Vid6_L.png,l,1.0,5.14163890000782,4.0,1.599599399982253,,,,20.0,Female,Right handed,Corrected to normal
sub46_NB,NB,7.0,frames/Vid7_EM_T.png,frames/Vid7_L.png,r,1.0,17.264673700003186,2.0,5.364883199974429,,,,20.0,Female,Right handed,Corrected to normal
sub46_NB,NB,8.0,frames/Vid8_BB_T.png,frames/Vid8_L.png,l,1.0,8.792847200005781,2.0,1.2985546999843791,,,,20.0,Female,Right handed,Corrected to normal
sub46_NB,NB,9.0,frames/Vid9_EM_T.png,frames/Vid9_L.png,l,1.0,6.655933200003346,3.0,1.1996112999913748,,,,20.0,Female,Right handed,Corrected to normal
sub46_NB,NB,10.0,frames/Vid10_BB_T.png,frames/Vid10_L.png,l,1.0,5.965279099997133,4.0,1.580296800006181,,,,20.0,Female,Right handed,Corrected to normal
sub46_NB,NB,11.0,frames/Vid11_EM_T.png,frames/Vid11_L.png,l,1.0,3.0695611000119243,5.0,1.3477607000095304,,,,20.0,Female,Right handed,Corrected to normal
sub46_NB,NB,12.0,frames/Vid12_EM_T.png,frames/Vid12_L.png,l,1.0,3.841989700013073,5.0,1.3665118000062648,,,,20.0,Female,Right handed,Corrected to normal
sub46_NB,NB,13.0,frames/Vid13_BB_T.png,frames/Vid13_L.png,r,0.0,6.1361881000048015,2.0,1.1317058999848086,,,,20.0,Female,Right handed,Corrected to normal
sub46_NB,NB,14.0,frames/Vid14_BB_T.png,frames/Vid14_L.png,l,1.0,2.922835599980317,5.0,0.8322614999779034,,,,20.0,Female,Right handed,Corrected to normal
sub46_NB,NB,15.0,frames/Vid15_BB_T.png,frames/Vid15_L.png,l,1.0,11.728254399989964,3.0,3.2301312999916263,,,,20.0,Female,Right handed,Corrected to normal
sub46_NB,NB,16.0,frames/Vid16_EM_T.png,frames/Vid16_L.png,r,1.0,4.421246000012616,3.0,3.163838400010718,,,,20.0,Female,Right handed,Corrected to normal
sub46_NB,NB,17.0,frames/Vid17_BB_T.png,frames/Vid17_L.png,l,1.0,3.9022495000099298,4.0,1.8804862999822944,,,,20.0,Female,Right handed,Corrected to normal
sub46_NB,NB,18.0,frames/Vid18_EM_T.png,frames/Vid18_L.png,l,0.0,5.358925499982433,1.0,1.1473644000070635,,,,20.0,Female,Right handed,Corrected to normal
sub46_NB,NB,19.0,frames/Vid19_BB_T.png,frames/Vid19_L.png,l,1.0,5.975930199987488,3.0,1.0806974000006448,,,,20.0,Female,Right handed,Corrected to normal
sub46_NB,NB,20.0,frames/Vid20_EM_T.png,frames/Vid20_L.png,l,0.0,6.479912099981448,2.0,1.599327500007348,,,,20.0,Female,Right handed,Corrected to normal
sub46_NB,NB,21.0,frames/Vid21_BB_T.png,frames/Vid21_L.png,l,0.0,8.689072300010594,3.0,1.5635357999999542,,,,20.0,Female,Right handed,Corrected to normal
sub46_NB,NB,22.0,frames/Vid22_EM_T.png,frames/Vid22_L.png,l,1.0,2.4771070999850053,4.0,2.530327099986607,,,,20.0,Female,Right handed,Corrected to normal
sub46_NB,NB,23.0,frames/Vid23_EM_T.png,frames/Vid23_L.png,l,1.0,3.8765706999984104,1.0,3.381142700003693,,,,20.0,Female,Right handed,Corrected to normal
sub46_NB,NB,24.0,frames/Vid24_BB_T.png,frames/Vid24_L.png,r,1.0,4.508969100017566,4.0,1.798200799996266,,,,20.0,Female,Right handed,Corrected to normal
sub46_NB,NB,25.0,frames/Vid25_BB_T.png,frames/Vid25_L.png,l,1.0,3.705216800008202,5.0,0.8644226999895182,,,,20.0,Female,Right handed,Corrected to normal
sub46_NB,NB,26.0,frames/Vid26_EM_T.png,frames/Vid26_L.png,r,1.0,5.187235899997177,4.0,1.4153250000090338,,,,20.0,Female,Right handed,Corrected to normal
sub46_NB,NB,27.0,frames/Vid27_BB_T.png,frames/Vid27_L.png,l,1.0,9.487250199978009,3.0,2.1970765000151005,,,,20.0,Female,Right handed,Corrected to normal
sub46_NB,NB,28.0,frames/Vid28_EM_T.png,frames/Vid28_L.png,r,1.0,3.0912743999797385,5.0,0.8299022999999579,,,,20.0,Female,Right handed,Corrected to normal
sub46_NB,NB,29.0,frames/Vid29_BB_T.png,frames/Vid29_L.png,r,1.0,2.9028668999962974,4.0,1.66562850002083,,,,20.0,Female,Right handed,Corrected to normal
sub46_NB,NB,30.0,frames/Vid30_EM_T.png,frames/Vid30_L.png,l,1.0,8.174886100023286,4.0,2.8299524000030942,,,,20.0,Female,Right handed,Corrected to normal
sub46_NB,NB,31.0,frames/Vid31_EM_T.png,frames/Vid31_L.png,r,1.0,4.264572399988538,4.0,3.2331131000246387,,,,20.0,Female,Right handed,Corrected to normal
sub46_NB,NB,32.0,frames/Vid32_EM_T.png,frames/Vid32_L.png,r,1.0,4.8201924999884795,4.0,4.998302899999544,,,,20.0,Female,Right handed,Corrected to normal
sub46_NB,NB,33.0,frames/Vid33_BB_T.png,frames/Vid33_L.png,l,1.0,6.034687500010477,3.0,1.015193700004602,,,,20.0,Female,Right handed,Corrected to normal
sub46_NB,NB,34.0,frames/Vid34_BB_T.png,frames/Vid34_L.png,l,1.0,7.569805300008738,5.0,1.0310798000136856,,,,20.0,Female,Right handed,Corrected to normal
sub46_NB,NB,35.0,frames/Vid35_EM_T.png,frames/Vid35_L.png,r,1.0,9.23299450002378,5.0,1.397279199998593,,,,20.0,Female,Right handed,Corrected to normal
sub46_NB,NB,36.0,frames/Vid36_BB_T.png,frames/Vid36_L.png,r,1.0,2.812301899975864,5.0,0.6807066999899689,,,,20.0,Female,Right handed,Corrected to normal
sub46_NB,NB,37.0,frames/Vid37_BB_T.png,frames/Vid37_L.png,l,1.0,3.858866800001124,4.0,1.1808205999841448,,,,20.0,Female,Right handed,Corrected to normal
sub46_NB,NB,38.0,frames/Vid38_EM_T.png,frames/Vid38_L.png,l,1.0,3.4332844999735244,4.0,0.8975734999985434,,,,20.0,Female,Right handed,Corrected to normal
sub46_NB,NB,39.0,frames/Vid39_BB_T.png,frames/Vid39_L.png,l,1.0,4.909495900006732,3.0,2.1804500999860466,,,,20.0,Female,Right handed,Corrected to normal
sub46_NB,NB,40.0,frames/Vid40_EM_T.png,frames/Vid40_L.png,l,1.0,4.867572699993616,5.0,1.1984129999764264,,,,20.0,Female,Right handed,Corrected to normal
sub47_NB,NB,1.0,frames/Vid1_EM_T.png,frames/Vid1_L.png,l,1.0,3.616344299982302,5.0,1.2642613999778405,,,,21.0,Male,Right handed,Corrected to normal
sub47_NB,NB,2.0,frames/Vid2_BB_T.png,frames/Vid2_L.png,l,1.0,19.01521870002034,4.0,1.8304142999986652,,,,21.0,Male,Right handed,Corrected to normal
sub47_NB,NB,3.0,frames/Vid3_BB_T.png,frames/Vid3_L.png,l,1.0,6.678950100002112,5.0,1.9317090999975337,,,,21.0,Male,Right handed,Corrected to normal
sub47_NB,NB,4.0,frames/Vid4_EM_T.png,frames/Vid4_L.png,r,0.0,17.54452699999092,4.0,1.2476278999820352,,,,21.0,Male,Right handed,Corrected to normal
sub47_NB,NB,5.0,frames/Vid5_EM_T.png,frames/Vid5_L.png,l,1.0,15.89832400000887,5.0,1.1478336000000129,,,,21.0,Male,Right handed,Corrected to normal
sub47_NB,NB,6.0,frames/Vid6_BB_T.png,frames/Vid6_L.png,r,1.0,4.098750999983167,5.0,1.0645386999822222,,,,21.0,Male,Right handed,Corrected to normal
sub47_NB,NB,7.0,frames/Vid7_EM_T.png,frames/Vid7_L.png,l,1.0,10.007462499983376,4.0,1.8972161999845412,,,,21.0,Male,Right handed,Corrected to normal
sub47_NB,NB,8.0,frames/Vid8_BB_T.png,frames/Vid8_L.png,r,1.0,5.509186500014039,5.0,1.8314189999946393,,,,21.0,Male,Right handed,Corrected to normal
sub47_NB,NB,9.0,frames/Vid9_EM_T.png,frames/Vid9_L.png,l,0.0,13.7043968999933,2.0,1.8807355999888389,,,,21.0,Male,Right handed,Corrected to normal
sub47_NB,NB,10.0,frames/Vid10_BB_T.png,frames/Vid10_L.png,r,1.0,2.960151400009636,5.0,1.297966300015105,,,,21.0,Male,Right handed,Corrected to normal
sub47_NB,NB,11.0,frames/Vid11_EM_T.png,frames/Vid11_L.png,r,1.0,3.3532708999991883,5.0,2.0653745000017807,,,,21.0,Male,Right handed,Corrected to normal
sub47_NB,NB,12.0,frames/Vid12_EM_T.png,frames/Vid12_L.png,r,1.0,7.958868700021412,5.0,6.663744699995732,,,,21.0,Male,Right handed,Corrected to normal
sub47_NB,NB,13.0,frames/Vid13_BB_T.png,frames/Vid13_L.png,r,1.0,7.532651599991368,4.0,1.09803940000711,,,,21.0,Male,Right handed,Corrected to normal
sub47_NB,NB,14.0,frames/Vid14_BB_T.png,frames/Vid14_L.png,r,1.0,6.052648000011686,5.0,1.4151708999997936,,,,21.0,Male,Right handed,Corrected to normal
sub47_NB,NB,15.0,frames/Vid15_BB_T.png,frames/Vid15_L.png,r,1.0,2.628095000021858,5.0,1.5334610000136308,,,,21.0,Male,Right handed,Corrected to normal
sub47_NB,NB,16.0,frames/Vid16_EM_T.png,frames/Vid16_L.png,r,1.0,9.18125590001,2.0,1.746707700018305,,,,21.0,Male,Right handed,Corrected to normal
sub47_NB,NB,17.0,frames/Vid17_BB_T.png,frames/Vid17_L.png,r,1.0,19.30764260000433,1.0,1.013742999988608,,,,21.0,Male,Right handed,Corrected to normal
sub47_NB,NB,18.0,frames/Vid18_EM_T.png,frames/Vid18_L.png,r,1.0,16.448176300007617,4.0,2.563705700013088,,,,21.0,Male,Right handed,Corrected to normal
sub47_NB,NB,19.0,frames/Vid19_BB_T.png,frames/Vid19_L.png,l,1.0,5.852100799995242,5.0,1.615224399982253,,,,21.0,Male,Right handed,Corrected to normal
sub47_NB,NB,20.0,frames/Vid20_EM_T.png,frames/Vid20_L.png,l,1.0,2.7885088000039104,4.0,1.098258399986662,,,,21.0,Male,Right handed,Corrected to normal
sub47_NB,NB,21.0,frames/Vid21_BB_T.png,frames/Vid21_L.png,l,1.0,3.9920496999984607,5.0,1.1649103999952786,,,,21.0,Male,Right handed,Corrected to normal
sub47_NB,NB,22.0,frames/Vid22_EM_T.png,frames/Vid22_L.png,r,0.0,18.051662600017153,3.0,8.363932200009003,,,,21.0,Male,Right handed,Corrected to normal
sub47_NB,NB,23.0,frames/Vid23_EM_T.png,frames/Vid23_L.png,r,1.0,5.936274300009245,5.0,1.7802025999990292,,,,21.0,Male,Right handed,Corrected to normal
sub47_NB,NB,24.0,frames/Vid24_BB_T.png,frames/Vid24_L.png,r,1.0,4.455515099980403,5.0,0.7805642999883275,,,,21.0,Male,Right handed,Corrected to normal
sub47_NB,NB,25.0,frames/Vid25_BB_T.png,frames/Vid25_L.png,l,1.0,4.651309700013371,5.0,1.065394299977925,,,,21.0,Male,Right handed,Corrected to normal
sub47_NB,NB,26.0,frames/Vid26_EM_T.png,frames/Vid26_L.png,r,0.0,7.791336700000102,5.0,1.4491686000255868,,,,21.0,Male,Right handed,Corrected to normal
sub47_NB,NB,27.0,frames/Vid27_BB_T.png,frames/Vid27_L.png,l,1.0,4.379723400023067,4.0,1.2814322000194809,,,,21.0,Male,Right handed,Corrected to normal
sub47_NB,NB,28.0,frames/Vid28_EM_T.png,frames/Vid28_L.png,l,1.0,3.890610400005244,5.0,0.9157100000011268,,,,21.0,Male,Right handed,Corrected to normal
sub47_NB,NB,29.0,frames/Vid29_BB_T.png,frames/Vid29_L.png,r,1.0,2.910441100015305,5.0,0.9307668000110424,,,,21.0,Male,Right handed,Corrected to normal
sub47_NB,NB,30.0,frames/Vid30_EM_T.png,frames/Vid30_L.png,l,1.0,10.045055399998091,3.0,2.248363699996844,,,,21.0,Male,Right handed,Corrected to normal
sub47_NB,NB,31.0,frames/Vid31_EM_T.png,frames/Vid31_L.png,r,1.0,3.03979700000491,5.0,1.5151821000035852,,,,21.0,Male,Right handed,Corrected to normal
sub47_NB,NB,32.0,frames/Vid32_EM_T.png,frames/Vid32_L.png,r,1.0,2.586470200010808,5.0,1.2317086000111883,,,,21.0,Male,Right handed,Corrected to normal
sub47_NB,NB,33.0,frames/Vid33_BB_T.png,frames/Vid33_L.png,r,1.0,6.9614890000084415,4.0,1.2495591999904718,,,,21.0,Male,Right handed,Corrected to normal
sub47_NB,NB,34.0,frames/Vid34_BB_T.png,frames/Vid34_L.png,r,1.0,15.69702409999445,2.0,2.530773299979046,,,,21.0,Male,Right handed,Corrected to normal
sub47_NB,NB,35.0,frames/Vid35_EM_T.png,frames/Vid35_L.png,r,1.0,6.139233099995181,4.0,0.9817603999981656,,,,21.0,Male,Right handed,Corrected to normal
sub47_NB,NB,36.0,frames/Vid36_BB_T.png,frames/Vid36_L.png,r,1.0,42.822887899994384,1.0,2.0956677999929525,,,,21.0,Male,Right handed,Corrected to normal
sub47_NB,NB,37.0,frames/Vid37_BB_T.png,frames/Vid37_L.png,l,1.0,3.6191908000037074,5.0,0.9978483000013512,,,,21.0,Male,Right handed,Corrected to normal
sub47_NB,NB,38.0,frames/Vid38_EM_T.png,frames/Vid38_L.png,l,0.0,8.803117299976293,5.0,2.1813346999988426,,,,21.0,Male,Right handed,Corrected to normal
sub47_NB,NB,39.0,frames/Vid39_BB_T.png,frames/Vid39_L.png,r,1.0,6.39977839999483,5.0,2.7513865000219084,,,,21.0,Male,Right handed,Corrected to normal
sub47_NB,NB,40.0,frames/Vid40_EM_T.png,frames/Vid40_L.png,l,1.0,6.407376899995143,4.0,1.197924999985844,,,,21.0,Male,Right handed,Corrected to normal
sub48_NB,NB,1.0,frames/Vid1_EM_T.png,frames/Vid1_L.png,l,0.0,9.453580499975942,5.0,1.9634727999800816,,,,20.0,Female,Right handed,Corrected to normal
sub48_NB,NB,2.0,frames/Vid2_BB_T.png,frames/Vid2_L.png,r,1.0,6.437477399944328,5.0,1.6476516999537123,,,,20.0,Female,Right handed,Corrected to normal
sub48_NB,NB,3.0,frames/Vid3_BB_T.png,frames/Vid3_L.png,l,0.0,7.535874199937098,5.0,1.3144745000172406,,,,20.0,Female,Right handed,Corrected to normal
sub48_NB,NB,4.0,frames/Vid4_EM_T.png,frames/Vid4_L.png,r,0.0,7.262442099978216,5.0,1.6140354999806732,,,,20.0,Female,Right handed,Corrected to normal
sub48_NB,NB,5.0,frames/Vid5_EM_T.png,frames/Vid5_L.png,l,1.0,10.98096950002946,1.0,10.078909800038671,,,,20.0,Female,Right handed,Corrected to normal
sub48_NB,NB,6.0,frames/Vid6_BB_T.png,frames/Vid6_L.png,l,1.0,5.943892000010237,5.0,1.4822001999709755,,,,20.0,Female,Right handed,Corrected to normal
sub48_NB,NB,7.0,frames/Vid7_EM_T.png,frames/Vid7_L.png,l,0.0,6.576280700042844,4.0,0.91596820007544,,,,20.0,Female,Right handed,Corrected to normal
sub48_NB,NB,8.0,frames/Vid8_BB_T.png,frames/Vid8_L.png,r,1.0,5.755704200011678,5.0,1.2310392999788746,,,,20.0,Female,Right handed,Corrected to normal
sub48_NB,NB,9.0,frames/Vid9_EM_T.png,frames/Vid9_L.png,r,1.0,5.0872143999440596,4.0,1.731199900037609,,,,20.0,Female,Right handed,Corrected to normal
sub48_NB,NB,10.0,frames/Vid10_BB_T.png,frames/Vid10_L.png,r,1.0,5.128725900081918,5.0,1.43282900005579,,,,20.0,Female,Right handed,Corrected to normal
sub48_NB,NB,11.0,frames/Vid11_EM_T.png,frames/Vid11_L.png,r,1.0,15.483844400034286,5.0,2.7307813999941573,,,,20.0,Female,Right handed,Corrected to normal
sub48_NB,NB,12.0,frames/Vid12_EM_T.png,frames/Vid12_L.png,r,1.0,5.1563438000157475,5.0,1.314706200035289,,,,20.0,Female,Right handed,Corrected to normal
sub48_NB,NB,13.0,frames/Vid13_BB_T.png,frames/Vid13_L.png,r,0.0,6.574539299937896,2.0,2.3808679999783635,,,,20.0,Female,Right handed,Corrected to normal
sub48_NB,NB,14.0,frames/Vid14_BB_T.png,frames/Vid14_L.png,r,1.0,3.2111781999701634,4.0,1.5492457000073043,,,,20.0,Female,Right handed,Corrected to normal
sub48_NB,NB,15.0,frames/Vid15_BB_T.png,frames/Vid15_L.png,r,1.0,6.145334400003776,5.0,1.4304932000814006,,,,20.0,Female,Right handed,Corrected to normal
sub48_NB,NB,16.0,frames/Vid16_EM_T.png,frames/Vid16_L.png,r,1.0,10.051317499950528,5.0,1.8971805000910535,,,,20.0,Female,Right handed,Corrected to normal
sub48_NB,NB,17.0,frames/Vid17_BB_T.png,frames/Vid17_L.png,l,1.0,3.156922099995427,5.0,1.3320241998881102,,,,20.0,Female,Right handed,Corrected to normal
sub48_NB,NB,18.0,frames/Vid18_EM_T.png,frames/Vid18_L.png,l,1.0,6.895953299943358,4.0,3.2644501000177115,,,,20.0,Female,Right handed,Corrected to normal
sub48_NB,NB,19.0,frames/Vid19_BB_T.png,frames/Vid19_L.png,l,1.0,8.047884900006466,3.0,2.731774099986069,,,,20.0,Female,Right handed,Corrected to normal
sub48_NB,NB,20.0,frames/Vid20_EM_T.png,frames/Vid20_L.png,r,1.0,7.222259899950586,4.0,1.098102999967523,,,,20.0,Female,Right handed,Corrected to normal
sub48_NB,NB,21.0,frames/Vid21_BB_T.png,frames/Vid21_L.png,l,1.0,5.551798300002702,5.0,1.3979969000210986,,,,20.0,Female,Right handed,Corrected to normal
sub48_NB,NB,22.0,frames/Vid22_EM_T.png,frames/Vid22_L.png,r,1.0,6.12208549992647,5.0,1.0157700000563636,,,,20.0,Female,Right handed,Corrected to normal
sub48_NB,NB,23.0,frames/Vid23_EM_T.png,frames/Vid23_L.png,l,1.0,6.230706499889493,5.0,1.5489201999735087,,,,20.0,Female,Right handed,Corrected to normal
sub48_NB,NB,24.0,frames/Vid24_BB_T.png,frames/Vid24_L.png,l,0.0,5.324157599941827,5.0,1.2987562000053003,,,,20.0,Female,Right handed,Corrected to normal
sub48_NB,NB,25.0,frames/Vid25_BB_T.png,frames/Vid25_L.png,l,1.0,4.643271500011906,5.0,1.1140958999749273,,,,20.0,Female,Right handed,Corrected to normal
sub48_NB,NB,26.0,frames/Vid26_EM_T.png,frames/Vid26_L.png,l,1.0,4.094080199953169,5.0,1.3161401000106707,,,,20.0,Female,Right handed,Corrected to normal
sub48_NB,NB,27.0,frames/Vid27_BB_T.png,frames/Vid27_L.png,r,1.0,3.932573199970648,5.0,1.748473900021054,,,,20.0,Female,Right handed,Corrected to normal
sub48_NB,NB,28.0,frames/Vid28_EM_T.png,frames/Vid28_L.png,r,1.0,4.533837900031358,5.0,0.9822922999737784,,,,20.0,Female,Right handed,Corrected to normal
sub48_NB,NB,29.0,frames/Vid29_BB_T.png,frames/Vid29_L.png,r,1.0,5.296563900075853,5.0,1.4659840000094846,,,,20.0,Female,Right handed,Corrected to normal
sub48_NB,NB,30.0,frames/Vid30_EM_T.png,frames/Vid30_L.png,r,1.0,8.346632400061935,5.0,1.531317500048317,,,,20.0,Female,Right handed,Corrected to normal
sub48_NB,NB,31.0,frames/Vid31_EM_T.png,frames/Vid31_L.png,l,1.0,3.634231999982149,3.0,1.1153813999844715,,,,20.0,Female,Right handed,Corrected to normal
sub48_NB,NB,32.0,frames/Vid32_EM_T.png,frames/Vid32_L.png,l,1.0,5.161604300024919,5.0,1.182042299886234,,,,20.0,Female,Right handed,Corrected to normal
sub48_NB,NB,33.0,frames/Vid33_BB_T.png,frames/Vid33_L.png,r,1.0,5.125280600041151,5.0,1.2651732999365777,,,,20.0,Female,Right handed,Corrected to normal
sub48_NB,NB,34.0,frames/Vid34_BB_T.png,frames/Vid34_L.png,l,1.0,6.116137700038962,5.0,2.0806566999526694,,,,20.0,Female,Right handed,Corrected to normal
sub48_NB,NB,35.0,frames/Vid35_EM_T.png,frames/Vid35_L.png,l,1.0,5.551658399985172,5.0,1.4640703999903053,,,,20.0,Female,Right handed,Corrected to normal
sub48_NB,NB,36.0,frames/Vid36_BB_T.png,frames/Vid36_L.png,r,1.0,2.945192200015299,5.0,0.8823489000787959,,,,20.0,Female,Right handed,Corrected to normal
sub48_NB,NB,37.0,frames/Vid37_BB_T.png,frames/Vid37_L.png,r,1.0,3.721139300032519,5.0,1.8974553999723869,,,,20.0,Female,Right handed,Corrected to normal
sub48_NB,NB,38.0,frames/Vid38_EM_T.png,frames/Vid38_L.png,l,1.0,6.6008515999419615,3.0,2.181763100088574,,,,20.0,Female,Right handed,Corrected to normal
sub48_NB,NB,39.0,frames/Vid39_BB_T.png,frames/Vid39_L.png,r,1.0,5.4224517999682575,5.0,1.3824402999598533,,,,20.0,Female,Right handed,Corrected to normal
sub48_NB,NB,40.0,frames/Vid40_EM_T.png,frames/Vid40_L.png,l,1.0,4.123471700004302,5.0,1.3489038000116125,,,,20.0,Female,Right handed,Corrected to normal
sub49_NB,NB,1.0,frames/Vid1_EM_T.png,frames/Vid1_L.png,r,1.0,3.978302199975587,5.0,2.0470613000215963,,,,22.0,Male,Right handed,Normal
sub49_NB,NB,2.0,frames/Vid2_BB_T.png,frames/Vid2_L.png,r,1.0,4.946963399997912,5.0,1.6130959000438452,,,,22.0,Male,Right handed,Normal
sub49_NB,NB,3.0,frames/Vid3_BB_T.png,frames/Vid3_L.png,l,1.0,8.163209500024095,3.0,1.782489400007762,,,,22.0,Male,Right handed,Normal
sub49_NB,NB,4.0,frames/Vid4_EM_T.png,frames/Vid4_L.png,r,1.0,4.584394499892369,5.0,1.8296618000604212,,,,22.0,Male,Right handed,Normal
sub49_NB,NB,5.0,frames/Vid5_EM_T.png,frames/Vid5_L.png,r,1.0,2.962011600029655,5.0,0.832709199981764,,,,22.0,Male,Right handed,Normal
sub49_NB,NB,6.0,frames/Vid6_BB_T.png,frames/Vid6_L.png,l,1.0,5.634160800022073,5.0,1.665980999940075,,,,22.0,Male,Right handed,Normal
sub49_NB,NB,7.0,frames/Vid7_EM_T.png,frames/Vid7_L.png,l,0.0,4.698864699923433,5.0,1.6804635000880808,,,,22.0,Male,Right handed,Normal
sub49_NB,NB,8.0,frames/Vid8_BB_T.png,frames/Vid8_L.png,l,1.0,3.680644499952905,5.0,1.6976693000178784,,,,22.0,Male,Right handed,Normal
sub49_NB,NB,9.0,frames/Vid9_EM_T.png,frames/Vid9_L.png,r,1.0,4.668412600061856,3.0,1.5316907000960782,,,,22.0,Male,Right handed,Normal
sub49_NB,NB,10.0,frames/Vid10_BB_T.png,frames/Vid10_L.png,r,1.0,3.423292799969204,5.0,0.5311889000004157,,,,22.0,Male,Right handed,Normal
sub49_NB,NB,11.0,frames/Vid11_EM_T.png,frames/Vid11_L.png,r,1.0,6.303697200026363,3.0,2.498163599986583,,,,22.0,Male,Right handed,Normal
sub49_NB,NB,12.0,frames/Vid12_EM_T.png,frames/Vid12_L.png,r,1.0,8.256705699954182,5.0,1.513954499969259,,,,22.0,Male,Right handed,Normal
sub49_NB,NB,13.0,frames/Vid13_BB_T.png,frames/Vid13_L.png,l,0.0,10.747775300056674,1.0,4.279972500051372,,,,22.0,Male,Right handed,Normal
sub49_NB,NB,14.0,frames/Vid14_BB_T.png,frames/Vid14_L.png,l,1.0,3.688308399985544,5.0,1.2817200999706984,,,,22.0,Male,Right handed,Normal
sub49_NB,NB,15.0,frames/Vid15_BB_T.png,frames/Vid15_L.png,l,1.0,5.4799525999696925,3.0,2.264372500008903,,,,22.0,Male,Right handed,Normal
sub49_NB,NB,16.0,frames/Vid16_EM_T.png,frames/Vid16_L.png,l,1.0,2.7561039000283927,5.0,0.5308423000387847,,,,22.0,Male,Right handed,Normal
sub49_NB,NB,17.0,frames/Vid17_BB_T.png,frames/Vid17_L.png,l,1.0,5.1902691998984665,5.0,2.5152904000133276,,,,22.0,Male,Right handed,Normal
sub49_NB,NB,18.0,frames/Vid18_EM_T.png,frames/Vid18_L.png,l,0.0,7.603656799998134,3.0,1.9812785000540316,,,,22.0,Male,Right handed,Normal
sub49_NB,NB,19.0,frames/Vid19_BB_T.png,frames/Vid19_L.png,r,1.0,2.4609897000482306,3.0,0.6153218999970704,,,,22.0,Male,Right handed,Normal
sub49_NB,NB,20.0,frames/Vid20_EM_T.png,frames/Vid20_L.png,r,1.0,4.373493599938229,5.0,1.3648940999992192,,,,22.0,Male,Right handed,Normal
sub49_NB,NB,21.0,frames/Vid21_BB_T.png,frames/Vid21_L.png,l,1.0,3.868350899894722,5.0,1.8321304999990389,,,,22.0,Male,Right handed,Normal
sub49_NB,NB,22.0,frames/Vid22_EM_T.png,frames/Vid22_L.png,r,1.0,1.842484200024046,5.0,1.2470137999625877,,,,22.0,Male,Right handed,Normal
sub49_NB,NB,23.0,frames/Vid23_EM_T.png,frames/Vid23_L.png,l,1.0,4.14165210002102,4.0,2.680447699967772,,,,22.0,Male,Right handed,Normal
sub49_NB,NB,24.0,frames/Vid24_BB_T.png,frames/Vid24_L.png,r,1.0,7.678332099923864,4.0,5.382471900084056,,,,22.0,Male,Right handed,Normal
sub49_NB,NB,25.0,frames/Vid25_BB_T.png,frames/Vid25_L.png,l,1.0,2.711413399898447,5.0,0.7796363999368623,,,,22.0,Male,Right handed,Normal
sub49_NB,NB,26.0,frames/Vid26_EM_T.png,frames/Vid26_L.png,r,1.0,2.830328800017014,5.0,0.6313254999695346,,,,22.0,Male,Right handed,Normal
sub49_NB,NB,27.0,frames/Vid27_BB_T.png,frames/Vid27_L.png,r,1.0,2.6793193999910727,5.0,0.6137578000780195,,,,22.0,Male,Right handed,Normal
sub49_NB,NB,28.0,frames/Vid28_EM_T.png,frames/Vid28_L.png,r,1.0,4.369001999963075,5.0,1.4473597999894992,,,,22.0,Male,Right handed,Normal
sub49_NB,NB,29.0,frames/Vid29_BB_T.png,frames/Vid29_L.png,r,1.0,10.084229100029916,3.0,1.5150823999429122,,,,22.0,Male,Right handed,Normal
sub49_NB,NB,30.0,frames/Vid30_EM_T.png,frames/Vid30_L.png,l,1.0,9.997495600022376,5.0,2.014211399946362,,,,22.0,Male,Right handed,Normal
sub49_NB,NB,31.0,frames/Vid31_EM_T.png,frames/Vid31_L.png,r,1.0,2.7057521999813616,5.0,0.6984482000116259,,,,22.0,Male,Right handed,Normal
sub49_NB,NB,32.0,frames/Vid32_EM_T.png,frames/Vid32_L.png,r,1.0,3.881744400016032,3.0,1.58043319999706,,,,22.0,Male,Right handed,Normal
sub49_NB,NB,33.0,frames/Vid33_BB_T.png,frames/Vid33_L.png,r,1.0,3.58439560001716,3.0,1.447063700063154,,,,22.0,Male,Right handed,Normal
sub49_NB,NB,34.0,frames/Vid34_BB_T.png,frames/Vid34_L.png,l,0.0,3.769368899986148,5.0,0.648495199973695,,,,22.0,Male,Right handed,Normal
sub49_NB,NB,35.0,frames/Vid35_EM_T.png,frames/Vid35_L.png,r,1.0,3.806706000003032,5.0,0.6480538999894634,,,,22.0,Male,Right handed,Normal
sub49_NB,NB,36.0,frames/Vid36_BB_T.png,frames/Vid36_L.png,l,1.0,2.844035000074655,4.0,0.8151655000401661,,,,22.0,Male,Right handed,Normal
sub49_NB,NB,37.0,frames/Vid37_BB_T.png,frames/Vid37_L.png,l,1.0,5.200842300080694,5.0,3.3152421000413597,,,,22.0,Male,Right handed,Normal
sub49_NB,NB,38.0,frames/Vid38_EM_T.png,frames/Vid38_L.png,l,1.0,9.67526829999406,1.0,1.2647274000337347,,,,22.0,Male,Right handed,Normal
sub49_NB,NB,39.0,frames/Vid39_BB_T.png,frames/Vid39_L.png,r,1.0,4.977940100012347,5.0,1.4301207000389695,,,,22.0,Male,Right handed,Normal
sub49_NB,NB,40.0,frames/Vid40_EM_T.png,frames/Vid40_L.png,r,1.0,3.3473033999325708,5.0,0.7969806999899447,,,,22.0,Male,Right handed,Normal
sub50_NB,NB,1.0,frames/Vid1_EM_T.png,frames/Vid1_L.png,r,0.0,5.465890899999067,5.0,0.8982064999872819,,,,20.0,Male,Right handed,Normal
sub50_NB,NB,2.0,frames/Vid2_BB_T.png,frames/Vid2_L.png,r,1.0,4.575676399981603,5.0,1.56659090006724,,,,20.0,Male,Right handed,Normal
sub50_NB,NB,3.0,frames/Vid3_BB_T.png,frames/Vid3_L.png,r,1.0,11.257771700038576,3.0,2.082728900015354,,,,20.0,Male,Right handed,Normal
sub50_NB,NB,4.0,frames/Vid4_EM_T.png,frames/Vid4_L.png,r,1.0,3.469579100026749,5.0,0.8633593000704423,,,,20.0,Male,Right handed,Normal
sub50_NB,NB,5.0,frames/Vid5_EM_T.png,frames/Vid5_L.png,l,1.0,5.969210600014776,5.0,0.8145135000813752,,,,20.0,Male,Right handed,Normal
sub50_NB,NB,6.0,frames/Vid6_BB_T.png,frames/Vid6_L.png,l,1.0,10.857616399996914,4.0,2.1150209000334144,,,,20.0,Male,Right handed,Normal
sub50_NB,NB,7.0,frames/Vid7_EM_T.png,frames/Vid7_L.png,r,1.0,6.954790899995714,4.0,1.3997139000566676,,,,20.0,Male,Right handed,Normal
sub50_NB,NB,8.0,frames/Vid8_BB_T.png,frames/Vid8_L.png,r,1.0,4.18163189990446,5.0,0.9327191000338644,,,,20.0,Male,Right handed,Normal
sub50_NB,NB,9.0,frames/Vid9_EM_T.png,frames/Vid9_L.png,r,1.0,6.180508800083771,5.0,1.9476071000099184,,,,20.0,Male,Right handed,Normal
sub50_NB,NB,10.0,frames/Vid10_BB_T.png,frames/Vid10_L.png,l,1.0,3.408632899983786,5.0,1.7002328999806195,,,,20.0,Male,Right handed,Normal
sub50_NB,NB,11.0,frames/Vid11_EM_T.png,frames/Vid11_L.png,r,1.0,10.35959060001187,5.0,14.014937400002964,,,,20.0,Male,Right handed,Normal
sub50_NB,NB,12.0,frames/Vid12_EM_T.png,frames/Vid12_L.png,r,1.0,3.892320699989796,5.0,1.0154158999212086,,,,20.0,Male,Right handed,Normal
sub50_NB,NB,13.0,frames/Vid13_BB_T.png,frames/Vid13_L.png,l,0.0,6.024040899937972,3.0,2.383256300003268,,,,20.0,Male,Right handed,Normal
sub50_NB,NB,14.0,frames/Vid14_BB_T.png,frames/Vid14_L.png,l,1.0,4.01392240007408,5.0,1.5315602000337094,,,,20.0,Male,Right handed,Normal
sub50_NB,NB,15.0,frames/Vid15_BB_T.png,frames/Vid15_L.png,r,1.0,4.7556841999758035,5.0,1.4483212999766693,,,,20.0,Male,Right handed,Normal
sub50_NB,NB,16.0,frames/Vid16_EM_T.png,frames/Vid16_L.png,l,1.0,9.53755580005236,3.0,3.447030899929814,,,,20.0,Male,Right handed,Normal
sub50_NB,NB,17.0,frames/Vid17_BB_T.png,frames/Vid17_L.png,r,1.0,3.96443900000304,5.0,1.048002399969846,,,,20.0,Male,Right handed,Normal
sub50_NB,NB,18.0,frames/Vid18_EM_T.png,frames/Vid18_L.png,r,1.0,4.836356399930082,2.0,1.9482926999917256,,,,20.0,Male,Right handed,Normal
sub50_NB,NB,19.0,frames/Vid19_BB_T.png,frames/Vid19_L.png,r,1.0,6.115162599948235,5.0,1.8990646000020208,,,,20.0,Male,Right handed,Normal
sub50_NB,NB,20.0,frames/Vid20_EM_T.png,frames/Vid20_L.png,l,1.0,5.433551200083457,3.0,1.8317924999864772,,,,20.0,Male,Right handed,Normal
sub50_NB,NB,21.0,frames/Vid21_BB_T.png,frames/Vid21_L.png,r,1.0,6.072297899983823,5.0,0.8312199999345466,,,,20.0,Male,Right handed,Normal
sub50_NB,NB,22.0,frames/Vid22_EM_T.png,frames/Vid22_L.png,r,1.0,4.095775099936873,5.0,1.848731300095096,,,,20.0,Male,Right handed,Normal
sub50_NB,NB,23.0,frames/Vid23_EM_T.png,frames/Vid23_L.png,r,1.0,4.091365700005554,5.0,1.6157874999335036,,,,20.0,Male,Right handed,Normal
sub50_NB,NB,24.0,frames/Vid24_BB_T.png,frames/Vid24_L.png,l,1.0,6.615277900011279,5.0,1.4807290999451652,,,,20.0,Male,Right handed,Normal
sub50_NB,NB,25.0,frames/Vid25_BB_T.png,frames/Vid25_L.png,l,1.0,8.282782100024633,5.0,1.4996145999757573,,,,20.0,Male,Right handed,Normal
sub50_NB,NB,26.0,frames/Vid26_EM_T.png,frames/Vid26_L.png,r,1.0,5.017901299986988,4.0,2.8485360000049695,,,,20.0,Male,Right handed,Normal
sub50_NB,NB,27.0,frames/Vid27_BB_T.png,frames/Vid27_L.png,r,1.0,5.540250499965623,5.0,2.7664602999575436,,,,20.0,Male,Right handed,Normal
sub50_NB,NB,28.0,frames/Vid28_EM_T.png,frames/Vid28_L.png,l,1.0,3.19435549993068,5.0,2.1154773000162095,,,,20.0,Male,Right handed,Normal
sub50_NB,NB,29.0,frames/Vid29_BB_T.png,frames/Vid29_L.png,l,1.0,7.276953299995512,1.0,3.715216499986127,,,,20.0,Male,Right handed,Normal
sub50_NB,NB,30.0,frames/Vid30_EM_T.png,frames/Vid30_L.png,l,1.0,9.817149700014852,2.0,3.31532400008291,,,,20.0,Male,Right handed,Normal
sub50_NB,NB,31.0,frames/Vid31_EM_T.png,frames/Vid31_L.png,l,1.0,4.813676299992949,5.0,1.317074800026603,,,,20.0,Male,Right handed,Normal
sub50_NB,NB,32.0,frames/Vid32_EM_T.png,frames/Vid32_L.png,r,1.0,3.914939100039191,5.0,0.7495831999694929,,,,20.0,Male,Right handed,Normal
sub50_NB,NB,33.0,frames/Vid33_BB_T.png,frames/Vid33_L.png,r,1.0,5.074407399981283,5.0,1.0640544999623671,,,,20.0,Male,Right handed,Normal
sub50_NB,NB,34.0,frames/Vid34_BB_T.png,frames/Vid34_L.png,r,1.0,8.568787700030953,5.0,1.9154261000221595,,,,20.0,Male,Right handed,Normal
sub50_NB,NB,35.0,frames/Vid35_EM_T.png,frames/Vid35_L.png,r,1.0,3.822081099962816,5.0,2.5147047999780625,,,,20.0,Male,Right handed,Normal
sub50_NB,NB,36.0,frames/Vid36_BB_T.png,frames/Vid36_L.png,r,1.0,6.153394099907018,5.0,0.915085400105454,,,,20.0,Male,Right handed,Normal
sub50_NB,NB,37.0,frames/Vid37_BB_T.png,frames/Vid37_L.png,l,1.0,3.6007151999510825,5.0,1.449317599995993,,,,20.0,Male,Right handed,Normal
sub50_NB,NB,38.0,frames/Vid38_EM_T.png,frames/Vid38_L.png,l,1.0,5.538339099963196,5.0,0.9153038999065756,,,,20.0,Male,Right handed,Normal
sub50_NB,NB,39.0,frames/Vid39_BB_T.png,frames/Vid39_L.png,l,1.0,8.399931400083005,5.0,1.4833944999845698,,,,20.0,Male,Right handed,Normal
sub50_NB,NB,40.0,frames/Vid40_EM_T.png,frames/Vid40_L.png,l,1.0,6.645525199943222,5.0,2.2486871998989955,,,,20.0,Male,Right handed,Normal
sub51_NB,NB,1.0,frames/Vid1_EM_T.png,frames/Vid1_L.png,l,1.0,7.368036399944685,4.0,1.8153903000056744,,,,20.0,Female,Right handed,Corrected to normal
sub51_NB,NB,2.0,frames/Vid2_BB_T.png,frames/Vid2_L.png,l,1.0,5.622394400066696,5.0,2.215667200041935,,,,20.0,Female,Right handed,Corrected to normal
sub51_NB,NB,3.0,frames/Vid3_BB_T.png,frames/Vid3_L.png,l,1.0,4.330247699981555,4.0,1.5650621999520808,,,,20.0,Female,Right handed,Corrected to normal
sub51_NB,NB,4.0,frames/Vid4_EM_T.png,frames/Vid4_L.png,l,0.0,4.47668030008208,4.0,1.4467925999779254,,,,20.0,Female,Right handed,Corrected to normal
sub51_NB,NB,5.0,frames/Vid5_EM_T.png,frames/Vid5_L.png,r,1.0,6.266270600026473,3.0,1.779614900005981,,,,20.0,Female,Right handed,Corrected to normal
sub51_NB,NB,6.0,frames/Vid6_BB_T.png,frames/Vid6_L.png,l,1.0,6.654819599934854,5.0,1.948214000090957,,,,20.0,Female,Right handed,Corrected to normal
sub51_NB,NB,7.0,frames/Vid7_EM_T.png,frames/Vid7_L.png,l,1.0,3.274853900074959,4.0,1.3306291999761015,,,,20.0,Female,Right handed,Corrected to normal
sub51_NB,NB,8.0,frames/Vid8_BB_T.png,frames/Vid8_L.png,l,0.0,2.792806899989955,4.0,5.115049200016074,,,,20.0,Female,Right handed,Corrected to normal
sub51_NB,NB,9.0,frames/Vid9_EM_T.png,frames/Vid9_L.png,l,0.0,9.17404600000009,3.0,1.7648247999604791,,,,20.0,Female,Right handed,Corrected to normal
sub51_NB,NB,10.0,frames/Vid10_BB_T.png,frames/Vid10_L.png,l,1.0,3.0939873999450356,5.0,1.3649701999966055,,,,20.0,Female,Right handed,Corrected to normal
sub51_NB,NB,11.0,frames/Vid11_EM_T.png,frames/Vid11_L.png,r,1.0,3.4068972000386566,5.0,1.5132918999297544,,,,20.0,Female,Right handed,Corrected to normal
sub51_NB,NB,12.0,frames/Vid12_EM_T.png,frames/Vid12_L.png,r,1.0,3.728386000031606,5.0,1.4641652000136671,,,,20.0,Female,Right handed,Corrected to normal
sub51_NB,NB,13.0,frames/Vid13_BB_T.png,frames/Vid13_L.png,r,0.0,7.588430800009519,3.0,1.0988226999761537,,,,20.0,Female,Right handed,Corrected to normal
sub51_NB,NB,14.0,frames/Vid14_BB_T.png,frames/Vid14_L.png,l,1.0,2.829753300058655,5.0,1.315852400031872,,,,20.0,Female,Right handed,Corrected to normal
sub51_NB,NB,15.0,frames/Vid15_BB_T.png,frames/Vid15_L.png,r,1.0,9.154366899980232,4.0,2.116330499993637,,,,20.0,Female,Right handed,Corrected to normal
sub51_NB,NB,16.0,frames/Vid16_EM_T.png,frames/Vid16_L.png,r,1.0,4.690771900000982,4.0,1.6982685000402853,,,,20.0,Female,Right handed,Corrected to normal
sub51_NB,NB,17.0,frames/Vid17_BB_T.png,frames/Vid17_L.png,l,1.0,3.799337200005539,5.0,1.3640916999429464,,,,20.0,Female,Right handed,Corrected to normal
sub51_NB,NB,18.0,frames/Vid18_EM_T.png,frames/Vid18_L.png,l,1.0,5.967557700001635,4.0,1.748258400009945,,,,20.0,Female,Right handed,Corrected to normal
sub51_NB,NB,19.0,frames/Vid19_BB_T.png,frames/Vid19_L.png,r,0.0,8.691005100030452,3.0,1.8816306999651715,,,,20.0,Female,Right handed,Corrected to normal
sub51_NB,NB,20.0,frames/Vid20_EM_T.png,frames/Vid20_L.png,l,1.0,6.891032600076869,4.0,1.6311264999676496,,,,20.0,Female,Right handed,Corrected to normal
sub51_NB,NB,21.0,frames/Vid21_BB_T.png,frames/Vid21_L.png,r,1.0,4.095709300017916,4.0,10.615887799998744,,,,20.0,Female,Right handed,Corrected to normal
sub51_NB,NB,22.0,frames/Vid22_EM_T.png,frames/Vid22_L.png,r,1.0,4.376974400016479,5.0,1.597029099939391,,,,20.0,Female,Right handed,Corrected to normal
sub51_NB,NB,23.0,frames/Vid23_EM_T.png,frames/Vid23_L.png,r,1.0,4.68330130004324,4.0,1.7147982999449596,,,,20.0,Female,Right handed,Corrected to normal
sub51_NB,NB,24.0,frames/Vid24_BB_T.png,frames/Vid24_L.png,r,1.0,9.860772900050506,4.0,2.8491650000214577,,,,20.0,Female,Right handed,Corrected to normal
sub51_NB,NB,25.0,frames/Vid25_BB_T.png,frames/Vid25_L.png,l,1.0,3.0709216999821365,5.0,1.2982464999658987,,,,20.0,Female,Right handed,Corrected to normal
sub51_NB,NB,26.0,frames/Vid26_EM_T.png,frames/Vid26_L.png,r,1.0,8.128883600002155,4.0,2.9984680000925437,,,,20.0,Female,Right handed,Corrected to normal
sub51_NB,NB,27.0,frames/Vid27_BB_T.png,frames/Vid27_L.png,r,1.0,3.974681199993938,4.0,1.148117600008845,,,,20.0,Female,Right handed,Corrected to normal
sub51_NB,NB,28.0,frames/Vid28_EM_T.png,frames/Vid28_L.png,l,1.0,2.1340361000038683,5.0,1.581097700051032,,,,20.0,Female,Right handed,Corrected to normal
sub51_NB,NB,29.0,frames/Vid29_BB_T.png,frames/Vid29_L.png,l,1.0,9.118424399988726,4.0,1.9477891999995336,,,,20.0,Female,Right handed,Corrected to normal
sub51_NB,NB,30.0,frames/Vid30_EM_T.png,frames/Vid30_L.png,l,1.0,5.741897900006734,5.0,1.314387799939141,,,,20.0,Female,Right handed,Corrected to normal
sub51_NB,NB,31.0,frames/Vid31_EM_T.png,frames/Vid31_L.png,r,1.0,3.1281762999715284,5.0,3.148058700026013,,,,20.0,Female,Right handed,Corrected to normal
sub51_NB,NB,32.0,frames/Vid32_EM_T.png,frames/Vid32_L.png,r,1.0,3.9741123999701817,5.0,1.314856700017117,,,,20.0,Female,Right handed,Corrected to normal
sub51_NB,NB,33.0,frames/Vid33_BB_T.png,frames/Vid33_L.png,l,1.0,4.088828700012527,5.0,1.4489840999012813,,,,20.0,Female,Right handed,Corrected to normal
sub51_NB,NB,34.0,frames/Vid34_BB_T.png,frames/Vid34_L.png,l,1.0,4.775746600003913,5.0,1.1491058999672532,,,,20.0,Female,Right handed,Corrected to normal
sub51_NB,NB,35.0,frames/Vid35_EM_T.png,frames/Vid35_L.png,l,1.0,4.152893699938431,5.0,2.232244100072421,,,,20.0,Female,Right handed,Corrected to normal
sub51_NB,NB,36.0,frames/Vid36_BB_T.png,frames/Vid36_L.png,l,1.0,3.840222100028768,4.0,2.0646627000533044,,,,20.0,Female,Right handed,Corrected to normal
sub51_NB,NB,37.0,frames/Vid37_BB_T.png,frames/Vid37_L.png,r,1.0,4.337102900026366,5.0,1.34840819996316,,,,20.0,Female,Right handed,Corrected to normal
sub51_NB,NB,38.0,frames/Vid38_EM_T.png,frames/Vid38_L.png,l,1.0,5.919717099983245,4.0,1.2465276999864727,,,,20.0,Female,Right handed,Corrected to normal
sub51_NB,NB,39.0,frames/Vid39_BB_T.png,frames/Vid39_L.png,r,1.0,6.50272590003442,5.0,1.3320569000206888,,,,20.0,Female,Right handed,Corrected to normal
sub51_NB,NB,40.0,frames/Vid40_EM_T.png,frames/Vid40_L.png,l,1.0,7.741816199966706,4.0,1.5487403000006452,,,,20.0,Female,Right handed,Corrected to normal
sub52_NB,NB,1.0,frames/Vid1_EM_T.png,frames/Vid1_L.png,r,1.0,11.04220639995765,5.0,2.130612300010398,,,,19.0,Female,Left Handed,Corrected to normal
sub52_NB,NB,2.0,frames/Vid2_BB_T.png,frames/Vid2_L.png,l,1.0,2.6622937000356615,5.0,1.0322982999496162,,,,19.0,Female,Left Handed,Corrected to normal
sub52_NB,NB,3.0,frames/Vid3_BB_T.png,frames/Vid3_L.png,r,1.0,3.164956400054507,5.0,1.196704899892211,,,,19.0,Female,Left Handed,Corrected to normal
sub52_NB,NB,4.0,frames/Vid4_EM_T.png,frames/Vid4_L.png,r,0.0,4.209357199957594,5.0,2.980953500024043,,,,19.0,Female,Left Handed,Corrected to normal
sub52_NB,NB,5.0,frames/Vid5_EM_T.png,frames/Vid5_L.png,l,1.0,2.920911099994555,5.0,1.5310919999610633,,,,19.0,Female,Left Handed,Corrected to normal
sub52_NB,NB,6.0,frames/Vid6_BB_T.png,frames/Vid6_L.png,l,1.0,3.404160700039938,5.0,1.1485705999657512,,,,19.0,Female,Left Handed,Corrected to normal
sub52_NB,NB,7.0,frames/Vid7_EM_T.png,frames/Vid7_L.png,l,1.0,4.144137200084515,5.0,1.0650534000014886,,,,19.0,Female,Left Handed,Corrected to normal
sub52_NB,NB,8.0,frames/Vid8_BB_T.png,frames/Vid8_L.png,r,0.0,9.002513000043109,5.0,1.3800780000165105,,,,19.0,Female,Left Handed,Corrected to normal
sub52_NB,NB,9.0,frames/Vid9_EM_T.png,frames/Vid9_L.png,r,1.0,6.439943099976517,5.0,1.7643856999929994,,,,19.0,Female,Left Handed,Corrected to normal
sub52_NB,NB,10.0,frames/Vid10_BB_T.png,frames/Vid10_L.png,r,1.0,7.877643099986017,4.0,2.180549999931827,,,,19.0,Female,Left Handed,Corrected to normal
sub52_NB,NB,11.0,frames/Vid11_EM_T.png,frames/Vid11_L.png,l,1.0,2.6384957000846043,5.0,1.0147873000241816,,,,19.0,Female,Left Handed,Corrected to normal
sub52_NB,NB,12.0,frames/Vid12_EM_T.png,frames/Vid12_L.png,r,1.0,7.590463100001216,5.0,1.1649953000014648,,,,19.0,Female,Left Handed,Corrected to normal
sub52_NB,NB,13.0,frames/Vid13_BB_T.png,frames/Vid13_L.png,r,0.0,8.145385499927215,5.0,1.1804221000056714,,,,19.0,Female,Left Handed,Corrected to normal
sub52_NB,NB,14.0,frames/Vid14_BB_T.png,frames/Vid14_L.png,l,1.0,4.201833300059661,5.0,1.0483562999870628,,,,19.0,Female,Left Handed,Corrected to normal
sub52_NB,NB,15.0,frames/Vid15_BB_T.png,frames/Vid15_L.png,l,1.0,4.102487499942072,5.0,1.6809878000058234,,,,19.0,Female,Left Handed,Corrected to normal
sub52_NB,NB,16.0,frames/Vid16_EM_T.png,frames/Vid16_L.png,r,1.0,23.697757299989465,3.0,2.281382699962706,,,,19.0,Female,Left Handed,Corrected to normal
sub52_NB,NB,17.0,frames/Vid17_BB_T.png,frames/Vid17_L.png,r,1.0,5.345852899947204,5.0,1.380302599980496,,,,19.0,Female,Left Handed,Corrected to normal
sub52_NB,NB,18.0,frames/Vid18_EM_T.png,frames/Vid18_L.png,l,1.0,3.5127389999106526,5.0,2.2472498000133783,,,,19.0,Female,Left Handed,Corrected to normal
sub52_NB,NB,19.0,frames/Vid19_BB_T.png,frames/Vid19_L.png,l,1.0,2.6330865001073107,5.0,1.6990842000814157,,,,19.0,Female,Left Handed,Corrected to normal
sub52_NB,NB,20.0,frames/Vid20_EM_T.png,frames/Vid20_L.png,l,1.0,2.245739300036803,5.0,1.6974370999960229,,,,19.0,Female,Left Handed,Corrected to normal
sub52_NB,NB,21.0,frames/Vid21_BB_T.png,frames/Vid21_L.png,r,1.0,3.230908500030637,5.0,1.4487835000036284,,,,19.0,Female,Left Handed,Corrected to normal
sub52_NB,NB,22.0,frames/Vid22_EM_T.png,frames/Vid22_L.png,r,1.0,3.448309400002472,5.0,1.1810072000371292,,,,19.0,Female,Left Handed,Corrected to normal
sub52_NB,NB,23.0,frames/Vid23_EM_T.png,frames/Vid23_L.png,r,1.0,7.970815699896775,5.0,1.930209800018929,,,,19.0,Female,Left Handed,Corrected to normal
sub52_NB,NB,24.0,frames/Vid24_BB_T.png,frames/Vid24_L.png,l,1.0,3.963058599969372,5.0,1.064394999993965,,,,19.0,Female,Left Handed,Corrected to normal
sub52_NB,NB,25.0,frames/Vid25_BB_T.png,frames/Vid25_L.png,r,0.0,13.659778299974278,4.0,3.0818165000528097,,,,19.0,Female,Left Handed,Corrected to normal
sub52_NB,NB,26.0,frames/Vid26_EM_T.png,frames/Vid26_L.png,r,1.0,5.287748500006273,5.0,2.2146803999785334,,,,19.0,Female,Left Handed,Corrected to normal
sub52_NB,NB,27.0,frames/Vid27_BB_T.png,frames/Vid27_L.png,r,1.0,3.1646264999872074,5.0,1.6814008000073954,,,,19.0,Female,Left Handed,Corrected to normal
sub52_NB,NB,28.0,frames/Vid28_EM_T.png,frames/Vid28_L.png,l,1.0,2.93171410006471,5.0,1.482093199971132,,,,19.0,Female,Left Handed,Corrected to normal
sub52_NB,NB,29.0,frames/Vid29_BB_T.png,frames/Vid29_L.png,l,1.0,3.118129799957387,5.0,1.4817719999700785,,,,19.0,Female,Left Handed,Corrected to normal
sub52_NB,NB,30.0,frames/Vid30_EM_T.png,frames/Vid30_L.png,l,1.0,6.0087711999658495,5.0,1.4993114999961108,,,,19.0,Female,Left Handed,Corrected to normal
sub52_NB,NB,31.0,frames/Vid31_EM_T.png,frames/Vid31_L.png,l,1.0,4.178360599908046,5.0,4.214226000010967,,,,19.0,Female,Left Handed,Corrected to normal
sub52_NB,NB,32.0,frames/Vid32_EM_T.png,frames/Vid32_L.png,l,1.0,2.261110399966128,5.0,1.2485469999955967,,,,19.0,Female,Left Handed,Corrected to normal
sub52_NB,NB,33.0,frames/Vid33_BB_T.png,frames/Vid33_L.png,l,1.0,4.535849999985658,5.0,2.0146192999091,,,,19.0,Female,Left Handed,Corrected to normal
sub52_NB,NB,34.0,frames/Vid34_BB_T.png,frames/Vid34_L.png,l,1.0,3.252571400022134,5.0,1.3149243000661954,,,,19.0,Female,Left Handed,Corrected to normal
sub52_NB,NB,35.0,frames/Vid35_EM_T.png,frames/Vid35_L.png,r,1.0,7.250057900091633,5.0,7.229668000014499,,,,19.0,Female,Left Handed,Corrected to normal
sub52_NB,NB,36.0,frames/Vid36_BB_T.png,frames/Vid36_L.png,r,1.0,3.106427500024438,5.0,1.0474452000344172,,,,19.0,Female,Left Handed,Corrected to normal
sub52_NB,NB,37.0,frames/Vid37_BB_T.png,frames/Vid37_L.png,r,1.0,3.560053799999878,5.0,2.332624000031501,,,,19.0,Female,Left Handed,Corrected to normal
sub52_NB,NB,38.0,frames/Vid38_EM_T.png,frames/Vid38_L.png,l,1.0,8.460998899885453,5.0,0.948240299941972,,,,19.0,Female,Left Handed,Corrected to normal
sub52_NB,NB,39.0,frames/Vid39_BB_T.png,frames/Vid39_L.png,l,1.0,6.662834499962628,5.0,1.1298162000020966,,,,19.0,Female,Left Handed,Corrected to normal
sub52_NB,NB,40.0,frames/Vid40_EM_T.png,frames/Vid40_L.png,r,1.0,17.530119400005788,5.0,1.3796024000039324,,,,19.0,Female,Left Handed,Corrected to normal
sub53_NB,NB,1.0,frames/Vid1_EM_T.png,frames/Vid1_L.png,r,0.0,11.864236199995505,5.0,8.397891900036484,,,,19.0,Female,Right handed,Normal
sub53_NB,NB,2.0,frames/Vid2_BB_T.png,frames/Vid2_L.png,r,1.0,5.519896800047718,5.0,1.9496535999933255,,,,19.0,Female,Right handed,Normal
sub53_NB,NB,3.0,frames/Vid3_BB_T.png,frames/Vid3_L.png,l,0.0,7.6256950999377295,5.0,1.814745799987577,,,,19.0,Female,Right handed,Normal
sub53_NB,NB,4.0,frames/Vid4_EM_T.png,frames/Vid4_L.png,r,1.0,6.517521200003102,5.0,1.9310749999713153,,,,19.0,Female,Right handed,Normal
sub53_NB,NB,5.0,frames/Vid5_EM_T.png,frames/Vid5_L.png,r,0.0,27.206435100059025,2.0,2.613086999976076,,,,19.0,Female,Right handed,Normal
sub53_NB,NB,6.0,frames/Vid6_BB_T.png,frames/Vid6_L.png,r,1.0,7.50147699995432,5.0,1.2465553999645635,,,,19.0,Female,Right handed,Normal
sub53_NB,NB,7.0,frames/Vid7_EM_T.png,frames/Vid7_L.png,r,1.0,12.128830300061963,4.0,1.8980833000969144,,,,19.0,Female,Right handed,Normal
sub53_NB,NB,8.0,frames/Vid8_BB_T.png,frames/Vid8_L.png,l,1.0,3.808567299973219,5.0,1.6315487999236211,,,,19.0,Female,Right handed,Normal
sub53_NB,NB,9.0,frames/Vid9_EM_T.png,frames/Vid9_L.png,l,1.0,4.872513799928129,5.0,1.462218799977563,,,,19.0,Female,Right handed,Normal
sub53_NB,NB,10.0,frames/Vid10_BB_T.png,frames/Vid10_L.png,l,0.0,7.536149199935608,5.0,1.6818184999283403,,,,19.0,Female,Right handed,Normal
sub53_NB,NB,11.0,frames/Vid11_EM_T.png,frames/Vid11_L.png,l,1.0,3.6127916000550617,5.0,1.813672999967821,,,,19.0,Female,Right handed,Normal
sub53_NB,NB,12.0,frames/Vid12_EM_T.png,frames/Vid12_L.png,l,1.0,6.547091000014916,5.0,1.6309698999393731,,,,19.0,Female,Right handed,Normal
sub53_NB,NB,13.0,frames/Vid13_BB_T.png,frames/Vid13_L.png,r,1.0,9.564555299934,4.0,3.6155488999793306,,,,19.0,Female,Right handed,Normal
sub53_NB,NB,14.0,frames/Vid14_BB_T.png,frames/Vid14_L.png,l,1.0,8.506122800055891,5.0,1.7813201999524608,,,,19.0,Female,Right handed,Normal
sub53_NB,NB,15.0,frames/Vid15_BB_T.png,frames/Vid15_L.png,r,0.0,8.300400399952196,5.0,1.5314661000156775,,,,19.0,Female,Right handed,Normal
sub53_NB,NB,16.0,frames/Vid16_EM_T.png,frames/Vid16_L.png,r,0.0,12.475134999956936,4.0,1.932212800020352,,,,19.0,Female,Right handed,Normal
sub53_NB,NB,17.0,frames/Vid17_BB_T.png,frames/Vid17_L.png,r,1.0,7.537977400003001,5.0,2.596203399938531,,,,19.0,Female,Right handed,Normal
sub53_NB,NB,18.0,frames/Vid18_EM_T.png,frames/Vid18_L.png,r,1.0,8.92478779994417,2.0,2.464903900050558,,,,19.0,Female,Right handed,Normal
sub53_NB,NB,19.0,frames/Vid19_BB_T.png,frames/Vid19_L.png,r,1.0,5.602374100009911,5.0,5.147812400013208,,,,19.0,Female,Right handed,Normal
sub53_NB,NB,20.0,frames/Vid20_EM_T.png,frames/Vid20_L.png,l,1.0,12.90414979995694,3.0,1.7471940000541508,,,,19.0,Female,Right handed,Normal
sub53_NB,NB,21.0,frames/Vid21_BB_T.png,frames/Vid21_L.png,r,1.0,9.053762400057169,5.0,1.4987439999822527,,,,19.0,Female,Right handed,Normal
sub53_NB,NB,22.0,frames/Vid22_EM_T.png,frames/Vid22_L.png,l,1.0,2.992581899976358,5.0,1.6157691000262275,,,,19.0,Female,Right handed,Normal
sub53_NB,NB,23.0,frames/Vid23_EM_T.png,frames/Vid23_L.png,l,0.0,16.424409299972467,3.0,2.181953000021167,,,,19.0,Female,Right handed,Normal
sub53_NB,NB,24.0,frames/Vid24_BB_T.png,frames/Vid24_L.png,l,1.0,15.895846500061452,5.0,2.4650081999134272,,,,19.0,Female,Right handed,Normal
sub53_NB,NB,25.0,frames/Vid25_BB_T.png,frames/Vid25_L.png,l,1.0,27.53211090003606,5.0,7.265275400015525,,,,19.0,Female,Right handed,Normal
sub53_NB,NB,26.0,frames/Vid26_EM_T.png,frames/Vid26_L.png,r,1.0,3.2379655999829993,5.0,4.729374200105667,,,,19.0,Female,Right handed,Normal
sub53_NB,NB,27.0,frames/Vid27_BB_T.png,frames/Vid27_L.png,l,1.0,13.391391100012696,4.0,2.381351299933158,,,,19.0,Female,Right handed,Normal
sub53_NB,NB,28.0,frames/Vid28_EM_T.png,frames/Vid28_L.png,r,1.0,4.0516106999712065,5.0,2.3822911999886855,,,,19.0,Female,Right handed,Normal
sub53_NB,NB,29.0,frames/Vid29_BB_T.png,frames/Vid29_L.png,r,1.0,16.88897589989938,3.0,3.1821131999604404,,,,19.0,Female,Right handed,Normal
sub53_NB,NB,30.0,frames/Vid30_EM_T.png,frames/Vid30_L.png,l,1.0,9.776930500054732,3.0,1.833253899938427,,,,19.0,Female,Right handed,Normal
sub53_NB,NB,31.0,frames/Vid31_EM_T.png,frames/Vid31_L.png,r,1.0,2.9292678999481723,5.0,2.6640981000382453,,,,19.0,Female,Right handed,Normal
sub53_NB,NB,32.0,frames/Vid32_EM_T.png,frames/Vid32_L.png,r,1.0,3.0945162000134587,5.0,1.3633452000794932,,,,19.0,Female,Right handed,Normal
sub53_NB,NB,33.0,frames/Vid33_BB_T.png,frames/Vid33_L.png,r,1.0,18.349782799952663,2.0,1.6981046999571845,,,,19.0,Female,Right handed,Normal
sub53_NB,NB,34.0,frames/Vid34_BB_T.png,frames/Vid34_L.png,r,1.0,13.119963999954052,3.0,2.798074300051667,,,,19.0,Female,Right handed,Normal
sub53_NB,NB,35.0,frames/Vid35_EM_T.png,frames/Vid35_L.png,l,1.0,4.149170200107619,5.0,2.78211720008403,,,,19.0,Female,Right handed,Normal
sub53_NB,NB,36.0,frames/Vid36_BB_T.png,frames/Vid36_L.png,r,1.0,5.5703316000290215,5.0,1.3153591000009328,,,,19.0,Female,Right handed,Normal
sub53_NB,NB,37.0,frames/Vid37_BB_T.png,frames/Vid37_L.png,l,1.0,3.700402499991469,5.0,1.6980083000380546,,,,19.0,Female,Right handed,Normal
sub53_NB,NB,38.0,frames/Vid38_EM_T.png,frames/Vid38_L.png,l,1.0,8.304262100020424,5.0,1.6484097000211475,,,,19.0,Female,Right handed,Normal
sub53_NB,NB,39.0,frames/Vid39_BB_T.png,frames/Vid39_L.png,l,1.0,4.896962700062431,5.0,1.5469585000537336,,,,19.0,Female,Right handed,Normal
sub53_NB,NB,40.0,frames/Vid40_EM_T.png,frames/Vid40_L.png,r,1.0,2.947138399933465,5.0,1.1309753999812528,,,,19.0,Female,Right handed,Normal
sub56_NB,NB,1.0,frames/Vid1_EM_T.png,frames/Vid1_L.png,r,0.0,8.853869399987161,5.0,2.081326400046237,,,,23.0,Male,Left Handed,Normal
sub56_NB,NB,1.0,frames/Vid1_EM_T.png,frames/Vid1_L.png,l,1.0,6.475706099998206,5.0,1.7810005000792444,,,,23.0,Male,Left Handed,Normal
sub56_NB,NB,2.0,frames/Vid2_BB_T.png,frames/Vid2_L.png,r,1.0,7.587692900095135,4.0,1.8817919000284744,,,,23.0,Male,Left Handed,Normal
sub56_NB,NB,2.0,frames/Vid2_BB_T.png,frames/Vid2_L.png,r,1.0,11.826621199958026,5.0,36.88027200009674,,,,23.0,Male,Left Handed,Normal
sub56_NB,NB,3.0,frames/Vid3_BB_T.png,frames/Vid3_L.png,l,1.0,23.126639300026,2.0,3.130126199917868,,,,23.0,Male,Left Handed,Normal
sub56_NB,NB,3.0,frames/Vid3_BB_T.png,frames/Vid3_L.png,r,1.0,5.7436371999792755,5.0,1.4795101000927389,,,,23.0,Male,Left Handed,Normal
sub56_NB,NB,4.0,frames/Vid4_EM_T.png,frames/Vid4_L.png,l,0.0,14.512565699988045,4.0,1.7980775000760332,,,,23.0,Male,Left Handed,Normal
sub56_NB,NB,4.0,frames/Vid4_EM_T.png,frames/Vid4_L.png,r,1.0,9.7489232000662,3.0,3.647496300050989,,,,23.0,Male,Left Handed,Normal
sub56_NB,NB,5.0,frames/Vid5_EM_T.png,frames/Vid5_L.png,l,1.0,10.31178829993587,3.0,5.798471100046299,,,,23.0,Male,Left Handed,Normal
sub56_NB,NB,5.0,frames/Vid5_EM_T.png,frames/Vid5_L.png,l,0.0,13.726053499965928,1.0,1.5800384000176564,,,,23.0,Male,Left Handed,Normal
sub56_NB,NB,6.0,frames/Vid6_BB_T.png,frames/Vid6_L.png,l,1.0,5.023511199979112,5.0,1.748625100008212,,,,23.0,Male,Left Handed,Normal
sub56_NB,NB,6.0,frames/Vid6_BB_T.png,frames/Vid6_L.png,l,1.0,9.158363599912263,5.0,1.582667400012724,,,,23.0,Male,Left Handed,Normal
sub56_NB,NB,7.0,frames/Vid7_EM_T.png,frames/Vid7_L.png,r,1.0,10.965987300034612,2.0,6.715592100052163,,,,23.0,Male,Left Handed,Normal
sub56_NB,NB,7.0,frames/Vid7_EM_T.png,frames/Vid7_L.png,r,1.0,9.3381134000374,4.0,1.2813361999578774,,,,23.0,Male,Left Handed,Normal
sub56_NB,NB,8.0,frames/Vid8_BB_T.png,frames/Vid8_L.png,l,1.0,15.053151500062086,1.0,1.7985185000579804,,,,23.0,Male,Left Handed,Normal
sub56_NB,NB,8.0,frames/Vid8_BB_T.png,frames/Vid8_L.png,r,0.0,8.674182699993253,3.0,2.1986855000723153,,,,23.0,Male,Left Handed,Normal
sub56_NB,NB,9.0,frames/Vid9_EM_T.png,frames/Vid9_L.png,l,1.0,6.579401599941775,1.0,2.830396000063047,,,,23.0,Male,Left Handed,Normal
sub56_NB,NB,9.0,frames/Vid9_EM_T.png,frames/Vid9_L.png,l,1.0,7.689800199936144,5.0,1.1321668999735266,,,,23.0,Male,Left Handed,Normal
sub56_NB,NB,10.0,frames/Vid10_BB_T.png,frames/Vid10_L.png,l,1.0,5.695145000005141,3.0,2.1640181000111625,,,,23.0,Male,Left Handed,Normal
sub56_NB,NB,10.0,frames/Vid10_BB_T.png,frames/Vid10_L.png,r,1.0,5.717318100039847,4.0,3.964533200021833,,,,23.0,Male,Left Handed,Normal
sub56_NB,NB,11.0,frames/Vid11_EM_T.png,frames/Vid11_L.png,l,1.0,5.290156500064768,5.0,3.031963099958375,,,,23.0,Male,Left Handed,Normal
sub56_NB,NB,11.0,frames/Vid11_EM_T.png,frames/Vid11_L.png,r,1.0,4.75260360003449,5.0,1.148674000054598,,,,23.0,Male,Left Handed,Normal
sub56_NB,NB,12.0,frames/Vid12_EM_T.png,frames/Vid12_L.png,l,1.0,6.013173799961805,4.0,1.7988422999624163,,,,23.0,Male,Left Handed,Normal
sub56_NB,NB,12.0,frames/Vid12_EM_T.png,frames/Vid12_L.png,l,0.0,18.841648599947803,5.0,1.1472514000488443,,,,23.0,Male,Left Handed,Normal
sub56_NB,NB,13.0,frames/Vid13_BB_T.png,frames/Vid13_L.png,l,0.0,4.799496800056659,3.0,1.716061000013724,,,,23.0,Male,Left Handed,Normal
sub56_NB,NB,13.0,frames/Vid13_BB_T.png,frames/Vid13_L.png,l,1.0,10.383616400067694,3.0,1.7296006000833586,,,,23.0,Male,Left Handed,Normal
sub56_NB,NB,14.0,frames/Vid14_BB_T.png,frames/Vid14_L.png,r,0.0,11.543902099947443,1.0,2.0137679000617936,,,,23.0,Male,Left Handed,Normal
sub56_NB,NB,14.0,frames/Vid14_BB_T.png,frames/Vid14_L.png,l,1.0,4.278948799939826,5.0,0.8811364999273792,,,,23.0,Male,Left Handed,Normal
sub56_NB,NB,15.0,frames/Vid15_BB_T.png,frames/Vid15_L.png,r,1.0,7.513388799969107,5.0,1.4307163000339642,,,,23.0,Male,Left Handed,Normal
sub56_NB,NB,15.0,frames/Vid15_BB_T.png,frames/Vid15_L.png,l,1.0,28.131887499941513,3.0,2.1480622000526637,,,,23.0,Male,Left Handed,Normal
sub56_NB,NB,16.0,frames/Vid16_EM_T.png,frames/Vid16_L.png,r,1.0,6.564811400021426,2.0,1.6145822000689805,,,,23.0,Male,Left Handed,Normal
sub56_NB,NB,16.0,frames/Vid16_EM_T.png,frames/Vid16_L.png,l,0.0,7.1860990999266505,3.0,1.3303810000652447,,,,23.0,Male,Left Handed,Normal
sub56_NB,NB,17.0,frames/Vid17_BB_T.png,frames/Vid17_L.png,r,0.0,19.76497710007243,1.0,2.298082900000736,,,,23.0,Male,Left Handed,Normal
sub56_NB,NB,17.0,frames/Vid17_BB_T.png,frames/Vid17_L.png,l,1.0,7.179701299988665,5.0,1.7630543999839574,,,,23.0,Male,Left Handed,Normal
sub56_NB,NB,18.0,frames/Vid18_EM_T.png,frames/Vid18_L.png,l,1.0,7.0674387000035495,1.0,1.6463225000770765,,,,23.0,Male,Left Handed,Normal
sub56_NB,NB,18.0,frames/Vid18_EM_T.png,frames/Vid18_L.png,l,1.0,4.996202000067569,5.0,2.0650653999764472,,,,23.0,Male,Left Handed,Normal
sub56_NB,NB,19.0,frames/Vid19_BB_T.png,frames/Vid19_L.png,l,1.0,13.477818600018509,3.0,2.815599200082943,,,,23.0,Male,Left Handed,Normal
sub56_NB,NB,19.0,frames/Vid19_BB_T.png,frames/Vid19_L.png,l,1.0,17.9743676999351,1.0,2.131870499928482,,,,23.0,Male,Left Handed,Normal
sub56_NB,NB,20.0,frames/Vid20_EM_T.png,frames/Vid20_L.png,l,1.0,3.950469800038263,3.0,1.964755400083959,,,,23.0,Male,Left Handed,Normal
sub56_NB,NB,20.0,frames/Vid20_EM_T.png,frames/Vid20_L.png,l,1.0,14.80659980000928,1.0,3.5324264999944717,,,,23.0,Male,Left Handed,Normal
sub56_NB,NB,21.0,frames/Vid21_BB_T.png,frames/Vid21_L.png,r,1.0,12.634204100002536,3.0,2.181658999994397,,,,23.0,Male,Left Handed,Normal
sub56_NB,NB,21.0,frames/Vid21_BB_T.png,frames/Vid21_L.png,l,1.0,4.982735599973239,5.0,1.381521200062707,,,,23.0,Male,Left Handed,Normal
sub56_NB,NB,22.0,frames/Vid22_EM_T.png,frames/Vid22_L.png,r,1.0,4.955663000000641,5.0,2.015791999991052,,,,23.0,Male,Left Handed,Normal
sub56_NB,NB,22.0,frames/Vid22_EM_T.png,frames/Vid22_L.png,l,1.0,6.229249700088985,5.0,0.9968585000606254,,,,23.0,Male,Left Handed,Normal
sub56_NB,NB,23.0,frames/Vid23_EM_T.png,frames/Vid23_L.png,r,1.0,6.573837799951434,2.0,1.213390800054185,,,,23.0,Male,Left Handed,Normal
sub56_NB,NB,23.0,frames/Vid23_EM_T.png,frames/Vid23_L.png,r,1.0,9.423591999919154,4.0,1.415623000008054,,,,23.0,Male,Left Handed,Normal
sub56_NB,NB,24.0,frames/Vid24_BB_T.png,frames/Vid24_L.png,r,0.0,7.4309616999235,3.0,1.7832137999357656,,,,23.0,Male,Left Handed,Normal
sub56_NB,NB,24.0,frames/Vid24_BB_T.png,frames/Vid24_L.png,r,1.0,5.404339000000618,5.0,1.04857619991526,,,,23.0,Male,Left Handed,Normal
sub56_NB,NB,25.0,frames/Vid25_BB_T.png,frames/Vid25_L.png,r,1.0,3.79093399993144,3.0,0.8641642000293359,,,,23.0,Male,Left Handed,Normal
sub56_NB,NB,25.0,frames/Vid25_BB_T.png,frames/Vid25_L.png,l,1.0,9.427612800034694,5.0,0.8476876999484375,,,,23.0,Male,Left Handed,Normal
sub56_NB,NB,26.0,frames/Vid26_EM_T.png,frames/Vid26_L.png,l,1.0,6.73541419999674,5.0,2.0652648999821395,,,,23.0,Male,Left Handed,Normal
sub56_NB,NB,26.0,frames/Vid26_EM_T.png,frames/Vid26_L.png,r,0.0,9.317418699967677,5.0,3.916217899997718,,,,23.0,Male,Left Handed,Normal
sub56_NB,NB,27.0,frames/Vid27_BB_T.png,frames/Vid27_L.png,r,1.0,4.784359799930826,5.0,1.7821824999991804,,,,23.0,Male,Left Handed,Normal
sub56_NB,NB,27.0,frames/Vid27_BB_T.png,frames/Vid27_L.png,r,1.0,6.84236049989704,5.0,1.2653889999492094,,,,23.0,Male,Left Handed,Normal
sub56_NB,NB,28.0,frames/Vid28_EM_T.png,frames/Vid28_L.png,r,1.0,12.739538399968296,5.0,2.197931900038384,,,,23.0,Male,Left Handed,Normal
sub56_NB,NB,28.0,frames/Vid28_EM_T.png,frames/Vid28_L.png,r,1.0,4.020217499928549,5.0,1.0989311001030728,,,,23.0,Male,Left Handed,Normal
sub56_NB,NB,29.0,frames/Vid29_BB_T.png,frames/Vid29_L.png,l,1.0,6.271001299959607,2.0,1.5481741999974474,,,,23.0,Male,Left Handed,Normal
sub56_NB,NB,29.0,frames/Vid29_BB_T.png,frames/Vid29_L.png,l,1.0,6.063587800017558,3.0,1.248405799968168,,,,23.0,Male,Left Handed,Normal
sub56_NB,NB,30.0,frames/Vid30_EM_T.png,frames/Vid30_L.png,r,1.0,5.5428203999763355,4.0,1.5980107000796124,,,,23.0,Male,Left Handed,Normal
sub56_NB,NB,30.0,frames/Vid30_EM_T.png,frames/Vid30_L.png,r,1.0,16.003715400001965,5.0,1.3302527000196278,,,,23.0,Male,Left Handed,Normal
sub56_NB,NB,31.0,frames/Vid31_EM_T.png,frames/Vid31_L.png,r,1.0,4.0095680999802426,3.0,1.0973455999046564,,,,23.0,Male,Left Handed,Normal
sub56_NB,NB,31.0,frames/Vid31_EM_T.png,frames/Vid31_L.png,l,1.0,16.948556400020607,3.0,2.846848100074567,,,,23.0,Male,Left Handed,Normal
sub56_NB,NB,32.0,frames/Vid32_EM_T.png,frames/Vid32_L.png,r,1.0,7.9724452999653295,5.0,2.298084900015965,,,,23.0,Male,Left Handed,Normal
sub56_NB,NB,32.0,frames/Vid32_EM_T.png,frames/Vid32_L.png,l,1.0,11.486672200029716,5.0,2.715294099994935,,,,23.0,Male,Left Handed,Normal
sub56_NB,NB,33.0,frames/Vid33_BB_T.png,frames/Vid33_L.png,l,1.0,3.4454230000264943,3.0,2.1496025000233203,,,,23.0,Male,Left Handed,Normal
sub56_NB,NB,33.0,frames/Vid33_BB_T.png,frames/Vid33_L.png,r,1.0,9.764742300030775,5.0,1.8952670000726357,,,,23.0,Male,Left Handed,Normal
sub56_NB,NB,34.0,frames/Vid34_BB_T.png,frames/Vid34_L.png,r,1.0,5.7460209999699146,5.0,1.880764100002125,,,,23.0,Male,Left Handed,Normal
sub56_NB,NB,34.0,frames/Vid34_BB_T.png,frames/Vid34_L.png,l,1.0,6.075690800091252,5.0,1.047877199947834,,,,23.0,Male,Left Handed,Normal
sub56_NB,NB,35.0,frames/Vid35_EM_T.png,frames/Vid35_L.png,l,1.0,5.670220899977721,4.0,1.7981303000124171,,,,23.0,Male,Left Handed,Normal
sub56_NB,NB,35.0,frames/Vid35_EM_T.png,frames/Vid35_L.png,r,1.0,4.127056599943899,5.0,0.7311907999683172,,,,23.0,Male,Left Handed,Normal
sub56_NB,NB,36.0,frames/Vid36_BB_T.png,frames/Vid36_L.png,l,1.0,9.527823999989778,5.0,1.964900099905208,,,,23.0,Male,Left Handed,Normal
sub56_NB,NB,36.0,frames/Vid36_BB_T.png,frames/Vid36_L.png,l,0.0,20.275382799911313,1.0,5.548561800038442,,,,23.0,Male,Left Handed,Normal
sub56_NB,NB,37.0,frames/Vid37_BB_T.png,frames/Vid37_L.png,r,1.0,11.247466300032102,5.0,2.5805882000131533,,,,23.0,Male,Left Handed,Normal
sub56_NB,NB,37.0,frames/Vid37_BB_T.png,frames/Vid37_L.png,r,1.0,7.943915799958631,5.0,2.6277650999836624,,,,23.0,Male,Left Handed,Normal
sub56_NB,NB,38.0,frames/Vid38_EM_T.png,frames/Vid38_L.png,r,1.0,23.895892800064757,2.0,2.647737600025721,,,,23.0,Male,Left Handed,Normal
sub56_NB,NB,38.0,frames/Vid38_EM_T.png,frames/Vid38_L.png,l,1.0,9.449126800056549,4.0,7.048489400069229,,,,23.0,Male,Left Handed,Normal
sub56_NB,NB,39.0,frames/Vid39_BB_T.png,frames/Vid39_L.png,r,1.0,13.436182899982668,4.0,1.8475163999246431,,,,23.0,Male,Left Handed,Normal
sub56_NB,NB,39.0,frames/Vid39_BB_T.png,frames/Vid39_L.png,r,1.0,5.583646100014448,5.0,1.065282700001262,,,,23.0,Male,Left Handed,Normal
sub56_NB,NB,40.0,frames/Vid40_EM_T.png,frames/Vid40_L.png,r,0.0,17.079207599977963,3.0,2.6807126000057906,,,,23.0,Male,Left Handed,Normal
sub56_NB,NB,40.0,frames/Vid40_EM_T.png,frames/Vid40_L.png,l,1.0,19.01639120001346,2.0,3.796659699990414,,,,23.0,Male,Left Handed,Normal
sub58_NB,NB,1.0,frames/Vid1_EM_T.png,frames/Vid1_L.png,r,1.0,8.92270210001152,4.0,1.34853880002629,,,,22.0,Male,Right handed,Corrected to normal
sub58_NB,NB,2.0,frames/Vid2_BB_T.png,frames/Vid2_L.png,r,1.0,5.352209899923764,5.0,2.0823873999761418,,,,22.0,Male,Right handed,Corrected to normal
sub58_NB,NB,3.0,frames/Vid3_BB_T.png,frames/Vid3_L.png,l,1.0,6.332262999960221,5.0,0.7476051000412554,,,,22.0,Male,Right handed,Corrected to normal
sub58_NB,NB,4.0,frames/Vid4_EM_T.png,frames/Vid4_L.png,r,1.0,8.086479700054042,4.0,1.3985399000812322,,,,22.0,Male,Right handed,Corrected to normal
sub58_NB,NB,5.0,frames/Vid5_EM_T.png,frames/Vid5_L.png,r,1.0,2.2977333000162616,5.0,2.0143253999995068,,,,22.0,Male,Right handed,Corrected to normal
sub58_NB,NB,6.0,frames/Vid6_BB_T.png,frames/Vid6_L.png,l,1.0,2.914370800019242,5.0,1.5145170000614598,,,,22.0,Male,Right handed,Corrected to normal
sub58_NB,NB,7.0,frames/Vid7_EM_T.png,frames/Vid7_L.png,l,1.0,3.5892085999948904,5.0,0.997581999981776,,,,22.0,Male,Right handed,Corrected to normal
sub58_NB,NB,8.0,frames/Vid8_BB_T.png,frames/Vid8_L.png,l,1.0,6.663922899984755,4.0,1.0816591000184417,,,,22.0,Male,Right handed,Corrected to normal
sub58_NB,NB,9.0,frames/Vid9_EM_T.png,frames/Vid9_L.png,r,1.0,11.026021600002425,4.0,1.4152479000622409,,,,22.0,Male,Right handed,Corrected to normal
sub58_NB,NB,10.0,frames/Vid10_BB_T.png,frames/Vid10_L.png,r,1.0,11.139731300063431,3.0,1.0799950000364331,,,,22.0,Male,Right handed,Corrected to normal
sub58_NB,NB,11.0,frames/Vid11_EM_T.png,frames/Vid11_L.png,r,1.0,3.4509675999870524,5.0,1.5975525999674574,,,,22.0,Male,Right handed,Corrected to normal
sub58_NB,NB,12.0,frames/Vid12_EM_T.png,frames/Vid12_L.png,l,1.0,4.08719160000328,5.0,1.1980998000362888,,,,22.0,Male,Right handed,Corrected to normal
sub58_NB,NB,13.0,frames/Vid13_BB_T.png,frames/Vid13_L.png,l,1.0,10.413426400045864,3.0,1.7653428999474272,,,,22.0,Male,Right handed,Corrected to normal
sub58_NB,NB,14.0,frames/Vid14_BB_T.png,frames/Vid14_L.png,l,1.0,4.311635500052944,5.0,0.6658582999370992,,,,22.0,Male,Right handed,Corrected to normal
sub58_NB,NB,15.0,frames/Vid15_BB_T.png,frames/Vid15_L.png,l,0.0,6.151318900054321,5.0,0.5148155998904258,,,,22.0,Male,Right handed,Corrected to normal
sub58_NB,NB,16.0,frames/Vid16_EM_T.png,frames/Vid16_L.png,l,0.0,6.079260500031523,5.0,1.8806940000504255,,,,22.0,Male,Right handed,Corrected to normal
sub58_NB,NB,17.0,frames/Vid17_BB_T.png,frames/Vid17_L.png,r,1.0,7.117051100009121,5.0,3.812660100054927,,,,22.0,Male,Right handed,Corrected to normal
sub58_NB,NB,18.0,frames/Vid18_EM_T.png,frames/Vid18_L.png,r,1.0,4.25271689996589,5.0,1.6643435000441968,,,,22.0,Male,Right handed,Corrected to normal
sub58_NB,NB,19.0,frames/Vid19_BB_T.png,frames/Vid19_L.png,r,0.0,14.66265050007496,2.0,1.86557719996199,,,,22.0,Male,Right handed,Corrected to normal
sub58_NB,NB,20.0,frames/Vid20_EM_T.png,frames/Vid20_L.png,r,0.0,24.33954559999984,2.0,4.163784199976362,,,,22.0,Male,Right handed,Corrected to normal
sub58_NB,NB,21.0,frames/Vid21_BB_T.png,frames/Vid21_L.png,r,1.0,7.363608799991198,5.0,0.682487600017339,,,,22.0,Male,Right handed,Corrected to normal
sub58_NB,NB,22.0,frames/Vid22_EM_T.png,frames/Vid22_L.png,l,1.0,9.07619200006593,5.0,1.047428899910301,,,,22.0,Male,Right handed,Corrected to normal
sub58_NB,NB,23.0,frames/Vid23_EM_T.png,frames/Vid23_L.png,r,1.0,4.498241199995391,5.0,1.6139837000519035,,,,22.0,Male,Right handed,Corrected to normal
sub58_NB,NB,24.0,frames/Vid24_BB_T.png,frames/Vid24_L.png,l,1.0,7.832039300003089,5.0,2.6147005000384524,,,,22.0,Male,Right handed,Corrected to normal
sub58_NB,NB,25.0,frames/Vid25_BB_T.png,frames/Vid25_L.png,l,1.0,7.184763099998236,5.0,0.54798400006257,,,,22.0,Male,Right handed,Corrected to normal
sub58_NB,NB,26.0,frames/Vid26_EM_T.png,frames/Vid26_L.png,l,1.0,5.846697999979369,4.0,0.9989327000221238,,,,22.0,Male,Right handed,Corrected to normal
sub58_NB,NB,27.0,frames/Vid27_BB_T.png,frames/Vid27_L.png,r,1.0,3.164278900017962,5.0,1.1998744000447914,,,,22.0,Male,Right handed,Corrected to normal
sub58_NB,NB,28.0,frames/Vid28_EM_T.png,frames/Vid28_L.png,r,1.0,5.567520400043577,5.0,1.1151972999796271,,,,22.0,Male,Right handed,Corrected to normal
sub58_NB,NB,29.0,frames/Vid29_BB_T.png,frames/Vid29_L.png,l,1.0,4.948923800024204,5.0,0.9642534999875352,,,,22.0,Male,Right handed,Corrected to normal
sub58_NB,NB,30.0,frames/Vid30_EM_T.png,frames/Vid30_L.png,l,1.0,3.7582486999453977,5.0,2.732382000074722,,,,22.0,Male,Right handed,Corrected to normal
sub58_NB,NB,31.0,frames/Vid31_EM_T.png,frames/Vid31_L.png,r,1.0,2.3832131000235677,5.0,1.730554400011897,,,,22.0,Male,Right handed,Corrected to normal
sub58_NB,NB,32.0,frames/Vid32_EM_T.png,frames/Vid32_L.png,r,1.0,2.40113090001978,5.0,0.9656398999504744,,,,22.0,Male,Right handed,Corrected to normal
sub58_NB,NB,33.0,frames/Vid33_BB_T.png,frames/Vid33_L.png,l,1.0,12.346399499918334,5.0,0.6317544000921771,,,,22.0,Male,Right handed,Corrected to normal
sub58_NB,NB,34.0,frames/Vid34_BB_T.png,frames/Vid34_L.png,r,1.0,14.11856259999331,3.0,2.2967015000758693,,,,22.0,Male,Right handed,Corrected to normal
sub58_NB,NB,35.0,frames/Vid35_EM_T.png,frames/Vid35_L.png,r,1.0,4.486690900055692,5.0,2.198460099985823,,,,22.0,Male,Right handed,Corrected to normal
sub58_NB,NB,36.0,frames/Vid36_BB_T.png,frames/Vid36_L.png,r,1.0,3.273707199958153,5.0,1.0976279999595135,,,,22.0,Male,Right handed,Corrected to normal
sub58_NB,NB,37.0,frames/Vid37_BB_T.png,frames/Vid37_L.png,l,1.0,3.9604204000206664,5.0,9.515667999978175,,,,22.0,Male,Right handed,Corrected to normal
sub58_NB,NB,38.0,frames/Vid38_EM_T.png,frames/Vid38_L.png,r,1.0,3.9977308999514207,5.0,1.0324743000091985,,,,22.0,Male,Right handed,Corrected to normal
sub58_NB,NB,39.0,frames/Vid39_BB_T.png,frames/Vid39_L.png,r,1.0,4.8656803000485525,5.0,1.6313735999865455,,,,22.0,Male,Right handed,Corrected to normal
sub58_NB,NB,40.0,frames/Vid40_EM_T.png,frames/Vid40_L.png,l,1.0,6.419434800045565,5.0,0.9144074999494478,,,,22.0,Male,Right handed,Corrected to normal
sub59_NB,NB,1.0,frames/Vid1_EM_T.png,frames/Vid1_L.png,l,1.0,11.698985499999251,3.0,1.3157161999988602,,,,21.0,Male,Right handed,Corrected to normal
sub59_NB,NB,2.0,frames/Vid2_BB_T.png,frames/Vid2_L.png,l,1.0,3.792463100005989,4.0,0.9158170000009704,,,,21.0,Male,Right handed,Corrected to normal
sub59_NB,NB,3.0,frames/Vid3_BB_T.png,frames/Vid3_L.png,r,1.0,7.226494900001853,3.0,2.8977627999993274,,,,21.0,Male,Right handed,Corrected to normal
sub59_NB,NB,4.0,frames/Vid4_EM_T.png,frames/Vid4_L.png,r,1.0,5.975510500000382,4.0,1.231087899999693,,,,21.0,Male,Right handed,Corrected to normal
sub59_NB,NB,5.0,frames/Vid5_EM_T.png,frames/Vid5_L.png,l,1.0,3.9437653999993927,3.0,1.6803899000005913,,,,21.0,Male,Right handed,Corrected to normal
sub59_NB,NB,6.0,frames/Vid6_BB_T.png,frames/Vid6_L.png,l,1.0,5.048847500002012,5.0,1.2817043000031845,,,,21.0,Male,Right handed,Corrected to normal
sub59_NB,NB,7.0,frames/Vid7_EM_T.png,frames/Vid7_L.png,r,1.0,7.495986300004006,3.0,1.2151448000004166,,,,21.0,Male,Right handed,Corrected to normal
sub59_NB,NB,8.0,frames/Vid8_BB_T.png,frames/Vid8_L.png,l,0.0,3.154908800002886,5.0,1.7311188999956355,,,,21.0,Male,Right handed,Corrected to normal
sub59_NB,NB,9.0,frames/Vid9_EM_T.png,frames/Vid9_L.png,r,1.0,8.26655010000104,4.0,2.498669300002802,,,,21.0,Male,Right handed,Corrected to normal
sub59_NB,NB,10.0,frames/Vid10_BB_T.png,frames/Vid10_L.png,l,1.0,4.14570239999739,4.0,1.2471395000029588,,,,21.0,Male,Right handed,Corrected to normal
sub59_NB,NB,11.0,frames/Vid11_EM_T.png,frames/Vid11_L.png,r,1.0,2.609860299999127,5.0,1.0147652000014205,,,,21.0,Male,Right handed,Corrected to normal
sub59_NB,NB,12.0,frames/Vid12_EM_T.png,frames/Vid12_L.png,r,1.0,10.916954599997553,4.0,1.2145343000011053,,,,21.0,Male,Right handed,Corrected to normal
sub59_NB,NB,13.0,frames/Vid13_BB_T.png,frames/Vid13_L.png,r,1.0,6.865924500001711,5.0,2.2979056000040146,,,,21.0,Male,Right handed,Corrected to normal
sub59_NB,NB,14.0,frames/Vid14_BB_T.png,frames/Vid14_L.png,l,1.0,2.281653399993957,2.0,1.811865299998317,,,,21.0,Male,Right handed,Corrected to normal
sub59_NB,NB,15.0,frames/Vid15_BB_T.png,frames/Vid15_L.png,l,1.0,3.876754000004439,4.0,0.847616699997161,,,,21.0,Male,Right handed,Corrected to normal
sub59_NB,NB,16.0,frames/Vid16_EM_T.png,frames/Vid16_L.png,l,0.0,5.5061619999978575,3.0,0.7976194000002579,,,,21.0,Male,Right handed,Corrected to normal
sub59_NB,NB,17.0,frames/Vid17_BB_T.png,frames/Vid17_L.png,r,0.0,18.631326399998215,1.0,3.3465226999978768,,,,21.0,Male,Right handed,Corrected to normal
sub59_NB,NB,18.0,frames/Vid18_EM_T.png,frames/Vid18_L.png,l,1.0,12.60123300000123,3.0,4.9808629999970435,,,,21.0,Male,Right handed,Corrected to normal
sub59_NB,NB,19.0,frames/Vid19_BB_T.png,frames/Vid19_L.png,l,1.0,14.885029400000349,3.0,3.0977796000006492,,,,21.0,Male,Right handed,Corrected to normal
sub59_NB,NB,20.0,frames/Vid20_EM_T.png,frames/Vid20_L.png,l,1.0,4.013329999994312,4.0,1.2468225000047823,,,,21.0,Male,Right handed,Corrected to normal
sub59_NB,NB,21.0,frames/Vid21_BB_T.png,frames/Vid21_L.png,l,1.0,8.966741000003822,3.0,4.399255299998913,,,,21.0,Male,Right handed,Corrected to normal
sub59_NB,NB,22.0,frames/Vid22_EM_T.png,frames/Vid22_L.png,r,1.0,4.731111299995973,5.0,1.09889110000222,,,,21.0,Male,Right handed,Corrected to normal
sub59_NB,NB,23.0,frames/Vid23_EM_T.png,frames/Vid23_L.png,l,1.0,6.649811999996018,3.0,1.0984986000039498,,,,21.0,Male,Right handed,Corrected to normal
sub59_NB,NB,24.0,frames/Vid24_BB_T.png,frames/Vid24_L.png,l,1.0,8.50469489999523,3.0,1.247462200000882,,,,21.0,Male,Right handed,Corrected to normal
sub59_NB,NB,25.0,frames/Vid25_BB_T.png,frames/Vid25_L.png,l,0.0,14.421186599996872,4.0,1.5136901999940164,,,,21.0,Male,Right handed,Corrected to normal
sub59_NB,NB,26.0,frames/Vid26_EM_T.png,frames/Vid26_L.png,r,1.0,1.9960740999958944,5.0,4.2981576999955,,,,21.0,Male,Right handed,Corrected to normal
sub59_NB,NB,27.0,frames/Vid27_BB_T.png,frames/Vid27_L.png,l,1.0,3.894437000002654,5.0,1.8314947999970173,,,,21.0,Male,Right handed,Corrected to normal
sub59_NB,NB,28.0,frames/Vid28_EM_T.png,frames/Vid28_L.png,r,1.0,2.88907769999787,5.0,1.2306356000044616,,,,21.0,Male,Right handed,Corrected to normal
sub59_NB,NB,29.0,frames/Vid29_BB_T.png,frames/Vid29_L.png,r,1.0,4.289192500000354,5.0,1.031432900002983,,,,21.0,Male,Right handed,Corrected to normal
sub59_NB,NB,30.0,frames/Vid30_EM_T.png,frames/Vid30_L.png,r,1.0,5.82481800000096,5.0,1.2649639999945066,,,,21.0,Male,Right handed,Corrected to normal
sub59_NB,NB,31.0,frames/Vid31_EM_T.png,frames/Vid31_L.png,r,0.0,4.8923436000040965,2.0,2.0978168999936315,,,,21.0,Male,Right handed,Corrected to normal
sub59_NB,NB,32.0,frames/Vid32_EM_T.png,frames/Vid32_L.png,r,1.0,4.50792519999959,5.0,1.4811253000007127,,,,21.0,Male,Right handed,Corrected to normal
sub59_NB,NB,33.0,frames/Vid33_BB_T.png,frames/Vid33_L.png,r,1.0,12.90551360000245,5.0,5.680770400002075,,,,21.0,Male,Right handed,Corrected to normal
sub59_NB,NB,34.0,frames/Vid34_BB_T.png,frames/Vid34_L.png,r,0.0,7.0770335999986855,4.0,1.3315704000051485,,,,21.0,Male,Right handed,Corrected to normal
sub59_NB,NB,35.0,frames/Vid35_EM_T.png,frames/Vid35_L.png,r,1.0,7.829636800001026,1.0,1.2480756000004476,,,,21.0,Male,Right handed,Corrected to normal
sub59_NB,NB,36.0,frames/Vid36_BB_T.png,frames/Vid36_L.png,l,1.0,4.992127899997286,3.0,0.6979696999987937,,,,21.0,Male,Right handed,Corrected to normal
sub59_NB,NB,37.0,frames/Vid37_BB_T.png,frames/Vid37_L.png,r,1.0,4.453059200001007,5.0,1.5319075000006706,,,,21.0,Male,Right handed,Corrected to normal
sub59_NB,NB,38.0,frames/Vid38_EM_T.png,frames/Vid38_L.png,r,0.0,8.206876700001885,4.0,3.713809999993828,,,,21.0,Male,Right handed,Corrected to normal
sub59_NB,NB,39.0,frames/Vid39_BB_T.png,frames/Vid39_L.png,r,1.0,5.880142699999851,5.0,1.4648229999947944,,,,21.0,Male,Right handed,Corrected to normal
sub59_NB,NB,40.0,frames/Vid40_EM_T.png,frames/Vid40_L.png,r,1.0,8.744390799998655,4.0,1.0653757999971276,,,,21.0,Male,Right handed,Corrected to normal
sub60_nb,NB,1.0,frames/Vid1_EM_T.png,frames/Vid1_L.png,r,1.0,4.922640600001614,5.0,2.7156131000010646,,,,22.0,Female,Right handed,Corrected to normal
sub60_nb,NB,2.0,frames/Vid2_BB_T.png,frames/Vid2_L.png,r,1.0,5.2323815999989165,5.0,1.01443719999952,,,,22.0,Female,Right handed,Corrected to normal
sub60_nb,NB,3.0,frames/Vid3_BB_T.png,frames/Vid3_L.png,r,1.0,2.887909999997646,5.0,1.7479346999971312,,,,22.0,Female,Right handed,Corrected to normal
sub60_nb,NB,4.0,frames/Vid4_EM_T.png,frames/Vid4_L.png,r,1.0,11.416513300006043,5.0,2.1644054999997024,,,,22.0,Female,Right handed,Corrected to normal
sub60_nb,NB,5.0,frames/Vid5_EM_T.png,frames/Vid5_L.png,l,1.0,3.416072800006077,5.0,1.1994037999975262,,,,22.0,Female,Right handed,Corrected to normal
sub60_nb,NB,6.0,frames/Vid6_BB_T.png,frames/Vid6_L.png,r,1.0,3.9686280000023544,5.0,1.931413899998006,,,,22.0,Female,Right handed,Corrected to normal
sub60_nb,NB,7.0,frames/Vid7_EM_T.png,frames/Vid7_L.png,l,0.0,5.352525099995546,4.0,1.5319899000023725,,,,22.0,Female,Right handed,Corrected to normal
sub60_nb,NB,8.0,frames/Vid8_BB_T.png,frames/Vid8_L.png,l,1.0,3.632501100000809,5.0,0.8483066999979201,,,,22.0,Female,Right handed,Corrected to normal
sub60_nb,NB,9.0,frames/Vid9_EM_T.png,frames/Vid9_L.png,l,1.0,3.070028399997682,5.0,1.6146440000011353,,,,22.0,Female,Right handed,Corrected to normal
sub60_nb,NB,10.0,frames/Vid10_BB_T.png,frames/Vid10_L.png,l,1.0,5.53091200000199,4.0,2.529067600000417,,,,22.0,Female,Right handed,Corrected to normal
sub60_nb,NB,11.0,frames/Vid11_EM_T.png,frames/Vid11_L.png,r,1.0,2.678119100004551,5.0,0.5963084000031813,,,,22.0,Female,Right handed,Corrected to normal
sub60_nb,NB,12.0,frames/Vid12_EM_T.png,frames/Vid12_L.png,l,1.0,5.053361500002211,5.0,0.5152521999989403,,,,22.0,Female,Right handed,Corrected to normal
sub60_nb,NB,13.0,frames/Vid13_BB_T.png,frames/Vid13_L.png,r,1.0,6.247729199996684,2.0,1.53042909999931,,,,22.0,Female,Right handed,Corrected to normal
sub60_nb,NB,14.0,frames/Vid14_BB_T.png,frames/Vid14_L.png,r,1.0,5.777784900004917,4.0,0.8152959999933955,,,,22.0,Female,Right handed,Corrected to normal
sub60_nb,NB,15.0,frames/Vid15_BB_T.png,frames/Vid15_L.png,r,1.0,4.69171980000101,5.0,0.9152901000052224,,,,22.0,Female,Right handed,Corrected to normal
sub60_nb,NB,16.0,frames/Vid16_EM_T.png,frames/Vid16_L.png,l,1.0,6.3140120999960345,4.0,2.3646803999945405,,,,22.0,Female,Right handed,Corrected to normal
sub60_nb,NB,17.0,frames/Vid17_BB_T.png,frames/Vid17_L.png,l,1.0,2.529404799999611,5.0,0.9818775999956416,,,,22.0,Female,Right handed,Corrected to normal
sub60_nb,NB,18.0,frames/Vid18_EM_T.png,frames/Vid18_L.png,l,1.0,4.78522189999785,5.0,1.0464524999988498,,,,22.0,Female,Right handed,Corrected to normal
sub60_nb,NB,19.0,frames/Vid19_BB_T.png,frames/Vid19_L.png,l,0.0,15.048480699995707,3.0,13.313997400000517,,,,22.0,Female,Right handed,Corrected to normal
sub60_nb,NB,20.0,frames/Vid20_EM_T.png,frames/Vid20_L.png,r,1.0,2.8455965999964974,5.0,0.932479399998556,,,,22.0,Female,Right handed,Corrected to normal
sub60_nb,NB,21.0,frames/Vid21_BB_T.png,frames/Vid21_L.png,l,1.0,10.231184600001145,5.0,1.8165157000039471,,,,22.0,Female,Right handed,Corrected to normal
sub60_nb,NB,22.0,frames/Vid22_EM_T.png,frames/Vid22_L.png,l,1.0,6.231021300001885,5.0,1.4822893000018666,,,,22.0,Female,Right handed,Corrected to normal
sub60_nb,NB,23.0,frames/Vid23_EM_T.png,frames/Vid23_L.png,r,1.0,3.6112795999943046,4.0,1.1960507999974652,,,,22.0,Female,Right handed,Corrected to normal
sub60_nb,NB,24.0,frames/Vid24_BB_T.png,frames/Vid24_L.png,l,1.0,5.1595651999959955,5.0,3.481772600003751,,,,22.0,Female,Right handed,Corrected to normal
sub60_nb,NB,25.0,frames/Vid25_BB_T.png,frames/Vid25_L.png,r,1.0,6.274219300001278,4.0,1.2654331999947317,,,,22.0,Female,Right handed,Corrected to normal
sub60_nb,NB,26.0,frames/Vid26_EM_T.png,frames/Vid26_L.png,r,1.0,1.8805149999971036,5.0,1.0977783000053023,,,,22.0,Female,Right handed,Corrected to normal
sub60_nb,NB,27.0,frames/Vid27_BB_T.png,frames/Vid27_L.png,l,1.0,2.791183799999999,5.0,1.3163554999991902,,,,22.0,Female,Right handed,Corrected to normal
sub60_nb,NB,28.0,frames/Vid28_EM_T.png,frames/Vid28_L.png,r,1.0,3.942304399999557,5.0,0.7314291000002413,,,,22.0,Female,Right handed,Corrected to normal
sub60_nb,NB,29.0,frames/Vid29_BB_T.png,frames/Vid29_L.png,l,1.0,2.9621604999992996,5.0,0.9130523999992874,,,,22.0,Female,Right handed,Corrected to normal
sub60_nb,NB,30.0,frames/Vid30_EM_T.png,frames/Vid30_L.png,r,1.0,4.127107100001012,5.0,1.2828978000034112,,,,22.0,Female,Right handed,Corrected to normal
sub60_nb,NB,31.0,frames/Vid31_EM_T.png,frames/Vid31_L.png,l,1.0,3.334002399999008,5.0,1.2652707000015653,,,,22.0,Female,Right handed,Corrected to normal
sub60_nb,NB,32.0,frames/Vid32_EM_T.png,frames/Vid32_L.png,l,1.0,2.3823622000054456,5.0,1.4132269000037925,,,,22.0,Female,Right handed,Corrected to normal
sub60_nb,NB,33.0,frames/Vid33_BB_T.png,frames/Vid33_L.png,l,1.0,3.818203499999072,5.0,1.8296658000035677,,,,22.0,Female,Right handed,Corrected to normal
sub60_nb,NB,34.0,frames/Vid34_BB_T.png,frames/Vid34_L.png,l,1.0,7.187730699995882,5.0,1.0309499000068172,,,,22.0,Female,Right handed,Corrected to normal
sub60_nb,NB,35.0,frames/Vid35_EM_T.png,frames/Vid35_L.png,l,1.0,4.139022499999555,5.0,1.6657159000023969,,,,22.0,Female,Right handed,Corrected to normal
sub60_nb,NB,36.0,frames/Vid36_BB_T.png,frames/Vid36_L.png,r,1.0,2.675280499999644,5.0,0.7815568000005442,,,,22.0,Female,Right handed,Corrected to normal
sub60_nb,NB,37.0,frames/Vid37_BB_T.png,frames/Vid37_L.png,l,1.0,6.111480899999151,5.0,1.6483364000014262,,,,22.0,Female,Right handed,Corrected to normal
sub60_nb,NB,38.0,frames/Vid38_EM_T.png,frames/Vid38_L.png,l,1.0,7.017833199999586,3.0,2.1991983000043547,,,,22.0,Female,Right handed,Corrected to normal
sub60_nb,NB,39.0,frames/Vid39_BB_T.png,frames/Vid39_L.png,r,1.0,5.810686600001645,5.0,1.2490846999935457,,,,22.0,Female,Right handed,Corrected to normal
sub60_nb,NB,40.0,frames/Vid40_EM_T.png,frames/Vid40_L.png,r,1.0,2.832226400001673,5.0,1.1320881999999983,,,,22.0,Female,Right handed,Corrected to normal
sub63_NB,NB,1.0,frames/Vid1_EM_T.png,frames/Vid1_L.png,l,1.0,9.817814699999872,3.0,3.0817594999971334,,,,27.0,Male,Right handed,Normal
sub63_NB,NB,2.0,frames/Vid2_BB_T.png,frames/Vid2_L.png,l,1.0,3.9871674999958486,4.0,1.849261800001841,,,,27.0,Male,Right handed,Normal
sub63_NB,NB,3.0,frames/Vid3_BB_T.png,frames/Vid3_L.png,l,1.0,14.126100299996324,4.0,2.0312794000055874,,,,27.0,Male,Right handed,Normal
sub63_NB,NB,4.0,frames/Vid4_EM_T.png,frames/Vid4_L.png,l,1.0,11.142992700006287,3.0,3.714410399996268,,,,27.0,Male,Right handed,Normal
sub63_NB,NB,5.0,frames/Vid5_EM_T.png,frames/Vid5_L.png,l,1.0,5.415934999997262,3.0,3.883648199996969,,,,27.0,Male,Right handed,Normal
sub63_NB,NB,6.0,frames/Vid6_BB_T.png,frames/Vid6_L.png,r,1.0,4.6971198999963235,3.0,2.5650062000058824,,,,27.0,Male,Right handed,Normal
sub63_NB,NB,7.0,frames/Vid7_EM_T.png,frames/Vid7_L.png,l,1.0,5.397506499997689,5.0,2.598477899999125,,,,27.0,Male,Right handed,Normal
sub63_NB,NB,8.0,frames/Vid8_BB_T.png,frames/Vid8_L.png,r,1.0,8.116510699997889,5.0,1.4821723999993992,,,,27.0,Male,Right handed,Normal
sub63_NB,NB,9.0,frames/Vid9_EM_T.png,frames/Vid9_L.png,l,0.0,11.84724560000177,1.0,2.33104099999764,,,,27.0,Male,Right handed,Normal
sub63_NB,NB,10.0,frames/Vid10_BB_T.png,frames/Vid10_L.png,r,1.0,6.162614000000758,4.0,4.94889410000178,,,,27.0,Male,Right handed,Normal
sub63_NB,NB,11.0,frames/Vid11_EM_T.png,frames/Vid11_L.png,r,1.0,4.335456000000704,5.0,2.4479857999976957,,,,27.0,Male,Right handed,Normal
sub63_NB,NB,12.0,frames/Vid12_EM_T.png,frames/Vid12_L.png,l,1.0,8.693773399994825,4.0,1.815684000001056,,,,27.0,Male,Right handed,Normal
sub63_NB,NB,13.0,frames/Vid13_BB_T.png,frames/Vid13_L.png,l,1.0,3.729743500000041,5.0,9.313724999999977,,,,27.0,Male,Right handed,Normal
sub63_NB,NB,14.0,frames/Vid14_BB_T.png,frames/Vid14_L.png,l,1.0,5.46252149999782,4.0,2.8637622999958694,,,,27.0,Male,Right handed,Normal
sub63_NB,NB,15.0,frames/Vid15_BB_T.png,frames/Vid15_L.png,r,1.0,3.080409599999257,5.0,1.9309450000000652,,,,27.0,Male,Right handed,Normal
sub63_NB,NB,16.0,frames/Vid16_EM_T.png,frames/Vid16_L.png,l,1.0,9.490298199998506,2.0,3.2990607999963686,,,,27.0,Male,Right handed,Normal
sub63_NB,NB,17.0,frames/Vid17_BB_T.png,frames/Vid17_L.png,r,1.0,3.046286999997392,4.0,2.4469777999984217,,,,27.0,Male,Right handed,Normal
sub63_NB,NB,18.0,frames/Vid18_EM_T.png,frames/Vid18_L.png,r,1.0,2.53739580000547,4.0,1.21498380000412,,,,27.0,Male,Right handed,Normal
sub63_NB,NB,19.0,frames/Vid19_BB_T.png,frames/Vid19_L.png,l,1.0,11.306101000001943,3.0,2.4989857000036864,,,,27.0,Male,Right handed,Normal
sub63_NB,NB,20.0,frames/Vid20_EM_T.png,frames/Vid20_L.png,r,1.0,6.093913900003827,2.0,1.4817941000001156,,,,27.0,Male,Right handed,Normal
sub63_NB,NB,21.0,frames/Vid21_BB_T.png,frames/Vid21_L.png,r,1.0,8.693166500001098,3.0,1.714455100001942,,,,27.0,Male,Right handed,Normal
sub63_NB,NB,22.0,frames/Vid22_EM_T.png,frames/Vid22_L.png,l,1.0,4.41230319999886,3.0,3.1145981999943615,,,,27.0,Male,Right handed,Normal
sub63_NB,NB,23.0,frames/Vid23_EM_T.png,frames/Vid23_L.png,l,1.0,3.8270888999977615,3.0,1.9646645999964676,,,,27.0,Male,Right handed,Normal
sub63_NB,NB,24.0,frames/Vid24_BB_T.png,frames/Vid24_L.png,r,1.0,5.234065399999963,3.0,1.548737400000391,,,,27.0,Male,Right handed,Normal
sub63_NB,NB,25.0,frames/Vid25_BB_T.png,frames/Vid25_L.png,r,1.0,19.399902699995437,2.0,4.315496000002895,,,,27.0,Male,Right handed,Normal
sub63_NB,NB,26.0,frames/Vid26_EM_T.png,frames/Vid26_L.png,r,1.0,16.076923699998588,2.0,4.61414330000116,,,,27.0,Male,Right handed,Normal
sub63_NB,NB,27.0,frames/Vid27_BB_T.png,frames/Vid27_L.png,r,1.0,4.946428499999456,3.0,1.164631100000406,,,,27.0,Male,Right handed,Normal
sub63_NB,NB,28.0,frames/Vid28_EM_T.png,frames/Vid28_L.png,r,1.0,3.543976900000416,5.0,2.497110199998133,,,,27.0,Male,Right handed,Normal
sub63_NB,NB,29.0,frames/Vid29_BB_T.png,frames/Vid29_L.png,r,1.0,4.381455799994001,4.0,1.0638002999985474,,,,27.0,Male,Right handed,Normal
sub63_NB,NB,30.0,frames/Vid30_EM_T.png,frames/Vid30_L.png,l,1.0,10.783224900005736,4.0,2.482198999998218,,,,27.0,Male,Right handed,Normal
sub63_NB,NB,31.0,frames/Vid31_EM_T.png,frames/Vid31_L.png,l,1.0,3.2115482999943197,4.0,1.7160549000036551,,,,27.0,Male,Right handed,Normal
sub63_NB,NB,32.0,frames/Vid32_EM_T.png,frames/Vid32_L.png,r,1.0,8.000042300001951,3.0,1.6972438999946462,,,,27.0,Male,Right handed,Normal
sub63_NB,NB,33.0,frames/Vid33_BB_T.png,frames/Vid33_L.png,r,1.0,4.741117099998519,5.0,1.829811499999778,,,,27.0,Male,Right handed,Normal
sub63_NB,NB,34.0,frames/Vid34_BB_T.png,frames/Vid34_L.png,l,1.0,6.308430199998838,3.0,3.2316840999992564,,,,27.0,Male,Right handed,Normal
sub63_NB,NB,35.0,frames/Vid35_EM_T.png,frames/Vid35_L.png,r,1.0,3.7743642999994336,4.0,1.5985259999943082,,,,27.0,Male,Right handed,Normal
sub63_NB,NB,36.0,frames/Vid36_BB_T.png,frames/Vid36_L.png,l,1.0,4.754271600002539,4.0,1.5817669999960344,,,,27.0,Male,Right handed,Normal
sub63_NB,NB,37.0,frames/Vid37_BB_T.png,frames/Vid37_L.png,l,1.0,5.6051048999943305,5.0,1.8653387000013024,,,,27.0,Male,Right handed,Normal
sub63_NB,NB,38.0,frames/Vid38_EM_T.png,frames/Vid38_L.png,l,1.0,7.140233399994031,3.0,1.997704600005818,,,,27.0,Male,Right handed,Normal
sub63_NB,NB,39.0,frames/Vid39_BB_T.png,frames/Vid39_L.png,l,1.0,5.153699700000288,4.0,4.049095000002126,,,,27.0,Male,Right handed,Normal
sub63_NB,NB,40.0,frames/Vid40_EM_T.png,frames/Vid40_L.png,r,1.0,13.346279299999878,2.0,1.4974719000019832,,,,27.0,Male,Right handed,Normal
sub64_NB,NB,1.0,frames/Vid1_EM_T.png,frames/Vid1_L.png,r,0.0,6.574828799995885,5.0,1.5804831000059494,,,,22.0,Male,Right handed,Normal
sub64_NB,NB,2.0,frames/Vid2_BB_T.png,frames/Vid2_L.png,l,1.0,9.029493999994884,4.0,1.8493423999971128,,,,22.0,Male,Right handed,Normal
sub64_NB,NB,3.0,frames/Vid3_BB_T.png,frames/Vid3_L.png,r,1.0,3.1620476999960374,5.0,1.8305591000025745,,,,22.0,Male,Right handed,Normal
sub64_NB,NB,4.0,frames/Vid4_EM_T.png,frames/Vid4_L.png,r,0.0,5.267932499999006,3.0,1.8321619999987888,,,,22.0,Male,Right handed,Normal
sub64_NB,NB,5.0,frames/Vid5_EM_T.png,frames/Vid5_L.png,l,1.0,4.837814400001662,4.0,1.5809841000009328,,,,22.0,Male,Right handed,Normal
sub64_NB,NB,6.0,frames/Vid6_BB_T.png,frames/Vid6_L.png,r,1.0,4.346261099999538,5.0,1.448262899997644,,,,22.0,Male,Right handed,Normal
sub64_NB,NB,7.0,frames/Vid7_EM_T.png,frames/Vid7_L.png,l,1.0,7.940857499997946,3.0,3.630736099999922,,,,22.0,Male,Right handed,Normal
sub64_NB,NB,8.0,frames/Vid8_BB_T.png,frames/Vid8_L.png,r,1.0,3.415773100001388,5.0,11.347660999999787,,,,22.0,Male,Right handed,Normal
sub64_NB,NB,9.0,frames/Vid9_EM_T.png,frames/Vid9_L.png,r,1.0,4.927270200001658,5.0,1.6646125000042955,,,,22.0,Male,Right handed,Normal
sub64_NB,NB,10.0,frames/Vid10_BB_T.png,frames/Vid10_L.png,r,1.0,6.230533499998273,4.0,2.714756800000032,,,,22.0,Male,Right handed,Normal
sub64_NB,NB,11.0,frames/Vid11_EM_T.png,frames/Vid11_L.png,l,1.0,3.449779900001886,5.0,1.530446699995082,,,,22.0,Male,Right handed,Normal
sub64_NB,NB,12.0,frames/Vid12_EM_T.png,frames/Vid12_L.png,l,1.0,3.805104899998696,5.0,1.2983789999998407,,,,22.0,Male,Right handed,Normal
sub64_NB,NB,13.0,frames/Vid13_BB_T.png,frames/Vid13_L.png,l,1.0,8.147662799994578,3.0,0.9982853999972576,,,,22.0,Male,Right handed,Normal
sub64_NB,NB,14.0,frames/Vid14_BB_T.png,frames/Vid14_L.png,l,1.0,4.778489100004663,3.0,1.397084399999585,,,,22.0,Male,Right handed,Normal
sub64_NB,NB,15.0,frames/Vid15_BB_T.png,frames/Vid15_L.png,r,1.0,3.670018800003163,5.0,2.2639397000020836,,,,22.0,Male,Right handed,Normal
sub64_NB,NB,16.0,frames/Vid16_EM_T.png,frames/Vid16_L.png,r,1.0,3.25364169999375,5.0,1.5491253000000142,,,,22.0,Male,Right handed,Normal
sub64_NB,NB,17.0,frames/Vid17_BB_T.png,frames/Vid17_L.png,r,1.0,10.348582599996009,1.0,3.763407899998128,,,,22.0,Male,Right handed,Normal
sub64_NB,NB,18.0,frames/Vid18_EM_T.png,frames/Vid18_L.png,r,1.0,5.950469000003068,3.0,1.4320167000041693,,,,22.0,Male,Right handed,Normal
sub64_NB,NB,19.0,frames/Vid19_BB_T.png,frames/Vid19_L.png,l,1.0,5.0437307999964105,4.0,1.8640875999990385,,,,22.0,Male,Right handed,Normal
sub64_NB,NB,20.0,frames/Vid20_EM_T.png,frames/Vid20_L.png,r,1.0,3.765197900000203,5.0,1.4647021000055247,,,,22.0,Male,Right handed,Normal
sub64_NB,NB,21.0,frames/Vid21_BB_T.png,frames/Vid21_L.png,l,1.0,4.837357899996277,4.0,1.9466847999938184,,,,22.0,Male,Right handed,Normal
sub64_NB,NB,22.0,frames/Vid22_EM_T.png,frames/Vid22_L.png,r,1.0,5.393616900000779,5.0,2.2648349000010057,,,,22.0,Male,Right handed,Normal
sub64_NB,NB,23.0,frames/Vid23_EM_T.png,frames/Vid23_L.png,r,1.0,4.947991799999727,4.0,1.6640555000049062,,,,22.0,Male,Right handed,Normal
sub64_NB,NB,24.0,frames/Vid24_BB_T.png,frames/Vid24_L.png,r,1.0,4.925550699997984,4.0,3.066072100002202,,,,22.0,Male,Right handed,Normal
sub64_NB,NB,25.0,frames/Vid25_BB_T.png,frames/Vid25_L.png,r,0.0,5.95013900000049,5.0,1.914309600004344,,,,22.0,Male,Right handed,Normal
sub64_NB,NB,26.0,frames/Vid26_EM_T.png,frames/Vid26_L.png,l,1.0,3.3654481999983545,5.0,8.115067999999155,,,,22.0,Male,Right handed,Normal
sub64_NB,NB,27.0,frames/Vid27_BB_T.png,frames/Vid27_L.png,r,1.0,4.450432099998579,4.0,1.697400299999572,,,,22.0,Male,Right handed,Normal
sub64_NB,NB,28.0,frames/Vid28_EM_T.png,frames/Vid28_L.png,r,1.0,2.8597444999977597,5.0,1.5992406999939703,,,,22.0,Male,Right handed,Normal
sub64_NB,NB,29.0,frames/Vid29_BB_T.png,frames/Vid29_L.png,r,0.0,6.793726700001571,3.0,0.9980384000009508,,,,22.0,Male,Right handed,Normal
sub64_NB,NB,30.0,frames/Vid30_EM_T.png,frames/Vid30_L.png,r,1.0,9.24211440000363,5.0,1.5974165000006906,,,,22.0,Male,Right handed,Normal
sub64_NB,NB,31.0,frames/Vid31_EM_T.png,frames/Vid31_L.png,l,1.0,4.748677899995528,5.0,1.7488908000013907,,,,22.0,Male,Right handed,Normal
sub64_NB,NB,32.0,frames/Vid32_EM_T.png,frames/Vid32_L.png,r,1.0,4.926217199994426,5.0,2.8501723000008496,,,,22.0,Male,Right handed,Normal
sub64_NB,NB,33.0,frames/Vid33_BB_T.png,frames/Vid33_L.png,r,1.0,7.091223100003845,5.0,1.74723339999764,,,,22.0,Male,Right handed,Normal
sub64_NB,NB,34.0,frames/Vid34_BB_T.png,frames/Vid34_L.png,r,1.0,3.5425103999950807,5.0,1.5142760000017006,,,,22.0,Male,Right handed,Normal
sub64_NB,NB,35.0,frames/Vid35_EM_T.png,frames/Vid35_L.png,l,1.0,4.069593000000168,5.0,1.599000399997749,,,,22.0,Male,Right handed,Normal
sub64_NB,NB,36.0,frames/Vid36_BB_T.png,frames/Vid36_L.png,r,1.0,6.280473099999654,5.0,2.1644713999994565,,,,22.0,Male,Right handed,Normal
sub64_NB,NB,37.0,frames/Vid37_BB_T.png,frames/Vid37_L.png,r,1.0,3.251238500000909,5.0,1.798031099999207,,,,22.0,Male,Right handed,Normal
sub64_NB,NB,38.0,frames/Vid38_EM_T.png,frames/Vid38_L.png,r,1.0,6.221153200000117,4.0,1.6655438000016147,,,,22.0,Male,Right handed,Normal
sub64_NB,NB,39.0,frames/Vid39_BB_T.png,frames/Vid39_L.png,r,1.0,10.87056940000184,4.0,1.7966078000026755,,,,22.0,Male,Right handed,Normal
sub64_NB,NB,40.0,frames/Vid40_EM_T.png,frames/Vid40_L.png,l,1.0,4.460192099999404,5.0,1.8986672999963048,,,,22.0,Male,Right handed,Normal
sub65_NB,NB,1.0,frames/Vid1_EM_T.png,frames/Vid1_L.png,r,0.0,7.303544399997918,2.0,2.1974608000018634,,,,20.0,Male,Right handed,Normal
sub65_NB,NB,2.0,frames/Vid2_BB_T.png,frames/Vid2_L.png,r,0.0,10.078787300008116,4.0,3.0646252000005916,,,,20.0,Male,Right handed,Normal
sub65_NB,NB,3.0,frames/Vid3_BB_T.png,frames/Vid3_L.png,l,1.0,15.228545600009966,2.0,2.166898299998138,,,,20.0,Male,Right handed,Normal
sub65_NB,NB,4.0,frames/Vid4_EM_T.png,frames/Vid4_L.png,r,0.0,5.100362400000449,5.0,2.1157939999975497,,,,20.0,Male,Right handed,Normal
sub65_NB,NB,5.0,frames/Vid5_EM_T.png,frames/Vid5_L.png,r,0.0,9.155921800003853,1.0,2.3138324999890756,,,,20.0,Male,Right handed,Normal
sub65_NB,NB,6.0,frames/Vid6_BB_T.png,frames/Vid6_L.png,r,1.0,13.53015289999894,4.0,2.264208399996278,,,,20.0,Male,Right handed,Normal
sub65_NB,NB,7.0,frames/Vid7_EM_T.png,frames/Vid7_L.png,r,1.0,29.876560500008058,3.0,2.6798253000015393,,,,20.0,Male,Right handed,Normal
sub65_NB,NB,8.0,frames/Vid8_BB_T.png,frames/Vid8_L.png,r,1.0,7.260517100003199,4.0,1.881861999994726,,,,20.0,Male,Right handed,Normal
sub65_NB,NB,9.0,frames/Vid9_EM_T.png,frames/Vid9_L.png,l,1.0,7.3007125000003725,2.0,2.748212600010447,,,,20.0,Male,Right handed,Normal
sub65_NB,NB,10.0,frames/Vid10_BB_T.png,frames/Vid10_L.png,r,1.0,4.178820299988729,3.0,2.14765170001192,,,,20.0,Male,Right handed,Normal
sub65_NB,NB,11.0,frames/Vid11_EM_T.png,frames/Vid11_L.png,r,1.0,3.613648700003978,4.0,2.1638478000095347,,,,20.0,Male,Right handed,Normal
sub65_NB,NB,12.0,frames/Vid12_EM_T.png,frames/Vid12_L.png,l,0.0,16.598054700007197,4.0,3.0820914000069024,,,,20.0,Male,Right handed,Normal
sub65_NB,NB,13.0,frames/Vid13_BB_T.png,frames/Vid13_L.png,l,0.0,9.43701009999495,2.0,2.280816700003925,,,,20.0,Male,Right handed,Normal
sub65_NB,NB,14.0,frames/Vid14_BB_T.png,frames/Vid14_L.png,r,1.0,19.00945079998928,2.0,2.312747899995884,,,,20.0,Male,Right handed,Normal
sub65_NB,NB,15.0,frames/Vid15_BB_T.png,frames/Vid15_L.png,r,0.0,23.632406700009597,3.0,2.0142508999997517,,,,20.0,Male,Right handed,Normal
sub65_NB,NB,16.0,frames/Vid16_EM_T.png,frames/Vid16_L.png,l,1.0,23.78898150000896,2.0,2.197721000004094,,,,20.0,Male,Right handed,Normal
sub65_NB,NB,17.0,frames/Vid17_BB_T.png,frames/Vid17_L.png,l,1.0,8.294808500009822,3.0,2.6145374000043375,,,,20.0,Male,Right handed,Normal
sub65_NB,NB,18.0,frames/Vid18_EM_T.png,frames/Vid18_L.png,l,1.0,4.912816900003236,2.0,1.8983230000012552,,,,20.0,Male,Right handed,Normal
sub65_NB,NB,19.0,frames/Vid19_BB_T.png,frames/Vid19_L.png,r,1.0,5.123376499992446,4.0,2.663916799996514,,,,20.0,Male,Right handed,Normal
sub65_NB,NB,20.0,frames/Vid20_EM_T.png,frames/Vid20_L.png,l,1.0,7.005361999996239,5.0,2.465986900002463,,,,20.0,Male,Right handed,Normal
sub65_NB,NB,21.0,frames/Vid21_BB_T.png,frames/Vid21_L.png,r,1.0,9.00517669999681,5.0,2.531225300001097,,,,20.0,Male,Right handed,Normal
sub65_NB,NB,22.0,frames/Vid22_EM_T.png,frames/Vid22_L.png,l,0.0,6.805800600006478,3.0,1.71483110000554,,,,20.0,Male,Right handed,Normal
sub65_NB,NB,23.0,frames/Vid23_EM_T.png,frames/Vid23_L.png,r,1.0,27.867887700005667,1.0,2.664193199991132,,,,20.0,Male,Right handed,Normal
sub65_NB,NB,24.0,frames/Vid24_BB_T.png,frames/Vid24_L.png,l,0.0,32.19852449999598,2.0,2.3818645999999717,,,,20.0,Male,Right handed,Normal
sub65_NB,NB,25.0,frames/Vid25_BB_T.png,frames/Vid25_L.png,l,1.0,13.827986799995417,4.0,2.3832186000072397,,,,20.0,Male,Right handed,Normal
sub65_NB,NB,26.0,frames/Vid26_EM_T.png,frames/Vid26_L.png,r,1.0,2.6321584999968763,5.0,1.815665899994201,,,,20.0,Male,Right handed,Normal
sub65_NB,NB,27.0,frames/Vid27_BB_T.png,frames/Vid27_L.png,l,1.0,5.314993699998013,3.0,1.797990400009439,,,,20.0,Male,Right handed,Normal
sub65_NB,NB,28.0,frames/Vid28_EM_T.png,frames/Vid28_L.png,l,1.0,2.564569100009976,5.0,2.797688799997559,,,,20.0,Male,Right handed,Normal
sub65_NB,NB,29.0,frames/Vid29_BB_T.png,frames/Vid29_L.png,l,1.0,4.286869300005492,5.0,1.8646600999927616,,,,20.0,Male,Right handed,Normal
sub65_NB,NB,30.0,frames/Vid30_EM_T.png,frames/Vid30_L.png,r,1.0,9.872365899995202,5.0,2.681119899993064,,,,20.0,Male,Right handed,Normal
sub65_NB,NB,31.0,frames/Vid31_EM_T.png,frames/Vid31_L.png,l,1.0,4.801978400006192,4.0,1.8991438999946697,,,,20.0,Male,Right handed,Normal
sub65_NB,NB,32.0,frames/Vid32_EM_T.png,frames/Vid32_L.png,r,1.0,5.097225499994238,5.0,2.58125519999885,,,,20.0,Male,Right handed,Normal
sub65_NB,NB,33.0,frames/Vid33_BB_T.png,frames/Vid33_L.png,l,1.0,5.563321999987238,5.0,2.5643357999942964,,,,20.0,Male,Right handed,Normal
sub65_NB,NB,34.0,frames/Vid34_BB_T.png,frames/Vid34_L.png,r,1.0,14.111467800001265,4.0,12.280822599990644,,,,20.0,Male,Right handed,Normal
sub65_NB,NB,35.0,frames/Vid35_EM_T.png,frames/Vid35_L.png,r,1.0,35.1856958999997,2.0,2.1657001999992644,,,,20.0,Male,Right handed,Normal
sub65_NB,NB,36.0,frames/Vid36_BB_T.png,frames/Vid36_L.png,r,0.0,18.88084960001288,1.0,1.8309849000070244,,,,20.0,Male,Right handed,Normal
sub65_NB,NB,37.0,frames/Vid37_BB_T.png,frames/Vid37_L.png,l,1.0,3.265588599999319,5.0,1.9649205999885453,,,,20.0,Male,Right handed,Normal
sub65_NB,NB,38.0,frames/Vid38_EM_T.png,frames/Vid38_L.png,l,0.0,33.103957899991656,3.0,2.2472257999907015,,,,20.0,Male,Right handed,Normal
sub65_NB,NB,39.0,frames/Vid39_BB_T.png,frames/Vid39_L.png,l,1.0,6.496186600008514,5.0,2.2639085999981035,,,,20.0,Male,Right handed,Normal
sub65_NB,NB,40.0,frames/Vid40_EM_T.png,frames/Vid40_L.png,r,1.0,15.87415959998907,3.0,1.9821414000034565,,,,20.0,Male,Right handed,Normal
sub66_NB,NB,1.0,frames/Vid1_EM_T.png,frames/Vid1_L.png,r,1.0,5.82289129999117,5.0,1.031201499994495,,,,22.0,Male,Right handed,Normal
sub66_NB,NB,2.0,frames/Vid2_BB_T.png,frames/Vid2_L.png,r,1.0,4.741660500003491,5.0,1.0473127000004752,,,,22.0,Male,Right handed,Normal
sub66_NB,NB,3.0,frames/Vid3_BB_T.png,frames/Vid3_L.png,r,0.0,29.703205199999505,2.0,1.264840100004221,,,,22.0,Male,Right handed,Normal
sub66_NB,NB,4.0,frames/Vid4_EM_T.png,frames/Vid4_L.png,l,1.0,24.07517209999787,3.0,2.3637296999950195,,,,22.0,Male,Right handed,Normal
sub66_NB,NB,5.0,frames/Vid5_EM_T.png,frames/Vid5_L.png,l,1.0,15.939654999994673,1.0,1.247671299992362,,,,22.0,Male,Right handed,Normal
sub66_NB,NB,6.0,frames/Vid6_BB_T.png,frames/Vid6_L.png,l,1.0,4.61885970000003,5.0,1.3987960999947973,,,,22.0,Male,Right handed,Normal
sub66_NB,NB,7.0,frames/Vid7_EM_T.png,frames/Vid7_L.png,r,0.0,25.897740599990357,3.0,1.9307716000039363,,,,22.0,Male,Right handed,Normal
sub66_NB,NB,8.0,frames/Vid8_BB_T.png,frames/Vid8_L.png,r,0.0,4.0622868000064045,5.0,1.281190299996524,,,,22.0,Male,Right handed,Normal
sub66_NB,NB,9.0,frames/Vid9_EM_T.png,frames/Vid9_L.png,l,1.0,7.922981199997594,5.0,1.6476537999988068,,,,22.0,Male,Right handed,Normal
sub66_NB,NB,10.0,frames/Vid10_BB_T.png,frames/Vid10_L.png,l,0.0,10.270661800008384,1.0,2.847679500002414,,,,22.0,Male,Right handed,Normal
sub66_NB,NB,11.0,frames/Vid11_EM_T.png,frames/Vid11_L.png,r,1.0,5.3198906000034185,5.0,6.196300299998256,,,,22.0,Male,Right handed,Normal
sub66_NB,NB,12.0,frames/Vid12_EM_T.png,frames/Vid12_L.png,r,1.0,5.321542099991348,5.0,1.482944800009136,,,,22.0,Male,Right handed,Normal
sub66_NB,NB,13.0,frames/Vid13_BB_T.png,frames/Vid13_L.png,l,0.0,9.847664100001566,2.0,3.5138884999905713,,,,22.0,Male,Right handed,Normal
sub66_NB,NB,14.0,frames/Vid14_BB_T.png,frames/Vid14_L.png,l,0.0,14.9870848999999,2.0,7.230864500001189,,,,22.0,Male,Right handed,Normal
sub66_NB,NB,15.0,frames/Vid15_BB_T.png,frames/Vid15_L.png,l,1.0,4.500759400005336,4.0,2.0974624999944353,,,,22.0,Male,Right handed,Normal
sub66_NB,NB,16.0,frames/Vid16_EM_T.png,frames/Vid16_L.png,r,1.0,8.490830800001277,5.0,1.7649319999909494,,,,22.0,Male,Right handed,Normal
sub66_NB,NB,17.0,frames/Vid17_BB_T.png,frames/Vid17_L.png,l,1.0,6.588389199998346,5.0,3.096796700003324,,,,22.0,Male,Right handed,Normal
sub66_NB,NB,18.0,frames/Vid18_EM_T.png,frames/Vid18_L.png,r,1.0,4.509294499992393,5.0,1.081897299998673,,,,22.0,Male,Right handed,Normal
sub66_NB,NB,19.0,frames/Vid19_BB_T.png,frames/Vid19_L.png,r,1.0,2.843881299995701,5.0,1.314212099998258,,,,22.0,Male,Right handed,Normal
sub66_NB,NB,20.0,frames/Vid20_EM_T.png,frames/Vid20_L.png,l,1.0,3.062931899999967,5.0,0.7812406000011833,,,,22.0,Male,Right handed,Normal
sub66_NB,NB,21.0,frames/Vid21_BB_T.png,frames/Vid21_L.png,r,1.0,3.615842799990787,5.0,0.7635270000027958,,,,22.0,Male,Right handed,Normal
sub66_NB,NB,22.0,frames/Vid22_EM_T.png,frames/Vid22_L.png,l,1.0,2.6389103999972576,5.0,1.1308556000003591,,,,22.0,Male,Right handed,Normal
sub66_NB,NB,23.0,frames/Vid23_EM_T.png,frames/Vid23_L.png,r,1.0,4.517160200004582,3.0,1.246651000008569,,,,22.0,Male,Right handed,Normal
sub66_NB,NB,24.0,frames/Vid24_BB_T.png,frames/Vid24_L.png,r,1.0,3.993948300005286,5.0,0.7470491000131005,,,,22.0,Male,Right handed,Normal
sub66_NB,NB,25.0,frames/Vid25_BB_T.png,frames/Vid25_L.png,r,1.0,2.7643542000005255,5.0,0.8996851999982027,,,,22.0,Male,Right handed,Normal
sub66_NB,NB,26.0,frames/Vid26_EM_T.png,frames/Vid26_L.png,r,1.0,10.93506889999844,5.0,3.2647127999953227,,,,22.0,Male,Right handed,Normal
sub66_NB,NB,27.0,frames/Vid27_BB_T.png,frames/Vid27_L.png,l,1.0,3.5940254000015557,5.0,1.8982480999984543,,,,22.0,Male,Right handed,Normal
sub66_NB,NB,28.0,frames/Vid28_EM_T.png,frames/Vid28_L.png,l,1.0,2.5929497000033734,5.0,2.2977990999934264,,,,22.0,Male,Right handed,Normal
sub66_NB,NB,29.0,frames/Vid29_BB_T.png,frames/Vid29_L.png,l,1.0,9.852737599998363,2.0,2.46412920000148,,,,22.0,Male,Right handed,Normal
sub66_NB,NB,30.0,frames/Vid30_EM_T.png,frames/Vid30_L.png,r,1.0,17.25334730000759,4.0,1.1309860000037588,,,,22.0,Male,Right handed,Normal
sub66_NB,NB,31.0,frames/Vid31_EM_T.png,frames/Vid31_L.png,r,1.0,3.141582299998845,5.0,1.7640812000026926,,,,22.0,Male,Right handed,Normal
sub66_NB,NB,32.0,frames/Vid32_EM_T.png,frames/Vid32_L.png,r,1.0,3.56414840000798,5.0,1.3495855999935884,,,,22.0,Male,Right handed,Normal
sub66_NB,NB,33.0,frames/Vid33_BB_T.png,frames/Vid33_L.png,r,1.0,7.16275719999976,5.0,1.913870299991686,,,,22.0,Male,Right handed,Normal
sub66_NB,NB,34.0,frames/Vid34_BB_T.png,frames/Vid34_L.png,r,1.0,5.102738000001409,5.0,0.9813457999989624,,,,22.0,Male,Right handed,Normal
sub66_NB,NB,35.0,frames/Vid35_EM_T.png,frames/Vid35_L.png,l,1.0,4.503992899990408,5.0,1.6650905999995302,,,,22.0,Male,Right handed,Normal
sub66_NB,NB,36.0,frames/Vid36_BB_T.png,frames/Vid36_L.png,r,0.0,15.095814400003292,2.0,1.5307548999990104,,,,22.0,Male,Right handed,Normal
sub66_NB,NB,37.0,frames/Vid37_BB_T.png,frames/Vid37_L.png,l,1.0,2.7431460000079824,5.0,1.6986612000036985,,,,22.0,Male,Right handed,Normal
sub66_NB,NB,38.0,frames/Vid38_EM_T.png,frames/Vid38_L.png,r,1.0,5.594637699992745,5.0,1.16472960000101,,,,22.0,Male,Right handed,Normal
sub66_NB,NB,39.0,frames/Vid39_BB_T.png,frames/Vid39_L.png,r,1.0,4.778716399989207,5.0,0.8984632999927271,,,,22.0,Male,Right handed,Normal
sub66_NB,NB,40.0,frames/Vid40_EM_T.png,frames/Vid40_L.png,r,1.0,13.366849199999706,5.0,2.2477858000056585,,,,22.0,Male,Right handed,Normal
sub69_nb,NB,1.0,frames/Vid1_EM_T.png,frames/Vid1_L.png,r,1.0,7.398872100005974,4.0,2.9146906999958446,,,,27.0,Male,Right handed,Corrected to normal
sub69_nb,NB,2.0,frames/Vid2_BB_T.png,frames/Vid2_L.png,l,1.0,2.5733751999941887,5.0,1.065447699991637,,,,27.0,Male,Right handed,Corrected to normal
sub69_nb,NB,3.0,frames/Vid3_BB_T.png,frames/Vid3_L.png,l,1.0,2.2398095999960788,5.0,0.6659700999880442,,,,27.0,Male,Right handed,Corrected to normal
sub69_nb,NB,4.0,frames/Vid4_EM_T.png,frames/Vid4_L.png,r,1.0,10.020103500006371,5.0,1.3143973000114784,,,,27.0,Male,Right handed,Corrected to normal
sub69_nb,NB,5.0,frames/Vid5_EM_T.png,frames/Vid5_L.png,l,1.0,4.864941299994825,5.0,0.6979513999976916,,,,27.0,Male,Right handed,Corrected to normal
sub69_nb,NB,6.0,frames/Vid6_BB_T.png,frames/Vid6_L.png,r,1.0,3.739076700003352,5.0,0.6473550000082469,,,,27.0,Male,Right handed,Corrected to normal
sub69_nb,NB,7.0,frames/Vid7_EM_T.png,frames/Vid7_L.png,l,1.0,2.933098900000914,5.0,0.747158500002115,,,,27.0,Male,Right handed,Corrected to normal
sub69_nb,NB,8.0,frames/Vid8_BB_T.png,frames/Vid8_L.png,l,1.0,12.74628940000548,3.0,2.1468890000105603,,,,27.0,Male,Right handed,Corrected to normal
sub69_nb,NB,9.0,frames/Vid9_EM_T.png,frames/Vid9_L.png,r,1.0,3.226975500001572,5.0,0.8986136000021361,,,,27.0,Male,Right handed,Corrected to normal
sub69_nb,NB,10.0,frames/Vid10_BB_T.png,frames/Vid10_L.png,l,1.0,4.311708500012173,5.0,1.8799617999902696,,,,27.0,Male,Right handed,Corrected to normal
sub69_nb,NB,11.0,frames/Vid11_EM_T.png,frames/Vid11_L.png,l,1.0,2.1427541000011843,5.0,1.4992054000031203,,,,27.0,Male,Right handed,Corrected to normal
sub69_nb,NB,12.0,frames/Vid12_EM_T.png,frames/Vid12_L.png,l,1.0,3.1096446000010474,5.0,0.6129630000068573,,,,27.0,Male,Right handed,Corrected to normal
sub69_nb,NB,13.0,frames/Vid13_BB_T.png,frames/Vid13_L.png,l,1.0,3.864103799991426,5.0,0.5657830999989528,,,,27.0,Male,Right handed,Corrected to normal
sub69_nb,NB,14.0,frames/Vid14_BB_T.png,frames/Vid14_L.png,r,1.0,2.6912564000085695,5.0,1.1164764999994077,,,,27.0,Male,Right handed,Corrected to normal
sub69_nb,NB,15.0,frames/Vid15_BB_T.png,frames/Vid15_L.png,r,1.0,20.60912310000276,3.0,5.7319025000033434,,,,27.0,Male,Right handed,Corrected to normal
sub69_nb,NB,16.0,frames/Vid16_EM_T.png,frames/Vid16_L.png,l,0.0,5.4634846999979345,4.0,1.3822443999961251,,,,27.0,Male,Right handed,Corrected to normal
sub69_nb,NB,17.0,frames/Vid17_BB_T.png,frames/Vid17_L.png,r,1.0,3.088635099993553,5.0,0.5302673999976832,,,,27.0,Male,Right handed,Corrected to normal
sub69_nb,NB,18.0,frames/Vid18_EM_T.png,frames/Vid18_L.png,l,1.0,2.6589115999959176,5.0,0.6312910999986343,,,,27.0,Male,Right handed,Corrected to normal
sub69_nb,NB,19.0,frames/Vid19_BB_T.png,frames/Vid19_L.png,r,1.0,3.373357299991767,5.0,1.0311682999890763,,,,27.0,Male,Right handed,Corrected to normal
sub69_nb,NB,20.0,frames/Vid20_EM_T.png,frames/Vid20_L.png,l,1.0,5.11517289999756,5.0,1.331453299993882,,,,27.0,Male,Right handed,Corrected to normal
sub69_nb,NB,21.0,frames/Vid21_BB_T.png,frames/Vid21_L.png,l,1.0,4.452758600004017,5.0,0.7644711999892024,,,,27.0,Male,Right handed,Corrected to normal
sub69_nb,NB,22.0,frames/Vid22_EM_T.png,frames/Vid22_L.png,r,1.0,2.990289200010011,5.0,0.6484301000018604,,,,27.0,Male,Right handed,Corrected to normal
sub69_nb,NB,23.0,frames/Vid23_EM_T.png,frames/Vid23_L.png,l,1.0,3.027747400003136,5.0,2.0815564999938942,,,,27.0,Male,Right handed,Corrected to normal
sub69_nb,NB,24.0,frames/Vid24_BB_T.png,frames/Vid24_L.png,r,1.0,4.613053000008222,5.0,1.5473641000135103,,,,27.0,Male,Right handed,Corrected to normal
sub69_nb,NB,25.0,frames/Vid25_BB_T.png,frames/Vid25_L.png,r,1.0,4.545679100003326,5.0,1.6641468000016175,,,,27.0,Male,Right handed,Corrected to normal
sub69_nb,NB,26.0,frames/Vid26_EM_T.png,frames/Vid26_L.png,r,1.0,11.518892100008088,5.0,2.214998299998115,,,,27.0,Male,Right handed,Corrected to normal
sub69_nb,NB,27.0,frames/Vid27_BB_T.png,frames/Vid27_L.png,r,1.0,2.990998799999943,5.0,0.9649498999933712,,,,27.0,Male,Right handed,Corrected to normal
sub69_nb,NB,28.0,frames/Vid28_EM_T.png,frames/Vid28_L.png,l,1.0,2.4945791000063764,5.0,0.8808333000051789,,,,27.0,Male,Right handed,Corrected to normal
sub69_nb,NB,29.0,frames/Vid29_BB_T.png,frames/Vid29_L.png,l,1.0,4.6173799999960465,5.0,0.5464792999991914,,,,27.0,Male,Right handed,Corrected to normal
sub69_nb,NB,30.0,frames/Vid30_EM_T.png,frames/Vid30_L.png,r,1.0,9.8804642999894,5.0,0.6980500999925425,,,,27.0,Male,Right handed,Corrected to normal
sub69_nb,NB,31.0,frames/Vid31_EM_T.png,frames/Vid31_L.png,r,1.0,3.0318133999971906,5.0,0.6807510000071488,,,,27.0,Male,Right handed,Corrected to normal
sub69_nb,NB,32.0,frames/Vid32_EM_T.png,frames/Vid32_L.png,l,1.0,3.7220505000004778,5.0,0.7809144999919226,,,,27.0,Male,Right handed,Corrected to normal
sub69_nb,NB,33.0,frames/Vid33_BB_T.png,frames/Vid33_L.png,l,1.0,3.155400200004806,5.0,0.7493193999980576,,,,27.0,Male,Right handed,Corrected to normal
sub69_nb,NB,34.0,frames/Vid34_BB_T.png,frames/Vid34_L.png,r,1.0,3.809427500003949,5.0,0.8653215000085765,,,,27.0,Male,Right handed,Corrected to normal
sub69_nb,NB,35.0,frames/Vid35_EM_T.png,frames/Vid35_L.png,l,1.0,7.107215199997881,5.0,1.6135399000049802,,,,27.0,Male,Right handed,Corrected to normal
sub69_nb,NB,36.0,frames/Vid36_BB_T.png,frames/Vid36_L.png,l,0.0,7.829966300007072,2.0,3.7477032999886433,,,,27.0,Male,Right handed,Corrected to normal
sub69_nb,NB,37.0,frames/Vid37_BB_T.png,frames/Vid37_L.png,l,1.0,3.351166299995384,5.0,0.699269099990488,,,,27.0,Male,Right handed,Corrected to normal
sub69_nb,NB,38.0,frames/Vid38_EM_T.png,frames/Vid38_L.png,r,1.0,4.7048825999954715,5.0,1.114627000002656,,,,27.0,Male,Right handed,Corrected to normal
sub69_nb,NB,39.0,frames/Vid39_BB_T.png,frames/Vid39_L.png,r,1.0,5.182948300003773,5.0,0.6807413999922574,,,,27.0,Male,Right handed,Corrected to normal
sub69_nb,NB,40.0,frames/Vid40_EM_T.png,frames/Vid40_L.png,r,1.0,4.894773199994233,5.0,0.7630033000023104,,,,27.0,Male,Right handed,Corrected to normal
sub70_NB,NB,1.0,frames/Vid1_EM_T.png,frames/Vid1_L.png,r,0.0,3.889704600005643,5.0,8.815528900013305,,,,28.0,Male,Right handed,Normal
sub70_NB,NB,2.0,frames/Vid2_BB_T.png,frames/Vid2_L.png,l,0.0,2.658647500007646,4.0,2.232276199996704,,,,28.0,Male,Right handed,Normal
sub70_NB,NB,3.0,frames/Vid3_BB_T.png,frames/Vid3_L.png,l,0.0,2.663394100003643,5.0,3.58165249999729,,,,28.0,Male,Right handed,Normal
sub70_NB,NB,4.0,frames/Vid4_EM_T.png,frames/Vid4_L.png,r,1.0,6.9579123000003165,5.0,2.8307493000029353,,,,28.0,Male,Right handed,Normal
sub70_NB,NB,5.0,frames/Vid5_EM_T.png,frames/Vid5_L.png,l,1.0,4.61187730000529,5.0,2.1639227000123356,,,,28.0,Male,Right handed,Normal
sub70_NB,NB,6.0,frames/Vid6_BB_T.png,frames/Vid6_L.png,r,1.0,4.2772989999939455,5.0,2.681119100001524,,,,28.0,Male,Right handed,Normal
sub70_NB,NB,7.0,frames/Vid7_EM_T.png,frames/Vid7_L.png,l,1.0,3.9823743000015384,5.0,1.7968890000047395,,,,28.0,Male,Right handed,Normal
sub70_NB,NB,8.0,frames/Vid8_BB_T.png,frames/Vid8_L.png,l,1.0,3.737907300004736,1.0,2.0142174000066007,,,,28.0,Male,Right handed,Normal
sub70_NB,NB,9.0,frames/Vid9_EM_T.png,frames/Vid9_L.png,r,1.0,5.505491900010384,3.0,2.646664400002919,,,,28.0,Male,Right handed,Normal
sub70_NB,NB,10.0,frames/Vid10_BB_T.png,frames/Vid10_L.png,l,1.0,3.4918655999936163,4.0,2.598413800005801,,,,28.0,Male,Right handed,Normal
sub70_NB,NB,11.0,frames/Vid11_EM_T.png,frames/Vid11_L.png,l,1.0,2.6267647000058787,5.0,1.0647559000062756,,,,28.0,Male,Right handed,Normal
sub70_NB,NB,12.0,frames/Vid12_EM_T.png,frames/Vid12_L.png,r,1.0,7.892173899992485,1.0,1.283690199998091,,,,28.0,Male,Right handed,Normal
sub70_NB,NB,13.0,frames/Vid13_BB_T.png,frames/Vid13_L.png,r,0.0,5.527583699993556,3.0,3.098273600000539,,,,28.0,Male,Right handed,Normal
sub70_NB,NB,14.0,frames/Vid14_BB_T.png,frames/Vid14_L.png,l,1.0,3.1520720000116853,1.0,2.5649042000004556,,,,28.0,Male,Right handed,Normal
sub70_NB,NB,15.0,frames/Vid15_BB_T.png,frames/Vid15_L.png,l,1.0,9.62475170000107,1.0,2.3980505999934394,,,,28.0,Male,Right handed,Normal
sub70_NB,NB,16.0,frames/Vid16_EM_T.png,frames/Vid16_L.png,l,1.0,2.737020799992024,5.0,2.098014999995939,,,,28.0,Male,Right handed,Normal
sub70_NB,NB,17.0,frames/Vid17_BB_T.png,frames/Vid17_L.png,l,1.0,3.651200500011328,5.0,2.01307000000088,,,,28.0,Male,Right handed,Normal
sub70_NB,NB,18.0,frames/Vid18_EM_T.png,frames/Vid18_L.png,l,0.0,4.8063737000047695,2.0,1.815762700003688,,,,28.0,Male,Right handed,Normal
sub70_NB,NB,19.0,frames/Vid19_BB_T.png,frames/Vid19_L.png,r,1.0,3.8453421000012895,2.0,2.064000099999248,,,,28.0,Male,Right handed,Normal
sub70_NB,NB,20.0,frames/Vid20_EM_T.png,frames/Vid20_L.png,r,1.0,2.516240500001004,4.0,2.2311824999924283,,,,28.0,Male,Right handed,Normal
sub70_NB,NB,21.0,frames/Vid21_BB_T.png,frames/Vid21_L.png,r,1.0,5.114760900003603,5.0,2.130298499992932,,,,28.0,Male,Right handed,Normal
sub70_NB,NB,22.0,frames/Vid22_EM_T.png,frames/Vid22_L.png,r,1.0,4.849477899988415,5.0,2.3466575000056764,,,,28.0,Male,Right handed,Normal
sub70_NB,NB,23.0,frames/Vid23_EM_T.png,frames/Vid23_L.png,r,1.0,4.931334099994274,2.0,2.446868600003654,,,,28.0,Male,Right handed,Normal
sub70_NB,NB,24.0,frames/Vid24_BB_T.png,frames/Vid24_L.png,r,1.0,2.9317317999957595,5.0,2.51532259999658,,,,28.0,Male,Right handed,Normal
sub70_NB,NB,25.0,frames/Vid25_BB_T.png,frames/Vid25_L.png,r,1.0,2.899104800002533,5.0,2.2310076000139816,,,,28.0,Male,Right handed,Normal
sub70_NB,NB,26.0,frames/Vid26_EM_T.png,frames/Vid26_L.png,l,1.0,2.0437991000071634,5.0,1.7470861000037985,,,,28.0,Male,Right handed,Normal
sub70_NB,NB,27.0,frames/Vid27_BB_T.png,frames/Vid27_L.png,r,1.0,4.412311899999622,5.0,3.431580499993288,,,,28.0,Male,Right handed,Normal
sub70_NB,NB,28.0,frames/Vid28_EM_T.png,frames/Vid28_L.png,r,1.0,2.9370420999912312,4.0,3.398512700005085,,,,28.0,Male,Right handed,Normal
sub70_NB,NB,29.0,frames/Vid29_BB_T.png,frames/Vid29_L.png,r,1.0,7.445646899999701,4.0,2.2979687999904854,,,,28.0,Male,Right handed,Normal
sub70_NB,NB,30.0,frames/Vid30_EM_T.png,frames/Vid30_L.png,l,1.0,5.8459834000095725,2.0,2.364436799995019,,,,28.0,Male,Right handed,Normal
sub70_NB,NB,31.0,frames/Vid31_EM_T.png,frames/Vid31_L.png,l,1.0,3.3051736000052188,3.0,2.463152100011939,,,,28.0,Male,Right handed,Normal
sub70_NB,NB,32.0,frames/Vid32_EM_T.png,frames/Vid32_L.png,l,1.0,3.605896199995186,5.0,1.931647500008694,,,,28.0,Male,Right handed,Normal
sub70_NB,NB,33.0,frames/Vid33_BB_T.png,frames/Vid33_L.png,r,1.0,7.777586299998802,4.0,2.429847100007464,,,,28.0,Male,Right handed,Normal
sub70_NB,NB,34.0,frames/Vid34_BB_T.png,frames/Vid34_L.png,r,0.0,3.816628600005061,5.0,2.6307322999928147,,,,28.0,Male,Right handed,Normal
sub70_NB,NB,35.0,frames/Vid35_EM_T.png,frames/Vid35_L.png,l,0.0,8.581985900003929,2.0,2.330851499995333,,,,28.0,Male,Right handed,Normal
sub70_NB,NB,36.0,frames/Vid36_BB_T.png,frames/Vid36_L.png,l,1.0,3.347571499994956,5.0,1.8651556999975585,,,,28.0,Male,Right handed,Normal
sub70_NB,NB,37.0,frames/Vid37_BB_T.png,frames/Vid37_L.png,l,1.0,3.417086000001291,5.0,1.2986573000089263,,,,28.0,Male,Right handed,Normal
sub70_NB,NB,38.0,frames/Vid38_EM_T.png,frames/Vid38_L.png,r,0.0,4.273675000004005,5.0,3.1800348999968264,,,,28.0,Male,Right handed,Normal
sub70_NB,NB,39.0,frames/Vid39_BB_T.png,frames/Vid39_L.png,l,1.0,5.690824000004795,4.0,2.131847899989225,,,,28.0,Male,Right handed,Normal
sub70_NB,NB,40.0,frames/Vid40_EM_T.png,frames/Vid40_L.png,l,1.0,4.213256899995031,5.0,2.914027199993143,,,,28.0,Male,Right handed,Normal
sub71_NB,NB,1.0,frames/Vid1_EM_T.png,frames/Vid1_L.png,l,1.0,1.939949899999192,5.0,1.3146373000054157,,,,25.0,Female,Right handed,Normal
sub71_NB,NB,2.0,frames/Vid2_BB_T.png,frames/Vid2_L.png,l,1.0,3.4167119999910938,3.0,2.8975349999964237,,,,25.0,Female,Right handed,Normal
sub71_NB,NB,3.0,frames/Vid3_BB_T.png,frames/Vid3_L.png,l,1.0,2.505421000008937,5.0,1.1645418999978574,,,,25.0,Female,Right handed,Normal
sub71_NB,NB,4.0,frames/Vid4_EM_T.png,frames/Vid4_L.png,r,0.0,3.1123165000026347,5.0,1.8315067999938035,,,,25.0,Female,Right handed,Normal
sub71_NB,NB,5.0,frames/Vid5_EM_T.png,frames/Vid5_L.png,l,1.0,6.166397400011192,5.0,2.4822928000066895,,,,25.0,Female,Right handed,Normal
sub71_NB,NB,6.0,frames/Vid6_BB_T.png,frames/Vid6_L.png,r,1.0,2.293980799993733,5.0,1.0314703000040026,,,,25.0,Female,Right handed,Normal
sub71_NB,NB,7.0,frames/Vid7_EM_T.png,frames/Vid7_L.png,r,1.0,7.256210000006831,5.0,1.2983419000083811,,,,25.0,Female,Right handed,Normal
sub71_NB,NB,8.0,frames/Vid8_BB_T.png,frames/Vid8_L.png,l,1.0,14.554729299998144,4.0,1.948340200004168,,,,25.0,Female,Right handed,Normal
sub71_NB,NB,9.0,frames/Vid9_EM_T.png,frames/Vid9_L.png,r,1.0,3.7102283000131138,4.0,1.0985098999954062,,,,25.0,Female,Right handed,Normal
sub71_NB,NB,10.0,frames/Vid10_BB_T.png,frames/Vid10_L.png,l,1.0,6.087948699991102,5.0,1.7814314999995986,,,,25.0,Female,Right handed,Normal
sub71_NB,NB,11.0,frames/Vid11_EM_T.png,frames/Vid11_L.png,r,1.0,5.42828290000034,2.0,5.883166800005711,,,,25.0,Female,Right handed,Normal
sub71_NB,NB,12.0,frames/Vid12_EM_T.png,frames/Vid12_L.png,r,1.0,2.570517200001632,5.0,2.1638536999962525,,,,25.0,Female,Right handed,Normal
sub71_NB,NB,13.0,frames/Vid13_BB_T.png,frames/Vid13_L.png,l,1.0,3.788836599997012,1.0,1.015789600001881,,,,25.0,Female,Right handed,Normal
sub71_NB,NB,14.0,frames/Vid14_BB_T.png,frames/Vid14_L.png,l,1.0,3.0102573999902233,4.0,1.5126834999973653,,,,25.0,Female,Right handed,Normal
sub71_NB,NB,15.0,frames/Vid15_BB_T.png,frames/Vid15_L.png,r,1.0,2.721046099992236,5.0,1.065688800008502,,,,25.0,Female,Right handed,Normal
sub71_NB,NB,16.0,frames/Vid16_EM_T.png,frames/Vid16_L.png,r,1.0,12.65322649999871,4.0,1.3306178999919211,,,,25.0,Female,Right handed,Normal
sub71_NB,NB,17.0,frames/Vid17_BB_T.png,frames/Vid17_L.png,l,1.0,4.615014900002279,4.0,1.3318602000072133,,,,25.0,Female,Right handed,Normal
sub71_NB,NB,18.0,frames/Vid18_EM_T.png,frames/Vid18_L.png,l,1.0,3.326962699997239,4.0,2.031483200000366,,,,25.0,Female,Right handed,Normal
sub71_NB,NB,19.0,frames/Vid19_BB_T.png,frames/Vid19_L.png,r,0.0,4.085889299996779,4.0,1.1152025000046706,,,,25.0,Female,Right handed,Normal
sub71_NB,NB,20.0,frames/Vid20_EM_T.png,frames/Vid20_L.png,r,1.0,6.25458960000833,1.0,3.3299197999876924,,,,25.0,Female,Right handed,Normal
sub71_NB,NB,21.0,frames/Vid21_BB_T.png,frames/Vid21_L.png,r,1.0,2.750256200000877,4.0,1.2155080999946222,,,,25.0,Female,Right handed,Normal
sub71_NB,NB,22.0,frames/Vid22_EM_T.png,frames/Vid22_L.png,r,1.0,6.866439799996442,4.0,4.596470099990256,,,,25.0,Female,Right handed,Normal
sub71_NB,NB,23.0,frames/Vid23_EM_T.png,frames/Vid23_L.png,l,1.0,2.4573386999982176,3.0,1.0154853999993063,,,,25.0,Female,Right handed,Normal
sub71_NB,NB,24.0,frames/Vid24_BB_T.png,frames/Vid24_L.png,r,1.0,3.126402199995937,4.0,1.2984068999940064,,,,25.0,Female,Right handed,Normal
sub71_NB,NB,25.0,frames/Vid25_BB_T.png,frames/Vid25_L.png,l,0.0,6.253276800009189,2.0,0.9975359999953072,,,,25.0,Female,Right handed,Normal
sub71_NB,NB,26.0,frames/Vid26_EM_T.png,frames/Vid26_L.png,l,1.0,5.462900999991689,4.0,3.700741900000139,,,,25.0,Female,Right handed,Normal
sub71_NB,NB,27.0,frames/Vid27_BB_T.png,frames/Vid27_L.png,l,1.0,2.2308379000023706,3.0,0.965773400006583,,,,25.0,Female,Right handed,Normal
sub71_NB,NB,28.0,frames/Vid28_EM_T.png,frames/Vid28_L.png,l,1.0,5.898765099991579,5.0,0.8821991000004346,,,,25.0,Female,Right handed,Normal
sub71_NB,NB,29.0,frames/Vid29_BB_T.png,frames/Vid29_L.png,l,1.0,2.500647599998046,3.0,1.2317359000007857,,,,25.0,Female,Right handed,Normal
sub71_NB,NB,30.0,frames/Vid30_EM_T.png,frames/Vid30_L.png,l,1.0,6.022563099992112,1.0,1.248660999990534,,,,25.0,Female,Right handed,Normal
sub71_NB,NB,31.0,frames/Vid31_EM_T.png,frames/Vid31_L.png,r,1.0,2.2558788000023924,2.0,0.8486632999993162,,,,25.0,Female,Right handed,Normal
sub71_NB,NB,32.0,frames/Vid32_EM_T.png,frames/Vid32_L.png,r,1.0,1.9676318999991056,5.0,1.0485031999996863,,,,25.0,Female,Right handed,Normal
sub71_NB,NB,33.0,frames/Vid33_BB_T.png,frames/Vid33_L.png,r,1.0,4.000958199991146,4.0,0.9315085999987788,,,,25.0,Female,Right handed,Normal
sub71_NB,NB,34.0,frames/Vid34_BB_T.png,frames/Vid34_L.png,r,1.0,4.401515800011111,3.0,1.015030199996545,,,,25.0,Female,Right handed,Normal
sub71_NB,NB,35.0,frames/Vid35_EM_T.png,frames/Vid35_L.png,r,1.0,6.997865800003638,3.0,4.415770000006887,,,,25.0,Female,Right handed,Normal
sub71_NB,NB,36.0,frames/Vid36_BB_T.png,frames/Vid36_L.png,l,1.0,3.5699485999939498,4.0,2.214365200008615,,,,25.0,Female,Right handed,Normal
sub71_NB,NB,37.0,frames/Vid37_BB_T.png,frames/Vid37_L.png,l,1.0,2.8411239000124624,5.0,2.064231900003506,,,,25.0,Female,Right handed,Normal
sub71_NB,NB,38.0,frames/Vid38_EM_T.png,frames/Vid38_L.png,r,1.0,5.307306899994728,1.0,1.1310792000003858,,,,25.0,Female,Right handed,Normal
sub71_NB,NB,39.0,frames/Vid39_BB_T.png,frames/Vid39_L.png,l,0.0,7.580382300002384,3.0,1.0981732000072952,,,,25.0,Female,Right handed,Normal
sub71_NB,NB,40.0,frames/Vid40_EM_T.png,frames/Vid40_L.png,l,1.0,3.454956499990658,5.0,1.281824100005906,,,,25.0,Female,Right handed,Normal
sub72_NB,NB,1.0,frames/Vid1_EM_T.png,frames/Vid1_L.png,l,1.0,3.176083500002278,5.0,0.6809314999991329,,,,28.0,Male,Right handed,Corrected to normal
sub72_NB,NB,2.0,frames/Vid2_BB_T.png,frames/Vid2_L.png,r,1.0,3.338053999992553,5.0,0.3970400000107474,,,,28.0,Male,Right handed,Corrected to normal
sub72_NB,NB,3.0,frames/Vid3_BB_T.png,frames/Vid3_L.png,l,1.0,3.5153648999985307,5.0,1.1961725000001024,,,,28.0,Male,Right handed,Corrected to normal
sub72_NB,NB,4.0,frames/Vid4_EM_T.png,frames/Vid4_L.png,l,0.0,3.979415900001186,5.0,0.3973898999975063,,,,28.0,Male,Right handed,Corrected to normal
sub72_NB,NB,5.0,frames/Vid5_EM_T.png,frames/Vid5_L.png,l,1.0,3.2364112000068417,5.0,1.014586400007829,,,,28.0,Male,Right handed,Corrected to normal
sub72_NB,NB,6.0,frames/Vid6_BB_T.png,frames/Vid6_L.png,l,1.0,3.35964850000164,5.0,0.7974187999934657,,,,28.0,Male,Right handed,Corrected to normal
sub72_NB,NB,7.0,frames/Vid7_EM_T.png,frames/Vid7_L.png,l,1.0,4.599067799994373,5.0,2.015356500007329,,,,28.0,Male,Right handed,Corrected to normal
sub72_NB,NB,8.0,frames/Vid8_BB_T.png,frames/Vid8_L.png,r,0.0,2.9214850999996997,5.0,0.5650309000047855,,,,28.0,Male,Right handed,Corrected to normal
sub72_NB,NB,9.0,frames/Vid9_EM_T.png,frames/Vid9_L.png,r,0.0,7.408494799994514,5.0,0.3804182999883778,,,,28.0,Male,Right handed,Corrected to normal
sub72_NB,NB,10.0,frames/Vid10_BB_T.png,frames/Vid10_L.png,r,1.0,4.8737246000091545,5.0,1.23204300001089,,,,28.0,Male,Right handed,Corrected to normal
sub72_NB,NB,11.0,frames/Vid11_EM_T.png,frames/Vid11_L.png,r,1.0,3.233985300001222,5.0,1.1485245999938345,,,,28.0,Male,Right handed,Corrected to normal
sub72_NB,NB,12.0,frames/Vid12_EM_T.png,frames/Vid12_L.png,l,1.0,2.950208599999314,5.0,0.3991737999895122,,,,28.0,Male,Right handed,Corrected to normal
sub72_NB,NB,13.0,frames/Vid13_BB_T.png,frames/Vid13_L.png,l,1.0,5.955031000004965,2.0,1.8490255000069735,,,,28.0,Male,Right handed,Corrected to normal
sub72_NB,NB,14.0,frames/Vid14_BB_T.png,frames/Vid14_L.png,r,1.0,4.020937299996149,5.0,1.282805199996801,,,,28.0,Male,Right handed,Corrected to normal
sub72_NB,NB,15.0,frames/Vid15_BB_T.png,frames/Vid15_L.png,l,1.0,4.164590100001078,5.0,0.8485849999997299,,,,28.0,Male,Right handed,Corrected to normal
sub72_NB,NB,16.0,frames/Vid16_EM_T.png,frames/Vid16_L.png,r,1.0,4.786885200010147,5.0,1.3480607999954373,,,,28.0,Male,Right handed,Corrected to normal
sub72_NB,NB,17.0,frames/Vid17_BB_T.png,frames/Vid17_L.png,l,1.0,4.151489099996979,5.0,0.647408999997424,,,,28.0,Male,Right handed,Corrected to normal
sub72_NB,NB,18.0,frames/Vid18_EM_T.png,frames/Vid18_L.png,r,1.0,5.266647600001306,2.0,2.580939200008288,,,,28.0,Male,Right handed,Corrected to normal
sub72_NB,NB,19.0,frames/Vid19_BB_T.png,frames/Vid19_L.png,l,1.0,2.6721226000081515,5.0,0.9991836999979568,,,,28.0,Male,Right handed,Corrected to normal
sub72_NB,NB,20.0,frames/Vid20_EM_T.png,frames/Vid20_L.png,r,1.0,6.0953919000021415,5.0,6.015206000010949,,,,28.0,Male,Right handed,Corrected to normal
sub72_NB,NB,21.0,frames/Vid21_BB_T.png,frames/Vid21_L.png,l,1.0,6.8799126999947475,5.0,0.5306931999948574,,,,28.0,Male,Right handed,Corrected to normal
sub72_NB,NB,22.0,frames/Vid22_EM_T.png,frames/Vid22_L.png,r,1.0,2.7925216000003275,5.0,0.4146764000033727,,,,28.0,Male,Right handed,Corrected to normal
sub72_NB,NB,23.0,frames/Vid23_EM_T.png,frames/Vid23_L.png,r,1.0,5.231983300007414,5.0,1.0978756000113208,,,,28.0,Male,Right handed,Corrected to normal
sub72_NB,NB,24.0,frames/Vid24_BB_T.png,frames/Vid24_L.png,l,1.0,3.845910799995181,5.0,1.3302343000104884,,,,28.0,Male,Right handed,Corrected to normal
sub72_NB,NB,25.0,frames/Vid25_BB_T.png,frames/Vid25_L.png,r,1.0,2.300337699998636,5.0,0.3482023999968078,,,,28.0,Male,Right handed,Corrected to normal
sub72_NB,NB,26.0,frames/Vid26_EM_T.png,frames/Vid26_L.png,r,0.0,3.017026299989084,5.0,0.5474124000029406,,,,28.0,Male,Right handed,Corrected to normal
sub72_NB,NB,27.0,frames/Vid27_BB_T.png,frames/Vid27_L.png,r,1.0,2.796187200001441,5.0,1.1145461999985855,,,,28.0,Male,Right handed,Corrected to normal
sub72_NB,NB,28.0,frames/Vid28_EM_T.png,frames/Vid28_L.png,l,1.0,4.9336796999996295,5.0,1.261644999991404,,,,28.0,Male,Right handed,Corrected to normal
sub72_NB,NB,29.0,frames/Vid29_BB_T.png,frames/Vid29_L.png,l,1.0,3.425714099998004,5.0,0.4993011000042315,,,,28.0,Male,Right handed,Corrected to normal
sub72_NB,NB,30.0,frames/Vid30_EM_T.png,frames/Vid30_L.png,l,1.0,5.44554239998979,2.0,1.3984133000049042,,,,28.0,Male,Right handed,Corrected to normal
sub72_NB,NB,31.0,frames/Vid31_EM_T.png,frames/Vid31_L.png,r,1.0,6.957279299997026,2.0,3.680596399994102,,,,28.0,Male,Right handed,Corrected to normal
sub72_NB,NB,32.0,frames/Vid32_EM_T.png,frames/Vid32_L.png,r,1.0,2.666428199998336,5.0,0.4983358000026783,,,,28.0,Male,Right handed,Corrected to normal
sub72_NB,NB,33.0,frames/Vid33_BB_T.png,frames/Vid33_L.png,l,1.0,3.4294165000028443,5.0,1.5483916999946814,,,,28.0,Male,Right handed,Corrected to normal
sub72_NB,NB,34.0,frames/Vid34_BB_T.png,frames/Vid34_L.png,r,1.0,3.397710499993991,5.0,0.631553500003065,,,,28.0,Male,Right handed,Corrected to normal
sub72_NB,NB,35.0,frames/Vid35_EM_T.png,frames/Vid35_L.png,r,1.0,3.5918427999858977,5.0,0.381147799998871,,,,28.0,Male,Right handed,Corrected to normal
sub72_NB,NB,36.0,frames/Vid36_BB_T.png,frames/Vid36_L.png,r,1.0,4.748530900003971,2.0,1.6140272000047844,,,,28.0,Male,Right handed,Corrected to normal
sub72_NB,NB,37.0,frames/Vid37_BB_T.png,frames/Vid37_L.png,r,1.0,2.950402300004498,5.0,0.5310572000016691,,,,28.0,Male,Right handed,Corrected to normal
sub72_NB,NB,38.0,frames/Vid38_EM_T.png,frames/Vid38_L.png,r,1.0,4.8092086000106065,5.0,1.08201569999801,,,,28.0,Male,Right handed,Corrected to normal
sub72_NB,NB,39.0,frames/Vid39_BB_T.png,frames/Vid39_L.png,l,1.0,4.646297400002368,5.0,0.5306093000108376,,,,28.0,Male,Right handed,Corrected to normal
sub72_NB,NB,40.0,frames/Vid40_EM_T.png,frames/Vid40_L.png,r,1.0,4.373857400001725,5.0,1.2982778000005055,,,,28.0,Male,Right handed,Corrected to normal
sub73_NB,NB,1.0,frames/Vid1_EM_T.png,frames/Vid1_L.png,l,1.0,3.7583404000033624,5.0,1.249680100008845,,,,23.0,Male,Right handed,Normal
sub73_NB,NB,2.0,frames/Vid2_BB_T.png,frames/Vid2_L.png,l,1.0,2.8247867000027327,4.0,1.2157585000095423,,,,23.0,Male,Right handed,Normal
sub73_NB,NB,3.0,frames/Vid3_BB_T.png,frames/Vid3_L.png,l,1.0,7.127547399999457,4.0,2.5321807000000263,,,,23.0,Male,Right handed,Normal
sub73_NB,NB,4.0,frames/Vid4_EM_T.png,frames/Vid4_L.png,l,1.0,9.958272100004251,3.0,1.3643649000005098,,,,23.0,Male,Right handed,Normal
sub73_NB,NB,5.0,frames/Vid5_EM_T.png,frames/Vid5_L.png,l,1.0,4.77791520000028,2.0,1.4793216999969443,,,,23.0,Male,Right handed,Normal
sub73_NB,NB,6.0,frames/Vid6_BB_T.png,frames/Vid6_L.png,r,1.0,4.099580900001456,5.0,0.8473260000027949,,,,23.0,Male,Right handed,Normal
sub73_NB,NB,7.0,frames/Vid7_EM_T.png,frames/Vid7_L.png,r,1.0,3.506601800007047,4.0,0.8468289000011282,,,,23.0,Male,Right handed,Normal
sub73_NB,NB,8.0,frames/Vid8_BB_T.png,frames/Vid8_L.png,r,0.0,7.512593000006746,2.0,2.5313812000094913,,,,23.0,Male,Right handed,Normal
sub73_NB,NB,9.0,frames/Vid9_EM_T.png,frames/Vid9_L.png,l,1.0,6.042882399997325,3.0,4.247135799989337,,,,23.0,Male,Right handed,Normal
sub73_NB,NB,10.0,frames/Vid10_BB_T.png,frames/Vid10_L.png,l,1.0,3.017302699998254,4.0,1.2301593000011053,,,,23.0,Male,Right handed,Normal
sub73_NB,NB,11.0,frames/Vid11_EM_T.png,frames/Vid11_L.png,l,1.0,4.112801000010222,5.0,3.547760399989784,,,,23.0,Male,Right handed,Normal
sub73_NB,NB,12.0,frames/Vid12_EM_T.png,frames/Vid12_L.png,r,1.0,5.609722900000634,3.0,2.531203699996695,,,,23.0,Male,Right handed,Normal
sub73_NB,NB,13.0,frames/Vid13_BB_T.png,frames/Vid13_L.png,r,1.0,10.398039599996991,2.0,0.9974876000051154,,,,23.0,Male,Right handed,Normal
sub73_NB,NB,14.0,frames/Vid14_BB_T.png,frames/Vid14_L.png,r,1.0,3.4306875000038417,3.0,1.0827611999993678,,,,23.0,Male,Right handed,Normal
sub73_NB,NB,15.0,frames/Vid15_BB_T.png,frames/Vid15_L.png,r,1.0,4.400979900005041,4.0,1.02955110000039,,,,23.0,Male,Right handed,Normal
sub73_NB,NB,16.0,frames/Vid16_EM_T.png,frames/Vid16_L.png,r,1.0,5.2737046999973245,4.0,0.8477410999912536,,,,23.0,Male,Right handed,Normal
sub73_NB,NB,17.0,frames/Vid17_BB_T.png,frames/Vid17_L.png,r,1.0,4.700514900003327,4.0,1.331374200002756,,,,23.0,Male,Right handed,Normal
sub73_NB,NB,18.0,frames/Vid18_EM_T.png,frames/Vid18_L.png,l,1.0,6.452527800007374,4.0,1.1645243000093617,,,,23.0,Male,Right handed,Normal
sub73_NB,NB,19.0,frames/Vid19_BB_T.png,frames/Vid19_L.png,r,1.0,23.490196900005685,2.0,1.798131800009287,,,,23.0,Male,Right handed,Normal
sub73_NB,NB,20.0,frames/Vid20_EM_T.png,frames/Vid20_L.png,l,1.0,5.196286799997324,2.0,1.447522399990703,,,,23.0,Male,Right handed,Normal
sub73_NB,NB,21.0,frames/Vid21_BB_T.png,frames/Vid21_L.png,r,1.0,3.5831098000053316,4.0,1.529683099986869,,,,23.0,Male,Right handed,Normal
sub73_NB,NB,22.0,frames/Vid22_EM_T.png,frames/Vid22_L.png,r,1.0,5.2907281999941915,4.0,0.9974449000001188,,,,23.0,Male,Right handed,Normal
sub73_NB,NB,23.0,frames/Vid23_EM_T.png,frames/Vid23_L.png,r,1.0,2.44990069999767,4.0,1.031313100000261,,,,23.0,Male,Right handed,Normal
sub73_NB,NB,24.0,frames/Vid24_BB_T.png,frames/Vid24_L.png,r,1.0,4.483881200008909,5.0,5.297207999989041,,,,23.0,Male,Right handed,Normal
sub73_NB,NB,25.0,frames/Vid25_BB_T.png,frames/Vid25_L.png,l,0.0,4.545660099989618,3.0,0.8454802999913227,,,,23.0,Male,Right handed,Normal
sub73_NB,NB,26.0,frames/Vid26_EM_T.png,frames/Vid26_L.png,r,0.0,24.01628689999052,2.0,0.9469563999882666,,,,23.0,Male,Right handed,Normal
sub73_NB,NB,27.0,frames/Vid27_BB_T.png,frames/Vid27_L.png,r,1.0,6.197259799999301,4.0,5.013570399998571,,,,23.0,Male,Right handed,Normal
sub73_NB,NB,28.0,frames/Vid28_EM_T.png,frames/Vid28_L.png,r,1.0,2.1675938999978825,5.0,0.931024300007266,,,,23.0,Male,Right handed,Normal
sub73_NB,NB,29.0,frames/Vid29_BB_T.png,frames/Vid29_L.png,l,1.0,4.0516481999948155,5.0,1.4973357999988366,,,,23.0,Male,Right handed,Normal
sub73_NB,NB,30.0,frames/Vid30_EM_T.png,frames/Vid30_L.png,r,1.0,7.505700499998056,4.0,2.2646897999948123,,,,23.0,Male,Right handed,Normal
sub73_NB,NB,31.0,frames/Vid31_EM_T.png,frames/Vid31_L.png,r,1.0,2.975841400009813,4.0,2.5648387000110233,,,,23.0,Male,Right handed,Normal
sub73_NB,NB,32.0,frames/Vid32_EM_T.png,frames/Vid32_L.png,r,1.0,3.634374800007208,4.0,2.6318868000089424,,,,23.0,Male,Right handed,Normal
sub73_NB,NB,33.0,frames/Vid33_BB_T.png,frames/Vid33_L.png,r,1.0,2.6825356999906944,5.0,1.113268999994034,,,,23.0,Male,Right handed,Normal
sub73_NB,NB,34.0,frames/Vid34_BB_T.png,frames/Vid34_L.png,l,1.0,4.28052650000609,3.0,0.7648732000088785,,,,23.0,Male,Right handed,Normal
sub73_NB,NB,35.0,frames/Vid35_EM_T.png,frames/Vid35_L.png,l,1.0,2.501183400003356,4.0,2.331661799995345,,,,23.0,Male,Right handed,Normal
sub73_NB,NB,36.0,frames/Vid36_BB_T.png,frames/Vid36_L.png,r,1.0,2.1118848999904003,4.0,0.7310278999939328,,,,23.0,Male,Right handed,Normal
sub73_NB,NB,37.0,frames/Vid37_BB_T.png,frames/Vid37_L.png,l,1.0,3.550301299997954,5.0,0.8807749999978114,,,,23.0,Male,Right handed,Normal
sub73_NB,NB,38.0,frames/Vid38_EM_T.png,frames/Vid38_L.png,r,1.0,13.089004400011618,3.0,3.014541199998348,,,,23.0,Male,Right handed,Normal
sub73_NB,NB,39.0,frames/Vid39_BB_T.png,frames/Vid39_L.png,r,1.0,4.972311399993487,4.0,1.41467760001251,,,,23.0,Male,Right handed,Normal
sub73_NB,NB,40.0,frames/Vid40_EM_T.png,frames/Vid40_L.png,r,1.0,7.4626237000047695,5.0,1.2169549999962328,,,,23.0,Male,Right handed,Normal
sub74_NB,NB,1.0,frames/Vid1_EM_T.png,frames/Vid1_L.png,r,1.0,3.316939700001967,5.0,4.81408399999782,,,,22.0,Male,Right handed,Corrected to normal
sub74_NB,NB,2.0,frames/Vid2_BB_T.png,frames/Vid2_L.png,l,1.0,15.200769799994305,4.0,4.049325400002999,,,,22.0,Male,Right handed,Corrected to normal
sub74_NB,NB,3.0,frames/Vid3_BB_T.png,frames/Vid3_L.png,r,0.0,8.728244900004938,4.0,2.7142586999980267,,,,22.0,Male,Right handed,Corrected to normal
sub74_NB,NB,4.0,frames/Vid4_EM_T.png,frames/Vid4_L.png,l,1.0,13.415221899995233,5.0,2.397615900001256,,,,22.0,Male,Right handed,Corrected to normal
sub74_NB,NB,5.0,frames/Vid5_EM_T.png,frames/Vid5_L.png,l,1.0,4.005591299996013,4.0,2.064728900004411,,,,22.0,Male,Right handed,Corrected to normal
sub74_NB,NB,6.0,frames/Vid6_BB_T.png,frames/Vid6_L.png,l,1.0,6.8479490000027,5.0,4.562089400002151,,,,22.0,Male,Right handed,Corrected to normal
sub74_NB,NB,7.0,frames/Vid7_EM_T.png,frames/Vid7_L.png,r,1.0,6.188612899990403,3.0,3.964326999994228,,,,22.0,Male,Right handed,Corrected to normal
sub74_NB,NB,8.0,frames/Vid8_BB_T.png,frames/Vid8_L.png,r,0.0,28.94263979999232,3.0,6.047495999999228,,,,22.0,Male,Right handed,Corrected to normal
sub74_NB,NB,9.0,frames/Vid9_EM_T.png,frames/Vid9_L.png,r,1.0,10.454481199994916,3.0,5.566276300000027,,,,22.0,Male,Right handed,Corrected to normal
sub74_NB,NB,10.0,frames/Vid10_BB_T.png,frames/Vid10_L.png,r,1.0,3.8888447000063024,4.0,3.0328585999959614,,,,22.0,Male,Right handed,Corrected to normal
sub74_NB,NB,11.0,frames/Vid11_EM_T.png,frames/Vid11_L.png,l,1.0,5.502866099996027,5.0,1.8309236999921268,,,,22.0,Male,Right handed,Corrected to normal
sub74_NB,NB,12.0,frames/Vid12_EM_T.png,frames/Vid12_L.png,r,1.0,6.4318032000010135,3.0,3.164703799993731,,,,22.0,Male,Right handed,Corrected to normal
sub74_NB,NB,13.0,frames/Vid13_BB_T.png,frames/Vid13_L.png,l,0.0,10.847667899986844,3.0,3.878861600009259,,,,22.0,Male,Right handed,Corrected to normal
sub74_NB,NB,14.0,frames/Vid14_BB_T.png,frames/Vid14_L.png,l,1.0,14.858400199998869,2.0,1.8982774000032805,,,,22.0,Male,Right handed,Corrected to normal
sub74_NB,NB,15.0,frames/Vid15_BB_T.png,frames/Vid15_L.png,r,1.0,3.5703684000036446,5.0,3.965405399998417,,,,22.0,Male,Right handed,Corrected to normal
sub74_NB,NB,16.0,frames/Vid16_EM_T.png,frames/Vid16_L.png,l,0.0,19.190860300004715,4.0,3.214869399991585,,,,22.0,Male,Right handed,Corrected to normal
sub74_NB,NB,17.0,frames/Vid17_BB_T.png,frames/Vid17_L.png,l,1.0,4.844626000005519,5.0,1.5309176000009757,,,,22.0,Male,Right handed,Corrected to normal
sub74_NB,NB,18.0,frames/Vid18_EM_T.png,frames/Vid18_L.png,r,1.0,6.63470480000251,4.0,3.747690999996848,,,,22.0,Male,Right handed,Corrected to normal
sub74_NB,NB,19.0,frames/Vid19_BB_T.png,frames/Vid19_L.png,r,1.0,5.616506099991966,3.0,2.598332900000969,,,,22.0,Male,Right handed,Corrected to normal
sub74_NB,NB,20.0,frames/Vid20_EM_T.png,frames/Vid20_L.png,r,1.0,4.819722600004752,5.0,2.0807703000027686,,,,22.0,Male,Right handed,Corrected to normal
sub74_NB,NB,21.0,frames/Vid21_BB_T.png,frames/Vid21_L.png,l,1.0,4.840845699989586,5.0,6.798589500001981,,,,22.0,Male,Right handed,Corrected to normal
sub74_NB,NB,22.0,frames/Vid22_EM_T.png,frames/Vid22_L.png,r,1.0,8.940025699994294,5.0,2.464471200000844,,,,22.0,Male,Right handed,Corrected to normal
sub74_NB,NB,23.0,frames/Vid23_EM_T.png,frames/Vid23_L.png,r,1.0,4.133425200008787,4.0,1.5476514999900246,,,,22.0,Male,Right handed,Corrected to normal
sub74_NB,NB,24.0,frames/Vid24_BB_T.png,frames/Vid24_L.png,l,1.0,5.855010699990089,4.0,3.2312487000017427,,,,22.0,Male,Right handed,Corrected to normal
sub74_NB,NB,25.0,frames/Vid25_BB_T.png,frames/Vid25_L.png,l,1.0,5.956518099992536,4.0,2.6150157999945804,,,,22.0,Male,Right handed,Corrected to normal
sub74_NB,NB,26.0,frames/Vid26_EM_T.png,frames/Vid26_L.png,r,1.0,7.54740270000184,5.0,2.898333199991612,,,,22.0,Male,Right handed,Corrected to normal
sub74_NB,NB,27.0,frames/Vid27_BB_T.png,frames/Vid27_L.png,r,1.0,4.175800600001821,5.0,2.1646201999974437,,,,22.0,Male,Right handed,Corrected to normal
sub74_NB,NB,28.0,frames/Vid28_EM_T.png,frames/Vid28_L.png,r,1.0,3.987505000011879,5.0,1.479781499991077,,,,22.0,Male,Right handed,Corrected to normal
sub74_NB,NB,29.0,frames/Vid29_BB_T.png,frames/Vid29_L.png,l,1.0,5.921034500002861,4.0,2.9810877999989316,,,,22.0,Male,Right handed,Corrected to normal
sub74_NB,NB,30.0,frames/Vid30_EM_T.png,frames/Vid30_L.png,r,1.0,12.170105200013497,2.0,2.3327142000052845,,,,22.0,Male,Right handed,Corrected to normal
sub74_NB,NB,31.0,frames/Vid31_EM_T.png,frames/Vid31_L.png,l,1.0,5.946859199990286,4.0,2.3813916000071913,,,,22.0,Male,Right handed,Corrected to normal
sub74_NB,NB,32.0,frames/Vid32_EM_T.png,frames/Vid32_L.png,r,1.0,7.19749910000246,5.0,11.282129700004589,,,,22.0,Male,Right handed,Corrected to normal
sub74_NB,NB,33.0,frames/Vid33_BB_T.png,frames/Vid33_L.png,r,1.0,11.199390900001164,5.0,2.8983372999937274,,,,22.0,Male,Right handed,Corrected to normal
sub74_NB,NB,34.0,frames/Vid34_BB_T.png,frames/Vid34_L.png,r,1.0,7.458609799999976,3.0,3.7817632999940543,,,,22.0,Male,Right handed,Corrected to normal
sub74_NB,NB,35.0,frames/Vid35_EM_T.png,frames/Vid35_L.png,r,1.0,5.782380299991928,3.0,7.8980622999952175,,,,22.0,Male,Right handed,Corrected to normal
sub74_NB,NB,36.0,frames/Vid36_BB_T.png,frames/Vid36_L.png,r,1.0,6.826684800005751,4.0,3.4653721999929985,,,,22.0,Male,Right handed,Corrected to normal
sub74_NB,NB,37.0,frames/Vid37_BB_T.png,frames/Vid37_L.png,l,1.0,4.03456990000268,5.0,2.3481843000045046,,,,22.0,Male,Right handed,Corrected to normal
sub74_NB,NB,38.0,frames/Vid38_EM_T.png,frames/Vid38_L.png,l,1.0,9.74682740001299,3.0,1.796820999996271,,,,22.0,Male,Right handed,Corrected to normal
sub74_NB,NB,39.0,frames/Vid39_BB_T.png,frames/Vid39_L.png,l,1.0,6.761200100008864,4.0,5.647625400000834,,,,22.0,Male,Right handed,Corrected to normal
sub74_NB,NB,40.0,frames/Vid40_EM_T.png,frames/Vid40_L.png,r,1.0,6.474807699996745,5.0,2.8462513999984367,,,,22.0,Male,Right handed,Corrected to normal
sub75_NB,NB,1.0,frames/Vid1_EM_T.png,frames/Vid1_L.png,l,1.0,7.8659793000115314,5.0,1.632083500007866,,,,21.0,Male,Right handed,Corrected to normal
sub75_NB,NB,2.0,frames/Vid2_BB_T.png,frames/Vid2_L.png,l,1.0,4.545696799992584,5.0,2.1645627999969292,,,,21.0,Male,Right handed,Corrected to normal
sub75_NB,NB,3.0,frames/Vid3_BB_T.png,frames/Vid3_L.png,l,1.0,7.346616800001357,4.0,1.7641468999936478,,,,21.0,Male,Right handed,Corrected to normal
sub75_NB,NB,4.0,frames/Vid4_EM_T.png,frames/Vid4_L.png,r,1.0,7.245172200011439,4.0,1.713205399995786,,,,21.0,Male,Right handed,Corrected to normal
sub75_NB,NB,5.0,frames/Vid5_EM_T.png,frames/Vid5_L.png,r,1.0,3.225909100001445,5.0,1.0986437999963528,,,,21.0,Male,Right handed,Corrected to normal
sub75_NB,NB,6.0,frames/Vid6_BB_T.png,frames/Vid6_L.png,l,1.0,2.972093300006236,5.0,2.397745700000087,,,,21.0,Male,Right handed,Corrected to normal
sub75_NB,NB,7.0,frames/Vid7_EM_T.png,frames/Vid7_L.png,r,1.0,3.0347115000040503,5.0,1.2472456000105012,,,,21.0,Male,Right handed,Corrected to normal
sub75_NB,NB,8.0,frames/Vid8_BB_T.png,frames/Vid8_L.png,l,1.0,7.54148100000748,5.0,1.9485813999926904,,,,21.0,Male,Right handed,Corrected to normal
sub75_NB,NB,9.0,frames/Vid9_EM_T.png,frames/Vid9_L.png,r,1.0,6.897909899998922,5.0,2.414886500002467,,,,21.0,Male,Right handed,Corrected to normal
sub75_NB,NB,10.0,frames/Vid10_BB_T.png,frames/Vid10_L.png,l,1.0,4.9053792000049725,4.0,1.0985313999990467,,,,21.0,Male,Right handed,Corrected to normal
sub75_NB,NB,11.0,frames/Vid11_EM_T.png,frames/Vid11_L.png,r,1.0,3.0709038999921177,5.0,0.9155740999995032,,,,21.0,Male,Right handed,Corrected to normal
sub75_NB,NB,12.0,frames/Vid12_EM_T.png,frames/Vid12_L.png,r,1.0,7.5587423000106355,4.0,2.516151199990418,,,,21.0,Male,Right handed,Corrected to normal
sub75_NB,NB,13.0,frames/Vid13_BB_T.png,frames/Vid13_L.png,r,1.0,5.040874799989979,5.0,1.564186099989456,,,,21.0,Male,Right handed,Corrected to normal
sub75_NB,NB,14.0,frames/Vid14_BB_T.png,frames/Vid14_L.png,r,1.0,3.235531500002253,5.0,0.6146607999980915,,,,21.0,Male,Right handed,Corrected to normal
sub75_NB,NB,15.0,frames/Vid15_BB_T.png,frames/Vid15_L.png,r,1.0,4.893566099999589,4.0,1.3305232999991858,,,,21.0,Male,Right handed,Corrected to normal
sub75_NB,NB,16.0,frames/Vid16_EM_T.png,frames/Vid16_L.png,l,0.0,6.028185599992867,4.0,1.631810599996243,,,,21.0,Male,Right handed,Corrected to normal
sub75_NB,NB,17.0,frames/Vid17_BB_T.png,frames/Vid17_L.png,r,1.0,3.786181199990097,5.0,1.1490211999916935,,,,21.0,Male,Right handed,Corrected to normal
sub75_NB,NB,18.0,frames/Vid18_EM_T.png,frames/Vid18_L.png,r,1.0,4.1417811999999685,4.0,2.1813378000078956,,,,21.0,Male,Right handed,Corrected to normal
sub75_NB,NB,19.0,frames/Vid19_BB_T.png,frames/Vid19_L.png,r,1.0,6.693108300009044,4.0,1.4641383999987738,,,,21.0,Male,Right handed,Corrected to normal
sub75_NB,NB,20.0,frames/Vid20_EM_T.png,frames/Vid20_L.png,l,1.0,2.8133113000076264,5.0,1.2812032999936491,,,,21.0,Male,Right handed,Corrected to normal
sub75_NB,NB,21.0,frames/Vid21_BB_T.png,frames/Vid21_L.png,l,1.0,5.180021199994371,5.0,1.9481076000083704,,,,21.0,Male,Right handed,Corrected to normal
sub75_NB,NB,22.0,frames/Vid22_EM_T.png,frames/Vid22_L.png,l,1.0,2.9358944999985397,5.0,2.413588499999605,,,,21.0,Male,Right handed,Corrected to normal
sub75_NB,NB,23.0,frames/Vid23_EM_T.png,frames/Vid23_L.png,r,1.0,2.8229934999981197,5.0,1.615243599997484,,,,21.0,Male,Right handed,Corrected to normal
sub75_NB,NB,24.0,frames/Vid24_BB_T.png,frames/Vid24_L.png,r,1.0,4.037812900001882,5.0,2.2138244999950984,,,,21.0,Male,Right handed,Corrected to normal
sub75_NB,NB,25.0,frames/Vid25_BB_T.png,frames/Vid25_L.png,l,1.0,12.312721000009333,4.0,1.8974878000008175,,,,21.0,Male,Right handed,Corrected to normal
sub75_NB,NB,26.0,frames/Vid26_EM_T.png,frames/Vid26_L.png,r,1.0,6.018513799994253,4.0,2.013924599988968,,,,21.0,Male,Right handed,Corrected to normal
sub75_NB,NB,27.0,frames/Vid27_BB_T.png,frames/Vid27_L.png,r,1.0,2.925563900003908,4.0,2.9149055000016233,,,,21.0,Male,Right handed,Corrected to normal
sub75_NB,NB,28.0,frames/Vid28_EM_T.png,frames/Vid28_L.png,r,1.0,3.7435873999929754,5.0,3.1809181999997236,,,,21.0,Male,Right handed,Corrected to normal
sub75_NB,NB,29.0,frames/Vid29_BB_T.png,frames/Vid29_L.png,r,1.0,8.306684700000915,4.0,0.9657855999976164,,,,21.0,Male,Right handed,Corrected to normal
sub75_NB,NB,30.0,frames/Vid30_EM_T.png,frames/Vid30_L.png,r,1.0,8.345599600012065,5.0,1.3477312000031816,,,,21.0,Male,Right handed,Corrected to normal
sub75_NB,NB,31.0,frames/Vid31_EM_T.png,frames/Vid31_L.png,r,1.0,1.7428543999994872,5.0,1.44786820000445,,,,21.0,Male,Right handed,Corrected to normal
sub75_NB,NB,32.0,frames/Vid32_EM_T.png,frames/Vid32_L.png,l,1.0,2.943210600002203,5.0,1.6805900000035765,,,,21.0,Male,Right handed,Corrected to normal
sub75_NB,NB,33.0,frames/Vid33_BB_T.png,frames/Vid33_L.png,l,1.0,4.730867100006435,4.0,1.4167790000064997,,,,21.0,Male,Right handed,Corrected to normal
sub75_NB,NB,34.0,frames/Vid34_BB_T.png,frames/Vid34_L.png,l,1.0,4.048804999998538,5.0,1.4483043999935037,,,,21.0,Male,Right handed,Corrected to normal
sub75_NB,NB,35.0,frames/Vid35_EM_T.png,frames/Vid35_L.png,l,1.0,3.801653799993801,5.0,1.1309806000062963,,,,21.0,Male,Right handed,Corrected to normal
sub75_NB,NB,36.0,frames/Vid36_BB_T.png,frames/Vid36_L.png,l,1.0,2.682811499995296,5.0,1.046331999998074,,,,21.0,Male,Right handed,Corrected to normal
sub75_NB,NB,37.0,frames/Vid37_BB_T.png,frames/Vid37_L.png,r,1.0,4.45668580000347,5.0,3.2821137999999337,,,,21.0,Male,Right handed,Corrected to normal
sub75_NB,NB,38.0,frames/Vid38_EM_T.png,frames/Vid38_L.png,l,1.0,7.397346700003254,4.0,14.732533499991405,,,,21.0,Male,Right handed,Corrected to normal
sub75_NB,NB,39.0,frames/Vid39_BB_T.png,frames/Vid39_L.png,r,1.0,6.01252660001046,4.0,1.498505399998976,,,,21.0,Male,Right handed,Corrected to normal
sub75_NB,NB,40.0,frames/Vid40_EM_T.png,frames/Vid40_L.png,r,1.0,4.492784899994149,5.0,2.2828587999974843,,,,21.0,Male,Right handed,Corrected to normal
sub76_NB,NB,1.0,frames/Vid1_EM_T.png,frames/Vid1_L.png,r,1.0,6.529736900003627,4.0,2.07998540000699,,,,20.0,Female,Right handed,Normal
sub76_NB,NB,2.0,frames/Vid2_BB_T.png,frames/Vid2_L.png,r,1.0,4.452982700007851,5.0,1.7317638999957126,,,,20.0,Female,Right handed,Normal
sub76_NB,NB,3.0,frames/Vid3_BB_T.png,frames/Vid3_L.png,r,1.0,21.77868390000367,2.0,4.564411900006235,,,,20.0,Female,Right handed,Normal
sub76_NB,NB,4.0,frames/Vid4_EM_T.png,frames/Vid4_L.png,r,1.0,3.139239299998735,4.0,1.898385899999994,,,,20.0,Female,Right handed,Normal
sub76_NB,NB,5.0,frames/Vid5_EM_T.png,frames/Vid5_L.png,l,0.0,9.036189200007357,2.0,2.197294099998544,,,,20.0,Female,Right handed,Normal
sub76_NB,NB,6.0,frames/Vid6_BB_T.png,frames/Vid6_L.png,l,1.0,4.156730499991681,4.0,1.9984846000006655,,,,20.0,Female,Right handed,Normal
sub76_NB,NB,7.0,frames/Vid7_EM_T.png,frames/Vid7_L.png,r,0.0,3.464093000002322,4.0,1.6491597999993246,,,,20.0,Female,Right handed,Normal
sub76_NB,NB,8.0,frames/Vid8_BB_T.png,frames/Vid8_L.png,r,1.0,7.0665646999987075,4.0,1.9321162999985972,,,,20.0,Female,Right handed,Normal
sub76_NB,NB,9.0,frames/Vid9_EM_T.png,frames/Vid9_L.png,l,0.0,13.790237099994556,2.0,2.931677899992792,,,,20.0,Female,Right handed,Normal
sub76_NB,NB,10.0,frames/Vid10_BB_T.png,frames/Vid10_L.png,r,1.0,2.3840862000070047,4.0,1.7322952000104124,,,,20.0,Female,Right handed,Normal
sub76_NB,NB,11.0,frames/Vid11_EM_T.png,frames/Vid11_L.png,l,1.0,3.9896736000082456,4.0,2.314772099998663,,,,20.0,Female,Right handed,Normal
sub76_NB,NB,12.0,frames/Vid12_EM_T.png,frames/Vid12_L.png,r,1.0,7.98434900000575,4.0,2.8495785999984946,,,,20.0,Female,Right handed,Normal
sub76_NB,NB,13.0,frames/Vid13_BB_T.png,frames/Vid13_L.png,r,1.0,7.317234600006486,2.0,3.2813033999991603,,,,20.0,Female,Right handed,Normal
sub76_NB,NB,14.0,frames/Vid14_BB_T.png,frames/Vid14_L.png,r,1.0,4.113532300005318,4.0,1.6478634999948554,,,,20.0,Female,Right handed,Normal
sub76_NB,NB,15.0,frames/Vid15_BB_T.png,frames/Vid15_L.png,r,1.0,14.372940499990364,3.0,1.9619679000024917,,,,20.0,Female,Right handed,Normal
sub76_NB,NB,16.0,frames/Vid16_EM_T.png,frames/Vid16_L.png,l,0.0,7.206020500001614,3.0,1.6479071000067052,,,,20.0,Female,Right handed,Normal
sub76_NB,NB,17.0,frames/Vid17_BB_T.png,frames/Vid17_L.png,r,1.0,6.817206699997769,3.0,1.6987136000097962,,,,20.0,Female,Right handed,Normal
sub76_NB,NB,18.0,frames/Vid18_EM_T.png,frames/Vid18_L.png,l,1.0,2.8209515000053216,4.0,2.0321999000007054,,,,20.0,Female,Right handed,Normal
sub76_NB,NB,19.0,frames/Vid19_BB_T.png,frames/Vid19_L.png,l,1.0,11.78606050000235,4.0,2.9161052999988897,,,,20.0,Female,Right handed,Normal
sub76_NB,NB,20.0,frames/Vid20_EM_T.png,frames/Vid20_L.png,r,1.0,2.735253899998497,3.0,2.114343400011421,,,,20.0,Female,Right handed,Normal
sub76_NB,NB,21.0,frames/Vid21_BB_T.png,frames/Vid21_L.png,r,0.0,4.445143199991435,5.0,5.0976448000001255,,,,20.0,Female,Right handed,Normal
sub76_NB,NB,22.0,frames/Vid22_EM_T.png,frames/Vid22_L.png,l,1.0,3.043120300004375,5.0,2.9322203999909107,,,,20.0,Female,Right handed,Normal
sub76_NB,NB,23.0,frames/Vid23_EM_T.png,frames/Vid23_L.png,l,1.0,5.268671500001801,4.0,1.881435600007535,,,,20.0,Female,Right handed,Normal
sub76_NB,NB,24.0,frames/Vid24_BB_T.png,frames/Vid24_L.png,r,1.0,5.510339799991925,4.0,2.014952400000766,,,,20.0,Female,Right handed,Normal
sub76_NB,NB,25.0,frames/Vid25_BB_T.png,frames/Vid25_L.png,r,0.0,7.357363599992823,4.0,2.030689599996549,,,,20.0,Female,Right handed,Normal
sub76_NB,NB,26.0,frames/Vid26_EM_T.png,frames/Vid26_L.png,r,1.0,10.50708830000076,5.0,2.332611999998335,,,,20.0,Female,Right handed,Normal
sub76_NB,NB,27.0,frames/Vid27_BB_T.png,frames/Vid27_L.png,r,1.0,6.687996200009366,4.0,1.7493605999916326,,,,20.0,Female,Right handed,Normal
sub76_NB,NB,28.0,frames/Vid28_EM_T.png,frames/Vid28_L.png,l,1.0,2.930002399996738,5.0,2.0637329000019236,,,,20.0,Female,Right handed,Normal
sub76_NB,NB,29.0,frames/Vid29_BB_T.png,frames/Vid29_L.png,l,1.0,4.5416746999981115,4.0,2.080536599998595,,,,20.0,Female,Right handed,Normal
sub76_NB,NB,30.0,frames/Vid30_EM_T.png,frames/Vid30_L.png,r,1.0,3.3197745000070427,4.0,1.783437399994,,,,20.0,Female,Right handed,Normal
sub76_NB,NB,31.0,frames/Vid31_EM_T.png,frames/Vid31_L.png,l,1.0,6.889360800007125,2.0,2.9825439999985974,,,,20.0,Female,Right handed,Normal
sub76_NB,NB,32.0,frames/Vid32_EM_T.png,frames/Vid32_L.png,r,1.0,2.7048337000014726,5.0,2.4814865999942413,,,,20.0,Female,Right handed,Normal
sub76_NB,NB,33.0,frames/Vid33_BB_T.png,frames/Vid33_L.png,l,1.0,2.858199499998591,4.0,2.4468032000004314,,,,20.0,Female,Right handed,Normal
sub76_NB,NB,34.0,frames/Vid34_BB_T.png,frames/Vid34_L.png,r,1.0,5.824386199994478,4.0,2.882674600012251,,,,20.0,Female,Right handed,Normal
sub76_NB,NB,35.0,frames/Vid35_EM_T.png,frames/Vid35_L.png,l,1.0,5.757154599996284,5.0,3.4313851000042632,,,,20.0,Female,Right handed,Normal
sub76_NB,NB,36.0,frames/Vid36_BB_T.png,frames/Vid36_L.png,l,1.0,2.1215747999958694,4.0,1.3642189999955008,,,,20.0,Female,Right handed,Normal
sub76_NB,NB,37.0,frames/Vid37_BB_T.png,frames/Vid37_L.png,l,1.0,3.151498499995796,4.0,1.8312490999960571,,,,20.0,Female,Right handed,Normal
sub76_NB,NB,38.0,frames/Vid38_EM_T.png,frames/Vid38_L.png,l,0.0,8.453750000000582,1.0,2.999431599993841,,,,20.0,Female,Right handed,Normal
sub76_NB,NB,39.0,frames/Vid39_BB_T.png,frames/Vid39_L.png,r,1.0,9.18450180000218,5.0,1.5314060000091558,,,,20.0,Female,Right handed,Normal
sub76_NB,NB,40.0,frames/Vid40_EM_T.png,frames/Vid40_L.png,l,1.0,9.566600500009372,3.0,2.044966999994358,,,,20.0,Female,Right handed,Normal
sub77_NB,NB,1.0,frames/Vid1_EM_T.png,frames/Vid1_L.png,r,1.0,4.47226939999382,5.0,2.032086100021843,,,,23.0,Male,Right handed,Normal
sub77_NB,NB,1.0,frames/Vid1_EM_T.png,frames/Vid1_L.png,l,1.0,2.534478500019759,5.0,1.3314699000038672,,,,23.0,Male,Right handed,Normal
sub77_NB,NB,1.0,frames/Vid1_EM_T.png,frames/Vid1_L.png,l,1.0,2.22157990001142,5.0,1.2151309000037145,,,,23.0,Male,Right handed,Normal
sub77_NB,NB,2.0,frames/Vid2_BB_T.png,frames/Vid2_L.png,r,1.0,3.729122999997344,4.0,1.331538600003114,,,,23.0,Male,Right handed,Normal
sub77_NB,NB,2.0,frames/Vid2_BB_T.png,frames/Vid2_L.png,r,1.0,13.605168300011428,5.0,1.4653121999872385,,,,23.0,Male,Right handed,Normal
sub77_NB,NB,2.0,frames/Vid2_BB_T.png,frames/Vid2_L.png,l,0.0,3.1397635000175796,3.0,1.647235400014324,,,,23.0,Male,Right handed,Normal
sub77_NB,NB,3.0,frames/Vid3_BB_T.png,frames/Vid3_L.png,r,1.0,4.039476799982367,5.0,0.9782870000053664,,,,23.0,Male,Right handed,Normal
sub77_NB,NB,3.0,frames/Vid3_BB_T.png,frames/Vid3_L.png,l,1.0,4.798163800005568,5.0,3.7817539000243414,,,,23.0,Male,Right handed,Normal
sub77_NB,NB,3.0,frames/Vid3_BB_T.png,frames/Vid3_L.png,l,0.0,4.418332200002624,4.0,3.848327899992,,,,23.0,Male,Right handed,Normal
sub77_NB,NB,4.0,frames/Vid4_EM_T.png,frames/Vid4_L.png,l,0.0,7.629508799989708,4.0,1.2649241000181064,,,,23.0,Male,Right handed,Normal
sub77_NB,NB,4.0,frames/Vid4_EM_T.png,frames/Vid4_L.png,l,1.0,2.295767500007059,5.0,2.8491590000048745,,,,23.0,Male,Right handed,Normal
sub77_NB,NB,4.0,frames/Vid4_EM_T.png,frames/Vid4_L.png,r,1.0,5.671370299998671,5.0,2.9641007999889553,,,,23.0,Male,Right handed,Normal
sub77_NB,NB,5.0,frames/Vid5_EM_T.png,frames/Vid5_L.png,l,1.0,5.604570999974385,4.0,1.0142062999948394,,,,23.0,Male,Right handed,Normal
sub77_NB,NB,5.0,frames/Vid5_EM_T.png,frames/Vid5_L.png,l,1.0,3.1181336999870837,5.0,1.230919299996458,,,,23.0,Male,Right handed,Normal
sub77_NB,NB,5.0,frames/Vid5_EM_T.png,frames/Vid5_L.png,l,1.0,3.416986700001871,2.0,1.165573799982667,,,,23.0,Male,Right handed,Normal
sub77_NB,NB,6.0,frames/Vid6_BB_T.png,frames/Vid6_L.png,r,1.0,3.6713036999863102,5.0,1.0477305999957025,,,,23.0,Male,Right handed,Normal
sub77_NB,NB,6.0,frames/Vid6_BB_T.png,frames/Vid6_L.png,r,1.0,4.571636500011664,5.0,1.3790599000058137,,,,23.0,Male,Right handed,Normal
sub77_NB,NB,6.0,frames/Vid6_BB_T.png,frames/Vid6_L.png,l,1.0,8.18274480002583,5.0,1.5142303000029642,,,,23.0,Male,Right handed,Normal
sub77_NB,NB,7.0,frames/Vid7_EM_T.png,frames/Vid7_L.png,l,1.0,3.3775606999988668,5.0,1.0970232999825384,,,,23.0,Male,Right handed,Normal
sub77_NB,NB,7.0,frames/Vid7_EM_T.png,frames/Vid7_L.png,r,1.0,6.109714999998687,3.0,1.131523100018967,,,,23.0,Male,Right handed,Normal
sub77_NB,NB,7.0,frames/Vid7_EM_T.png,frames/Vid7_L.png,l,0.0,10.735451799992006,4.0,1.1978567999904044,,,,23.0,Male,Right handed,Normal
sub77_NB,NB,8.0,frames/Vid8_BB_T.png,frames/Vid8_L.png,r,1.0,21.393400500004645,4.0,3.216375499992864,,,,23.0,Male,Right handed,Normal
sub77_NB,NB,8.0,frames/Vid8_BB_T.png,frames/Vid8_L.png,l,1.0,7.131722099991748,4.0,2.3148175999813247,,,,23.0,Male,Right handed,Normal
sub77_NB,NB,8.0,frames/Vid8_BB_T.png,frames/Vid8_L.png,r,0.0,13.521936300006928,2.0,2.265033100004075,,,,23.0,Male,Right handed,Normal
sub77_NB,NB,9.0,frames/Vid9_EM_T.png,frames/Vid9_L.png,l,1.0,4.220077800011495,4.0,1.8148186999897007,,,,23.0,Male,Right handed,Normal
sub77_NB,NB,9.0,frames/Vid9_EM_T.png,frames/Vid9_L.png,r,0.0,12.094258900004206,1.0,3.931496799981687,,,,23.0,Male,Right handed,Normal
sub77_NB,NB,9.0,frames/Vid9_EM_T.png,frames/Vid9_L.png,r,1.0,6.892984799982514,3.0,1.3318042999890167,,,,23.0,Male,Right handed,Normal
sub77_NB,NB,10.0,frames/Vid10_BB_T.png,frames/Vid10_L.png,r,1.0,4.276432400016347,5.0,2.14732219997677,,,,23.0,Male,Right handed,Normal
sub77_NB,NB,10.0,frames/Vid10_BB_T.png,frames/Vid10_L.png,l,1.0,5.9549398999952246,2.0,1.2648705999890808,,,,23.0,Male,Right handed,Normal
sub77_NB,NB,10.0,frames/Vid10_BB_T.png,frames/Vid10_L.png,l,1.0,5.997591999999713,2.0,1.0801575000223238,,,,23.0,Male,Right handed,Normal
sub77_NB,NB,11.0,frames/Vid11_EM_T.png,frames/Vid11_L.png,r,1.0,3.4363166999828536,5.0,1.5481243999965957,,,,23.0,Male,Right handed,Normal
sub77_NB,NB,11.0,frames/Vid11_EM_T.png,frames/Vid11_L.png,r,1.0,2.730791199981468,5.0,0.8819333999999799,,,,23.0,Male,Right handed,Normal
sub77_NB,NB,11.0,frames/Vid11_EM_T.png,frames/Vid11_L.png,r,1.0,4.6091901999898255,5.0,1.0824893999961205,,,,23.0,Male,Right handed,Normal
sub77_NB,NB,12.0,frames/Vid12_EM_T.png,frames/Vid12_L.png,l,1.0,2.861398700013524,5.0,1.8138828999944965,,,,23.0,Male,Right handed,Normal
sub77_NB,NB,12.0,frames/Vid12_EM_T.png,frames/Vid12_L.png,r,1.0,3.3357575999980327,5.0,1.2487933000084013,,,,23.0,Male,Right handed,Normal
sub77_NB,NB,12.0,frames/Vid12_EM_T.png,frames/Vid12_L.png,r,0.0,7.362548900011461,4.0,3.632177699997555,,,,23.0,Male,Right handed,Normal
sub77_NB,NB,13.0,frames/Vid13_BB_T.png,frames/Vid13_L.png,r,1.0,7.198218000004999,5.0,1.1984420999942813,,,,23.0,Male,Right handed,Normal
sub77_NB,NB,13.0,frames/Vid13_BB_T.png,frames/Vid13_L.png,l,0.0,9.485843100002969,2.0,2.814176199986832,,,,23.0,Male,Right handed,Normal
sub77_NB,NB,13.0,frames/Vid13_BB_T.png,frames/Vid13_L.png,r,1.0,3.1479390999884345,5.0,1.2472864000010304,,,,23.0,Male,Right handed,Normal
sub77_NB,NB,14.0,frames/Vid14_BB_T.png,frames/Vid14_L.png,r,1.0,3.3198895000095945,4.0,2.165222299983725,,,,23.0,Male,Right handed,Normal
sub77_NB,NB,14.0,frames/Vid14_BB_T.png,frames/Vid14_L.png,l,1.0,5.460132900014287,2.0,1.063580499991076,,,,23.0,Male,Right handed,Normal
sub77_NB,NB,14.0,frames/Vid14_BB_T.png,frames/Vid14_L.png,r,1.0,3.351420799997868,3.0,1.2484622999909334,,,,23.0,Male,Right handed,Normal
sub77_NB,NB,15.0,frames/Vid15_BB_T.png,frames/Vid15_L.png,l,1.0,4.103651700017508,5.0,1.8314456999942197,,,,23.0,Male,Right handed,Normal
sub77_NB,NB,15.0,frames/Vid15_BB_T.png,frames/Vid15_L.png,l,1.0,2.970247799996286,5.0,1.1799054000002798,,,,23.0,Male,Right handed,Normal
sub77_NB,NB,15.0,frames/Vid15_BB_T.png,frames/Vid15_L.png,r,0.0,8.506107900000643,2.0,2.699083099985728,,,,23.0,Male,Right handed,Normal
sub77_NB,NB,16.0,frames/Vid16_EM_T.png,frames/Vid16_L.png,l,1.0,7.509718699991936,4.0,1.0645610000065062,,,,23.0,Male,Right handed,Normal
sub77_NB,NB,16.0,frames/Vid16_EM_T.png,frames/Vid16_L.png,l,1.0,8.521948699984932,3.0,3.499128099996597,,,,23.0,Male,Right handed,Normal
sub77_NB,NB,16.0,frames/Vid16_EM_T.png,frames/Vid16_L.png,r,0.0,4.607091200014111,5.0,1.1992024000210222,,,,23.0,Male,Right handed,Normal
sub77_NB,NB,17.0,frames/Vid17_BB_T.png,frames/Vid17_L.png,r,1.0,4.477428200014401,5.0,0.8979966000188142,,,,23.0,Male,Right handed,Normal
sub77_NB,NB,17.0,frames/Vid17_BB_T.png,frames/Vid17_L.png,r,1.0,3.2273602000204846,5.0,0.8478744000021834,,,,23.0,Male,Right handed,Normal
sub77_NB,NB,17.0,frames/Vid17_BB_T.png,frames/Vid17_L.png,l,1.0,4.104151400009869,4.0,0.8640741999843158,,,,23.0,Male,Right handed,Normal
sub77_NB,NB,18.0,frames/Vid18_EM_T.png,frames/Vid18_L.png,r,1.0,3.6438121999963182,5.0,1.098407400015276,,,,23.0,Male,Right handed,Normal
sub77_NB,NB,18.0,frames/Vid18_EM_T.png,frames/Vid18_L.png,r,1.0,4.060649600025499,4.0,0.8813247999933083,,,,23.0,Male,Right handed,Normal
sub77_NB,NB,18.0,frames/Vid18_EM_T.png,frames/Vid18_L.png,r,0.0,3.376629199978197,5.0,1.2315259000170045,,,,23.0,Male,Right handed,Normal
sub77_NB,NB,19.0,frames/Vid19_BB_T.png,frames/Vid19_L.png,l,1.0,9.23458620000747,4.0,3.0309666999964975,,,,23.0,Male,Right handed,Normal
sub77_NB,NB,19.0,frames/Vid19_BB_T.png,frames/Vid19_L.png,l,1.0,5.340916999994079,4.0,0.981632000009995,,,,23.0,Male,Right handed,Normal
sub77_NB,NB,19.0,frames/Vid19_BB_T.png,frames/Vid19_L.png,r,1.0,5.736185100016883,4.0,1.2490403999981936,,,,23.0,Male,Right handed,Normal
sub77_NB,NB,20.0,frames/Vid20_EM_T.png,frames/Vid20_L.png,r,1.0,2.2556662000133656,5.0,0.56470239997725,,,,23.0,Male,Right handed,Normal
sub77_NB,NB,20.0,frames/Vid20_EM_T.png,frames/Vid20_L.png,l,1.0,3.458308799978113,5.0,2.914926800003741,,,,23.0,Male,Right handed,Normal
sub77_NB,NB,20.0,frames/Vid20_EM_T.png,frames/Vid20_L.png,l,1.0,5.661363399995025,3.0,1.549685000005411,,,,23.0,Male,Right handed,Normal
sub77_NB,NB,21.0,frames/Vid21_BB_T.png,frames/Vid21_L.png,r,1.0,6.75475120000192,5.0,1.3311595999985002,,,,23.0,Male,Right handed,Normal
sub77_NB,NB,21.0,frames/Vid21_BB_T.png,frames/Vid21_L.png,l,1.0,3.050338900007773,5.0,2.264236599992728,,,,23.0,Male,Right handed,Normal
sub77_NB,NB,21.0,frames/Vid21_BB_T.png,frames/Vid21_L.png,l,0.0,6.546447400003672,4.0,1.665585100010503,,,,23.0,Male,Right handed,Normal
sub77_NB,NB,22.0,frames/Vid22_EM_T.png,frames/Vid22_L.png,l,1.0,2.5690099999774247,5.0,1.1478724000044167,,,,23.0,Male,Right handed,Normal
sub77_NB,NB,22.0,frames/Vid22_EM_T.png,frames/Vid22_L.png,l,1.0,2.1969487000023946,5.0,1.048512799985474,,,,23.0,Male,Right handed,Normal
sub77_NB,NB,22.0,frames/Vid22_EM_T.png,frames/Vid22_L.png,r,1.0,5.488475700025447,4.0,1.7817838999908415,,,,23.0,Male,Right handed,Normal
sub77_NB,NB,23.0,frames/Vid23_EM_T.png,frames/Vid23_L.png,l,1.0,7.628616600006353,3.0,2.365427699987777,,,,23.0,Male,Right handed,Normal
sub77_NB,NB,23.0,frames/Vid23_EM_T.png,frames/Vid23_L.png,l,0.0,8.957747300009942,3.0,1.1478793999995105,,,,23.0,Male,Right handed,Normal
sub77_NB,NB,23.0,frames/Vid23_EM_T.png,frames/Vid23_L.png,l,1.0,10.911782399984077,3.0,17.515019100013888,,,,23.0,Male,Right handed,Normal
sub77_NB,NB,24.0,frames/Vid24_BB_T.png,frames/Vid24_L.png,r,1.0,3.37245230001281,5.0,1.4152324000024237,,,,23.0,Male,Right handed,Normal
sub77_NB,NB,24.0,frames/Vid24_BB_T.png,frames/Vid24_L.png,l,1.0,2.8600345000158995,5.0,0.7976890999998432,,,,23.0,Male,Right handed,Normal
sub77_NB,NB,24.0,frames/Vid24_BB_T.png,frames/Vid24_L.png,l,1.0,7.408234100003028,5.0,1.3471718000073452,,,,23.0,Male,Right handed,Normal
sub77_NB,NB,25.0,frames/Vid25_BB_T.png,frames/Vid25_L.png,r,1.0,3.014003499993123,5.0,1.7137479999801144,,,,23.0,Male,Right handed,Normal
sub77_NB,NB,25.0,frames/Vid25_BB_T.png,frames/Vid25_L.png,r,1.0,3.6497166999906767,5.0,1.448808800021652,,,,23.0,Male,Right handed,Normal
sub77_NB,NB,25.0,frames/Vid25_BB_T.png,frames/Vid25_L.png,r,1.0,4.559425400017062,5.0,2.2320856000005733,,,,23.0,Male,Right handed,Normal
sub77_NB,NB,26.0,frames/Vid26_EM_T.png,frames/Vid26_L.png,l,1.0,3.110899999999674,4.0,7.132014000002528,,,,23.0,Male,Right handed,Normal
sub77_NB,NB,26.0,frames/Vid26_EM_T.png,frames/Vid26_L.png,l,1.0,3.1999740000173915,5.0,1.2811626000038814,,,,23.0,Male,Right handed,Normal
sub77_NB,NB,26.0,frames/Vid26_EM_T.png,frames/Vid26_L.png,l,1.0,2.338315800006967,4.0,1.6645788000023458,,,,23.0,Male,Right handed,Normal
sub77_NB,NB,27.0,frames/Vid27_BB_T.png,frames/Vid27_L.png,r,1.0,2.1110966999840457,5.0,0.6975529999763239,,,,23.0,Male,Right handed,Normal
sub77_NB,NB,27.0,frames/Vid27_BB_T.png,frames/Vid27_L.png,l,1.0,8.279818899987731,5.0,0.9981655999727082,,,,23.0,Male,Right handed,Normal
sub77_NB,NB,27.0,frames/Vid27_BB_T.png,frames/Vid27_L.png,l,1.0,5.297424600023078,5.0,0.7637210999964736,,,,23.0,Male,Right handed,Normal
sub77_NB,NB,28.0,frames/Vid28_EM_T.png,frames/Vid28_L.png,r,1.0,4.260169399989536,5.0,1.29923519998556,,,,23.0,Male,Right handed,Normal
sub77_NB,NB,28.0,frames/Vid28_EM_T.png,frames/Vid28_L.png,l,1.0,2.5101219000061974,5.0,0.9130543999781366,,,,23.0,Male,Right handed,Normal
sub77_NB,NB,28.0,frames/Vid28_EM_T.png,frames/Vid28_L.png,l,1.0,4.878356400004122,4.0,1.1483722999983002,,,,23.0,Male,Right handed,Normal
sub77_NB,NB,29.0,frames/Vid29_BB_T.png,frames/Vid29_L.png,r,1.0,4.307872499979567,5.0,0.9641941000008956,,,,23.0,Male,Right handed,Normal
sub77_NB,NB,29.0,frames/Vid29_BB_T.png,frames/Vid29_L.png,r,1.0,4.153840700018918,5.0,1.099128900008509,,,,23.0,Male,Right handed,Normal
sub77_NB,NB,29.0,frames/Vid29_BB_T.png,frames/Vid29_L.png,l,1.0,4.222931199998129,5.0,0.7989748000109103,,,,23.0,Male,Right handed,Normal
sub77_NB,NB,30.0,frames/Vid30_EM_T.png,frames/Vid30_L.png,l,1.0,6.258988799992949,5.0,1.0828873999998905,,,,23.0,Male,Right handed,Normal
sub77_NB,NB,30.0,frames/Vid30_EM_T.png,frames/Vid30_L.png,l,1.0,19.01400620001368,3.0,1.2307551000267267,,,,23.0,Male,Right handed,Normal
sub77_NB,NB,30.0,frames/Vid30_EM_T.png,frames/Vid30_L.png,r,1.0,3.139769100002013,5.0,0.8805791000195313,,,,23.0,Male,Right handed,Normal
sub77_NB,NB,31.0,frames/Vid31_EM_T.png,frames/Vid31_L.png,r,1.0,2.7696399000124075,5.0,1.3649763999856075,,,,23.0,Male,Right handed,Normal
sub77_NB,NB,31.0,frames/Vid31_EM_T.png,frames/Vid31_L.png,r,1.0,3.1989232000196353,5.0,0.7483846999821253,,,,23.0,Male,Right handed,Normal
sub77_NB,NB,31.0,frames/Vid31_EM_T.png,frames/Vid31_L.png,r,1.0,3.3740729999844916,5.0,1.3988144000177272,,,,23.0,Male,Right handed,Normal
sub77_NB,NB,32.0,frames/Vid32_EM_T.png,frames/Vid32_L.png,l,1.0,3.621619800018379,5.0,1.0655011000053491,,,,23.0,Male,Right handed,Normal
sub77_NB,NB,32.0,frames/Vid32_EM_T.png,frames/Vid32_L.png,r,0.0,11.037205600005109,1.0,1.3126104999973904,,,,23.0,Male,Right handed,Normal
sub77_NB,NB,32.0,frames/Vid32_EM_T.png,frames/Vid32_L.png,l,1.0,4.73059409999405,3.0,1.7826100999955088,,,,23.0,Male,Right handed,Normal
sub77_NB,NB,33.0,frames/Vid33_BB_T.png,frames/Vid33_L.png,l,1.0,5.8241055000107735,5.0,0.9812428999866823,,,,23.0,Male,Right handed,Normal
sub77_NB,NB,33.0,frames/Vid33_BB_T.png,frames/Vid33_L.png,r,1.0,6.516615900007309,5.0,1.1977953999885358,,,,23.0,Male,Right handed,Normal
sub77_NB,NB,33.0,frames/Vid33_BB_T.png,frames/Vid33_L.png,r,1.0,3.5579686000128277,4.0,1.3313137000077404,,,,23.0,Male,Right handed,Normal
sub77_NB,NB,34.0,frames/Vid34_BB_T.png,frames/Vid34_L.png,r,1.0,4.130468500021379,5.0,1.148707700020168,,,,23.0,Male,Right handed,Normal
sub77_NB,NB,34.0,frames/Vid34_BB_T.png,frames/Vid34_L.png,r,1.0,8.645031199994264,3.0,2.6312219999963418,,,,23.0,Male,Right handed,Normal
sub77_NB,NB,34.0,frames/Vid34_BB_T.png,frames/Vid34_L.png,l,1.0,2.8534823000081815,3.0,1.198911199986469,,,,23.0,Male,Right handed,Normal
sub77_NB,NB,35.0,frames/Vid35_EM_T.png,frames/Vid35_L.png,l,1.0,3.52687750000041,5.0,1.8970257999899331,,,,23.0,Male,Right handed,Normal
sub77_NB,NB,35.0,frames/Vid35_EM_T.png,frames/Vid35_L.png,l,1.0,2.67049279998173,5.0,0.7802241999888793,,,,23.0,Male,Right handed,Normal
sub77_NB,NB,35.0,frames/Vid35_EM_T.png,frames/Vid35_L.png,l,1.0,3.69496719999006,4.0,1.149091600003885,,,,23.0,Male,Right handed,Normal
sub77_NB,NB,36.0,frames/Vid36_BB_T.png,frames/Vid36_L.png,l,0.0,8.206712799990783,3.0,2.2316756999935023,,,,23.0,Male,Right handed,Normal
sub77_NB,NB,36.0,frames/Vid36_BB_T.png,frames/Vid36_L.png,l,1.0,8.092538900004001,2.0,0.982235600007698,,,,23.0,Male,Right handed,Normal
sub77_NB,NB,36.0,frames/Vid36_BB_T.png,frames/Vid36_L.png,l,0.0,4.694093499972951,2.0,1.84771170001477,,,,23.0,Male,Right handed,Normal
sub77_NB,NB,37.0,frames/Vid37_BB_T.png,frames/Vid37_L.png,l,1.0,2.194881399977021,5.0,0.8641469999856781,,,,23.0,Male,Right handed,Normal
sub77_NB,NB,37.0,frames/Vid37_BB_T.png,frames/Vid37_L.png,r,1.0,3.536809799988987,5.0,1.1480992999859154,,,,23.0,Male,Right handed,Normal
sub77_NB,NB,37.0,frames/Vid37_BB_T.png,frames/Vid37_L.png,l,1.0,4.519943299994338,4.0,1.3979948999767655,,,,23.0,Male,Right handed,Normal
sub77_NB,NB,38.0,frames/Vid38_EM_T.png,frames/Vid38_L.png,l,1.0,4.098426599986851,5.0,1.646066899993457,,,,23.0,Male,Right handed,Normal
sub77_NB,NB,38.0,frames/Vid38_EM_T.png,frames/Vid38_L.png,l,1.0,7.3874254999973346,3.0,3.6495498000003863,,,,23.0,Male,Right handed,Normal
sub77_NB,NB,38.0,frames/Vid38_EM_T.png,frames/Vid38_L.png,r,1.0,3.915209900005721,5.0,1.2134876000054646,,,,23.0,Male,Right handed,Normal
sub77_NB,NB,39.0,frames/Vid39_BB_T.png,frames/Vid39_L.png,l,1.0,4.67282000000705,5.0,0.9977844999812078,,,,23.0,Male,Right handed,Normal
sub77_NB,NB,39.0,frames/Vid39_BB_T.png,frames/Vid39_L.png,l,1.0,3.897146800009068,5.0,1.0148592999903483,,,,23.0,Male,Right handed,Normal
sub77_NB,NB,39.0,frames/Vid39_BB_T.png,frames/Vid39_L.png,l,0.0,5.632884599996032,4.0,2.548030700010713,,,,23.0,Male,Right handed,Normal
sub77_NB,NB,40.0,frames/Vid40_EM_T.png,frames/Vid40_L.png,l,1.0,6.505672400002368,5.0,1.0656170999864116,,,,23.0,Male,Right handed,Normal
sub77_NB,NB,40.0,frames/Vid40_EM_T.png,frames/Vid40_L.png,l,1.0,2.851041699992493,5.0,0.8808175000012852,,,,23.0,Male,Right handed,Normal
sub77_NB,NB,40.0,frames/Vid40_EM_T.png,frames/Vid40_L.png,r,1.0,4.292873700003838,5.0,0.98107120001805,,,,23.0,Male,Right handed,Normal
sub80_NB,NB,1.0,frames/Vid1_EM_T.png,frames/Vid1_L.png,l,1.0,3.879840999987209,5.0,0.7463375999941491,,,,22.0,Male,Right handed,Normal
sub80_NB,NB,2.0,frames/Vid2_BB_T.png,frames/Vid2_L.png,l,1.0,4.692161700018914,3.0,1.1309882999921683,,,,22.0,Male,Right handed,Normal
sub80_NB,NB,3.0,frames/Vid3_BB_T.png,frames/Vid3_L.png,l,1.0,10.972736199997598,5.0,1.0477854000055231,,,,22.0,Male,Right handed,Normal
sub80_NB,NB,4.0,frames/Vid4_EM_T.png,frames/Vid4_L.png,r,1.0,3.0214151999971364,5.0,2.147671499988064,,,,22.0,Male,Right handed,Normal
sub80_NB,NB,5.0,frames/Vid5_EM_T.png,frames/Vid5_L.png,r,1.0,3.1908957999839913,5.0,0.6299882000021171,,,,22.0,Male,Right handed,Normal
sub80_NB,NB,6.0,frames/Vid6_BB_T.png,frames/Vid6_L.png,l,1.0,4.71242809999967,5.0,1.2469920000003183,,,,22.0,Male,Right handed,Normal
sub80_NB,NB,7.0,frames/Vid7_EM_T.png,frames/Vid7_L.png,l,1.0,2.7129294000042137,5.0,0.6140047000080813,,,,22.0,Male,Right handed,Normal
sub80_NB,NB,8.0,frames/Vid8_BB_T.png,frames/Vid8_L.png,r,1.0,5.1629192999971565,5.0,1.4491431000060402,,,,22.0,Male,Right handed,Normal
sub80_NB,NB,9.0,frames/Vid9_EM_T.png,frames/Vid9_L.png,r,1.0,3.3979341000085697,5.0,0.7974530000064988,,,,22.0,Male,Right handed,Normal
sub80_NB,NB,10.0,frames/Vid10_BB_T.png,frames/Vid10_L.png,l,1.0,3.3713289000152145,5.0,1.2807449000247288,,,,22.0,Male,Right handed,Normal
sub80_NB,NB,11.0,frames/Vid11_EM_T.png,frames/Vid11_L.png,l,1.0,4.636193600017577,5.0,0.8802022000018042,,,,22.0,Male,Right handed,Normal
sub80_NB,NB,12.0,frames/Vid12_EM_T.png,frames/Vid12_L.png,l,1.0,16.086561200005235,3.0,3.866076199978125,,,,22.0,Male,Right handed,Normal
sub80_NB,NB,13.0,frames/Vid13_BB_T.png,frames/Vid13_L.png,l,0.0,5.438942499982659,5.0,0.7647534999996424,,,,22.0,Male,Right handed,Normal
sub80_NB,NB,14.0,frames/Vid14_BB_T.png,frames/Vid14_L.png,l,1.0,4.082803800003603,5.0,1.6144896000041626,,,,22.0,Male,Right handed,Normal
sub80_NB,NB,15.0,frames/Vid15_BB_T.png,frames/Vid15_L.png,r,1.0,8.533349000004819,5.0,11.297525400004815,,,,22.0,Male,Right handed,Normal
sub80_NB,NB,16.0,frames/Vid16_EM_T.png,frames/Vid16_L.png,l,0.0,4.271971800015308,5.0,0.5142551000171807,,,,22.0,Male,Right handed,Normal
sub80_NB,NB,17.0,frames/Vid17_BB_T.png,frames/Vid17_L.png,r,1.0,3.5034584999957588,5.0,0.7800364000140689,,,,22.0,Male,Right handed,Normal
sub80_NB,NB,18.0,frames/Vid18_EM_T.png,frames/Vid18_L.png,r,0.0,8.820680599979823,3.0,2.1474006999924313,,,,22.0,Male,Right handed,Normal
sub80_NB,NB,19.0,frames/Vid19_BB_T.png,frames/Vid19_L.png,r,1.0,7.132168599986471,3.0,1.3811349000025075,,,,22.0,Male,Right handed,Normal
sub80_NB,NB,20.0,frames/Vid20_EM_T.png,frames/Vid20_L.png,r,1.0,3.874276399990777,5.0,0.5159309000009671,,,,22.0,Male,Right handed,Normal
sub80_NB,NB,21.0,frames/Vid21_BB_T.png,frames/Vid21_L.png,r,1.0,8.153496299986728,5.0,0.5649282000085805,,,,22.0,Male,Right handed,Normal
sub80_NB,NB,22.0,frames/Vid22_EM_T.png,frames/Vid22_L.png,r,1.0,5.900321199995233,5.0,1.231734500004677,,,,22.0,Male,Right handed,Normal
sub80_NB,NB,23.0,frames/Vid23_EM_T.png,frames/Vid23_L.png,l,1.0,3.7895162999921017,3.0,1.749132400000235,,,,22.0,Male,Right handed,Normal
sub80_NB,NB,24.0,frames/Vid24_BB_T.png,frames/Vid24_L.png,l,1.0,3.6099352999881376,5.0,0.8144357000128366,,,,22.0,Male,Right handed,Normal
sub80_NB,NB,25.0,frames/Vid25_BB_T.png,frames/Vid25_L.png,r,1.0,2.7420705999829806,5.0,0.5972895000013523,,,,22.0,Male,Right handed,Normal
sub80_NB,NB,26.0,frames/Vid26_EM_T.png,frames/Vid26_L.png,l,0.0,14.605690700002016,5.0,2.1813951000222005,,,,22.0,Male,Right handed,Normal
sub80_NB,NB,27.0,frames/Vid27_BB_T.png,frames/Vid27_L.png,r,1.0,3.0487885999900755,5.0,0.6630488999944646,,,,22.0,Male,Right handed,Normal
sub80_NB,NB,28.0,frames/Vid28_EM_T.png,frames/Vid28_L.png,l,1.0,9.40993460000027,5.0,0.6471472999837715,,,,22.0,Male,Right handed,Normal
sub80_NB,NB,29.0,frames/Vid29_BB_T.png,frames/Vid29_L.png,l,1.0,5.012587100005476,5.0,0.5463713999779429,,,,22.0,Male,Right handed,Normal
sub80_NB,NB,30.0,frames/Vid30_EM_T.png,frames/Vid30_L.png,r,1.0,10.58758800002397,5.0,0.8154247999773361,,,,22.0,Male,Right handed,Normal
sub80_NB,NB,31.0,frames/Vid31_EM_T.png,frames/Vid31_L.png,l,1.0,4.2607343000127,5.0,0.7308343999902718,,,,22.0,Male,Right handed,Normal
sub80_NB,NB,32.0,frames/Vid32_EM_T.png,frames/Vid32_L.png,l,1.0,2.936756000010064,5.0,0.5470619999978226,,,,22.0,Male,Right handed,Normal
sub80_NB,NB,33.0,frames/Vid33_BB_T.png,frames/Vid33_L.png,l,1.0,5.598356200003764,5.0,0.7644521000038367,,,,22.0,Male,Right handed,Normal
sub80_NB,NB,34.0,frames/Vid34_BB_T.png,frames/Vid34_L.png,r,0.0,4.380034000001615,5.0,0.4980488999863155,,,,22.0,Male,Right handed,Normal
sub80_NB,NB,35.0,frames/Vid35_EM_T.png,frames/Vid35_L.png,r,1.0,7.769651000009617,5.0,1.6809909000003245,,,,22.0,Male,Right handed,Normal
sub80_NB,NB,36.0,frames/Vid36_BB_T.png,frames/Vid36_L.png,r,1.0,8.69831969999359,3.0,2.964191300008679,,,,22.0,Male,Right handed,Normal
sub80_NB,NB,37.0,frames/Vid37_BB_T.png,frames/Vid37_L.png,l,1.0,2.644755500019528,5.0,1.598031000001356,,,,22.0,Male,Right handed,Normal
sub80_NB,NB,38.0,frames/Vid38_EM_T.png,frames/Vid38_L.png,l,1.0,5.84378339999239,5.0,1.664665500022238,,,,22.0,Male,Right handed,Normal
sub80_NB,NB,39.0,frames/Vid39_BB_T.png,frames/Vid39_L.png,r,1.0,4.754740599979414,5.0,0.8320849000010639,,,,22.0,Male,Right handed,Normal
sub80_NB,NB,40.0,frames/Vid40_EM_T.png,frames/Vid40_L.png,l,1.0,5.114314499980537,5.0,1.0135636999912094,,,,22.0,Male,Right handed,Normal
sub81_NB,NB,1.0,frames/Vid1_EM_T.png,frames/Vid1_L.png,l,1.0,7.9205304000061005,4.0,1.350174599996535,,,,23.0,Male,Right handed,Normal
sub81_NB,NB,2.0,frames/Vid2_BB_T.png,frames/Vid2_L.png,l,1.0,3.0824704999977257,5.0,1.115496999991592,,,,23.0,Male,Right handed,Normal
sub81_NB,NB,3.0,frames/Vid3_BB_T.png,frames/Vid3_L.png,r,1.0,10.657919199991738,3.0,1.0638202000118326,,,,23.0,Male,Right handed,Normal
sub81_NB,NB,4.0,frames/Vid4_EM_T.png,frames/Vid4_L.png,r,1.0,4.247513999987859,5.0,1.9990690000122413,,,,23.0,Male,Right handed,Normal
sub81_NB,NB,5.0,frames/Vid5_EM_T.png,frames/Vid5_L.png,l,0.0,5.767938099976163,2.0,1.465176400000928,,,,23.0,Male,Right handed,Normal
sub81_NB,NB,6.0,frames/Vid6_BB_T.png,frames/Vid6_L.png,r,1.0,4.363642400014214,3.0,1.297480799985351,,,,23.0,Male,Right handed,Normal
sub81_NB,NB,7.0,frames/Vid7_EM_T.png,frames/Vid7_L.png,r,1.0,4.672464000002947,5.0,1.8317727000103332,,,,23.0,Male,Right handed,Normal
sub81_NB,NB,8.0,frames/Vid8_BB_T.png,frames/Vid8_L.png,r,0.0,4.5153924000042025,5.0,1.3478128999995531,,,,23.0,Male,Right handed,Normal
sub81_NB,NB,9.0,frames/Vid9_EM_T.png,frames/Vid9_L.png,l,1.0,5.546548399986932,4.0,9.764604199997848,,,,23.0,Male,Right handed,Normal
sub81_NB,NB,10.0,frames/Vid10_BB_T.png,frames/Vid10_L.png,r,1.0,4.331374000001233,3.0,2.4655793999845628,,,,23.0,Male,Right handed,Normal
sub81_NB,NB,11.0,frames/Vid11_EM_T.png,frames/Vid11_L.png,l,1.0,3.341116299998248,5.0,1.181150999997044,,,,23.0,Male,Right handed,Normal
sub81_NB,NB,12.0,frames/Vid12_EM_T.png,frames/Vid12_L.png,l,1.0,4.7401336999901105,3.0,1.4138400999945588,,,,23.0,Male,Right handed,Normal
sub81_NB,NB,13.0,frames/Vid13_BB_T.png,frames/Vid13_L.png,l,0.0,5.367837700003292,3.0,2.081627300009131,,,,23.0,Male,Right handed,Normal
sub81_NB,NB,14.0,frames/Vid14_BB_T.png,frames/Vid14_L.png,l,1.0,6.599865299998783,3.0,1.4156199999852106,,,,23.0,Male,Right handed,Normal
sub81_NB,NB,15.0,frames/Vid15_BB_T.png,frames/Vid15_L.png,r,1.0,4.465519199991832,4.0,1.7138401000120211,,,,23.0,Male,Right handed,Normal
sub81_NB,NB,16.0,frames/Vid16_EM_T.png,frames/Vid16_L.png,r,1.0,7.314938199997414,2.0,1.8143434000085108,,,,23.0,Male,Right handed,Normal
sub81_NB,NB,17.0,frames/Vid17_BB_T.png,frames/Vid17_L.png,r,1.0,4.119597499986412,4.0,1.648032199998852,,,,23.0,Male,Right handed,Normal
sub81_NB,NB,18.0,frames/Vid18_EM_T.png,frames/Vid18_L.png,l,1.0,6.832728699984727,3.0,2.3309917000005953,,,,23.0,Male,Right handed,Normal
sub81_NB,NB,19.0,frames/Vid19_BB_T.png,frames/Vid19_L.png,r,1.0,7.501956299995072,5.0,1.0143601000017952,,,,23.0,Male,Right handed,Normal
sub81_NB,NB,20.0,frames/Vid20_EM_T.png,frames/Vid20_L.png,r,1.0,3.280301099992357,4.0,1.381641199986916,,,,23.0,Male,Right handed,Normal
sub81_NB,NB,21.0,frames/Vid21_BB_T.png,frames/Vid21_L.png,r,1.0,16.42719279997982,2.0,1.6156813999987207,,,,23.0,Male,Right handed,Normal
sub81_NB,NB,22.0,frames/Vid22_EM_T.png,frames/Vid22_L.png,r,1.0,5.028041600016877,3.0,2.5640917999844532,,,,23.0,Male,Right handed,Normal
sub81_NB,NB,23.0,frames/Vid23_EM_T.png,frames/Vid23_L.png,l,1.0,2.9975440000125673,4.0,1.6651245999964883,,,,23.0,Male,Right handed,Normal
sub81_NB,NB,24.0,frames/Vid24_BB_T.png,frames/Vid24_L.png,l,1.0,6.1791022999968845,5.0,2.3629262000031304,,,,23.0,Male,Right handed,Normal
sub81_NB,NB,25.0,frames/Vid25_BB_T.png,frames/Vid25_L.png,l,1.0,2.6176249999844003,4.0,1.2983414999907836,,,,23.0,Male,Right handed,Normal
sub81_NB,NB,26.0,frames/Vid26_EM_T.png,frames/Vid26_L.png,l,1.0,5.135091999982251,5.0,1.9313676999881864,,,,23.0,Male,Right handed,Normal
sub81_NB,NB,27.0,frames/Vid27_BB_T.png,frames/Vid27_L.png,l,1.0,2.4757640000025276,3.0,3.114982200000668,,,,23.0,Male,Right handed,Normal
sub81_NB,NB,28.0,frames/Vid28_EM_T.png,frames/Vid28_L.png,r,1.0,2.964898100006394,5.0,0.9817040999769232,,,,23.0,Male,Right handed,Normal
sub81_NB,NB,29.0,frames/Vid29_BB_T.png,frames/Vid29_L.png,r,1.0,6.41766100001405,3.0,1.0985756999871228,,,,23.0,Male,Right handed,Normal
sub81_NB,NB,30.0,frames/Vid30_EM_T.png,frames/Vid30_L.png,r,1.0,9.551171799976146,1.0,2.1309071000141557,,,,23.0,Male,Right handed,Normal
sub81_NB,NB,31.0,frames/Vid31_EM_T.png,frames/Vid31_L.png,l,1.0,6.222257999994326,4.0,1.2493127000052482,,,,23.0,Male,Right handed,Normal
sub81_NB,NB,32.0,frames/Vid32_EM_T.png,frames/Vid32_L.png,r,1.0,3.2068204000242986,5.0,1.3314362000091933,,,,23.0,Male,Right handed,Normal
sub81_NB,NB,33.0,frames/Vid33_BB_T.png,frames/Vid33_L.png,r,1.0,4.595311999990372,4.0,1.4638357000076212,,,,23.0,Male,Right handed,Normal
sub81_NB,NB,34.0,frames/Vid34_BB_T.png,frames/Vid34_L.png,r,1.0,7.373941700003343,3.0,1.2307101000042169,,,,23.0,Male,Right handed,Normal
sub81_NB,NB,35.0,frames/Vid35_EM_T.png,frames/Vid35_L.png,r,1.0,7.593185900012031,3.0,2.382019599986961,,,,23.0,Male,Right handed,Normal
sub81_NB,NB,36.0,frames/Vid36_BB_T.png,frames/Vid36_L.png,r,0.0,10.139421800005948,2.0,1.197465800010832,,,,23.0,Male,Right handed,Normal
sub81_NB,NB,37.0,frames/Vid37_BB_T.png,frames/Vid37_L.png,r,1.0,3.266123100009281,4.0,1.4982211999886204,,,,23.0,Male,Right handed,Normal
sub81_NB,NB,38.0,frames/Vid38_EM_T.png,frames/Vid38_L.png,l,1.0,3.9227667000086512,4.0,2.3314250000112224,,,,23.0,Male,Right handed,Normal
sub81_NB,NB,39.0,frames/Vid39_BB_T.png,frames/Vid39_L.png,l,0.0,6.997620700014522,2.0,1.6957560000009837,,,,23.0,Male,Right handed,Normal
sub81_NB,NB,40.0,frames/Vid40_EM_T.png,frames/Vid40_L.png,l,1.0,4.484477199992398,3.0,2.364605799986748,,,,23.0,Male,Right handed,Normal
sub82_NB,NB,1.0,frames/Vid1_EM_T.png,frames/Vid1_L.png,r,1.0,5.705693199997768,5.0,1.0980532999965362,,,,19.0,Male,Right handed,Corrected to normal
sub82_NB,NB,2.0,frames/Vid2_BB_T.png,frames/Vid2_L.png,l,1.0,3.922640800010413,5.0,0.8488330999971367,,,,19.0,Male,Right handed,Corrected to normal
sub82_NB,NB,3.0,frames/Vid3_BB_T.png,frames/Vid3_L.png,l,0.0,3.7738324999809265,4.0,1.6990217000129633,,,,19.0,Male,Right handed,Corrected to normal
sub82_NB,NB,4.0,frames/Vid4_EM_T.png,frames/Vid4_L.png,r,1.0,10.453161100012949,5.0,0.5317027000128292,,,,19.0,Male,Right handed,Corrected to normal
sub82_NB,NB,5.0,frames/Vid5_EM_T.png,frames/Vid5_L.png,l,0.0,9.944413000019267,1.0,1.3137021999864371,,,,19.0,Male,Right handed,Corrected to normal
sub82_NB,NB,6.0,frames/Vid6_BB_T.png,frames/Vid6_L.png,l,1.0,5.78850710002007,5.0,2.1474575999891385,,,,19.0,Male,Right handed,Corrected to normal
sub82_NB,NB,7.0,frames/Vid7_EM_T.png,frames/Vid7_L.png,r,1.0,5.83176599998842,3.0,1.365805699984776,,,,19.0,Male,Right handed,Corrected to normal
sub82_NB,NB,8.0,frames/Vid8_BB_T.png,frames/Vid8_L.png,r,1.0,5.705125300009968,2.0,3.847534700005781,,,,19.0,Male,Right handed,Corrected to normal
sub82_NB,NB,9.0,frames/Vid9_EM_T.png,frames/Vid9_L.png,l,1.0,10.120252799999436,1.0,2.165051499992842,,,,19.0,Male,Right handed,Corrected to normal
sub82_NB,NB,10.0,frames/Vid10_BB_T.png,frames/Vid10_L.png,r,1.0,4.9646409999986645,5.0,1.6480702999979258,,,,19.0,Male,Right handed,Corrected to normal
sub82_NB,NB,11.0,frames/Vid11_EM_T.png,frames/Vid11_L.png,r,1.0,3.313471600005869,5.0,1.5818753000057768,,,,19.0,Male,Right handed,Corrected to normal
sub82_NB,NB,12.0,frames/Vid12_EM_T.png,frames/Vid12_L.png,l,1.0,3.401317599986214,5.0,1.261934200010728,,,,19.0,Male,Right handed,Corrected to normal
sub82_NB,NB,13.0,frames/Vid13_BB_T.png,frames/Vid13_L.png,l,0.0,3.6916145000141114,3.0,1.1481992000190075,,,,19.0,Male,Right handed,Corrected to normal
sub82_NB,NB,14.0,frames/Vid14_BB_T.png,frames/Vid14_L.png,r,1.0,3.3595544999989215,5.0,1.3830725000007078,,,,19.0,Male,Right handed,Corrected to normal
sub82_NB,NB,15.0,frames/Vid15_BB_T.png,frames/Vid15_L.png,r,1.0,3.722915499994997,5.0,0.5151602000114508,,,,19.0,Male,Right handed,Corrected to normal
sub82_NB,NB,16.0,frames/Vid16_EM_T.png,frames/Vid16_L.png,r,1.0,6.096062900003744,5.0,0.980315499997232,,,,19.0,Male,Right handed,Corrected to normal
sub82_NB,NB,17.0,frames/Vid17_BB_T.png,frames/Vid17_L.png,l,0.0,5.5838586000027135,2.0,1.564463299990166,,,,19.0,Male,Right handed,Corrected to normal
sub82_NB,NB,18.0,frames/Vid18_EM_T.png,frames/Vid18_L.png,l,1.0,5.366457099997206,3.0,4.915836800006218,,,,19.0,Male,Right handed,Corrected to normal
sub82_NB,NB,19.0,frames/Vid19_BB_T.png,frames/Vid19_L.png,l,0.0,10.242275500000687,1.0,1.4648021000029985,,,,19.0,Male,Right handed,Corrected to normal
sub82_NB,NB,20.0,frames/Vid20_EM_T.png,frames/Vid20_L.png,l,1.0,7.481209400022635,4.0,2.931523999985074,,,,19.0,Male,Right handed,Corrected to normal
sub82_NB,NB,21.0,frames/Vid21_BB_T.png,frames/Vid21_L.png,r,1.0,4.397338200011291,5.0,0.5477784999820869,,,,19.0,Male,Right handed,Corrected to normal
sub82_NB,NB,22.0,frames/Vid22_EM_T.png,frames/Vid22_L.png,l,1.0,7.923132299998542,5.0,12.048524499987252,,,,19.0,Male,Right handed,Corrected to normal
sub82_NB,NB,23.0,frames/Vid23_EM_T.png,frames/Vid23_L.png,l,1.0,3.4855065000010654,5.0,0.6475601000129245,,,,19.0,Male,Right handed,Corrected to normal
sub82_NB,NB,24.0,frames/Vid24_BB_T.png,frames/Vid24_L.png,l,1.0,6.724733600014588,5.0,0.7637909000040963,,,,19.0,Male,Right handed,Corrected to normal
sub82_NB,NB,25.0,frames/Vid25_BB_T.png,frames/Vid25_L.png,l,1.0,3.5292019000044093,5.0,0.996595900011016,,,,19.0,Male,Right handed,Corrected to normal
sub82_NB,NB,26.0,frames/Vid26_EM_T.png,frames/Vid26_L.png,r,1.0,4.252516000007745,5.0,2.8312578000186477,,,,19.0,Male,Right handed,Corrected to normal
sub82_NB,NB,27.0,frames/Vid27_BB_T.png,frames/Vid27_L.png,l,1.0,3.103688200004399,5.0,1.4648839999863412,,,,19.0,Male,Right handed,Corrected to normal
sub82_NB,NB,28.0,frames/Vid28_EM_T.png,frames/Vid28_L.png,r,1.0,7.885956200014334,5.0,0.883296199986944,,,,19.0,Male,Right handed,Corrected to normal
sub82_NB,NB,29.0,frames/Vid29_BB_T.png,frames/Vid29_L.png,l,1.0,8.89700559998164,2.0,1.2987102999759372,,,,19.0,Male,Right handed,Corrected to normal
sub82_NB,NB,30.0,frames/Vid30_EM_T.png,frames/Vid30_L.png,l,1.0,5.6515361000201665,3.0,1.2778473000216763,,,,19.0,Male,Right handed,Corrected to normal
sub82_NB,NB,31.0,frames/Vid31_EM_T.png,frames/Vid31_L.png,r,1.0,3.863996300002327,5.0,0.6651140000030864,,,,19.0,Male,Right handed,Corrected to normal
sub82_NB,NB,32.0,frames/Vid32_EM_T.png,frames/Vid32_L.png,l,1.0,3.433029900013935,5.0,1.2139491999987513,,,,19.0,Male,Right handed,Corrected to normal
sub82_NB,NB,33.0,frames/Vid33_BB_T.png,frames/Vid33_L.png,r,1.0,4.744639499986079,5.0,1.4643763000203762,,,,19.0,Male,Right handed,Corrected to normal
sub82_NB,NB,34.0,frames/Vid34_BB_T.png,frames/Vid34_L.png,l,1.0,7.412316900008591,2.0,1.4313804999983404,,,,19.0,Male,Right handed,Corrected to normal
sub82_NB,NB,35.0,frames/Vid35_EM_T.png,frames/Vid35_L.png,l,1.0,5.068414300010772,5.0,2.347634500009008,,,,19.0,Male,Right handed,Corrected to normal
sub82_NB,NB,36.0,frames/Vid36_BB_T.png,frames/Vid36_L.png,r,1.0,6.944615599990357,3.0,1.147755399986636,,,,19.0,Male,Right handed,Corrected to normal
sub82_NB,NB,37.0,frames/Vid37_BB_T.png,frames/Vid37_L.png,r,1.0,4.2864838000095915,4.0,2.89702859998215,,,,19.0,Male,Right handed,Corrected to normal
sub82_NB,NB,38.0,frames/Vid38_EM_T.png,frames/Vid38_L.png,l,1.0,11.679325200006131,4.0,1.198331399995368,,,,19.0,Male,Right handed,Corrected to normal
sub82_NB,NB,39.0,frames/Vid39_BB_T.png,frames/Vid39_L.png,l,1.0,4.931736800004728,5.0,1.415144300000975,,,,19.0,Male,Right handed,Corrected to normal
sub82_NB,NB,40.0,frames/Vid40_EM_T.png,frames/Vid40_L.png,r,1.0,5.892543599999044,5.0,1.2475088000064716,,,,19.0,Male,Right handed,Corrected to normal
sub83_NB,NB,1.0,frames/Vid1_EM_T.png,frames/Vid1_L.png,r,1.0,6.875521400012076,5.0,1.497465699998429,,,,22.0,Female,Right handed,Corrected to normal
sub83_NB,NB,2.0,frames/Vid2_BB_T.png,frames/Vid2_L.png,l,1.0,2.5397061000112444,5.0,1.1486710000026503,,,,22.0,Female,Right handed,Corrected to normal
sub83_NB,NB,3.0,frames/Vid3_BB_T.png,frames/Vid3_L.png,l,0.0,2.916210499999579,3.0,1.130667400022503,,,,22.0,Female,Right handed,Corrected to normal
sub83_NB,NB,4.0,frames/Vid4_EM_T.png,frames/Vid4_L.png,l,1.0,3.4983781999908388,5.0,1.0139404000074137,,,,22.0,Female,Right handed,Corrected to normal
sub83_NB,NB,5.0,frames/Vid5_EM_T.png,frames/Vid5_L.png,r,1.0,3.2130342999880668,5.0,1.013677100010682,,,,22.0,Female,Right handed,Corrected to normal
sub83_NB,NB,6.0,frames/Vid6_BB_T.png,frames/Vid6_L.png,r,1.0,5.3630949999787845,5.0,1.8476681000029205,,,,22.0,Female,Right handed,Corrected to normal
sub83_NB,NB,7.0,frames/Vid7_EM_T.png,frames/Vid7_L.png,r,1.0,4.145545900013531,4.0,1.6453841000038665,,,,22.0,Female,Right handed,Corrected to normal
sub83_NB,NB,8.0,frames/Vid8_BB_T.png,frames/Vid8_L.png,l,1.0,9.331090199993923,5.0,2.3150711999915075,,,,22.0,Female,Right handed,Corrected to normal
sub83_NB,NB,9.0,frames/Vid9_EM_T.png,frames/Vid9_L.png,l,1.0,5.884488799987594,3.0,1.8640281000116377,,,,22.0,Female,Right handed,Corrected to normal
sub83_NB,NB,10.0,frames/Vid10_BB_T.png,frames/Vid10_L.png,r,1.0,4.047925199993188,4.0,1.014631300000474,,,,22.0,Female,Right handed,Corrected to normal
sub83_NB,NB,11.0,frames/Vid11_EM_T.png,frames/Vid11_L.png,r,1.0,3.174560500017833,5.0,1.1639482000027783,,,,22.0,Female,Right handed,Corrected to normal
sub83_NB,NB,12.0,frames/Vid12_EM_T.png,frames/Vid12_L.png,l,1.0,5.11661009999807,5.0,0.8823772000032477,,,,22.0,Female,Right handed,Corrected to normal
sub83_NB,NB,13.0,frames/Vid13_BB_T.png,frames/Vid13_L.png,l,1.0,10.29844630000298,5.0,3.081824599998072,,,,22.0,Female,Right handed,Corrected to normal
sub83_NB,NB,14.0,frames/Vid14_BB_T.png,frames/Vid14_L.png,l,1.0,4.619835799996508,5.0,2.032327599998098,,,,22.0,Female,Right handed,Corrected to normal
sub83_NB,NB,15.0,frames/Vid15_BB_T.png,frames/Vid15_L.png,l,1.0,3.461352700018324,5.0,0.7642356000142172,,,,22.0,Female,Right handed,Corrected to normal
sub83_NB,NB,16.0,frames/Vid16_EM_T.png,frames/Vid16_L.png,r,1.0,4.03820540002198,3.0,0.9456170999910682,,,,22.0,Female,Right handed,Corrected to normal
sub83_NB,NB,17.0,frames/Vid17_BB_T.png,frames/Vid17_L.png,l,1.0,7.3437662000069395,2.0,0.8315169000125024,,,,22.0,Female,Right handed,Corrected to normal
sub83_NB,NB,18.0,frames/Vid18_EM_T.png,frames/Vid18_L.png,r,1.0,3.650061399996048,5.0,0.8144206999859307,,,,22.0,Female,Right handed,Corrected to normal
sub83_NB,NB,19.0,frames/Vid19_BB_T.png,frames/Vid19_L.png,l,1.0,11.404886600008467,4.0,1.3324543999915477,,,,22.0,Female,Right handed,Corrected to normal
sub83_NB,NB,20.0,frames/Vid20_EM_T.png,frames/Vid20_L.png,r,1.0,10.757555599993792,2.0,1.2963478000019677,,,,22.0,Female,Right handed,Corrected to normal
sub83_NB,NB,21.0,frames/Vid21_BB_T.png,frames/Vid21_L.png,l,1.0,2.772694400016917,5.0,0.7975100000039674,,,,22.0,Female,Right handed,Corrected to normal
sub83_NB,NB,22.0,frames/Vid22_EM_T.png,frames/Vid22_L.png,l,1.0,5.232710699987365,5.0,2.0489999999990687,,,,22.0,Female,Right handed,Corrected to normal
sub83_NB,NB,23.0,frames/Vid23_EM_T.png,frames/Vid23_L.png,l,1.0,2.3069765999971423,5.0,0.8130322000070009,,,,22.0,Female,Right handed,Corrected to normal
sub83_NB,NB,24.0,frames/Vid24_BB_T.png,frames/Vid24_L.png,l,1.0,3.670080700016115,5.0,1.6970373999793082,,,,22.0,Female,Right handed,Corrected to normal
sub83_NB,NB,25.0,frames/Vid25_BB_T.png,frames/Vid25_L.png,r,0.0,5.5404730000009295,2.0,1.3471360999974422,,,,22.0,Female,Right handed,Corrected to normal
sub83_NB,NB,26.0,frames/Vid26_EM_T.png,frames/Vid26_L.png,r,1.0,2.119772500009276,5.0,0.7796396000194363,,,,22.0,Female,Right handed,Corrected to normal
sub83_NB,NB,27.0,frames/Vid27_BB_T.png,frames/Vid27_L.png,r,1.0,5.430567499977769,5.0,0.9814575999916996,,,,22.0,Female,Right handed,Corrected to normal
sub83_NB,NB,28.0,frames/Vid28_EM_T.png,frames/Vid28_L.png,r,1.0,4.008722900005523,5.0,2.2988561999809463,,,,22.0,Female,Right handed,Corrected to normal
sub83_NB,NB,29.0,frames/Vid29_BB_T.png,frames/Vid29_L.png,l,1.0,4.734726300026523,4.0,1.298364699992817,,,,22.0,Female,Right handed,Corrected to normal
sub83_NB,NB,30.0,frames/Vid30_EM_T.png,frames/Vid30_L.png,l,1.0,7.000814800005173,2.0,2.4656107000191696,,,,22.0,Female,Right handed,Corrected to normal
sub83_NB,NB,31.0,frames/Vid31_EM_T.png,frames/Vid31_L.png,r,1.0,3.1713316999957897,5.0,2.0647402000031434,,,,22.0,Female,Right handed,Corrected to normal
sub83_NB,NB,32.0,frames/Vid32_EM_T.png,frames/Vid32_L.png,l,1.0,3.6848131000006106,5.0,1.498046799999429,,,,22.0,Female,Right handed,Corrected to normal
sub83_NB,NB,33.0,frames/Vid33_BB_T.png,frames/Vid33_L.png,l,1.0,3.0952000000106636,5.0,1.0495184999890623,,,,22.0,Female,Right handed,Corrected to normal
sub83_NB,NB,34.0,frames/Vid34_BB_T.png,frames/Vid34_L.png,l,1.0,4.591336500016041,5.0,1.0298962999950163,,,,22.0,Female,Right handed,Corrected to normal
sub83_NB,NB,35.0,frames/Vid35_EM_T.png,frames/Vid35_L.png,l,1.0,4.406966900016414,3.0,1.0808438000094611,,,,22.0,Female,Right handed,Corrected to normal
sub83_NB,NB,36.0,frames/Vid36_BB_T.png,frames/Vid36_L.png,l,1.0,2.739385199995013,5.0,1.731404999998631,,,,22.0,Female,Right handed,Corrected to normal
sub83_NB,NB,37.0,frames/Vid37_BB_T.png,frames/Vid37_L.png,l,1.0,3.436843500006944,5.0,1.513996399997268,,,,22.0,Female,Right handed,Corrected to normal
sub83_NB,NB,38.0,frames/Vid38_EM_T.png,frames/Vid38_L.png,l,1.0,2.6663020999985747,5.0,1.0981337999983225,,,,22.0,Female,Right handed,Corrected to normal
sub83_NB,NB,39.0,frames/Vid39_BB_T.png,frames/Vid39_L.png,l,1.0,4.0519879999919794,5.0,1.94840649998514,,,,22.0,Female,Right handed,Corrected to normal
sub83_NB,NB,40.0,frames/Vid40_EM_T.png,frames/Vid40_L.png,r,1.0,3.5675762000028044,5.0,0.6316214999824297,,,,22.0,Female,Right handed,Corrected to normal
sub84_NB,NB,1.0,frames/Vid1_EM_T.png,frames/Vid1_L.png,l,1.0,5.309405700012576,4.0,3.0660827000101563,,,,24.0,Male,Right handed,Corrected to normal
sub84_NB,NB,2.0,frames/Vid2_BB_T.png,frames/Vid2_L.png,l,1.0,3.979671999986749,4.0,1.7481543000030797,,,,24.0,Male,Right handed,Corrected to normal
sub84_NB,NB,3.0,frames/Vid3_BB_T.png,frames/Vid3_L.png,l,1.0,2.5424369999964256,4.0,1.2142154000175651,,,,24.0,Male,Right handed,Corrected to normal
sub84_NB,NB,4.0,frames/Vid4_EM_T.png,frames/Vid4_L.png,r,0.0,8.60701129998779,4.0,2.481067399989115,,,,24.0,Male,Right handed,Corrected to normal
sub84_NB,NB,5.0,frames/Vid5_EM_T.png,frames/Vid5_L.png,l,0.0,6.682537499989849,2.0,2.3465922999894246,,,,24.0,Male,Right handed,Corrected to normal
sub84_NB,NB,6.0,frames/Vid6_BB_T.png,frames/Vid6_L.png,r,1.0,4.778723599971272,5.0,1.8636318999924697,,,,24.0,Male,Right handed,Corrected to normal
sub84_NB,NB,7.0,frames/Vid7_EM_T.png,frames/Vid7_L.png,l,1.0,4.686107599991374,5.0,1.3815016000007745,,,,24.0,Male,Right handed,Corrected to normal
sub84_NB,NB,8.0,frames/Vid8_BB_T.png,frames/Vid8_L.png,r,1.0,5.599378400016576,2.0,0.9810059000155888,,,,24.0,Male,Right handed,Corrected to normal
sub84_NB,NB,9.0,frames/Vid9_EM_T.png,frames/Vid9_L.png,r,1.0,4.145286699989811,5.0,1.3972659999853931,,,,24.0,Male,Right handed,Corrected to normal
sub84_NB,NB,10.0,frames/Vid10_BB_T.png,frames/Vid10_L.png,l,1.0,2.7812777000071947,5.0,1.0135014000115916,,,,24.0,Male,Right handed,Corrected to normal
sub84_NB,NB,11.0,frames/Vid11_EM_T.png,frames/Vid11_L.png,r,1.0,3.0520602999895345,3.0,0.9977356000163128,,,,24.0,Male,Right handed,Corrected to normal
sub84_NB,NB,12.0,frames/Vid12_EM_T.png,frames/Vid12_L.png,r,1.0,4.577329299994744,5.0,1.4324200000264682,,,,24.0,Male,Right handed,Corrected to normal
sub84_NB,NB,13.0,frames/Vid13_BB_T.png,frames/Vid13_L.png,l,0.0,5.488036900002044,5.0,5.113574100018013,,,,24.0,Male,Right handed,Corrected to normal
sub84_NB,NB,14.0,frames/Vid14_BB_T.png,frames/Vid14_L.png,l,1.0,3.7531495000002906,5.0,1.2314989999867976,,,,24.0,Male,Right handed,Corrected to normal
sub84_NB,NB,15.0,frames/Vid15_BB_T.png,frames/Vid15_L.png,l,1.0,2.5685651999956463,5.0,1.1328902000095695,,,,24.0,Male,Right handed,Corrected to normal
sub84_NB,NB,16.0,frames/Vid16_EM_T.png,frames/Vid16_L.png,l,1.0,4.448102599999402,3.0,2.7805885999987368,,,,24.0,Male,Right handed,Corrected to normal
sub84_NB,NB,17.0,frames/Vid17_BB_T.png,frames/Vid17_L.png,l,1.0,3.71062699999311,5.0,1.3470604000031017,,,,24.0,Male,Right handed,Corrected to normal
sub84_NB,NB,18.0,frames/Vid18_EM_T.png,frames/Vid18_L.png,l,0.0,3.9516078000015114,3.0,2.031052699981956,,,,24.0,Male,Right handed,Corrected to normal
sub84_NB,NB,19.0,frames/Vid19_BB_T.png,frames/Vid19_L.png,r,0.0,5.462477199995192,1.0,1.0158568999904674,,,,24.0,Male,Right handed,Corrected to normal
sub84_NB,NB,20.0,frames/Vid20_EM_T.png,frames/Vid20_L.png,l,1.0,2.4995699000137392,5.0,0.996943000005558,,,,24.0,Male,Right handed,Corrected to normal
sub84_NB,NB,21.0,frames/Vid21_BB_T.png,frames/Vid21_L.png,r,1.0,4.580704699998023,5.0,0.7635963000066113,,,,24.0,Male,Right handed,Corrected to normal
sub84_NB,NB,22.0,frames/Vid22_EM_T.png,frames/Vid22_L.png,r,1.0,5.763275400007842,5.0,2.1991465999744833,,,,24.0,Male,Right handed,Corrected to normal
sub84_NB,NB,23.0,frames/Vid23_EM_T.png,frames/Vid23_L.png,r,1.0,4.798886400007177,5.0,0.8650537999928929,,,,24.0,Male,Right handed,Corrected to normal
sub84_NB,NB,24.0,frames/Vid24_BB_T.png,frames/Vid24_L.png,r,1.0,6.942173699993873,3.0,2.3298760000034235,,,,24.0,Male,Right handed,Corrected to normal
sub84_NB,NB,25.0,frames/Vid25_BB_T.png,frames/Vid25_L.png,l,1.0,6.238086099998327,4.0,1.880474800011143,,,,24.0,Male,Right handed,Corrected to normal
sub84_NB,NB,26.0,frames/Vid26_EM_T.png,frames/Vid26_L.png,r,1.0,5.252697899995837,5.0,1.7994589999725576,,,,24.0,Male,Right handed,Corrected to normal
sub84_NB,NB,27.0,frames/Vid27_BB_T.png,frames/Vid27_L.png,r,1.0,6.152102399995783,5.0,0.9970487999962644,,,,24.0,Male,Right handed,Corrected to normal
sub84_NB,NB,28.0,frames/Vid28_EM_T.png,frames/Vid28_L.png,l,1.0,5.524274199997308,5.0,1.9316587999928745,,,,24.0,Male,Right handed,Corrected to normal
sub84_NB,NB,29.0,frames/Vid29_BB_T.png,frames/Vid29_L.png,r,1.0,5.216283599991584,5.0,0.997425999987172,,,,24.0,Male,Right handed,Corrected to normal
sub84_NB,NB,30.0,frames/Vid30_EM_T.png,frames/Vid30_L.png,l,1.0,7.126573100016685,4.0,0.998834199999692,,,,24.0,Male,Right handed,Corrected to normal
sub84_NB,NB,31.0,frames/Vid31_EM_T.png,frames/Vid31_L.png,r,1.0,2.791147300013108,5.0,0.848775000020396,,,,24.0,Male,Right handed,Corrected to normal
sub84_NB,NB,32.0,frames/Vid32_EM_T.png,frames/Vid32_L.png,r,1.0,3.823811200010823,5.0,3.1651987000077497,,,,24.0,Male,Right handed,Corrected to normal
sub84_NB,NB,33.0,frames/Vid33_BB_T.png,frames/Vid33_L.png,r,0.0,6.6334938000072725,5.0,1.430137500021374,,,,24.0,Male,Right handed,Corrected to normal
sub84_NB,NB,34.0,frames/Vid34_BB_T.png,frames/Vid34_L.png,r,1.0,4.49404640001012,5.0,1.6804831000044942,,,,24.0,Male,Right handed,Corrected to normal
sub84_NB,NB,35.0,frames/Vid35_EM_T.png,frames/Vid35_L.png,l,0.0,5.380045400001109,2.0,1.3811984999920242,,,,24.0,Male,Right handed,Corrected to normal
sub84_NB,NB,36.0,frames/Vid36_BB_T.png,frames/Vid36_L.png,r,1.0,1.8679045000171757,5.0,0.7825657000066712,,,,24.0,Male,Right handed,Corrected to normal
sub84_NB,NB,37.0,frames/Vid37_BB_T.png,frames/Vid37_L.png,l,1.0,2.720738500007428,5.0,1.6814120000053665,,,,24.0,Male,Right handed,Corrected to normal
sub84_NB,NB,38.0,frames/Vid38_EM_T.png,frames/Vid38_L.png,l,1.0,3.8850966000172775,5.0,1.68075040000258,,,,24.0,Male,Right handed,Corrected to normal
sub84_NB,NB,39.0,frames/Vid39_BB_T.png,frames/Vid39_L.png,l,1.0,9.90060490000178,5.0,2.4319444999855477,,,,24.0,Male,Right handed,Corrected to normal
sub84_NB,NB,40.0,frames/Vid40_EM_T.png,frames/Vid40_L.png,r,1.0,5.628595799993491,5.0,1.431830599991372,,,,24.0,Male,Right handed,Corrected to normal
sub85_NB,NB,1.0,frames/Vid1_EM_T.png,frames/Vid1_L.png,r,1.0,5.6289640000031795,5.0,1.448641899973154,,,,24.0,Female,Right handed,Corrected to normal
sub85_NB,NB,2.0,frames/Vid2_BB_T.png,frames/Vid2_L.png,r,1.0,5.087770000012824,5.0,1.2154151999857277,,,,24.0,Female,Right handed,Corrected to normal
sub85_NB,NB,3.0,frames/Vid3_BB_T.png,frames/Vid3_L.png,r,1.0,6.5563627000083216,5.0,1.131223400007002,,,,24.0,Female,Right handed,Corrected to normal
sub85_NB,NB,4.0,frames/Vid4_EM_T.png,frames/Vid4_L.png,r,1.0,6.088586700003361,5.0,1.5987692000053355,,,,24.0,Female,Right handed,Corrected to normal
sub85_NB,NB,5.0,frames/Vid5_EM_T.png,frames/Vid5_L.png,l,1.0,9.82728299999144,3.0,1.1321049999969546,,,,24.0,Female,Right handed,Corrected to normal
sub85_NB,NB,6.0,frames/Vid6_BB_T.png,frames/Vid6_L.png,r,1.0,6.186355099984212,5.0,1.0312660000054166,,,,24.0,Female,Right handed,Corrected to normal
sub85_NB,NB,7.0,frames/Vid7_EM_T.png,frames/Vid7_L.png,l,1.0,5.335344499995699,5.0,1.39779049999197,,,,24.0,Female,Right handed,Corrected to normal
sub85_NB,NB,8.0,frames/Vid8_BB_T.png,frames/Vid8_L.png,l,1.0,3.723365499987267,5.0,1.5641446000081487,,,,24.0,Female,Right handed,Corrected to normal
sub85_NB,NB,9.0,frames/Vid9_EM_T.png,frames/Vid9_L.png,r,1.0,12.033721700019669,4.0,9.064815199992154,,,,24.0,Female,Right handed,Corrected to normal
sub85_NB,NB,10.0,frames/Vid10_BB_T.png,frames/Vid10_L.png,r,1.0,6.370982699998422,5.0,1.2650877000123728,,,,24.0,Female,Right handed,Corrected to normal
sub85_NB,NB,11.0,frames/Vid11_EM_T.png,frames/Vid11_L.png,r,1.0,4.580209700012347,5.0,1.1648149999964517,,,,24.0,Female,Right handed,Corrected to normal
sub85_NB,NB,12.0,frames/Vid12_EM_T.png,frames/Vid12_L.png,r,1.0,8.481864600005792,4.0,1.029503300000215,,,,24.0,Female,Right handed,Corrected to normal
sub85_NB,NB,13.0,frames/Vid13_BB_T.png,frames/Vid13_L.png,r,0.0,11.929325500008416,4.0,2.4154837999958545,,,,24.0,Female,Right handed,Corrected to normal
sub85_NB,NB,14.0,frames/Vid14_BB_T.png,frames/Vid14_L.png,l,1.0,3.6433582000026945,5.0,1.512773800001014,,,,24.0,Female,Right handed,Corrected to normal
sub85_NB,NB,15.0,frames/Vid15_BB_T.png,frames/Vid15_L.png,r,0.0,12.220982099999674,3.0,1.6982919999863952,,,,24.0,Female,Right handed,Corrected to normal
sub85_NB,NB,16.0,frames/Vid16_EM_T.png,frames/Vid16_L.png,l,0.0,5.655295300006401,5.0,1.5968265000265092,,,,24.0,Female,Right handed,Corrected to normal
sub85_NB,NB,17.0,frames/Vid17_BB_T.png,frames/Vid17_L.png,l,1.0,7.245858900016174,5.0,1.3144206999859307,,,,24.0,Female,Right handed,Corrected to normal
sub85_NB,NB,18.0,frames/Vid18_EM_T.png,frames/Vid18_L.png,r,1.0,18.11278230001335,3.0,1.2977309999987483,,,,24.0,Female,Right handed,Corrected to normal
sub85_NB,NB,19.0,frames/Vid19_BB_T.png,frames/Vid19_L.png,r,1.0,16.89918310000212,4.0,3.68007089997991,,,,24.0,Female,Right handed,Corrected to normal
sub85_NB,NB,20.0,frames/Vid20_EM_T.png,frames/Vid20_L.png,l,1.0,6.286955500021577,4.0,1.1809324999921955,,,,24.0,Female,Right handed,Corrected to normal
sub85_NB,NB,21.0,frames/Vid21_BB_T.png,frames/Vid21_L.png,r,1.0,4.415661600010935,5.0,1.215007799997693,,,,24.0,Female,Right handed,Corrected to normal
sub85_NB,NB,22.0,frames/Vid22_EM_T.png,frames/Vid22_L.png,l,1.0,3.1981416000053287,5.0,0.9984125000191852,,,,24.0,Female,Right handed,Corrected to normal
sub85_NB,NB,23.0,frames/Vid23_EM_T.png,frames/Vid23_L.png,r,1.0,3.955488500010688,5.0,1.4143610000028275,,,,24.0,Female,Right handed,Corrected to normal
sub85_NB,NB,24.0,frames/Vid24_BB_T.png,frames/Vid24_L.png,l,0.0,10.322644200001378,5.0,1.4328352000156883,,,,24.0,Female,Right handed,Corrected to normal
sub85_NB,NB,25.0,frames/Vid25_BB_T.png,frames/Vid25_L.png,l,1.0,2.8282769999932498,5.0,1.197607700014487,,,,24.0,Female,Right handed,Corrected to normal
sub85_NB,NB,26.0,frames/Vid26_EM_T.png,frames/Vid26_L.png,r,1.0,4.916202099993825,5.0,1.3967851000197695,,,,24.0,Female,Right handed,Corrected to normal
sub85_NB,NB,27.0,frames/Vid27_BB_T.png,frames/Vid27_L.png,l,1.0,7.400641499989433,5.0,1.9981532000238076,,,,24.0,Female,Right handed,Corrected to normal
sub85_NB,NB,28.0,frames/Vid28_EM_T.png,frames/Vid28_L.png,r,1.0,3.513182800001232,5.0,0.9309751999971922,,,,24.0,Female,Right handed,Corrected to normal
sub85_NB,NB,29.0,frames/Vid29_BB_T.png,frames/Vid29_L.png,r,1.0,5.860395099996822,5.0,1.048546299978625,,,,24.0,Female,Right handed,Corrected to normal
sub85_NB,NB,30.0,frames/Vid30_EM_T.png,frames/Vid30_L.png,r,1.0,8.748282899992773,4.0,1.3472572999889962,,,,24.0,Female,Right handed,Corrected to normal
sub85_NB,NB,31.0,frames/Vid31_EM_T.png,frames/Vid31_L.png,r,1.0,4.25632770001539,5.0,1.1309646999870893,,,,24.0,Female,Right handed,Corrected to normal
sub85_NB,NB,32.0,frames/Vid32_EM_T.png,frames/Vid32_L.png,r,1.0,5.164163600013126,5.0,1.282069400011096,,,,24.0,Female,Right handed,Corrected to normal
sub85_NB,NB,33.0,frames/Vid33_BB_T.png,frames/Vid33_L.png,r,1.0,7.718586100003449,5.0,1.280556699988665,,,,24.0,Female,Right handed,Corrected to normal
sub85_NB,NB,34.0,frames/Vid34_BB_T.png,frames/Vid34_L.png,r,1.0,5.470465599995805,5.0,1.4314750999910757,,,,24.0,Female,Right handed,Corrected to normal
sub85_NB,NB,35.0,frames/Vid35_EM_T.png,frames/Vid35_L.png,r,1.0,4.083622500009369,5.0,2.064245800022036,,,,24.0,Female,Right handed,Corrected to normal
sub85_NB,NB,36.0,frames/Vid36_BB_T.png,frames/Vid36_L.png,r,1.0,4.337521099980222,5.0,1.1305144999932963,,,,24.0,Female,Right handed,Corrected to normal
sub85_NB,NB,37.0,frames/Vid37_BB_T.png,frames/Vid37_L.png,l,1.0,3.97963119999622,5.0,1.6468947999819648,,,,24.0,Female,Right handed,Corrected to normal
sub85_NB,NB,38.0,frames/Vid38_EM_T.png,frames/Vid38_L.png,l,0.0,9.899888900021324,5.0,1.597486899991054,,,,24.0,Female,Right handed,Corrected to normal
sub85_NB,NB,39.0,frames/Vid39_BB_T.png,frames/Vid39_L.png,r,1.0,8.041734300000826,4.0,1.098268800007645,,,,24.0,Female,Right handed,Corrected to normal
sub85_NB,NB,40.0,frames/Vid40_EM_T.png,frames/Vid40_L.png,r,1.0,5.430587699986063,5.0,1.2480203000013717,,,,24.0,Female,Right handed,Corrected to normal
sub86_NB,NB,1.0,frames/Vid1_EM_T.png,frames/Vid1_L.png,r,1.0,5.003586800012272,4.0,1.3819348000106402,,,,22.0,Male,Right handed,Normal
sub86_NB,NB,1.0,frames/Vid1_EM_T.png,frames/Vid1_L.png,l,1.0,8.48012110000127,5.0,1.6977396000002043,,,,22.0,Male,Right handed,Normal
sub86_NB,NB,2.0,frames/Vid2_BB_T.png,frames/Vid2_L.png,l,1.0,2.9171056999766733,4.0,1.3967477999976836,,,,22.0,Male,Right handed,Normal
sub86_NB,NB,2.0,frames/Vid2_BB_T.png,frames/Vid2_L.png,l,1.0,6.142457899986766,5.0,1.1797790999989957,,,,22.0,Male,Right handed,Normal
sub86_NB,NB,3.0,frames/Vid3_BB_T.png,frames/Vid3_L.png,l,1.0,3.4808522000093944,3.0,0.9309179999982008,,,,22.0,Male,Right handed,Normal
sub86_NB,NB,3.0,frames/Vid3_BB_T.png,frames/Vid3_L.png,l,0.0,5.890050699992571,5.0,1.315061200002674,,,,22.0,Male,Right handed,Normal
sub86_NB,NB,4.0,frames/Vid4_EM_T.png,frames/Vid4_L.png,l,0.0,3.720707400003448,2.0,3.733464499993715,,,,22.0,Male,Right handed,Normal
sub86_NB,NB,4.0,frames/Vid4_EM_T.png,frames/Vid4_L.png,l,0.0,13.711884900025323,3.0,1.6984129000047687,,,,22.0,Male,Right handed,Normal
sub86_NB,NB,5.0,frames/Vid5_EM_T.png,frames/Vid5_L.png,r,1.0,2.864096899982542,4.0,1.0645140999986324,,,,22.0,Male,Right handed,Normal
sub86_NB,NB,5.0,frames/Vid5_EM_T.png,frames/Vid5_L.png,r,0.0,6.933104099996854,3.0,1.4295154999999795,,,,22.0,Male,Right handed,Normal
sub86_NB,NB,6.0,frames/Vid6_BB_T.png,frames/Vid6_L.png,l,1.0,4.697934299998451,5.0,2.3488598999974784,,,,22.0,Male,Right handed,Normal
sub86_NB,NB,6.0,frames/Vid6_BB_T.png,frames/Vid6_L.png,r,1.0,11.316600299993295,2.0,2.1295922999852337,,,,22.0,Male,Right handed,Normal
sub86_NB,NB,7.0,frames/Vid7_EM_T.png,frames/Vid7_L.png,r,1.0,9.15933320001932,3.0,1.682221200026106,,,,22.0,Male,Right handed,Normal
sub86_NB,NB,7.0,frames/Vid7_EM_T.png,frames/Vid7_L.png,r,1.0,5.534136000002036,4.0,1.3149091000086628,,,,22.0,Male,Right handed,Normal
sub86_NB,NB,8.0,frames/Vid8_BB_T.png,frames/Vid8_L.png,r,0.0,4.047187299991492,4.0,1.846474499994656,,,,22.0,Male,Right handed,Normal
sub86_NB,NB,8.0,frames/Vid8_BB_T.png,frames/Vid8_L.png,r,1.0,6.2921558000089135,5.0,0.9163701999932528,,,,22.0,Male,Right handed,Normal
sub86_NB,NB,9.0,frames/Vid9_EM_T.png,frames/Vid9_L.png,r,1.0,4.94429929999751,2.0,2.413819400011562,,,,22.0,Male,Right handed,Normal
sub86_NB,NB,9.0,frames/Vid9_EM_T.png,frames/Vid9_L.png,r,1.0,4.818980299984105,5.0,1.099085499998182,,,,22.0,Male,Right handed,Normal
sub86_NB,NB,10.0,frames/Vid10_BB_T.png,frames/Vid10_L.png,r,1.0,3.593758400005754,4.0,1.163960500009125,,,,22.0,Male,Right handed,Normal
sub86_NB,NB,10.0,frames/Vid10_BB_T.png,frames/Vid10_L.png,r,1.0,6.6544847000041045,5.0,2.03155099999276,,,,22.0,Male,Right handed,Normal
sub86_NB,NB,11.0,frames/Vid11_EM_T.png,frames/Vid11_L.png,r,1.0,3.3305739000206813,4.0,1.3149261999933517,,,,22.0,Male,Right handed,Normal
sub86_NB,NB,11.0,frames/Vid11_EM_T.png,frames/Vid11_L.png,r,1.0,2.7812774000049103,5.0,1.1973451999947429,,,,22.0,Male,Right handed,Normal
sub86_NB,NB,12.0,frames/Vid12_EM_T.png,frames/Vid12_L.png,l,1.0,2.8705569000157993,4.0,8.431123400019715,,,,22.0,Male,Right handed,Normal
sub86_NB,NB,12.0,frames/Vid12_EM_T.png,frames/Vid12_L.png,r,1.0,9.48389010000392,5.0,4.265624599996954,,,,22.0,Male,Right handed,Normal
sub86_NB,NB,13.0,frames/Vid13_BB_T.png,frames/Vid13_L.png,l,0.0,3.4744627000181936,5.0,1.4304583000193816,,,,22.0,Male,Right handed,Normal
sub86_NB,NB,13.0,frames/Vid13_BB_T.png,frames/Vid13_L.png,r,0.0,4.84005819997401,2.0,1.5796033999940846,,,,22.0,Male,Right handed,Normal
sub86_NB,NB,14.0,frames/Vid14_BB_T.png,frames/Vid14_L.png,r,1.0,4.626358000008622,3.0,1.430696600000374,,,,22.0,Male,Right handed,Normal
sub86_NB,NB,14.0,frames/Vid14_BB_T.png,frames/Vid14_L.png,r,0.0,6.764782499987632,1.0,1.664371699996991,,,,22.0,Male,Right handed,Normal
sub86_NB,NB,15.0,frames/Vid15_BB_T.png,frames/Vid15_L.png,r,1.0,2.8655278000223916,4.0,1.130703500006348,,,,22.0,Male,Right handed,Normal
sub86_NB,NB,15.0,frames/Vid15_BB_T.png,frames/Vid15_L.png,r,1.0,6.09834949998185,5.0,0.8972254999971483,,,,22.0,Male,Right handed,Normal
sub86_NB,NB,16.0,frames/Vid16_EM_T.png,frames/Vid16_L.png,r,1.0,3.474744600011036,3.0,1.031373400008306,,,,22.0,Male,Right handed,Normal
sub86_NB,NB,16.0,frames/Vid16_EM_T.png,frames/Vid16_L.png,l,1.0,4.635216399998171,5.0,1.430536400002893,,,,22.0,Male,Right handed,Normal
sub86_NB,NB,17.0,frames/Vid17_BB_T.png,frames/Vid17_L.png,r,0.0,8.704784400004428,2.0,3.347781499993289,,,,22.0,Male,Right handed,Normal
sub86_NB,NB,17.0,frames/Vid17_BB_T.png,frames/Vid17_L.png,l,1.0,5.9149503000080585,5.0,1.2963458999875002,,,,22.0,Male,Right handed,Normal
sub86_NB,NB,18.0,frames/Vid18_EM_T.png,frames/Vid18_L.png,r,1.0,3.0380364000156987,3.0,0.9985218000074384,,,,22.0,Male,Right handed,Normal
sub86_NB,NB,18.0,frames/Vid18_EM_T.png,frames/Vid18_L.png,l,1.0,3.387998799997149,5.0,2.0484533999988344,,,,22.0,Male,Right handed,Normal
sub86_NB,NB,19.0,frames/Vid19_BB_T.png,frames/Vid19_L.png,l,0.0,7.723436800006311,3.0,1.2320437000016682,,,,22.0,Male,Right handed,Normal
sub86_NB,NB,19.0,frames/Vid19_BB_T.png,frames/Vid19_L.png,l,1.0,6.5212288000038825,3.0,4.96393289999105,,,,22.0,Male,Right handed,Normal
sub86_NB,NB,20.0,frames/Vid20_EM_T.png,frames/Vid20_L.png,l,1.0,2.458413099986501,5.0,0.9155414999986532,,,,22.0,Male,Right handed,Normal
sub86_NB,NB,20.0,frames/Vid20_EM_T.png,frames/Vid20_L.png,r,1.0,4.373412699991604,3.0,2.265588000009302,,,,22.0,Male,Right handed,Normal
sub86_NB,NB,21.0,frames/Vid21_BB_T.png,frames/Vid21_L.png,l,1.0,2.846987099997932,5.0,5.562378500006162,,,,22.0,Male,Right handed,Normal
sub86_NB,NB,21.0,frames/Vid21_BB_T.png,frames/Vid21_L.png,r,1.0,7.778475700004492,5.0,1.479957400006242,,,,22.0,Male,Right handed,Normal
sub86_NB,NB,22.0,frames/Vid22_EM_T.png,frames/Vid22_L.png,r,1.0,2.970816199987894,5.0,1.7635632999881636,,,,22.0,Male,Right handed,Normal
sub86_NB,NB,22.0,frames/Vid22_EM_T.png,frames/Vid22_L.png,l,1.0,5.4851753000111785,5.0,1.2995481999823824,,,,22.0,Male,Right handed,Normal
sub86_NB,NB,23.0,frames/Vid23_EM_T.png,frames/Vid23_L.png,l,1.0,2.8861284000158776,2.0,1.782742400013376,,,,22.0,Male,Right handed,Normal
sub86_NB,NB,23.0,frames/Vid23_EM_T.png,frames/Vid23_L.png,r,1.0,6.754520599992247,1.0,2.8643034999840893,,,,22.0,Male,Right handed,Normal
sub86_NB,NB,24.0,frames/Vid24_BB_T.png,frames/Vid24_L.png,l,0.0,4.01713789999485,4.0,1.348100400005933,,,,22.0,Male,Right handed,Normal
sub86_NB,NB,24.0,frames/Vid24_BB_T.png,frames/Vid24_L.png,l,1.0,9.99895359997754,5.0,1.41460879999795,,,,22.0,Male,Right handed,Normal
sub86_NB,NB,25.0,frames/Vid25_BB_T.png,frames/Vid25_L.png,l,1.0,5.127436799986754,4.0,1.3813863999966998,,,,22.0,Male,Right handed,Normal
sub86_NB,NB,25.0,frames/Vid25_BB_T.png,frames/Vid25_L.png,l,1.0,6.423089399992023,5.0,2.11488000000827,,,,22.0,Male,Right handed,Normal
sub86_NB,NB,26.0,frames/Vid26_EM_T.png,frames/Vid26_L.png,l,1.0,5.139075999992201,2.0,1.1630027999926824,,,,22.0,Male,Right handed,Normal
sub86_NB,NB,26.0,frames/Vid26_EM_T.png,frames/Vid26_L.png,l,1.0,9.596865900006378,5.0,1.8812392999825531,,,,22.0,Male,Right handed,Normal
sub86_NB,NB,27.0,frames/Vid27_BB_T.png,frames/Vid27_L.png,r,1.0,4.428665600018576,4.0,1.1167606000090018,,,,22.0,Male,Right handed,Normal
sub86_NB,NB,27.0,frames/Vid27_BB_T.png,frames/Vid27_L.png,r,1.0,9.620692199998302,4.0,1.5319311000057496,,,,22.0,Male,Right handed,Normal
sub86_NB,NB,28.0,frames/Vid28_EM_T.png,frames/Vid28_L.png,r,1.0,2.193859099992551,5.0,1.2158918000059202,,,,22.0,Male,Right handed,Normal
sub86_NB,NB,28.0,frames/Vid28_EM_T.png,frames/Vid28_L.png,l,1.0,3.828332700009923,5.0,2.014810900000157,,,,22.0,Male,Right handed,Normal
sub86_NB,NB,29.0,frames/Vid29_BB_T.png,frames/Vid29_L.png,l,0.0,6.746818699990399,1.0,2.0986707000120077,,,,22.0,Male,Right handed,Normal
sub86_NB,NB,29.0,frames/Vid29_BB_T.png,frames/Vid29_L.png,l,0.0,2.5280036999902222,2.0,7.765094100002898,,,,22.0,Male,Right handed,Normal
sub86_NB,NB,30.0,frames/Vid30_EM_T.png,frames/Vid30_L.png,l,1.0,3.0978209000022616,2.0,2.115663800010225,,,,22.0,Male,Right handed,Normal
sub86_NB,NB,30.0,frames/Vid30_EM_T.png,frames/Vid30_L.png,r,1.0,10.194011200015666,4.0,1.0976160000136588,,,,22.0,Male,Right handed,Normal
sub86_NB,NB,31.0,frames/Vid31_EM_T.png,frames/Vid31_L.png,r,1.0,2.0934916000114754,4.0,1.313874500017846,,,,22.0,Male,Right handed,Normal
sub86_NB,NB,31.0,frames/Vid31_EM_T.png,frames/Vid31_L.png,r,1.0,4.059839499997906,5.0,1.6479046000167727,,,,22.0,Male,Right handed,Normal
sub86_NB,NB,32.0,frames/Vid32_EM_T.png,frames/Vid32_L.png,r,1.0,2.5272459000116214,5.0,1.5492919000098482,,,,22.0,Male,Right handed,Normal
sub86_NB,NB,32.0,frames/Vid32_EM_T.png,frames/Vid32_L.png,r,1.0,3.136059499986004,5.0,1.4804614000022411,,,,22.0,Male,Right handed,Normal
sub86_NB,NB,33.0,frames/Vid33_BB_T.png,frames/Vid33_L.png,r,1.0,3.173738899989985,2.0,1.4141258999879938,,,,22.0,Male,Right handed,Normal
sub86_NB,NB,33.0,frames/Vid33_BB_T.png,frames/Vid33_L.png,l,1.0,3.877741899981629,5.0,1.5985443000099622,,,,22.0,Male,Right handed,Normal
sub86_NB,NB,34.0,frames/Vid34_BB_T.png,frames/Vid34_L.png,l,1.0,4.114997800003039,3.0,1.4315572000050452,,,,22.0,Male,Right handed,Normal
sub86_NB,NB,34.0,frames/Vid34_BB_T.png,frames/Vid34_L.png,r,1.0,4.716343999985838,4.0,1.2812933000095654,,,,22.0,Male,Right handed,Normal
sub86_NB,NB,35.0,frames/Vid35_EM_T.png,frames/Vid35_L.png,l,1.0,3.882570399990073,5.0,2.6126263000187464,,,,22.0,Male,Right handed,Normal
sub86_NB,NB,35.0,frames/Vid35_EM_T.png,frames/Vid35_L.png,l,1.0,3.4917002999864053,5.0,1.4631335999874864,,,,22.0,Male,Right handed,Normal
sub86_NB,NB,36.0,frames/Vid36_BB_T.png,frames/Vid36_L.png,l,1.0,5.541032300010556,2.0,1.531442200008314,,,,22.0,Male,Right handed,Normal
sub86_NB,NB,36.0,frames/Vid36_BB_T.png,frames/Vid36_L.png,r,1.0,8.294462099991506,1.0,2.332302399998298,,,,22.0,Male,Right handed,Normal
sub86_NB,NB,37.0,frames/Vid37_BB_T.png,frames/Vid37_L.png,l,1.0,2.4651659000082873,5.0,2.6819572999957018,,,,22.0,Male,Right handed,Normal
sub86_NB,NB,37.0,frames/Vid37_BB_T.png,frames/Vid37_L.png,r,1.0,3.9837200999900233,5.0,1.1157564999884926,,,,22.0,Male,Right handed,Normal
sub86_NB,NB,38.0,frames/Vid38_EM_T.png,frames/Vid38_L.png,r,1.0,4.064737299981061,3.0,2.2973389000108,,,,22.0,Male,Right handed,Normal
sub86_NB,NB,38.0,frames/Vid38_EM_T.png,frames/Vid38_L.png,r,1.0,4.825817000004463,5.0,2.214831699995557,,,,22.0,Male,Right handed,Normal
sub86_NB,NB,39.0,frames/Vid39_BB_T.png,frames/Vid39_L.png,l,1.0,3.036417299997993,5.0,1.6984172000084072,,,,22.0,Male,Right handed,Normal
sub86_NB,NB,39.0,frames/Vid39_BB_T.png,frames/Vid39_L.png,r,1.0,6.356383700011065,5.0,1.2485662999970373,,,,22.0,Male,Right handed,Normal
sub86_NB,NB,40.0,frames/Vid40_EM_T.png,frames/Vid40_L.png,r,1.0,3.75893989999895,3.0,1.649817700003041,,,,22.0,Male,Right handed,Normal
sub86_NB,NB,40.0,frames/Vid40_EM_T.png,frames/Vid40_L.png,l,1.0,4.941249199997401,5.0,2.079649400024209,,,,22.0,Male,Right handed,Normal
sub88_AB,AB,1.0,frames/Vid1_EM_T.png,frames/Vid1_L.png,l,1.0,7.91433379999944,5.0,3.664610599982552,,,,20.0,Male,Right handed,Normal
sub88_AB,AB,2.0,frames/Vid2_BB_T.png,frames/Vid2_L.png,l,0.0,4.1363014000235125,1.0,2.4662338999914937,,,,20.0,Male,Right handed,Normal
sub88_AB,AB,3.0,frames/Vid3_BB_T.png,frames/Vid3_L.png,r,1.0,2.817652800003998,5.0,1.6818262999877334,,,,20.0,Male,Right handed,Normal
sub88_AB,AB,4.0,frames/Vid4_EM_T.png,frames/Vid4_L.png,r,0.0,3.093502500007162,5.0,1.615410599973984,,,,20.0,Male,Right handed,Normal
sub88_AB,AB,5.0,frames/Vid5_EM_T.png,frames/Vid5_L.png,l,1.0,6.023038500017719,5.0,1.8150292999926023,,,,20.0,Male,Right handed,Normal
sub88_AB,AB,6.0,frames/Vid6_BB_T.png,frames/Vid6_L.png,r,1.0,4.217723499983549,5.0,1.4808192000200506,,,,20.0,Male,Right handed,Normal
sub88_AB,AB,7.0,frames/Vid7_EM_T.png,frames/Vid7_L.png,l,0.0,5.639572499989299,3.0,1.6969431000179611,,,,20.0,Male,Right handed,Normal
sub88_AB,AB,8.0,frames/Vid8_BB_T.png,frames/Vid8_L.png,l,1.0,2.7789320000156295,5.0,1.4805896999896504,,,,20.0,Male,Right handed,Normal
sub88_AB,AB,9.0,frames/Vid9_EM_T.png,frames/Vid9_L.png,l,0.0,8.672683899989352,5.0,1.7471575000090525,,,,20.0,Male,Right handed,Normal
sub88_AB,AB,10.0,frames/Vid10_BB_T.png,frames/Vid10_L.png,l,1.0,3.503701199981151,1.0,2.2314608999877237,,,,20.0,Male,Right handed,Normal
sub88_AB,AB,11.0,frames/Vid11_EM_T.png,frames/Vid11_L.png,l,1.0,2.562130400008755,5.0,1.7141319000220392,,,,20.0,Male,Right handed,Normal
sub88_AB,AB,12.0,frames/Vid12_EM_T.png,frames/Vid12_L.png,r,1.0,3.883009899989702,5.0,1.0489024000125935,,,,20.0,Male,Right handed,Normal
sub88_AB,AB,13.0,frames/Vid13_BB_T.png,frames/Vid13_L.png,r,0.0,7.414722600020468,1.0,5.414727099996526,,,,20.0,Male,Right handed,Normal
sub88_AB,AB,14.0,frames/Vid14_BB_T.png,frames/Vid14_L.png,r,1.0,6.3571403000096325,5.0,1.447943100007251,,,,20.0,Male,Right handed,Normal
sub88_AB,AB,15.0,frames/Vid15_BB_T.png,frames/Vid15_L.png,l,1.0,4.704985999997007,5.0,2.081264699983876,,,,20.0,Male,Right handed,Normal
sub88_AB,AB,16.0,frames/Vid16_EM_T.png,frames/Vid16_L.png,r,1.0,3.9972578000160865,5.0,2.2993394999939483,,,,20.0,Male,Right handed,Normal
sub88_AB,AB,17.0,frames/Vid17_BB_T.png,frames/Vid17_L.png,l,1.0,5.712583199987421,4.0,1.8313861999777143,,,,20.0,Male,Right handed,Normal
sub88_AB,AB,18.0,frames/Vid18_EM_T.png,frames/Vid18_L.png,l,1.0,9.736097299988614,4.0,1.830128200002946,,,,20.0,Male,Right handed,Normal
sub88_AB,AB,19.0,frames/Vid19_BB_T.png,frames/Vid19_L.png,l,1.0,6.468929200025741,1.0,3.014825699996436,,,,20.0,Male,Right handed,Normal
sub88_AB,AB,20.0,frames/Vid20_EM_T.png,frames/Vid20_L.png,r,1.0,5.370375899976352,5.0,1.296727099979762,,,,20.0,Male,Right handed,Normal
sub88_AB,AB,21.0,frames/Vid21_BB_T.png,frames/Vid21_L.png,l,1.0,3.4540342000254896,5.0,1.9479199000052176,,,,20.0,Male,Right handed,Normal
sub88_AB,AB,22.0,frames/Vid22_EM_T.png,frames/Vid22_L.png,l,1.0,4.1179347000143025,5.0,2.648018999985652,,,,20.0,Male,Right handed,Normal
sub88_AB,AB,23.0,frames/Vid23_EM_T.png,frames/Vid23_L.png,r,1.0,4.921608400007244,5.0,1.8641085000126625,,,,20.0,Male,Right handed,Normal
sub88_AB,AB,24.0,frames/Vid24_BB_T.png,frames/Vid24_L.png,l,1.0,4.731713699991815,5.0,1.8637608000135517,,,,20.0,Male,Right handed,Normal
sub88_AB,AB,25.0,frames/Vid25_BB_T.png,frames/Vid25_L.png,r,1.0,17.875955899973633,5.0,2.1146557000174653,,,,20.0,Male,Right handed,Normal
sub88_AB,AB,26.0,frames/Vid26_EM_T.png,frames/Vid26_L.png,l,1.0,4.432706699997652,5.0,1.8155344999977387,,,,20.0,Male,Right handed,Normal
sub88_AB,AB,27.0,frames/Vid27_BB_T.png,frames/Vid27_L.png,r,1.0,8.419059499981813,5.0,1.2810020000033546,,,,20.0,Male,Right handed,Normal
sub88_AB,AB,28.0,frames/Vid28_EM_T.png,frames/Vid28_L.png,l,1.0,3.1874337999906857,5.0,1.8320033999916632,,,,20.0,Male,Right handed,Normal
sub88_AB,AB,29.0,frames/Vid29_BB_T.png,frames/Vid29_L.png,r,1.0,3.4095945000008214,5.0,1.764878799993312,,,,20.0,Male,Right handed,Normal
sub88_AB,AB,30.0,frames/Vid30_EM_T.png,frames/Vid30_L.png,r,1.0,8.101680599997053,5.0,1.7646945999877062,,,,20.0,Male,Right handed,Normal
sub88_AB,AB,31.0,frames/Vid31_EM_T.png,frames/Vid31_L.png,r,1.0,4.024215699988417,5.0,7.914887599996291,,,,20.0,Male,Right handed,Normal
sub88_AB,AB,32.0,frames/Vid32_EM_T.png,frames/Vid32_L.png,l,1.0,4.139992199983681,5.0,3.265463999996427,,,,20.0,Male,Right handed,Normal
sub88_AB,AB,33.0,frames/Vid33_BB_T.png,frames/Vid33_L.png,l,1.0,4.163072099996498,5.0,1.446473399992101,,,,20.0,Male,Right handed,Normal
sub88_AB,AB,34.0,frames/Vid34_BB_T.png,frames/Vid34_L.png,r,1.0,4.259123199997703,5.0,1.5299655999988315,,,,20.0,Male,Right handed,Normal
sub88_AB,AB,35.0,frames/Vid35_EM_T.png,frames/Vid35_L.png,l,1.0,4.127739999996265,3.0,1.6314488000061829,,,,20.0,Male,Right handed,Normal
sub88_AB,AB,36.0,frames/Vid36_BB_T.png,frames/Vid36_L.png,l,1.0,4.788776000001235,2.0,2.7478799000091385,,,,20.0,Male,Right handed,Normal
sub88_AB,AB,37.0,frames/Vid37_BB_T.png,frames/Vid37_L.png,r,1.0,4.863992700004019,5.0,2.61453329998767,,,,20.0,Male,Right handed,Normal
sub88_AB,AB,38.0,frames/Vid38_EM_T.png,frames/Vid38_L.png,r,1.0,8.637781599973096,2.0,1.8473951000196391,,,,20.0,Male,Right handed,Normal
sub88_AB,AB,39.0,frames/Vid39_BB_T.png,frames/Vid39_L.png,r,1.0,6.636772199999541,5.0,2.84908329998143,,,,20.0,Male,Right handed,Normal
sub88_AB,AB,40.0,frames/Vid40_EM_T.png,frames/Vid40_L.png,r,1.0,6.624191400012933,5.0,2.180461899988586,,,,20.0,Male,Right handed,Normal
sub89_AB,AB,1.0,frames/Vid1_EM_T.png,frames/Vid1_L.png,r,1.0,12.7999748000002,5.0,1.7316476000123655,,,,20.0,Female,Right handed,Normal
sub89_AB,AB,2.0,frames/Vid2_BB_T.png,frames/Vid2_L.png,l,0.0,10.77190530000371,2.0,3.130926499987254,,,,20.0,Female,Right handed,Normal
sub89_AB,AB,3.0,frames/Vid3_BB_T.png,frames/Vid3_L.png,l,1.0,5.939487099996768,3.0,4.280975099973148,,,,20.0,Female,Right handed,Normal
sub89_AB,AB,4.0,frames/Vid4_EM_T.png,frames/Vid4_L.png,r,1.0,15.276931100001091,2.0,2.7159158999857027,,,,20.0,Female,Right handed,Normal
sub89_AB,AB,5.0,frames/Vid5_EM_T.png,frames/Vid5_L.png,l,1.0,3.923124499997357,5.0,1.814695399982156,,,,20.0,Female,Right handed,Normal
sub89_AB,AB,6.0,frames/Vid6_BB_T.png,frames/Vid6_L.png,l,1.0,5.783748299989384,2.0,2.197517099994002,,,,20.0,Female,Right handed,Normal
sub89_AB,AB,7.0,frames/Vid7_EM_T.png,frames/Vid7_L.png,l,1.0,6.127871500008041,4.0,2.1307705999934115,,,,20.0,Female,Right handed,Normal
sub89_AB,AB,8.0,frames/Vid8_BB_T.png,frames/Vid8_L.png,l,1.0,4.309155099996133,3.0,2.644925399974454,,,,20.0,Female,Right handed,Normal
sub89_AB,AB,9.0,frames/Vid9_EM_T.png,frames/Vid9_L.png,l,1.0,3.373024100001203,5.0,1.7152511000167578,,,,20.0,Female,Right handed,Normal
sub89_AB,AB,10.0,frames/Vid10_BB_T.png,frames/Vid10_L.png,l,1.0,5.294100099999923,4.0,2.031716099998448,,,,20.0,Female,Right handed,Normal
sub89_AB,AB,11.0,frames/Vid11_EM_T.png,frames/Vid11_L.png,l,1.0,3.083246900001541,5.0,2.312814699980663,,,,20.0,Female,Right handed,Normal
sub89_AB,AB,12.0,frames/Vid12_EM_T.png,frames/Vid12_L.png,l,0.0,8.962456700013718,2.0,2.048076300008688,,,,20.0,Female,Right handed,Normal
sub89_AB,AB,13.0,frames/Vid13_BB_T.png,frames/Vid13_L.png,r,1.0,3.910496299999067,5.0,1.6472322000190616,,,,20.0,Female,Right handed,Normal
sub89_AB,AB,14.0,frames/Vid14_BB_T.png,frames/Vid14_L.png,l,1.0,5.331008000008296,5.0,1.963953099999344,,,,20.0,Female,Right handed,Normal
sub89_AB,AB,15.0,frames/Vid15_BB_T.png,frames/Vid15_L.png,r,1.0,4.793867700005649,2.0,2.2812975000124425,,,,20.0,Female,Right handed,Normal
sub89_AB,AB,16.0,frames/Vid16_EM_T.png,frames/Vid16_L.png,r,0.0,5.018618300004164,3.0,2.498913499992341,,,,20.0,Female,Right handed,Normal
sub89_AB,AB,17.0,frames/Vid17_BB_T.png,frames/Vid17_L.png,r,0.0,15.79428130001179,2.0,1.8813846000120975,,,,20.0,Female,Right handed,Normal
sub89_AB,AB,18.0,frames/Vid18_EM_T.png,frames/Vid18_L.png,r,1.0,4.917359699989902,5.0,1.911890699993819,,,,20.0,Female,Right handed,Normal
sub89_AB,AB,19.0,frames/Vid19_BB_T.png,frames/Vid19_L.png,r,1.0,7.077962399984244,3.0,2.2814031000016257,,,,20.0,Female,Right handed,Normal
sub89_AB,AB,20.0,frames/Vid20_EM_T.png,frames/Vid20_L.png,r,1.0,21.066248899995117,3.0,1.815332700003637,,,,20.0,Female,Right handed,Normal
sub89_AB,AB,21.0,frames/Vid21_BB_T.png,frames/Vid21_L.png,r,1.0,5.053176400018856,4.0,1.4317453000112437,,,,20.0,Female,Right handed,Normal
sub89_AB,AB,22.0,frames/Vid22_EM_T.png,frames/Vid22_L.png,r,1.0,6.739476399990963,5.0,2.680345100001432,,,,20.0,Female,Right handed,Normal
sub89_AB,AB,23.0,frames/Vid23_EM_T.png,frames/Vid23_L.png,r,1.0,4.556008600018686,4.0,2.795676200010348,,,,20.0,Female,Right handed,Normal
sub89_AB,AB,24.0,frames/Vid24_BB_T.png,frames/Vid24_L.png,l,1.0,4.310878800024511,5.0,1.9481242000183556,,,,20.0,Female,Right handed,Normal
sub89_AB,AB,25.0,frames/Vid25_BB_T.png,frames/Vid25_L.png,l,1.0,16.616531299980124,2.0,2.295956499991007,,,,20.0,Female,Right handed,Normal
sub89_AB,AB,26.0,frames/Vid26_EM_T.png,frames/Vid26_L.png,r,0.0,7.433233399991877,4.0,1.8984329999948384,,,,20.0,Female,Right handed,Normal
sub89_AB,AB,27.0,frames/Vid27_BB_T.png,frames/Vid27_L.png,l,1.0,4.1057018999999855,5.0,2.263529499992728,,,,20.0,Female,Right handed,Normal
sub89_AB,AB,28.0,frames/Vid28_EM_T.png,frames/Vid28_L.png,l,1.0,4.53082600000198,5.0,3.06614979999722,,,,20.0,Female,Right handed,Normal
sub89_AB,AB,29.0,frames/Vid29_BB_T.png,frames/Vid29_L.png,r,0.0,5.201272799982689,5.0,1.6655686999729369,,,,20.0,Female,Right handed,Normal
sub89_AB,AB,30.0,frames/Vid30_EM_T.png,frames/Vid30_L.png,l,1.0,6.224901400011731,5.0,2.3154814000008628,,,,20.0,Female,Right handed,Normal
sub89_AB,AB,31.0,frames/Vid31_EM_T.png,frames/Vid31_L.png,l,1.0,4.552402800007258,5.0,7.714837699983036,,,,20.0,Female,Right handed,Normal
sub89_AB,AB,32.0,frames/Vid32_EM_T.png,frames/Vid32_L.png,l,1.0,4.748363199993037,5.0,2.3806132999889087,,,,20.0,Female,Right handed,Normal
sub89_AB,AB,33.0,frames/Vid33_BB_T.png,frames/Vid33_L.png,r,1.0,7.345491300016874,5.0,1.96366459998535,,,,20.0,Female,Right handed,Normal
sub89_AB,AB,34.0,frames/Vid34_BB_T.png,frames/Vid34_L.png,r,1.0,21.7874081999762,2.0,4.714833699981682,,,,20.0,Female,Right handed,Normal
sub89_AB,AB,35.0,frames/Vid35_EM_T.png,frames/Vid35_L.png,r,1.0,4.3499660000088625,5.0,1.9479086000064856,,,,20.0,Female,Right handed,Normal
sub89_AB,AB,36.0,frames/Vid36_BB_T.png,frames/Vid36_L.png,r,1.0,7.758435800002189,2.0,1.516008499980671,,,,20.0,Female,Right handed,Normal
sub89_AB,AB,37.0,frames/Vid37_BB_T.png,frames/Vid37_L.png,l,1.0,4.131489299994428,4.0,1.7164986999996472,,,,20.0,Female,Right handed,Normal
sub89_AB,AB,38.0,frames/Vid38_EM_T.png,frames/Vid38_L.png,r,1.0,11.4658149999741,1.0,2.4475039999815635,,,,20.0,Female,Right handed,Normal
sub89_AB,AB,39.0,frames/Vid39_BB_T.png,frames/Vid39_L.png,l,1.0,7.585535199992592,3.0,2.914744999987306,,,,20.0,Female,Right handed,Normal
sub89_AB,AB,40.0,frames/Vid40_EM_T.png,frames/Vid40_L.png,r,0.0,12.063019299996084,3.0,2.9813862000009976,,,,20.0,Female,Right handed,Normal
sub90_AB,AB,1.0,frames/Vid1_EM_T.png,frames/Vid1_L.png,r,1.0,6.586633200000506,5.0,1.4146231999911834,,,,20.0,Female,Right handed,Corrected to normal
sub90_AB,AB,1.0,frames/Vid1_EM_T.png,frames/Vid1_L.png,l,1.0,3.3656170000031125,5.0,1.2817938999796752,,,,20.0,Female,Right handed,Corrected to normal
sub90_AB,AB,2.0,frames/Vid2_BB_T.png,frames/Vid2_L.png,r,1.0,6.898004100017715,5.0,1.08248400001321,,,,20.0,Female,Right handed,Corrected to normal
sub90_AB,AB,2.0,frames/Vid2_BB_T.png,frames/Vid2_L.png,l,1.0,4.5086582000076305,5.0,1.564320600009523,,,,20.0,Female,Right handed,Corrected to normal
sub90_AB,AB,3.0,frames/Vid3_BB_T.png,frames/Vid3_L.png,l,1.0,7.556345399993006,5.0,1.296746699983487,,,,20.0,Female,Right handed,Corrected to normal
sub90_AB,AB,3.0,frames/Vid3_BB_T.png,frames/Vid3_L.png,r,1.0,3.48925829998916,5.0,1.365212499978952,,,,20.0,Female,Right handed,Corrected to normal
sub90_AB,AB,4.0,frames/Vid4_EM_T.png,frames/Vid4_L.png,r,1.0,22.13277339999331,5.0,2.8152749000000767,,,,20.0,Female,Right handed,Corrected to normal
sub90_AB,AB,4.0,frames/Vid4_EM_T.png,frames/Vid4_L.png,l,0.0,13.423773199989228,3.0,1.948108000011416,,,,20.0,Female,Right handed,Corrected to normal
sub90_AB,AB,5.0,frames/Vid5_EM_T.png,frames/Vid5_L.png,l,1.0,4.943915999989258,4.0,1.5145592000044417,,,,20.0,Female,Right handed,Corrected to normal
sub90_AB,AB,5.0,frames/Vid5_EM_T.png,frames/Vid5_L.png,r,1.0,6.5644437999872025,3.0,1.1488980000140143,,,,20.0,Female,Right handed,Corrected to normal
sub90_AB,AB,6.0,frames/Vid6_BB_T.png,frames/Vid6_L.png,r,1.0,6.966451299987966,4.0,1.6309818999725394,,,,20.0,Female,Right handed,Corrected to normal
sub90_AB,AB,6.0,frames/Vid6_BB_T.png,frames/Vid6_L.png,l,1.0,4.4343589000054635,5.0,1.3479503999988085,,,,20.0,Female,Right handed,Corrected to normal
sub90_AB,AB,7.0,frames/Vid7_EM_T.png,frames/Vid7_L.png,l,1.0,4.121991499996511,5.0,1.1491782999946736,,,,20.0,Female,Right handed,Corrected to normal
sub90_AB,AB,7.0,frames/Vid7_EM_T.png,frames/Vid7_L.png,l,1.0,4.10729009998613,5.0,1.1652138000063132,,,,20.0,Female,Right handed,Corrected to normal
sub90_AB,AB,8.0,frames/Vid8_BB_T.png,frames/Vid8_L.png,l,1.0,6.360845499992138,5.0,1.6648509999795351,,,,20.0,Female,Right handed,Corrected to normal
sub90_AB,AB,8.0,frames/Vid8_BB_T.png,frames/Vid8_L.png,l,1.0,5.386925600003451,4.0,6.781982700020308,,,,20.0,Female,Right handed,Corrected to normal
sub90_AB,AB,9.0,frames/Vid9_EM_T.png,frames/Vid9_L.png,r,1.0,3.5569669000105932,5.0,1.0812497999868356,,,,20.0,Female,Right handed,Corrected to normal
sub90_AB,AB,9.0,frames/Vid9_EM_T.png,frames/Vid9_L.png,l,1.0,3.6939990000100806,5.0,1.447544199996628,,,,20.0,Female,Right handed,Corrected to normal
sub90_AB,AB,10.0,frames/Vid10_BB_T.png,frames/Vid10_L.png,l,1.0,4.6907821999921,5.0,1.4648493000131566,,,,20.0,Female,Right handed,Corrected to normal
sub90_AB,AB,10.0,frames/Vid10_BB_T.png,frames/Vid10_L.png,l,1.0,2.0821285999845713,5.0,1.8137428000045477,,,,20.0,Female,Right handed,Corrected to normal
sub90_AB,AB,11.0,frames/Vid11_EM_T.png,frames/Vid11_L.png,l,1.0,3.499045300006401,5.0,1.19825889999629,,,,20.0,Female,Right handed,Corrected to normal
sub90_AB,AB,11.0,frames/Vid11_EM_T.png,frames/Vid11_L.png,r,1.0,4.264762500009965,5.0,1.1651768000156153,,,,20.0,Female,Right handed,Corrected to normal
sub90_AB,AB,12.0,frames/Vid12_EM_T.png,frames/Vid12_L.png,r,1.0,2.8844919000111986,4.0,1.5140395000053104,,,,20.0,Female,Right handed,Corrected to normal
sub90_AB,AB,12.0,frames/Vid12_EM_T.png,frames/Vid12_L.png,r,1.0,1.6077627999766264,5.0,1.0142586999863852,,,,20.0,Female,Right handed,Corrected to normal
sub90_AB,AB,13.0,frames/Vid13_BB_T.png,frames/Vid13_L.png,l,1.0,3.9514300000155345,5.0,1.3315504999773111,,,,20.0,Female,Right handed,Corrected to normal
sub90_AB,AB,13.0,frames/Vid13_BB_T.png,frames/Vid13_L.png,l,1.0,9.018692599987844,3.0,3.3978951000026427,,,,20.0,Female,Right handed,Corrected to normal
sub90_AB,AB,14.0,frames/Vid14_BB_T.png,frames/Vid14_L.png,l,1.0,3.07022500000312,5.0,1.0290849000157325,,,,20.0,Female,Right handed,Corrected to normal
sub90_AB,AB,14.0,frames/Vid14_BB_T.png,frames/Vid14_L.png,l,1.0,3.334593100007623,5.0,1.2151126000098884,,,,20.0,Female,Right handed,Corrected to normal
sub90_AB,AB,15.0,frames/Vid15_BB_T.png,frames/Vid15_L.png,r,1.0,7.475735100015299,5.0,1.6138129999744706,,,,20.0,Female,Right handed,Corrected to normal
sub90_AB,AB,15.0,frames/Vid15_BB_T.png,frames/Vid15_L.png,r,1.0,3.807751800020924,5.0,1.5135397000121884,,,,20.0,Female,Right handed,Corrected to normal
sub90_AB,AB,16.0,frames/Vid16_EM_T.png,frames/Vid16_L.png,r,0.0,7.688442699989537,5.0,1.1824347999936435,,,,20.0,Female,Right handed,Corrected to normal
sub90_AB,AB,16.0,frames/Vid16_EM_T.png,frames/Vid16_L.png,r,1.0,6.236855300026946,5.0,1.3647982999973465,,,,20.0,Female,Right handed,Corrected to normal
sub90_AB,AB,17.0,frames/Vid17_BB_T.png,frames/Vid17_L.png,r,1.0,10.135647199989762,5.0,1.598326699982863,,,,20.0,Female,Right handed,Corrected to normal
sub90_AB,AB,17.0,frames/Vid17_BB_T.png,frames/Vid17_L.png,r,1.0,2.748061799997231,5.0,2.2474436000047717,,,,20.0,Female,Right handed,Corrected to normal
sub90_AB,AB,18.0,frames/Vid18_EM_T.png,frames/Vid18_L.png,r,1.0,6.4481915999786,4.0,0.9968709999811836,,,,20.0,Female,Right handed,Corrected to normal
sub90_AB,AB,18.0,frames/Vid18_EM_T.png,frames/Vid18_L.png,l,1.0,2.014790500019444,5.0,0.4653658000170253,,,,20.0,Female,Right handed,Corrected to normal
sub90_AB,AB,19.0,frames/Vid19_BB_T.png,frames/Vid19_L.png,l,1.0,8.14989559998503,4.0,1.6944169999915175,,,,20.0,Female,Right handed,Corrected to normal
sub90_AB,AB,19.0,frames/Vid19_BB_T.png,frames/Vid19_L.png,r,1.0,8.644532900012564,5.0,0.7659357000084128,,,,20.0,Female,Right handed,Corrected to normal
sub90_AB,AB,20.0,frames/Vid20_EM_T.png,frames/Vid20_L.png,r,1.0,4.47941699999501,5.0,1.6632278000179213,,,,20.0,Female,Right handed,Corrected to normal
sub90_AB,AB,20.0,frames/Vid20_EM_T.png,frames/Vid20_L.png,l,1.0,1.239200099982554,5.0,0.7649720999761485,,,,20.0,Female,Right handed,Corrected to normal
sub90_AB,AB,21.0,frames/Vid21_BB_T.png,frames/Vid21_L.png,l,1.0,2.9333944999962114,5.0,1.6466151000058744,,,,20.0,Female,Right handed,Corrected to normal
sub90_AB,AB,21.0,frames/Vid21_BB_T.png,frames/Vid21_L.png,r,1.0,6.1222276000189595,3.0,2.9152069999836385,,,,20.0,Female,Right handed,Corrected to normal
sub90_AB,AB,22.0,frames/Vid22_EM_T.png,frames/Vid22_L.png,l,1.0,4.367702500021551,5.0,1.4980488999863155,,,,20.0,Female,Right handed,Corrected to normal
sub90_AB,AB,22.0,frames/Vid22_EM_T.png,frames/Vid22_L.png,l,1.0,2.0185555000207387,5.0,0.7462352000002284,,,,20.0,Female,Right handed,Corrected to normal
sub90_AB,AB,23.0,frames/Vid23_EM_T.png,frames/Vid23_L.png,r,1.0,2.7677216999873053,5.0,1.3488676999986635,,,,20.0,Female,Right handed,Corrected to normal
sub90_AB,AB,23.0,frames/Vid23_EM_T.png,frames/Vid23_L.png,l,1.0,3.4678546999930404,5.0,1.5974216000176966,,,,20.0,Female,Right handed,Corrected to normal
sub90_AB,AB,24.0,frames/Vid24_BB_T.png,frames/Vid24_L.png,l,1.0,7.395615499990527,5.0,9.68263689999003,,,,20.0,Female,Right handed,Corrected to normal
sub90_AB,AB,24.0,frames/Vid24_BB_T.png,frames/Vid24_L.png,l,1.0,3.748547800001688,5.0,0.9466330999857746,,,,20.0,Female,Right handed,Corrected to normal
sub90_AB,AB,25.0,frames/Vid25_BB_T.png,frames/Vid25_L.png,l,1.0,3.2212025999906473,5.0,1.514454799995292,,,,20.0,Female,Right handed,Corrected to normal
sub90_AB,AB,25.0,frames/Vid25_BB_T.png,frames/Vid25_L.png,r,1.0,14.73090890000458,5.0,0.8483784999989439,,,,20.0,Female,Right handed,Corrected to normal
sub90_AB,AB,26.0,frames/Vid26_EM_T.png,frames/Vid26_L.png,r,1.0,4.309213500004262,5.0,1.3134790000040084,,,,20.0,Female,Right handed,Corrected to normal
sub90_AB,AB,26.0,frames/Vid26_EM_T.png,frames/Vid26_L.png,l,1.0,2.745699699997203,5.0,2.780978099995991,,,,20.0,Female,Right handed,Corrected to normal
sub90_AB,AB,27.0,frames/Vid27_BB_T.png,frames/Vid27_L.png,l,1.0,26.50429549999535,5.0,1.982029800012242,,,,20.0,Female,Right handed,Corrected to normal
sub90_AB,AB,27.0,frames/Vid27_BB_T.png,frames/Vid27_L.png,l,1.0,3.899443299975246,4.0,5.381567499978701,,,,20.0,Female,Right handed,Corrected to normal
sub90_AB,AB,28.0,frames/Vid28_EM_T.png,frames/Vid28_L.png,r,1.0,5.7647455999976955,5.0,4.064583600003971,,,,20.0,Female,Right handed,Corrected to normal
sub90_AB,AB,28.0,frames/Vid28_EM_T.png,frames/Vid28_L.png,l,1.0,1.7906093999918085,5.0,0.7475698000052944,,,,20.0,Female,Right handed,Corrected to normal
sub90_AB,AB,29.0,frames/Vid29_BB_T.png,frames/Vid29_L.png,r,1.0,2.880598400020972,5.0,1.5807473000022585,,,,20.0,Female,Right handed,Corrected to normal
sub90_AB,AB,29.0,frames/Vid29_BB_T.png,frames/Vid29_L.png,l,1.0,4.283556999987923,5.0,1.7628723999951037,,,,20.0,Female,Right handed,Corrected to normal
sub90_AB,AB,30.0,frames/Vid30_EM_T.png,frames/Vid30_L.png,l,1.0,5.658793499984313,5.0,1.2797277999925427,,,,20.0,Female,Right handed,Corrected to normal
sub90_AB,AB,30.0,frames/Vid30_EM_T.png,frames/Vid30_L.png,r,1.0,4.82589849998476,5.0,8.863944200013066,,,,20.0,Female,Right handed,Corrected to normal
sub90_AB,AB,31.0,frames/Vid31_EM_T.png,frames/Vid31_L.png,l,1.0,5.059888599993428,5.0,1.1997649999975692,,,,20.0,Female,Right handed,Corrected to normal
sub90_AB,AB,31.0,frames/Vid31_EM_T.png,frames/Vid31_L.png,r,1.0,6.600752500002272,5.0,0.4651349999767262,,,,20.0,Female,Right handed,Corrected to normal
sub90_AB,AB,32.0,frames/Vid32_EM_T.png,frames/Vid32_L.png,l,1.0,3.051063399994746,5.0,1.597485799982678,,,,20.0,Female,Right handed,Corrected to normal
sub90_AB,AB,32.0,frames/Vid32_EM_T.png,frames/Vid32_L.png,l,1.0,1.4544997999910263,5.0,1.8308818000077736,,,,20.0,Female,Right handed,Corrected to normal
sub90_AB,AB,33.0,frames/Vid33_BB_T.png,frames/Vid33_L.png,r,1.0,3.4418770000047516,5.0,1.1320315999910235,,,,20.0,Female,Right handed,Corrected to normal
sub90_AB,AB,33.0,frames/Vid33_BB_T.png,frames/Vid33_L.png,l,1.0,3.263661500008311,5.0,1.0831844000204,,,,20.0,Female,Right handed,Corrected to normal
sub90_AB,AB,34.0,frames/Vid34_BB_T.png,frames/Vid34_L.png,l,1.0,7.523095100012142,3.0,2.396290300006513,,,,20.0,Female,Right handed,Corrected to normal
sub90_AB,AB,34.0,frames/Vid34_BB_T.png,frames/Vid34_L.png,r,1.0,9.412165299989285,3.0,2.6307008000148926,,,,20.0,Female,Right handed,Corrected to normal
sub90_AB,AB,35.0,frames/Vid35_EM_T.png,frames/Vid35_L.png,r,1.0,2.7077143999922555,5.0,1.0313484000216704,,,,20.0,Female,Right handed,Corrected to normal
sub90_AB,AB,35.0,frames/Vid35_EM_T.png,frames/Vid35_L.png,l,1.0,3.582912799989572,5.0,0.7308331000094768,,,,20.0,Female,Right handed,Corrected to normal
sub90_AB,AB,36.0,frames/Vid36_BB_T.png,frames/Vid36_L.png,r,1.0,6.019966199994087,4.0,1.6643387000076473,,,,20.0,Female,Right handed,Corrected to normal
sub90_AB,AB,36.0,frames/Vid36_BB_T.png,frames/Vid36_L.png,l,1.0,7.353448500012746,5.0,0.966190999984974,,,,20.0,Female,Right handed,Corrected to normal
sub90_AB,AB,37.0,frames/Vid37_BB_T.png,frames/Vid37_L.png,r,1.0,3.4111227999965195,5.0,1.264534400019329,,,,20.0,Female,Right handed,Corrected to normal
sub90_AB,AB,37.0,frames/Vid37_BB_T.png,frames/Vid37_L.png,r,1.0,2.510557500005234,5.0,4.880854499991983,,,,20.0,Female,Right handed,Corrected to normal
sub90_AB,AB,38.0,frames/Vid38_EM_T.png,frames/Vid38_L.png,r,1.0,10.646675399999369,4.0,1.5454703999857884,,,,20.0,Female,Right handed,Corrected to normal
sub90_AB,AB,38.0,frames/Vid38_EM_T.png,frames/Vid38_L.png,l,1.0,13.493273600004612,5.0,1.8982052999781445,,,,20.0,Female,Right handed,Corrected to normal
sub90_AB,AB,39.0,frames/Vid39_BB_T.png,frames/Vid39_L.png,r,1.0,6.776826799992705,5.0,1.0645306000078565,,,,20.0,Female,Right handed,Corrected to normal
sub90_AB,AB,39.0,frames/Vid39_BB_T.png,frames/Vid39_L.png,l,1.0,5.609486500005005,5.0,1.830527299985988,,,,20.0,Female,Right handed,Corrected to normal
sub90_AB,AB,40.0,frames/Vid40_EM_T.png,frames/Vid40_L.png,l,1.0,2.7882291999994777,5.0,1.0978417999867816,,,,20.0,Female,Right handed,Corrected to normal
sub90_AB,AB,40.0,frames/Vid40_EM_T.png,frames/Vid40_L.png,l,1.0,3.113433100021211,5.0,0.5303873000084423,,,,20.0,Female,Right handed,Corrected to normal
sub92_AB,AB,1.0,frames/Vid1_EM_T.png,frames/Vid1_L.png,r,1.0,4.815712400013581,4.0,1.197980800003279,,,,26.0,Male,Right handed,Corrected to normal
sub92_AB,AB,2.0,frames/Vid2_BB_T.png,frames/Vid2_L.png,l,1.0,4.844738900021184,5.0,2.330909700016491,,,,26.0,Male,Right handed,Corrected to normal
sub92_AB,AB,3.0,frames/Vid3_BB_T.png,frames/Vid3_L.png,l,1.0,4.385217400005786,5.0,1.6988044999889098,,,,26.0,Male,Right handed,Corrected to normal
sub92_AB,AB,4.0,frames/Vid4_EM_T.png,frames/Vid4_L.png,l,0.0,13.271672000002582,4.0,1.79708990000654,,,,26.0,Male,Right handed,Corrected to normal
sub92_AB,AB,5.0,frames/Vid5_EM_T.png,frames/Vid5_L.png,l,0.0,7.1743561000039335,3.0,1.997242200013716,,,,26.0,Male,Right handed,Corrected to normal
sub92_AB,AB,6.0,frames/Vid6_BB_T.png,frames/Vid6_L.png,l,1.0,5.685533599986229,5.0,1.9494827000016812,,,,26.0,Male,Right handed,Corrected to normal
sub92_AB,AB,7.0,frames/Vid7_EM_T.png,frames/Vid7_L.png,l,1.0,4.980515299976105,5.0,1.2469591999833938,,,,26.0,Male,Right handed,Corrected to normal
sub92_AB,AB,8.0,frames/Vid8_BB_T.png,frames/Vid8_L.png,l,1.0,8.829773999983445,5.0,2.8154020000074524,,,,26.0,Male,Right handed,Corrected to normal
sub92_AB,AB,9.0,frames/Vid9_EM_T.png,frames/Vid9_L.png,l,1.0,3.888434600026813,3.0,1.464538200001698,,,,26.0,Male,Right handed,Corrected to normal
sub92_AB,AB,10.0,frames/Vid10_BB_T.png,frames/Vid10_L.png,r,1.0,4.2780417000176385,5.0,1.9316234000143595,,,,26.0,Male,Right handed,Corrected to normal
sub92_AB,AB,11.0,frames/Vid11_EM_T.png,frames/Vid11_L.png,l,1.0,3.015658699994674,5.0,1.8972653000091668,,,,26.0,Male,Right handed,Corrected to normal
sub92_AB,AB,12.0,frames/Vid12_EM_T.png,frames/Vid12_L.png,l,1.0,2.848477499996079,5.0,2.5126523000071757,,,,26.0,Male,Right handed,Corrected to normal
sub92_AB,AB,13.0,frames/Vid13_BB_T.png,frames/Vid13_L.png,l,1.0,5.073408000025665,4.0,2.4153761000197846,,,,26.0,Male,Right handed,Corrected to normal
sub92_AB,AB,14.0,frames/Vid14_BB_T.png,frames/Vid14_L.png,l,1.0,4.256358099984936,2.0,2.0643541000026744,,,,26.0,Male,Right handed,Corrected to normal
sub92_AB,AB,15.0,frames/Vid15_BB_T.png,frames/Vid15_L.png,r,1.0,3.504722300014691,4.0,1.3984446999966167,,,,26.0,Male,Right handed,Corrected to normal
sub92_AB,AB,16.0,frames/Vid16_EM_T.png,frames/Vid16_L.png,l,0.0,6.097016199986683,1.0,2.330881500005489,,,,26.0,Male,Right handed,Corrected to normal
sub92_AB,AB,17.0,frames/Vid17_BB_T.png,frames/Vid17_L.png,l,1.0,5.534511299978476,2.0,1.2140068000007886,,,,26.0,Male,Right handed,Corrected to normal
sub92_AB,AB,18.0,frames/Vid18_EM_T.png,frames/Vid18_L.png,r,1.0,4.950136800005566,3.0,1.931634500011569,,,,26.0,Male,Right handed,Corrected to normal
sub92_AB,AB,19.0,frames/Vid19_BB_T.png,frames/Vid19_L.png,r,1.0,3.3668463000212796,4.0,1.0142552999895995,,,,26.0,Male,Right handed,Corrected to normal
sub92_AB,AB,20.0,frames/Vid20_EM_T.png,frames/Vid20_L.png,l,1.0,4.0549863999767695,5.0,1.5645627000194509,,,,26.0,Male,Right handed,Corrected to normal
sub92_AB,AB,21.0,frames/Vid21_BB_T.png,frames/Vid21_L.png,l,1.0,3.3140202999929897,5.0,1.6140055000141729,,,,26.0,Male,Right handed,Corrected to normal
sub92_AB,AB,22.0,frames/Vid22_EM_T.png,frames/Vid22_L.png,r,1.0,2.971854799980065,5.0,1.8483291000011377,,,,26.0,Male,Right handed,Corrected to normal
sub92_AB,AB,23.0,frames/Vid23_EM_T.png,frames/Vid23_L.png,r,1.0,1.978520100004971,5.0,1.279468699998688,,,,26.0,Male,Right handed,Corrected to normal
sub92_AB,AB,24.0,frames/Vid24_BB_T.png,frames/Vid24_L.png,l,1.0,3.3014828999876045,5.0,1.9642840000160504,,,,26.0,Male,Right handed,Corrected to normal
sub92_AB,AB,25.0,frames/Vid25_BB_T.png,frames/Vid25_L.png,l,1.0,5.6383981999824755,4.0,2.813784199999646,,,,26.0,Male,Right handed,Corrected to normal
sub92_AB,AB,26.0,frames/Vid26_EM_T.png,frames/Vid26_L.png,r,1.0,2.923654899990652,5.0,1.5639713999989908,,,,26.0,Male,Right handed,Corrected to normal
sub92_AB,AB,27.0,frames/Vid27_BB_T.png,frames/Vid27_L.png,l,1.0,5.604436499997973,3.0,2.447499500005506,,,,26.0,Male,Right handed,Corrected to normal
sub92_AB,AB,28.0,frames/Vid28_EM_T.png,frames/Vid28_L.png,l,1.0,3.0482472000003327,5.0,2.0478744999854825,,,,26.0,Male,Right handed,Corrected to normal
sub92_AB,AB,29.0,frames/Vid29_BB_T.png,frames/Vid29_L.png,r,1.0,6.621220999979414,3.0,1.1639213000016753,,,,26.0,Male,Right handed,Corrected to normal
sub92_AB,AB,30.0,frames/Vid30_EM_T.png,frames/Vid30_L.png,l,1.0,10.151781599997776,5.0,1.7489187000028323,,,,26.0,Male,Right handed,Corrected to normal
sub92_AB,AB,31.0,frames/Vid31_EM_T.png,frames/Vid31_L.png,l,1.0,2.967205799999647,5.0,1.5973857999779284,,,,26.0,Male,Right handed,Corrected to normal
sub92_AB,AB,32.0,frames/Vid32_EM_T.png,frames/Vid32_L.png,l,1.0,3.595908099989174,5.0,2.0988387999823317,,,,26.0,Male,Right handed,Corrected to normal
sub92_AB,AB,33.0,frames/Vid33_BB_T.png,frames/Vid33_L.png,r,1.0,4.825608799990732,5.0,1.679570500011323,,,,26.0,Male,Right handed,Corrected to normal
sub92_AB,AB,34.0,frames/Vid34_BB_T.png,frames/Vid34_L.png,r,1.0,6.093739400006598,2.0,1.3319418000173755,,,,26.0,Male,Right handed,Corrected to normal
sub92_AB,AB,35.0,frames/Vid35_EM_T.png,frames/Vid35_L.png,r,1.0,4.15203970001312,5.0,1.799452899984317,,,,26.0,Male,Right handed,Corrected to normal
sub92_AB,AB,36.0,frames/Vid36_BB_T.png,frames/Vid36_L.png,r,1.0,2.6555274999991525,4.0,1.6488856000069063,,,,26.0,Male,Right handed,Corrected to normal
sub92_AB,AB,37.0,frames/Vid37_BB_T.png,frames/Vid37_L.png,l,1.0,3.190303099981975,5.0,1.4495462000195405,,,,26.0,Male,Right handed,Corrected to normal
sub92_AB,AB,38.0,frames/Vid38_EM_T.png,frames/Vid38_L.png,r,1.0,6.8770386000105646,4.0,6.795570799993584,,,,26.0,Male,Right handed,Corrected to normal
sub92_AB,AB,39.0,frames/Vid39_BB_T.png,frames/Vid39_L.png,r,1.0,4.242287700006273,3.0,2.565102599997772,,,,26.0,Male,Right handed,Corrected to normal
sub92_AB,AB,40.0,frames/Vid40_EM_T.png,frames/Vid40_L.png,l,0.0,5.055420199991204,2.0,2.3666687999793794,,,,26.0,Male,Right handed,Corrected to normal
sub94_AB,AB,1.0,frames/Vid1_EM_T.png,frames/Vid1_L.png,r,1.0,5.499267500010319,5.0,0.9979248000017832,,,,22.0,Male,Right handed,Normal
sub94_AB,AB,2.0,frames/Vid2_BB_T.png,frames/Vid2_L.png,l,1.0,6.590002199984156,5.0,0.8976664000074379,,,,22.0,Male,Right handed,Normal
sub94_AB,AB,3.0,frames/Vid3_BB_T.png,frames/Vid3_L.png,r,1.0,2.931118900014553,5.0,0.9154049000062514,,,,22.0,Male,Right handed,Normal
sub94_AB,AB,4.0,frames/Vid4_EM_T.png,frames/Vid4_L.png,l,1.0,11.149615100002848,4.0,1.5488276999967638,,,,22.0,Male,Right handed,Normal
sub94_AB,AB,5.0,frames/Vid5_EM_T.png,frames/Vid5_L.png,r,1.0,4.300089299998945,4.0,1.36475700000301,,,,22.0,Male,Right handed,Normal
sub94_AB,AB,6.0,frames/Vid6_BB_T.png,frames/Vid6_L.png,r,1.0,7.700012499990407,5.0,0.9145611000130884,,,,22.0,Male,Right handed,Normal
sub94_AB,AB,7.0,frames/Vid7_EM_T.png,frames/Vid7_L.png,l,0.0,3.9057560000219382,5.0,1.2664349999977276,,,,22.0,Male,Right handed,Normal
sub94_AB,AB,8.0,frames/Vid8_BB_T.png,frames/Vid8_L.png,l,1.0,7.884812400006922,5.0,0.8489625999936834,,,,22.0,Male,Right handed,Normal
sub94_AB,AB,9.0,frames/Vid9_EM_T.png,frames/Vid9_L.png,l,1.0,2.7454099000024144,5.0,0.4977222000015899,,,,22.0,Male,Right handed,Normal
sub94_AB,AB,10.0,frames/Vid10_BB_T.png,frames/Vid10_L.png,r,1.0,3.140919400000712,5.0,1.0465975000115575,,,,22.0,Male,Right handed,Normal
sub94_AB,AB,11.0,frames/Vid11_EM_T.png,frames/Vid11_L.png,l,1.0,4.394307500013383,5.0,0.8815367000061087,,,,22.0,Male,Right handed,Normal
sub94_AB,AB,12.0,frames/Vid12_EM_T.png,frames/Vid12_L.png,r,1.0,5.633289699995657,4.0,1.7629710999899544,,,,22.0,Male,Right handed,Normal
sub94_AB,AB,13.0,frames/Vid13_BB_T.png,frames/Vid13_L.png,l,1.0,4.0706089999875985,5.0,2.1986020999902394,,,,22.0,Male,Right handed,Normal
sub94_AB,AB,14.0,frames/Vid14_BB_T.png,frames/Vid14_L.png,l,1.0,5.800073799997335,5.0,0.7649550000205636,,,,22.0,Male,Right handed,Normal
sub94_AB,AB,15.0,frames/Vid15_BB_T.png,frames/Vid15_L.png,l,1.0,4.399679399997694,5.0,2.732362099981401,,,,22.0,Male,Right handed,Normal
sub94_AB,AB,16.0,frames/Vid16_EM_T.png,frames/Vid16_L.png,r,0.0,6.633295299980091,5.0,0.8978751999966335,,,,22.0,Male,Right handed,Normal
sub94_AB,AB,17.0,frames/Vid17_BB_T.png,frames/Vid17_L.png,l,1.0,5.50015920001897,4.0,1.2986104000010528,,,,22.0,Male,Right handed,Normal
sub94_AB,AB,18.0,frames/Vid18_EM_T.png,frames/Vid18_L.png,r,1.0,5.37986610000371,3.0,10.06126519999816,,,,22.0,Male,Right handed,Normal
sub94_AB,AB,19.0,frames/Vid19_BB_T.png,frames/Vid19_L.png,l,1.0,9.605665899987798,2.0,1.8325073999876624,,,,22.0,Male,Right handed,Normal
sub94_AB,AB,20.0,frames/Vid20_EM_T.png,frames/Vid20_L.png,l,1.0,3.4161438000155613,5.0,0.780646400002297,,,,22.0,Male,Right handed,Normal
sub94_AB,AB,21.0,frames/Vid21_BB_T.png,frames/Vid21_L.png,r,1.0,2.8756591999845114,5.0,1.6137777999974787,,,,22.0,Male,Right handed,Normal
sub94_AB,AB,22.0,frames/Vid22_EM_T.png,frames/Vid22_L.png,l,1.0,4.037667399999918,5.0,0.7984681999951135,,,,22.0,Male,Right handed,Normal
sub94_AB,AB,23.0,frames/Vid23_EM_T.png,frames/Vid23_L.png,l,1.0,2.5486427000141703,5.0,1.4633704999869224,,,,22.0,Male,Right handed,Normal
sub94_AB,AB,24.0,frames/Vid24_BB_T.png,frames/Vid24_L.png,l,1.0,2.653063200006727,5.0,1.18190450000111,,,,22.0,Male,Right handed,Normal
sub94_AB,AB,25.0,frames/Vid25_BB_T.png,frames/Vid25_L.png,r,1.0,2.784908000001451,5.0,0.5314170000201557,,,,22.0,Male,Right handed,Normal
sub94_AB,AB,26.0,frames/Vid26_EM_T.png,frames/Vid26_L.png,r,1.0,2.1257875000010245,5.0,0.8152304999821354,,,,22.0,Male,Right handed,Normal
sub94_AB,AB,27.0,frames/Vid27_BB_T.png,frames/Vid27_L.png,r,1.0,6.262285200005863,4.0,1.181122799986042,,,,22.0,Male,Right handed,Normal
sub94_AB,AB,28.0,frames/Vid28_EM_T.png,frames/Vid28_L.png,l,1.0,3.109433000005083,5.0,0.5147678000212181,,,,22.0,Male,Right handed,Normal
sub94_AB,AB,29.0,frames/Vid29_BB_T.png,frames/Vid29_L.png,l,0.0,13.201971900009084,3.0,1.2818116999987978,,,,22.0,Male,Right handed,Normal
sub94_AB,AB,30.0,frames/Vid30_EM_T.png,frames/Vid30_L.png,r,1.0,6.607093400001759,5.0,0.9823099999921396,,,,22.0,Male,Right handed,Normal
sub94_AB,AB,31.0,frames/Vid31_EM_T.png,frames/Vid31_L.png,l,1.0,2.5197952000016812,5.0,0.8494737999862991,,,,22.0,Male,Right handed,Normal
sub94_AB,AB,32.0,frames/Vid32_EM_T.png,frames/Vid32_L.png,r,1.0,3.2561653000011574,5.0,0.9311717000091448,,,,22.0,Male,Right handed,Normal
sub94_AB,AB,33.0,frames/Vid33_BB_T.png,frames/Vid33_L.png,l,1.0,3.4933307000028435,5.0,1.0646928999922238,,,,22.0,Male,Right handed,Normal
sub94_AB,AB,34.0,frames/Vid34_BB_T.png,frames/Vid34_L.png,r,1.0,3.7503770999901462,5.0,1.065010699996492,,,,22.0,Male,Right handed,Normal
sub94_AB,AB,35.0,frames/Vid35_EM_T.png,frames/Vid35_L.png,l,1.0,3.809877600026084,5.0,0.7316648999985773,,,,22.0,Male,Right handed,Normal
sub94_AB,AB,36.0,frames/Vid36_BB_T.png,frames/Vid36_L.png,r,1.0,3.509857800003374,5.0,0.4956600000150502,,,,22.0,Male,Right handed,Normal
sub94_AB,AB,37.0,frames/Vid37_BB_T.png,frames/Vid37_L.png,l,1.0,2.856260200001998,5.0,1.0152156999974975,,,,22.0,Male,Right handed,Normal
sub94_AB,AB,38.0,frames/Vid38_EM_T.png,frames/Vid38_L.png,r,0.0,9.776549700007308,2.0,1.929786199994851,,,,22.0,Male,Right handed,Normal
sub94_AB,AB,39.0,frames/Vid39_BB_T.png,frames/Vid39_L.png,l,1.0,9.17598739999812,5.0,1.617165400006343,,,,22.0,Male,Right handed,Normal
sub94_AB,AB,40.0,frames/Vid40_EM_T.png,frames/Vid40_L.png,l,1.0,2.561726699990686,5.0,0.6972202000033576,,,,22.0,Male,Right handed,Normal
sub95_AB,AB,1.0,frames/Vid1_EM_T.png,frames/Vid1_L.png,l,1.0,4.3558650000195485,5.0,1.2492077999922913,,,,23.0,Male,Right handed,Corrected to normal
sub95_AB,AB,2.0,frames/Vid2_BB_T.png,frames/Vid2_L.png,l,0.0,4.112569500022801,4.0,1.431242699996801,,,,23.0,Male,Right handed,Corrected to normal
sub95_AB,AB,3.0,frames/Vid3_BB_T.png,frames/Vid3_L.png,l,1.0,3.380693399987649,5.0,1.8306696999934504,,,,23.0,Male,Right handed,Corrected to normal
sub95_AB,AB,4.0,frames/Vid4_EM_T.png,frames/Vid4_L.png,r,0.0,13.28326090000337,3.0,1.097796799993375,,,,23.0,Male,Right handed,Corrected to normal
sub95_AB,AB,5.0,frames/Vid5_EM_T.png,frames/Vid5_L.png,r,1.0,4.908796400006395,4.0,1.2641274000052365,,,,23.0,Male,Right handed,Corrected to normal
sub95_AB,AB,6.0,frames/Vid6_BB_T.png,frames/Vid6_L.png,l,1.0,4.573968999990029,4.0,1.314086500002304,,,,23.0,Male,Right handed,Corrected to normal
sub95_AB,AB,7.0,frames/Vid7_EM_T.png,frames/Vid7_L.png,r,0.0,4.1886710000108,4.0,2.2649727999814786,,,,23.0,Male,Right handed,Corrected to normal
sub95_AB,AB,8.0,frames/Vid8_BB_T.png,frames/Vid8_L.png,r,0.0,5.683751500007929,4.0,1.0970586000184994,,,,23.0,Male,Right handed,Corrected to normal
sub95_AB,AB,9.0,frames/Vid9_EM_T.png,frames/Vid9_L.png,r,1.0,3.7705044000176713,4.0,0.830916899984004,,,,23.0,Male,Right handed,Corrected to normal
sub95_AB,AB,10.0,frames/Vid10_BB_T.png,frames/Vid10_L.png,r,1.0,4.613384500000393,1.0,1.4460775000043211,,,,23.0,Male,Right handed,Corrected to normal
sub95_AB,AB,11.0,frames/Vid11_EM_T.png,frames/Vid11_L.png,r,1.0,3.2586072999984026,4.0,0.8823357000073884,,,,23.0,Male,Right handed,Corrected to normal
sub95_AB,AB,12.0,frames/Vid12_EM_T.png,frames/Vid12_L.png,r,1.0,3.28215879999334,1.0,2.3477665999962483,,,,23.0,Male,Right handed,Corrected to normal
sub95_AB,AB,13.0,frames/Vid13_BB_T.png,frames/Vid13_L.png,l,1.0,4.140123999997741,4.0,0.5811756000039168,,,,23.0,Male,Right handed,Corrected to normal
sub95_AB,AB,14.0,frames/Vid14_BB_T.png,frames/Vid14_L.png,r,1.0,5.872103800007608,4.0,0.4320100000186357,,,,23.0,Male,Right handed,Corrected to normal
sub95_AB,AB,15.0,frames/Vid15_BB_T.png,frames/Vid15_L.png,l,1.0,3.453625699999975,5.0,1.414555499999551,,,,23.0,Male,Right handed,Corrected to normal
sub95_AB,AB,16.0,frames/Vid16_EM_T.png,frames/Vid16_L.png,r,0.0,4.344587400002638,4.0,1.2641162000072654,,,,23.0,Male,Right handed,Corrected to normal
sub95_AB,AB,17.0,frames/Vid17_BB_T.png,frames/Vid17_L.png,r,1.0,3.27785800001584,3.0,0.9469467999879272,,,,23.0,Male,Right handed,Corrected to normal
sub95_AB,AB,18.0,frames/Vid18_EM_T.png,frames/Vid18_L.png,l,1.0,2.560923199984245,3.0,0.7478862999996636,,,,23.0,Male,Right handed,Corrected to normal
sub95_AB,AB,19.0,frames/Vid19_BB_T.png,frames/Vid19_L.png,r,0.0,4.99675589997787,2.0,1.0142049999849403,,,,23.0,Male,Right handed,Corrected to normal
sub95_AB,AB,20.0,frames/Vid20_EM_T.png,frames/Vid20_L.png,r,0.0,12.267224600014742,5.0,0.8985412999754772,,,,23.0,Male,Right handed,Corrected to normal
sub95_AB,AB,21.0,frames/Vid21_BB_T.png,frames/Vid21_L.png,l,0.0,7.046254199987743,4.0,0.9125584000139496,,,,23.0,Male,Right handed,Corrected to normal
sub95_AB,AB,22.0,frames/Vid22_EM_T.png,frames/Vid22_L.png,r,1.0,5.759044299978996,5.0,1.464428700011922,,,,23.0,Male,Right handed,Corrected to normal
sub95_AB,AB,23.0,frames/Vid23_EM_T.png,frames/Vid23_L.png,l,1.0,3.2125808999990113,1.0,1.379619699990144,,,,23.0,Male,Right handed,Corrected to normal
sub95_AB,AB,24.0,frames/Vid24_BB_T.png,frames/Vid24_L.png,l,0.0,2.6670547999965493,4.0,0.8981574999925215,,,,23.0,Male,Right handed,Corrected to normal
sub95_AB,AB,25.0,frames/Vid25_BB_T.png,frames/Vid25_L.png,r,1.0,5.221032600005856,4.0,0.6976849000202492,,,,23.0,Male,Right handed,Corrected to normal
sub95_AB,AB,26.0,frames/Vid26_EM_T.png,frames/Vid26_L.png,r,1.0,2.6860353000229225,4.0,0.5301145000266843,,,,23.0,Male,Right handed,Corrected to normal
sub95_AB,AB,27.0,frames/Vid27_BB_T.png,frames/Vid27_L.png,l,0.0,2.004230100021232,4.0,1.013468399993144,,,,23.0,Male,Right handed,Corrected to normal
sub95_AB,AB,28.0,frames/Vid28_EM_T.png,frames/Vid28_L.png,r,1.0,2.9158464999927673,5.0,4.19964110001456,,,,23.0,Male,Right handed,Corrected to normal
sub95_AB,AB,29.0,frames/Vid29_BB_T.png,frames/Vid29_L.png,l,0.0,6.505956600012723,4.0,0.3818321999860927,,,,23.0,Male,Right handed,Corrected to normal
sub95_AB,AB,30.0,frames/Vid30_EM_T.png,frames/Vid30_L.png,l,1.0,3.1823814999952447,4.0,0.7646627000067383,,,,23.0,Male,Right handed,Corrected to normal
sub95_AB,AB,31.0,frames/Vid31_EM_T.png,frames/Vid31_L.png,l,1.0,3.4887571000144817,4.0,1.1985686999978498,,,,23.0,Male,Right handed,Corrected to normal
sub95_AB,AB,32.0,frames/Vid32_EM_T.png,frames/Vid32_L.png,r,1.0,2.4337978000112344,1.0,0.9806790000002366,,,,23.0,Male,Right handed,Corrected to normal
sub95_AB,AB,33.0,frames/Vid33_BB_T.png,frames/Vid33_L.png,l,0.0,5.250625999993645,4.0,1.881704900006298,,,,23.0,Male,Right handed,Corrected to normal
sub95_AB,AB,34.0,frames/Vid34_BB_T.png,frames/Vid34_L.png,l,1.0,3.678748800011818,4.0,1.3821252000052482,,,,23.0,Male,Right handed,Corrected to normal
sub95_AB,AB,35.0,frames/Vid35_EM_T.png,frames/Vid35_L.png,l,1.0,3.3112015000078827,4.0,0.9981434000073932,,,,23.0,Male,Right handed,Corrected to normal
sub95_AB,AB,36.0,frames/Vid36_BB_T.png,frames/Vid36_L.png,r,1.0,3.686135299998568,4.0,0.8470825000258628,,,,23.0,Male,Right handed,Corrected to normal
sub95_AB,AB,37.0,frames/Vid37_BB_T.png,frames/Vid37_L.png,l,1.0,4.709876400011126,4.0,1.6803858000203036,,,,23.0,Male,Right handed,Corrected to normal
sub95_AB,AB,38.0,frames/Vid38_EM_T.png,frames/Vid38_L.png,l,1.0,2.427728600014234,3.0,0.8818677999952342,,,,23.0,Male,Right handed,Corrected to normal
sub95_AB,AB,39.0,frames/Vid39_BB_T.png,frames/Vid39_L.png,l,0.0,1.921407199988607,3.0,0.3812726000032853,,,,23.0,Male,Right handed,Corrected to normal
sub95_AB,AB,40.0,frames/Vid40_EM_T.png,frames/Vid40_L.png,l,1.0,3.914091699989513,2.0,1.030701699986821,,,,23.0,Male,Right handed,Corrected to normal
sub96_AB,AB,1.0,frames/Vid1_EM_T.png,frames/Vid1_L.png,r,1.0,3.330451399961021,5.0,2.049392499960959,,,,23.0,Male,Right handed,Corrected to normal
sub96_AB,AB,1.0,frames/Vid1_EM_T.png,frames/Vid1_L.png,l,1.0,10.310487599985208,4.0,1.2995622000307776,,,,23.0,Male,Right handed,Corrected to normal
sub96_AB,AB,2.0,frames/Vid2_BB_T.png,frames/Vid2_L.png,r,1.0,4.744848300004378,5.0,2.348254700016696,,,,23.0,Male,Right handed,Corrected to normal
sub96_AB,AB,2.0,frames/Vid2_BB_T.png,frames/Vid2_L.png,l,1.0,3.965168700029608,5.0,1.283180699974764,,,,23.0,Male,Right handed,Corrected to normal
sub96_AB,AB,3.0,frames/Vid3_BB_T.png,frames/Vid3_L.png,r,1.0,3.0085831999895163,5.0,2.2644436999689788,,,,23.0,Male,Right handed,Corrected to normal
sub96_AB,AB,3.0,frames/Vid3_BB_T.png,frames/Vid3_L.png,l,1.0,3.13442199997371,5.0,2.2998629999929108,,,,23.0,Male,Right handed,Corrected to normal
sub96_AB,AB,4.0,frames/Vid4_EM_T.png,frames/Vid4_L.png,l,0.0,5.326686999993399,5.0,5.0979219999862835,,,,23.0,Male,Right handed,Corrected to normal
sub96_AB,AB,4.0,frames/Vid4_EM_T.png,frames/Vid4_L.png,r,0.0,5.584001999988686,3.0,1.56608200003393,,,,23.0,Male,Right handed,Corrected to normal
sub96_AB,AB,5.0,frames/Vid5_EM_T.png,frames/Vid5_L.png,r,0.0,17.92681849998189,1.0,2.3819880000082776,,,,23.0,Male,Right handed,Corrected to normal
sub96_AB,AB,5.0,frames/Vid5_EM_T.png,frames/Vid5_L.png,l,1.0,12.438633700017816,3.0,2.0166076999739744,,,,23.0,Male,Right handed,Corrected to normal
sub96_AB,AB,6.0,frames/Vid6_BB_T.png,frames/Vid6_L.png,l,1.0,2.9040143999736756,5.0,1.981007500027772,,,,23.0,Male,Right handed,Corrected to normal
sub96_AB,AB,6.0,frames/Vid6_BB_T.png,frames/Vid6_L.png,r,1.0,3.467828000022564,5.0,1.5329843999934385,,,,23.0,Male,Right handed,Corrected to normal
sub96_AB,AB,7.0,frames/Vid7_EM_T.png,frames/Vid7_L.png,r,0.0,2.435882300022058,5.0,2.1142428999883123,,,,23.0,Male,Right handed,Corrected to normal
sub96_AB,AB,7.0,frames/Vid7_EM_T.png,frames/Vid7_L.png,r,0.0,4.25565700000152,2.0,2.0330994999967515,,,,23.0,Male,Right handed,Corrected to normal
sub96_AB,AB,8.0,frames/Vid8_BB_T.png,frames/Vid8_L.png,l,1.0,10.165855400031433,2.0,4.483059599995613,,,,23.0,Male,Right handed,Corrected to normal
sub96_AB,AB,8.0,frames/Vid8_BB_T.png,frames/Vid8_L.png,r,1.0,4.3523205000092275,5.0,1.2996637999895029,,,,23.0,Male,Right handed,Corrected to normal
sub96_AB,AB,9.0,frames/Vid9_EM_T.png,frames/Vid9_L.png,l,1.0,4.8541009000036865,4.0,3.982951799989678,,,,23.0,Male,Right handed,Corrected to normal
sub96_AB,AB,9.0,frames/Vid9_EM_T.png,frames/Vid9_L.png,l,1.0,3.713391600002069,4.0,1.9827442999812777,,,,23.0,Male,Right handed,Corrected to normal
sub96_AB,AB,10.0,frames/Vid10_BB_T.png,frames/Vid10_L.png,l,0.0,25.339974300004545,2.0,2.3800871999701485,,,,23.0,Male,Right handed,Corrected to normal
sub96_AB,AB,10.0,frames/Vid10_BB_T.png,frames/Vid10_L.png,l,1.0,3.306810599984601,4.0,1.2827266000094824,,,,23.0,Male,Right handed,Corrected to normal
sub96_AB,AB,11.0,frames/Vid11_EM_T.png,frames/Vid11_L.png,r,1.0,2.27035349997459,5.0,2.230435799981933,,,,23.0,Male,Right handed,Corrected to normal
sub96_AB,AB,11.0,frames/Vid11_EM_T.png,frames/Vid11_L.png,r,1.0,2.832425700034946,2.0,1.084096500009764,,,,23.0,Male,Right handed,Corrected to normal
sub96_AB,AB,12.0,frames/Vid12_EM_T.png,frames/Vid12_L.png,l,1.0,3.954830000002403,3.0,2.3633359000086784,,,,23.0,Male,Right handed,Corrected to normal
sub96_AB,AB,12.0,frames/Vid12_EM_T.png,frames/Vid12_L.png,l,1.0,5.742061399971135,5.0,0.9329089000239036,,,,23.0,Male,Right handed,Corrected to normal
sub96_AB,AB,13.0,frames/Vid13_BB_T.png,frames/Vid13_L.png,l,1.0,4.338428699993528,5.0,2.065119099977892,,,,23.0,Male,Right handed,Corrected to normal
sub96_AB,AB,13.0,frames/Vid13_BB_T.png,frames/Vid13_L.png,r,0.0,4.639589799975511,4.0,8.233089499990456,,,,23.0,Male,Right handed,Corrected to normal
sub96_AB,AB,14.0,frames/Vid14_BB_T.png,frames/Vid14_L.png,r,1.0,3.437523400003556,4.0,1.7469266999978572,,,,23.0,Male,Right handed,Corrected to normal
sub96_AB,AB,14.0,frames/Vid14_BB_T.png,frames/Vid14_L.png,r,1.0,4.835653799993452,2.0,1.5995943000307309,,,,23.0,Male,Right handed,Corrected to normal
sub96_AB,AB,15.0,frames/Vid15_BB_T.png,frames/Vid15_L.png,l,1.0,6.561187600018457,5.0,2.497161900042556,,,,23.0,Male,Right handed,Corrected to normal
sub96_AB,AB,15.0,frames/Vid15_BB_T.png,frames/Vid15_L.png,l,1.0,4.818973399989773,3.0,2.466282300010789,,,,23.0,Male,Right handed,Corrected to normal
sub96_AB,AB,16.0,frames/Vid16_EM_T.png,frames/Vid16_L.png,r,0.0,9.64531590003753,1.0,2.09843740001088,,,,23.0,Male,Right handed,Corrected to normal
sub96_AB,AB,16.0,frames/Vid16_EM_T.png,frames/Vid16_L.png,l,0.0,10.980671799974516,1.0,2.550284900004044,,,,23.0,Male,Right handed,Corrected to normal
sub96_AB,AB,17.0,frames/Vid17_BB_T.png,frames/Vid17_L.png,l,1.0,12.255000600009224,1.0,2.98261560004903,,,,23.0,Male,Right handed,Corrected to normal
sub96_AB,AB,17.0,frames/Vid17_BB_T.png,frames/Vid17_L.png,r,1.0,8.147933300002478,1.0,1.515923600003589,,,,23.0,Male,Right handed,Corrected to normal
sub96_AB,AB,18.0,frames/Vid18_EM_T.png,frames/Vid18_L.png,l,1.0,11.050169499998448,1.0,2.548579599999357,,,,23.0,Male,Right handed,Corrected to normal
sub96_AB,AB,18.0,frames/Vid18_EM_T.png,frames/Vid18_L.png,r,1.0,5.839089599961881,2.0,1.5161410000291653,,,,23.0,Male,Right handed,Corrected to normal
sub96_AB,AB,19.0,frames/Vid19_BB_T.png,frames/Vid19_L.png,r,1.0,4.689329000015277,2.0,2.8307491000159644,,,,23.0,Male,Right handed,Corrected to normal
sub96_AB,AB,19.0,frames/Vid19_BB_T.png,frames/Vid19_L.png,r,0.0,10.733180200040806,1.0,1.04915209999308,,,,23.0,Male,Right handed,Corrected to normal
sub96_AB,AB,20.0,frames/Vid20_EM_T.png,frames/Vid20_L.png,l,1.0,3.416137400025036,2.0,1.8810971000348216,,,,23.0,Male,Right handed,Corrected to normal
sub96_AB,AB,20.0,frames/Vid20_EM_T.png,frames/Vid20_L.png,r,1.0,2.975818899984006,3.0,1.3159142000367865,,,,23.0,Male,Right handed,Corrected to normal
sub96_AB,AB,21.0,frames/Vid21_BB_T.png,frames/Vid21_L.png,r,1.0,6.505417299980763,3.0,2.1653104000142775,,,,23.0,Male,Right handed,Corrected to normal
sub96_AB,AB,21.0,frames/Vid21_BB_T.png,frames/Vid21_L.png,r,1.0,5.962547699979041,4.0,1.5665643999818712,,,,23.0,Male,Right handed,Corrected to normal
sub96_AB,AB,22.0,frames/Vid22_EM_T.png,frames/Vid22_L.png,r,1.0,5.481321100029163,3.0,2.2644063999759965,,,,23.0,Male,Right handed,Corrected to normal
sub96_AB,AB,22.0,frames/Vid22_EM_T.png,frames/Vid22_L.png,r,1.0,5.047013900009915,5.0,1.6997036999673585,,,,23.0,Male,Right handed,Corrected to normal
sub96_AB,AB,23.0,frames/Vid23_EM_T.png,frames/Vid23_L.png,l,1.0,3.649032499990426,3.0,2.6643275000387803,,,,23.0,Male,Right handed,Corrected to normal
sub96_AB,AB,23.0,frames/Vid23_EM_T.png,frames/Vid23_L.png,r,1.0,3.408620800008066,4.0,1.3663315000012517,,,,23.0,Male,Right handed,Corrected to normal
sub96_AB,AB,24.0,frames/Vid24_BB_T.png,frames/Vid24_L.png,l,1.0,8.280536699981894,2.0,2.6305171999847516,,,,23.0,Male,Right handed,Corrected to normal
sub96_AB,AB,24.0,frames/Vid24_BB_T.png,frames/Vid24_L.png,l,1.0,8.25669749994995,5.0,2.6834477999946102,,,,23.0,Male,Right handed,Corrected to normal
sub96_AB,AB,25.0,frames/Vid25_BB_T.png,frames/Vid25_L.png,l,1.0,3.525413599971216,5.0,1.58240679994924,,,,23.0,Male,Right handed,Corrected to normal
sub96_AB,AB,25.0,frames/Vid25_BB_T.png,frames/Vid25_L.png,l,1.0,4.378025499987416,2.0,1.6160963000147603,,,,23.0,Male,Right handed,Corrected to normal
sub96_AB,AB,26.0,frames/Vid26_EM_T.png,frames/Vid26_L.png,l,1.0,4.470447600004263,5.0,2.3801360999932513,,,,23.0,Male,Right handed,Corrected to normal
sub96_AB,AB,26.0,frames/Vid26_EM_T.png,frames/Vid26_L.png,r,1.0,7.193894199968781,4.0,2.4666604999802075,,,,23.0,Male,Right handed,Corrected to normal
sub96_AB,AB,27.0,frames/Vid27_BB_T.png,frames/Vid27_L.png,l,1.0,4.18413840001449,5.0,2.181959899957292,,,,23.0,Male,Right handed,Corrected to normal
sub96_AB,AB,27.0,frames/Vid27_BB_T.png,frames/Vid27_L.png,l,1.0,2.9378446000046097,3.0,1.3827071000123397,,,,23.0,Male,Right handed,Corrected to normal
sub96_AB,AB,28.0,frames/Vid28_EM_T.png,frames/Vid28_L.png,l,1.0,3.1550404999870807,5.0,2.76494179997826,,,,23.0,Male,Right handed,Corrected to normal
sub96_AB,AB,28.0,frames/Vid28_EM_T.png,frames/Vid28_L.png,r,1.0,2.341826699965168,5.0,1.0996891999966465,,,,23.0,Male,Right handed,Corrected to normal
sub96_AB,AB,29.0,frames/Vid29_BB_T.png,frames/Vid29_L.png,r,1.0,2.2734439999912865,5.0,1.7801575000048615,,,,23.0,Male,Right handed,Corrected to normal
sub96_AB,AB,29.0,frames/Vid29_BB_T.png,frames/Vid29_L.png,l,1.0,2.9777172000030987,5.0,0.9994409999926576,,,,23.0,Male,Right handed,Corrected to normal
sub96_AB,AB,30.0,frames/Vid30_EM_T.png,frames/Vid30_L.png,l,1.0,6.571045199991204,4.0,2.3483608000096865,,,,23.0,Male,Right handed,Corrected to normal
sub96_AB,AB,30.0,frames/Vid30_EM_T.png,frames/Vid30_L.png,r,1.0,5.098665199999232,3.0,1.3665360999875702,,,,23.0,Male,Right handed,Corrected to normal
sub96_AB,AB,31.0,frames/Vid31_EM_T.png,frames/Vid31_L.png,r,1.0,4.360845699964557,3.0,2.063808400009293,,,,23.0,Male,Right handed,Corrected to normal
sub96_AB,AB,31.0,frames/Vid31_EM_T.png,frames/Vid31_L.png,l,1.0,3.861677500011865,2.0,1.5166657000081614,,,,23.0,Male,Right handed,Corrected to normal
sub96_AB,AB,32.0,frames/Vid32_EM_T.png,frames/Vid32_L.png,r,1.0,3.1959863000083715,5.0,1.9132157000130976,,,,23.0,Male,Right handed,Corrected to normal
sub96_AB,AB,32.0,frames/Vid32_EM_T.png,frames/Vid32_L.png,r,1.0,3.7340467000030912,5.0,2.4826027999515645,,,,23.0,Male,Right handed,Corrected to normal
sub96_AB,AB,33.0,frames/Vid33_BB_T.png,frames/Vid33_L.png,r,1.0,4.204623900004663,5.0,2.514622800052166,,,,23.0,Male,Right handed,Corrected to normal
sub96_AB,AB,33.0,frames/Vid33_BB_T.png,frames/Vid33_L.png,l,1.0,2.7214519000262953,5.0,1.0997602000134066,,,,23.0,Male,Right handed,Corrected to normal
sub96_AB,AB,34.0,frames/Vid34_BB_T.png,frames/Vid34_L.png,l,0.0,4.7607414000085555,3.0,2.6318243000423536,,,,23.0,Male,Right handed,Corrected to normal
sub96_AB,AB,34.0,frames/Vid34_BB_T.png,frames/Vid34_L.png,r,1.0,2.685671999992337,4.0,0.999720999971032,,,,23.0,Male,Right handed,Corrected to normal
sub96_AB,AB,35.0,frames/Vid35_EM_T.png,frames/Vid35_L.png,r,1.0,4.576977199991234,2.0,2.264485899999272,,,,23.0,Male,Right handed,Corrected to normal
sub96_AB,AB,35.0,frames/Vid35_EM_T.png,frames/Vid35_L.png,l,1.0,5.279330700053833,4.0,1.1158474999829195,,,,23.0,Male,Right handed,Corrected to normal
sub96_AB,AB,36.0,frames/Vid36_BB_T.png,frames/Vid36_L.png,l,1.0,7.430134000023827,2.0,3.098704200005159,,,,23.0,Male,Right handed,Corrected to normal
sub96_AB,AB,36.0,frames/Vid36_BB_T.png,frames/Vid36_L.png,l,1.0,4.933314200025052,1.0,1.017477200017311,,,,23.0,Male,Right handed,Corrected to normal
sub96_AB,AB,37.0,frames/Vid37_BB_T.png,frames/Vid37_L.png,l,1.0,6.827954200038221,5.0,4.097005399991758,,,,23.0,Male,Right handed,Corrected to normal
sub96_AB,AB,37.0,frames/Vid37_BB_T.png,frames/Vid37_L.png,l,1.0,2.8333857000106946,4.0,1.0840426000067964,,,,23.0,Male,Right handed,Corrected to normal
sub96_AB,AB,38.0,frames/Vid38_EM_T.png,frames/Vid38_L.png,r,0.0,7.993425699998625,3.0,2.282639700046275,,,,23.0,Male,Right handed,Corrected to normal
sub96_AB,AB,38.0,frames/Vid38_EM_T.png,frames/Vid38_L.png,r,1.0,8.637327900039963,2.0,1.366738600016106,,,,23.0,Male,Right handed,Corrected to normal
sub96_AB,AB,39.0,frames/Vid39_BB_T.png,frames/Vid39_L.png,l,0.0,3.7163717999937944,5.0,1.7480336999869903,,,,23.0,Male,Right handed,Corrected to normal
sub96_AB,AB,39.0,frames/Vid39_BB_T.png,frames/Vid39_L.png,l,1.0,6.584725699969567,2.0,2.316796400002204,,,,23.0,Male,Right handed,Corrected to normal
sub96_AB,AB,40.0,frames/Vid40_EM_T.png,frames/Vid40_L.png,r,0.0,3.1186659000231884,3.0,8.613151099998504,,,,23.0,Male,Right handed,Corrected to normal
sub96_AB,AB,40.0,frames/Vid40_EM_T.png,frames/Vid40_L.png,r,0.0,2.572612499992829,2.0,1.5329653000226244,,,,23.0,Male,Right handed,Corrected to normal
sub97_AB,AB,1.0,frames/Vid1_EM_T.png,frames/Vid1_L.png,r,1.0,12.009223199973349,4.0,0.9126845999853684,,,,21.0,Male,Right handed,Normal
sub97_AB,AB,1.0,frames/Vid1_EM_T.png,frames/Vid1_L.png,l,1.0,4.411426400009077,5.0,1.048697699967306,,,,21.0,Male,Right handed,Normal
sub97_AB,AB,2.0,frames/Vid2_BB_T.png,frames/Vid2_L.png,r,1.0,5.763412499974947,4.0,1.448516300006304,,,,21.0,Male,Right handed,Normal
sub97_AB,AB,2.0,frames/Vid2_BB_T.png,frames/Vid2_L.png,r,0.0,2.589273699966725,5.0,1.0319120000349358,,,,21.0,Male,Right handed,Normal
sub97_AB,AB,3.0,frames/Vid3_BB_T.png,frames/Vid3_L.png,l,1.0,2.639718000020366,4.0,0.6320662999642082,,,,21.0,Male,Right handed,Normal
sub97_AB,AB,3.0,frames/Vid3_BB_T.png,frames/Vid3_L.png,r,1.0,2.7752159999799915,5.0,1.197457600035705,,,,21.0,Male,Right handed,Normal
sub97_AB,AB,4.0,frames/Vid4_EM_T.png,frames/Vid4_L.png,r,0.0,10.236092399980407,4.0,11.364991199981889,,,,21.0,Male,Right handed,Normal
sub97_AB,AB,4.0,frames/Vid4_EM_T.png,frames/Vid4_L.png,l,0.0,3.1941826000111178,5.0,1.1307378999772482,,,,21.0,Male,Right handed,Normal
sub97_AB,AB,5.0,frames/Vid5_EM_T.png,frames/Vid5_L.png,l,1.0,9.045314800052438,2.0,2.9815842999960296,,,,21.0,Male,Right handed,Normal
sub97_AB,AB,5.0,frames/Vid5_EM_T.png,frames/Vid5_L.png,l,1.0,2.424818500003312,5.0,0.9637891000020318,,,,21.0,Male,Right handed,Normal
sub97_AB,AB,6.0,frames/Vid6_BB_T.png,frames/Vid6_L.png,l,1.0,3.7176179999951273,4.0,1.5813255999819376,,,,21.0,Male,Right handed,Normal
sub97_AB,AB,6.0,frames/Vid6_BB_T.png,frames/Vid6_L.png,l,0.0,4.422052200010512,2.0,1.4311800000141377,,,,21.0,Male,Right handed,Normal
sub97_AB,AB,7.0,frames/Vid7_EM_T.png,frames/Vid7_L.png,l,0.0,11.460034999996424,4.0,1.18182399997022,,,,21.0,Male,Right handed,Normal
sub97_AB,AB,7.0,frames/Vid7_EM_T.png,frames/Vid7_L.png,l,0.0,4.0893261000164784,4.0,1.0987162999808788,,,,21.0,Male,Right handed,Normal
sub97_AB,AB,8.0,frames/Vid8_BB_T.png,frames/Vid8_L.png,r,1.0,4.367151400016155,4.0,2.682913800003007,,,,21.0,Male,Right handed,Normal
sub97_AB,AB,8.0,frames/Vid8_BB_T.png,frames/Vid8_L.png,r,1.0,3.40194159996463,5.0,1.1139504000311715,,,,21.0,Male,Right handed,Normal
sub97_AB,AB,9.0,frames/Vid9_EM_T.png,frames/Vid9_L.png,l,1.0,5.253487200010568,4.0,1.0975600000238046,,,,21.0,Male,Right handed,Normal
sub97_AB,AB,9.0,frames/Vid9_EM_T.png,frames/Vid9_L.png,l,0.0,3.7603411999880336,3.0,2.4300754999858327,,,,21.0,Male,Right handed,Normal
sub97_AB,AB,10.0,frames/Vid10_BB_T.png,frames/Vid10_L.png,r,1.0,4.2712667000014335,4.0,1.0966997999930754,,,,21.0,Male,Right handed,Normal
sub97_AB,AB,10.0,frames/Vid10_BB_T.png,frames/Vid10_L.png,r,1.0,7.315055899962317,2.0,3.347284800023772,,,,21.0,Male,Right handed,Normal
sub97_AB,AB,11.0,frames/Vid11_EM_T.png,frames/Vid11_L.png,r,1.0,2.4649002999649383,4.0,0.7149641999858432,,,,21.0,Male,Right handed,Normal
sub97_AB,AB,11.0,frames/Vid11_EM_T.png,frames/Vid11_L.png,l,1.0,3.0456833000062034,4.0,1.932322199980263,,,,21.0,Male,Right handed,Normal
sub97_AB,AB,12.0,frames/Vid12_EM_T.png,frames/Vid12_L.png,l,1.0,2.9355166999739595,4.0,1.8477829999756068,,,,21.0,Male,Right handed,Normal
sub97_AB,AB,12.0,frames/Vid12_EM_T.png,frames/Vid12_L.png,r,1.0,4.910330199985765,5.0,2.28040820005117,,,,21.0,Male,Right handed,Normal
sub97_AB,AB,13.0,frames/Vid13_BB_T.png,frames/Vid13_L.png,l,0.0,6.664166300033685,3.0,2.4987663999781944,,,,21.0,Male,Right handed,Normal
sub97_AB,AB,13.0,frames/Vid13_BB_T.png,frames/Vid13_L.png,l,1.0,2.898614599951543,5.0,1.5318242000066675,,,,21.0,Male,Right handed,Normal
sub97_AB,AB,14.0,frames/Vid14_BB_T.png,frames/Vid14_L.png,l,1.0,3.759502300003078,4.0,1.1832388000329956,,,,21.0,Male,Right handed,Normal
sub97_AB,AB,14.0,frames/Vid14_BB_T.png,frames/Vid14_L.png,r,1.0,4.477561299980152,4.0,1.2487044000299647,,,,21.0,Male,Right handed,Normal
sub97_AB,AB,15.0,frames/Vid15_BB_T.png,frames/Vid15_L.png,l,1.0,6.149146799987648,4.0,2.2975244000554085,,,,21.0,Male,Right handed,Normal
sub97_AB,AB,15.0,frames/Vid15_BB_T.png,frames/Vid15_L.png,r,0.0,3.5440867000143044,5.0,0.882497799990233,,,,21.0,Male,Right handed,Normal
sub97_AB,AB,16.0,frames/Vid16_EM_T.png,frames/Vid16_L.png,l,0.0,3.969012500019744,1.0,1.048209200031124,,,,21.0,Male,Right handed,Normal
sub97_AB,AB,16.0,frames/Vid16_EM_T.png,frames/Vid16_L.png,r,1.0,1.8453177000046708,5.0,1.0462282000225969,,,,21.0,Male,Right handed,Normal
sub97_AB,AB,17.0,frames/Vid17_BB_T.png,frames/Vid17_L.png,r,1.0,3.2818936000112444,4.0,0.5987868999945931,,,,21.0,Male,Right handed,Normal
sub97_AB,AB,17.0,frames/Vid17_BB_T.png,frames/Vid17_L.png,l,1.0,3.1158954999991693,3.0,0.8311589000513777,,,,21.0,Male,Right handed,Normal
sub97_AB,AB,18.0,frames/Vid18_EM_T.png,frames/Vid18_L.png,l,1.0,2.994247699971311,4.0,1.7313825999735857,,,,21.0,Male,Right handed,Normal
sub97_AB,AB,18.0,frames/Vid18_EM_T.png,frames/Vid18_L.png,l,1.0,3.077933499997016,5.0,1.2480495999916457,,,,21.0,Male,Right handed,Normal
sub97_AB,AB,19.0,frames/Vid19_BB_T.png,frames/Vid19_L.png,l,0.0,9.168769199983217,2.0,1.3807892000186257,,,,21.0,Male,Right handed,Normal
sub97_AB,AB,19.0,frames/Vid19_BB_T.png,frames/Vid19_L.png,r,1.0,2.8021265999996103,5.0,1.3645810000016354,,,,21.0,Male,Right handed,Normal
sub97_AB,AB,20.0,frames/Vid20_EM_T.png,frames/Vid20_L.png,r,1.0,4.104495500039775,4.0,0.5994032000307925,,,,21.0,Male,Right handed,Normal
sub97_AB,AB,20.0,frames/Vid20_EM_T.png,frames/Vid20_L.png,l,1.0,2.3562123000156134,5.0,1.4981248999829404,,,,21.0,Male,Right handed,Normal
sub97_AB,AB,21.0,frames/Vid21_BB_T.png,frames/Vid21_L.png,r,1.0,2.9500919000129215,4.0,0.6116836000001058,,,,21.0,Male,Right handed,Normal
sub97_AB,AB,21.0,frames/Vid21_BB_T.png,frames/Vid21_L.png,r,1.0,3.205786200007424,5.0,1.2465767999528907,,,,21.0,Male,Right handed,Normal
sub97_AB,AB,22.0,frames/Vid22_EM_T.png,frames/Vid22_L.png,r,1.0,3.582509499974549,4.0,0.71345039998414,,,,21.0,Male,Right handed,Normal
sub97_AB,AB,22.0,frames/Vid22_EM_T.png,frames/Vid22_L.png,l,1.0,3.433475299971178,5.0,1.3662621999974365,,,,21.0,Male,Right handed,Normal
sub97_AB,AB,23.0,frames/Vid23_EM_T.png,frames/Vid23_L.png,r,1.0,7.239425299980212,2.0,1.8321868000202812,,,,21.0,Male,Right handed,Normal
sub97_AB,AB,23.0,frames/Vid23_EM_T.png,frames/Vid23_L.png,r,1.0,2.3750352000351995,5.0,1.445895799959544,,,,21.0,Male,Right handed,Normal
sub97_AB,AB,24.0,frames/Vid24_BB_T.png,frames/Vid24_L.png,l,1.0,11.420894999988375,4.0,1.6640229999902658,,,,21.0,Male,Right handed,Normal
sub97_AB,AB,24.0,frames/Vid24_BB_T.png,frames/Vid24_L.png,r,1.0,2.4461238000076264,5.0,1.2125739000039175,,,,21.0,Male,Right handed,Normal
sub97_AB,AB,25.0,frames/Vid25_BB_T.png,frames/Vid25_L.png,r,1.0,6.104888800007757,4.0,1.313988399982918,,,,21.0,Male,Right handed,Normal
sub97_AB,AB,25.0,frames/Vid25_BB_T.png,frames/Vid25_L.png,l,0.0,2.4481136999675073,5.0,1.182530299993232,,,,21.0,Male,Right handed,Normal
sub97_AB,AB,26.0,frames/Vid26_EM_T.png,frames/Vid26_L.png,l,1.0,6.7334617000306025,4.0,1.3480309000005946,,,,21.0,Male,Right handed,Normal
sub97_AB,AB,26.0,frames/Vid26_EM_T.png,frames/Vid26_L.png,r,1.0,1.719496399979107,5.0,1.1169453000184149,,,,21.0,Male,Right handed,Normal
sub97_AB,AB,27.0,frames/Vid27_BB_T.png,frames/Vid27_L.png,r,1.0,4.981940899975598,4.0,1.0631995999719948,,,,21.0,Male,Right handed,Normal
sub97_AB,AB,27.0,frames/Vid27_BB_T.png,frames/Vid27_L.png,l,1.0,3.875200900016353,3.0,1.166084599972237,,,,21.0,Male,Right handed,Normal
sub97_AB,AB,28.0,frames/Vid28_EM_T.png,frames/Vid28_L.png,r,1.0,3.537973500031512,4.0,0.5484272000030614,,,,21.0,Male,Right handed,Normal
sub97_AB,AB,28.0,frames/Vid28_EM_T.png,frames/Vid28_L.png,r,1.0,2.2311249999911524,5.0,1.148803099989891,,,,21.0,Male,Right handed,Normal
sub97_AB,AB,29.0,frames/Vid29_BB_T.png,frames/Vid29_L.png,l,1.0,4.823857800045516,2.0,1.1980149999726564,,,,21.0,Male,Right handed,Normal
sub97_AB,AB,29.0,frames/Vid29_BB_T.png,frames/Vid29_L.png,l,1.0,2.5551146999932826,5.0,1.2161862999782898,,,,21.0,Male,Right handed,Normal
sub97_AB,AB,30.0,frames/Vid30_EM_T.png,frames/Vid30_L.png,l,1.0,6.91063130000839,2.0,1.8477648999542,,,,21.0,Male,Right handed,Normal
sub97_AB,AB,30.0,frames/Vid30_EM_T.png,frames/Vid30_L.png,l,1.0,2.601486500003375,5.0,0.9828046999755315,,,,21.0,Male,Right handed,Normal
sub97_AB,AB,31.0,frames/Vid31_EM_T.png,frames/Vid31_L.png,r,1.0,5.270742099964991,4.0,1.5478351999772713,,,,21.0,Male,Right handed,Normal
sub97_AB,AB,31.0,frames/Vid31_EM_T.png,frames/Vid31_L.png,r,1.0,3.1222959000151604,5.0,0.8818111000000499,,,,21.0,Male,Right handed,Normal
sub97_AB,AB,32.0,frames/Vid32_EM_T.png,frames/Vid32_L.png,r,1.0,3.448724299960304,4.0,0.7490936999674886,,,,21.0,Male,Right handed,Normal
sub97_AB,AB,32.0,frames/Vid32_EM_T.png,frames/Vid32_L.png,l,1.0,2.81208180001704,3.0,1.1979843000299295,,,,21.0,Male,Right handed,Normal
sub97_AB,AB,33.0,frames/Vid33_BB_T.png,frames/Vid33_L.png,r,1.0,9.805528199998662,4.0,2.0475982000352815,,,,21.0,Male,Right handed,Normal
sub97_AB,AB,33.0,frames/Vid33_BB_T.png,frames/Vid33_L.png,r,1.0,3.6008493999834172,5.0,1.0818155000451952,,,,21.0,Male,Right handed,Normal
sub97_AB,AB,34.0,frames/Vid34_BB_T.png,frames/Vid34_L.png,l,1.0,6.309924100001808,4.0,0.597691000031773,,,,21.0,Male,Right handed,Normal
sub97_AB,AB,34.0,frames/Vid34_BB_T.png,frames/Vid34_L.png,r,1.0,7.368677000049502,3.0,5.198701599962078,,,,21.0,Male,Right handed,Normal
sub97_AB,AB,35.0,frames/Vid35_EM_T.png,frames/Vid35_L.png,r,1.0,5.201771399995778,4.0,1.113114699954167,,,,21.0,Male,Right handed,Normal
sub97_AB,AB,35.0,frames/Vid35_EM_T.png,frames/Vid35_L.png,r,1.0,5.131072199961636,5.0,0.9471691999933682,,,,21.0,Male,Right handed,Normal
sub97_AB,AB,36.0,frames/Vid36_BB_T.png,frames/Vid36_L.png,l,1.0,6.9466060000122525,2.0,1.3960707999649458,,,,21.0,Male,Right handed,Normal
sub97_AB,AB,36.0,frames/Vid36_BB_T.png,frames/Vid36_L.png,l,0.0,3.0134344999678433,5.0,0.8140195999876596,,,,21.0,Male,Right handed,Normal
sub97_AB,AB,37.0,frames/Vid37_BB_T.png,frames/Vid37_L.png,l,1.0,4.65420680004172,4.0,1.1498310000170022,,,,21.0,Male,Right handed,Normal
sub97_AB,AB,37.0,frames/Vid37_BB_T.png,frames/Vid37_L.png,r,0.0,3.746854599972721,2.0,1.5477730999700725,,,,21.0,Male,Right handed,Normal
sub97_AB,AB,38.0,frames/Vid38_EM_T.png,frames/Vid38_L.png,l,1.0,4.291934900043998,4.0,1.3801587000489235,,,,21.0,Male,Right handed,Normal
sub97_AB,AB,38.0,frames/Vid38_EM_T.png,frames/Vid38_L.png,r,0.0,2.4740624999976717,5.0,1.195647699991241,,,,21.0,Male,Right handed,Normal
sub97_AB,AB,39.0,frames/Vid39_BB_T.png,frames/Vid39_L.png,r,0.0,7.129621800035238,3.0,1.7980321999639273,,,,21.0,Male,Right handed,Normal
sub97_AB,AB,39.0,frames/Vid39_BB_T.png,frames/Vid39_L.png,l,1.0,4.412844599981327,4.0,0.8492803000262938,,,,21.0,Male,Right handed,Normal
sub97_AB,AB,40.0,frames/Vid40_EM_T.png,frames/Vid40_L.png,r,1.0,5.261993699998129,4.0,1.249259400006849,,,,21.0,Male,Right handed,Normal
sub97_AB,AB,40.0,frames/Vid40_EM_T.png,frames/Vid40_L.png,r,1.0,2.9301476000109687,4.0,1.080602700007148,,,,21.0,Male,Right handed,Normal
sub98_AB,AB,1.0,frames/Vid1_EM_T.png,frames/Vid1_L.png,r,1.0,7.562024799990468,5.0,1.3481085000094026,,,,26.0,Male,Right handed,Normal
sub98_AB,AB,2.0,frames/Vid2_BB_T.png,frames/Vid2_L.png,l,1.0,9.50343530002283,5.0,1.3475479999906383,,,,26.0,Male,Right handed,Normal
sub98_AB,AB,3.0,frames/Vid3_BB_T.png,frames/Vid3_L.png,r,1.0,8.532795100007206,5.0,1.748595100012608,,,,26.0,Male,Right handed,Normal
sub98_AB,AB,4.0,frames/Vid4_EM_T.png,frames/Vid4_L.png,l,0.0,23.158600600028876,4.0,1.96552020002855,,,,26.0,Male,Right handed,Normal
sub98_AB,AB,5.0,frames/Vid5_EM_T.png,frames/Vid5_L.png,r,1.0,15.086176600016188,3.0,5.081715099979192,,,,26.0,Male,Right handed,Normal
sub98_AB,AB,6.0,frames/Vid6_BB_T.png,frames/Vid6_L.png,r,1.0,6.486097300017718,5.0,1.6156023000366986,,,,26.0,Male,Right handed,Normal
sub98_AB,AB,7.0,frames/Vid7_EM_T.png,frames/Vid7_L.png,r,0.0,12.225301200000104,3.0,1.4161062000202946,,,,26.0,Male,Right handed,Normal
sub98_AB,AB,8.0,frames/Vid8_BB_T.png,frames/Vid8_L.png,r,1.0,10.693695900030434,3.0,2.848737800028175,,,,26.0,Male,Right handed,Normal
sub98_AB,AB,9.0,frames/Vid9_EM_T.png,frames/Vid9_L.png,l,1.0,9.06721639999887,5.0,1.7969025999773294,,,,26.0,Male,Right handed,Normal
sub98_AB,AB,10.0,frames/Vid10_BB_T.png,frames/Vid10_L.png,r,0.0,7.91400310001336,3.0,2.8973294000024907,,,,26.0,Male,Right handed,Normal
sub98_AB,AB,11.0,frames/Vid11_EM_T.png,frames/Vid11_L.png,r,1.0,4.022154000005685,5.0,0.9141972999786958,,,,26.0,Male,Right handed,Normal
sub98_AB,AB,12.0,frames/Vid12_EM_T.png,frames/Vid12_L.png,r,1.0,10.403858500008935,4.0,1.1993875000043772,,,,26.0,Male,Right handed,Normal
sub98_AB,AB,13.0,frames/Vid13_BB_T.png,frames/Vid13_L.png,r,0.0,10.071920399961527,4.0,2.981410500011407,,,,26.0,Male,Right handed,Normal
sub98_AB,AB,14.0,frames/Vid14_BB_T.png,frames/Vid14_L.png,l,1.0,7.420221199980006,3.0,3.26615739997942,,,,26.0,Male,Right handed,Normal
sub98_AB,AB,15.0,frames/Vid15_BB_T.png,frames/Vid15_L.png,l,1.0,6.444842200027779,5.0,1.4143930999562144,,,,26.0,Male,Right handed,Normal
sub98_AB,AB,16.0,frames/Vid16_EM_T.png,frames/Vid16_L.png,r,1.0,8.503334200009704,4.0,2.2806067000492476,,,,26.0,Male,Right handed,Normal
sub98_AB,AB,17.0,frames/Vid17_BB_T.png,frames/Vid17_L.png,r,0.0,16.26475460000802,2.0,2.3659538000356406,,,,26.0,Male,Right handed,Normal
sub98_AB,AB,18.0,frames/Vid18_EM_T.png,frames/Vid18_L.png,r,1.0,5.5326116000069305,3.0,1.5308100000256673,,,,26.0,Male,Right handed,Normal
sub98_AB,AB,19.0,frames/Vid19_BB_T.png,frames/Vid19_L.png,r,1.0,8.614686799992342,5.0,1.6813220000476576,,,,26.0,Male,Right handed,Normal
sub98_AB,AB,20.0,frames/Vid20_EM_T.png,frames/Vid20_L.png,r,1.0,9.031696299964096,3.0,1.5320923999533989,,,,26.0,Male,Right handed,Normal
sub98_AB,AB,21.0,frames/Vid21_BB_T.png,frames/Vid21_L.png,l,1.0,8.779877500026487,5.0,1.881819500005804,,,,26.0,Male,Right handed,Normal
sub98_AB,AB,22.0,frames/Vid22_EM_T.png,frames/Vid22_L.png,l,1.0,9.90602029999718,5.0,9.28085890004877,,,,26.0,Male,Right handed,Normal
sub98_AB,AB,23.0,frames/Vid23_EM_T.png,frames/Vid23_L.png,l,1.0,7.893819599994458,4.0,1.5317103999550454,,,,26.0,Male,Right handed,Normal
sub98_AB,AB,24.0,frames/Vid24_BB_T.png,frames/Vid24_L.png,r,1.0,7.4594823000370525,4.0,1.5837054000003263,,,,26.0,Male,Right handed,Normal
sub98_AB,AB,25.0,frames/Vid25_BB_T.png,frames/Vid25_L.png,r,1.0,8.78865709999809,4.0,1.731467799982056,,,,26.0,Male,Right handed,Normal
sub98_AB,AB,26.0,frames/Vid26_EM_T.png,frames/Vid26_L.png,r,1.0,2.987212600011844,5.0,2.598409900034312,,,,26.0,Male,Right handed,Normal
sub98_AB,AB,27.0,frames/Vid27_BB_T.png,frames/Vid27_L.png,l,1.0,7.650846900010947,4.0,1.8311567000346256,,,,26.0,Male,Right handed,Normal
sub98_AB,AB,28.0,frames/Vid28_EM_T.png,frames/Vid28_L.png,r,1.0,9.554932900005952,5.0,1.5822421999764629,,,,26.0,Male,Right handed,Normal
sub98_AB,AB,29.0,frames/Vid29_BB_T.png,frames/Vid29_L.png,r,1.0,5.100293399998918,5.0,2.3313325999770314,,,,26.0,Male,Right handed,Normal
sub98_AB,AB,30.0,frames/Vid30_EM_T.png,frames/Vid30_L.png,r,1.0,7.07037259999197,5.0,3.5137453000061214,,,,26.0,Male,Right handed,Normal
sub98_AB,AB,31.0,frames/Vid31_EM_T.png,frames/Vid31_L.png,l,1.0,8.295804399996996,5.0,2.2307201999938115,,,,26.0,Male,Right handed,Normal
sub98_AB,AB,32.0,frames/Vid32_EM_T.png,frames/Vid32_L.png,r,1.0,5.452842200000305,5.0,1.331430800026283,,,,26.0,Male,Right handed,Normal
sub98_AB,AB,33.0,frames/Vid33_BB_T.png,frames/Vid33_L.png,l,1.0,7.161030399962328,5.0,1.2480153000215068,,,,26.0,Male,Right handed,Normal
sub98_AB,AB,34.0,frames/Vid34_BB_T.png,frames/Vid34_L.png,l,1.0,6.209314099978656,5.0,1.797938100004103,,,,26.0,Male,Right handed,Normal
sub98_AB,AB,35.0,frames/Vid35_EM_T.png,frames/Vid35_L.png,l,1.0,9.276879300014116,5.0,1.816128500038758,,,,26.0,Male,Right handed,Normal
sub98_AB,AB,36.0,frames/Vid36_BB_T.png,frames/Vid36_L.png,r,0.0,8.485074499971233,2.0,1.3290516000124626,,,,26.0,Male,Right handed,Normal
sub98_AB,AB,37.0,frames/Vid37_BB_T.png,frames/Vid37_L.png,r,1.0,8.024160299974028,4.0,0.9984604000346736,,,,26.0,Male,Right handed,Normal
sub98_AB,AB,38.0,frames/Vid38_EM_T.png,frames/Vid38_L.png,l,1.0,7.361023099976592,2.0,2.2830450999899767,,,,26.0,Male,Right handed,Normal
sub98_AB,AB,39.0,frames/Vid39_BB_T.png,frames/Vid39_L.png,r,1.0,12.150128099950962,2.0,1.8473020999808796,,,,26.0,Male,Right handed,Normal
sub98_AB,AB,40.0,frames/Vid40_EM_T.png,frames/Vid40_L.png,l,0.0,9.107650100020692,3.0,1.6320985999773256,,,,26.0,Male,Right handed,Normal
sub_113AB,AB,1.0,frames/Vid1_EM_T.png,frames/Vid1_L.png,r,1.0,9.939072199980728,5.0,1.430258699983824,,,,22.0,Male,Right handed,Normal
sub_113AB,AB,2.0,frames/Vid2_BB_T.png,frames/Vid2_L.png,r,1.0,4.019499300047755,5.0,1.597089600050822,,,,22.0,Male,Right handed,Normal
sub_113AB,AB,3.0,frames/Vid3_BB_T.png,frames/Vid3_L.png,l,1.0,2.9331342999939807,5.0,1.247247499995865,,,,22.0,Male,Right handed,Normal
sub_113AB,AB,4.0,frames/Vid4_EM_T.png,frames/Vid4_L.png,l,0.0,6.793189200048801,5.0,1.4154866999597289,,,,22.0,Male,Right handed,Normal
sub_113AB,AB,5.0,frames/Vid5_EM_T.png,frames/Vid5_L.png,r,1.0,4.643730100011453,3.0,0.8797444000374526,,,,22.0,Male,Right handed,Normal
sub_113AB,AB,6.0,frames/Vid6_BB_T.png,frames/Vid6_L.png,r,1.0,4.411423799989279,5.0,0.9148965000058524,,,,22.0,Male,Right handed,Normal
sub_113AB,AB,7.0,frames/Vid7_EM_T.png,frames/Vid7_L.png,r,1.0,3.803269700030796,5.0,1.0300147000234574,,,,22.0,Male,Right handed,Normal
sub_113AB,AB,8.0,frames/Vid8_BB_T.png,frames/Vid8_L.png,l,1.0,5.408473999996204,5.0,1.0646047000191174,,,,22.0,Male,Right handed,Normal
sub_113AB,AB,9.0,frames/Vid9_EM_T.png,frames/Vid9_L.png,l,1.0,3.5744485000032,5.0,1.84718119999161,,,,22.0,Male,Right handed,Normal
sub_113AB,AB,10.0,frames/Vid10_BB_T.png,frames/Vid10_L.png,l,1.0,5.383393800002523,1.0,1.3979167999932542,,,,22.0,Male,Right handed,Normal
sub_113AB,AB,11.0,frames/Vid11_EM_T.png,frames/Vid11_L.png,l,1.0,3.394752799998969,5.0,1.3987328000366688,,,,22.0,Male,Right handed,Normal
sub_113AB,AB,12.0,frames/Vid12_EM_T.png,frames/Vid12_L.png,l,0.0,2.666282600024715,1.0,0.8986656999913976,,,,22.0,Male,Right handed,Normal
sub_113AB,AB,13.0,frames/Vid13_BB_T.png,frames/Vid13_L.png,r,0.0,7.196662399976049,1.0,2.798210700042546,,,,22.0,Male,Right handed,Normal
sub_113AB,AB,14.0,frames/Vid14_BB_T.png,frames/Vid14_L.png,l,1.0,3.4674881999962963,1.0,1.4819284999975937,,,,22.0,Male,Right handed,Normal
sub_113AB,AB,15.0,frames/Vid15_BB_T.png,frames/Vid15_L.png,l,0.0,3.930003900022712,1.0,0.8320013000047766,,,,22.0,Male,Right handed,Normal
sub_113AB,AB,16.0,frames/Vid16_EM_T.png,frames/Vid16_L.png,l,0.0,6.712411499989685,3.0,2.2320637999800965,,,,22.0,Male,Right handed,Normal
sub_113AB,AB,17.0,frames/Vid17_BB_T.png,frames/Vid17_L.png,l,1.0,3.602098399947863,5.0,1.1149161999928765,,,,22.0,Male,Right handed,Normal
sub_113AB,AB,18.0,frames/Vid18_EM_T.png,frames/Vid18_L.png,l,1.0,4.513646900013555,2.0,1.230825199978426,,,,22.0,Male,Right handed,Normal
sub_113AB,AB,19.0,frames/Vid19_BB_T.png,frames/Vid19_L.png,r,1.0,7.324432199995499,1.0,1.3975463000242598,,,,22.0,Male,Right handed,Normal
sub_113AB,AB,20.0,frames/Vid20_EM_T.png,frames/Vid20_L.png,l,1.0,3.0315080000436865,4.0,0.8818524000234902,,,,22.0,Male,Right handed,Normal
sub_113AB,AB,21.0,frames/Vid21_BB_T.png,frames/Vid21_L.png,r,1.0,6.609349099977408,4.0,1.06578800000716,,,,22.0,Male,Right handed,Normal
sub_113AB,AB,22.0,frames/Vid22_EM_T.png,frames/Vid22_L.png,l,1.0,4.145410500001162,5.0,1.3657566999900157,,,,22.0,Male,Right handed,Normal
sub_113AB,AB,23.0,frames/Vid23_EM_T.png,frames/Vid23_L.png,r,1.0,5.013192999991588,2.0,1.813040999986697,,,,22.0,Male,Right handed,Normal
sub_113AB,AB,24.0,frames/Vid24_BB_T.png,frames/Vid24_L.png,l,1.0,5.048287599987816,5.0,1.6804438999970444,,,,22.0,Male,Right handed,Normal
sub_113AB,AB,25.0,frames/Vid25_BB_T.png,frames/Vid25_L.png,r,1.0,5.900789799983613,5.0,1.8640351999783888,,,,22.0,Male,Right handed,Normal
sub_113AB,AB,26.0,frames/Vid26_EM_T.png,frames/Vid26_L.png,l,1.0,4.140753899991978,5.0,1.5981106999679469,,,,22.0,Male,Right handed,Normal
sub_113AB,AB,27.0,frames/Vid27_BB_T.png,frames/Vid27_L.png,r,1.0,10.599624800030142,4.0,2.3977038000011817,,,,22.0,Male,Right handed,Normal
sub_113AB,AB,28.0,frames/Vid28_EM_T.png,frames/Vid28_L.png,r,1.0,2.251933299994562,5.0,1.131914899975527,,,,22.0,Male,Right handed,Normal
sub_113AB,AB,29.0,frames/Vid29_BB_T.png,frames/Vid29_L.png,l,1.0,3.3984126999857835,2.0,1.5987119000055827,,,,22.0,Male,Right handed,Normal
sub_113AB,AB,30.0,frames/Vid30_EM_T.png,frames/Vid30_L.png,l,1.0,4.197106399980839,3.0,1.0967811000300571,,,,22.0,Male,Right handed,Normal
sub_113AB,AB,31.0,frames/Vid31_EM_T.png,frames/Vid31_L.png,l,1.0,3.005883899983018,5.0,1.0642675999552011,,,,22.0,Male,Right handed,Normal
sub_113AB,AB,32.0,frames/Vid32_EM_T.png,frames/Vid32_L.png,r,1.0,2.9335306999855675,5.0,1.082729100016877,,,,22.0,Male,Right handed,Normal
sub_113AB,AB,33.0,frames/Vid33_BB_T.png,frames/Vid33_L.png,l,1.0,2.9911837999825366,5.0,1.197362900013104,,,,22.0,Male,Right handed,Normal
sub_113AB,AB,34.0,frames/Vid34_BB_T.png,frames/Vid34_L.png,l,1.0,4.788295199978165,5.0,2.1470659999758936,,,,22.0,Male,Right handed,Normal
sub_113AB,AB,35.0,frames/Vid35_EM_T.png,frames/Vid35_L.png,r,1.0,5.29257350001717,2.0,1.3485866999835707,,,,22.0,Male,Right handed,Normal
sub_113AB,AB,36.0,frames/Vid36_BB_T.png,frames/Vid36_L.png,l,1.0,3.284513600054197,5.0,2.212643899954855,,,,22.0,Male,Right handed,Normal
sub_113AB,AB,37.0,frames/Vid37_BB_T.png,frames/Vid37_L.png,l,1.0,3.0154698999831453,5.0,1.0796909000491723,,,,22.0,Male,Right handed,Normal
sub_113AB,AB,38.0,frames/Vid38_EM_T.png,frames/Vid38_L.png,r,1.0,7.67725629999768,4.0,6.581862699997146,,,,22.0,Male,Right handed,Normal
sub_113AB,AB,39.0,frames/Vid39_BB_T.png,frames/Vid39_L.png,r,0.0,3.585650800028816,3.0,2.031336099957116,,,,22.0,Male,Right handed,Normal
sub_113AB,AB,40.0,frames/Vid40_EM_T.png,frames/Vid40_L.png,r,1.0,4.168038900010288,4.0,1.0316903999773783,,,,22.0,Male,Right handed,Normal
subh170_NB,NB,1.0,frames/Vid1_EM_T.png,frames/Vid1_L.png,r,1.0,8.04828990000533,5.0,1.1987339000042994,,,,22.0,Male,Right handed,Normal
subh170_NB,NB,2.0,frames/Vid2_BB_T.png,frames/Vid2_L.png,r,1.0,4.406037799984915,5.0,0.7317330999940168,,,,22.0,Male,Right handed,Normal
subh170_NB,NB,3.0,frames/Vid3_BB_T.png,frames/Vid3_L.png,l,1.0,2.0339818999927957,5.0,1.0638396999856925,,,,22.0,Male,Right handed,Normal
subh170_NB,NB,4.0,frames/Vid4_EM_T.png,frames/Vid4_L.png,l,1.0,2.043645199999446,5.0,1.0817523000005167,,,,22.0,Male,Right handed,Normal
subh170_NB,NB,5.0,frames/Vid5_EM_T.png,frames/Vid5_L.png,r,1.0,2.0835553999932017,5.0,0.965163199987728,,,,22.0,Male,Right handed,Normal
subh170_NB,NB,6.0,frames/Vid6_BB_T.png,frames/Vid6_L.png,r,1.0,5.483393300004536,5.0,1.298297100001946,,,,22.0,Male,Right handed,Normal
subh170_NB,NB,7.0,frames/Vid7_EM_T.png,frames/Vid7_L.png,r,0.0,3.7449863999790978,5.0,0.8659900999919046,,,,22.0,Male,Right handed,Normal
subh170_NB,NB,8.0,frames/Vid8_BB_T.png,frames/Vid8_L.png,r,0.0,2.750064299994847,5.0,0.8993884999945294,,,,22.0,Male,Right handed,Normal
subh170_NB,NB,9.0,frames/Vid9_EM_T.png,frames/Vid9_L.png,l,1.0,3.639399800013052,5.0,1.0479334999981802,,,,22.0,Male,Right handed,Normal
subh170_NB,NB,10.0,frames/Vid10_BB_T.png,frames/Vid10_L.png,l,1.0,5.027335799997672,5.0,0.8985058000253048,,,,22.0,Male,Right handed,Normal
subh170_NB,NB,11.0,frames/Vid11_EM_T.png,frames/Vid11_L.png,l,1.0,2.0713603000040166,5.0,1.0807438000047114,,,,22.0,Male,Right handed,Normal
subh170_NB,NB,12.0,frames/Vid12_EM_T.png,frames/Vid12_L.png,l,1.0,1.859257700009039,5.0,0.8153517999744508,,,,22.0,Male,Right handed,Normal
subh170_NB,NB,13.0,frames/Vid13_BB_T.png,frames/Vid13_L.png,r,0.0,3.7567216999887023,5.0,1.3161613999982364,,,,22.0,Male,Right handed,Normal
subh170_NB,NB,14.0,frames/Vid14_BB_T.png,frames/Vid14_L.png,l,1.0,3.0724451999994926,5.0,4.080529700004263,,,,22.0,Male,Right handed,Normal
subh170_NB,NB,15.0,frames/Vid15_BB_T.png,frames/Vid15_L.png,l,1.0,3.583371700020507,5.0,1.0474647999799345,,,,22.0,Male,Right handed,Normal
subh170_NB,NB,16.0,frames/Vid16_EM_T.png,frames/Vid16_L.png,l,0.0,11.0320505000127,3.0,1.298530000000028,,,,22.0,Male,Right handed,Normal
subh170_NB,NB,17.0,frames/Vid17_BB_T.png,frames/Vid17_L.png,r,1.0,2.8213457000092603,5.0,0.7974117000121623,,,,22.0,Male,Right handed,Normal
subh170_NB,NB,18.0,frames/Vid18_EM_T.png,frames/Vid18_L.png,r,1.0,4.263744200026849,4.0,1.417343900015112,,,,22.0,Male,Right handed,Normal
subh170_NB,NB,19.0,frames/Vid19_BB_T.png,frames/Vid19_L.png,l,0.0,9.90880050000851,3.0,0.8815808999934234,,,,22.0,Male,Right handed,Normal
subh170_NB,NB,20.0,frames/Vid20_EM_T.png,frames/Vid20_L.png,l,1.0,2.217503799998667,5.0,1.06522779999068,,,,22.0,Male,Right handed,Normal
subh170_NB,NB,21.0,frames/Vid21_BB_T.png,frames/Vid21_L.png,l,1.0,1.6981834000034723,5.0,1.1311438000120688,,,,22.0,Male,Right handed,Normal
subh170_NB,NB,22.0,frames/Vid22_EM_T.png,frames/Vid22_L.png,l,1.0,1.881797200010624,5.0,0.8478228000167292,,,,22.0,Male,Right handed,Normal
subh170_NB,NB,23.0,frames/Vid23_EM_T.png,frames/Vid23_L.png,l,1.0,4.1203100999991875,4.0,1.2482983999943826,,,,22.0,Male,Right handed,Normal
subh170_NB,NB,24.0,frames/Vid24_BB_T.png,frames/Vid24_L.png,r,1.0,4.676727099984419,5.0,0.9140165999997408,,,,22.0,Male,Right handed,Normal
subh170_NB,NB,25.0,frames/Vid25_BB_T.png,frames/Vid25_L.png,r,1.0,6.536331200011773,5.0,0.847983599989675,,,,22.0,Male,Right handed,Normal
subh170_NB,NB,26.0,frames/Vid26_EM_T.png,frames/Vid26_L.png,l,1.0,4.27021839999361,5.0,0.7799448999867309,,,,22.0,Male,Right handed,Normal
subh170_NB,NB,27.0,frames/Vid27_BB_T.png,frames/Vid27_L.png,l,1.0,8.97766859998228,5.0,1.0137909000040963,,,,22.0,Male,Right handed,Normal
subh170_NB,NB,28.0,frames/Vid28_EM_T.png,frames/Vid28_L.png,l,1.0,3.8474099000159185,5.0,1.2959743999817874,,,,22.0,Male,Right handed,Normal
subh170_NB,NB,29.0,frames/Vid29_BB_T.png,frames/Vid29_L.png,l,1.0,2.7817788000102155,5.0,0.9468810000107624,,,,22.0,Male,Right handed,Normal
subh170_NB,NB,30.0,frames/Vid30_EM_T.png,frames/Vid30_L.png,r,1.0,4.386351099994499,4.0,1.348720599984517,,,,22.0,Male,Right handed,Normal
subh170_NB,NB,31.0,frames/Vid31_EM_T.png,frames/Vid31_L.png,r,1.0,3.5082191999827046,3.0,0.7805593999801204,,,,22.0,Male,Right handed,Normal
subh170_NB,NB,32.0,frames/Vid32_EM_T.png,frames/Vid32_L.png,l,1.0,2.421992300020065,5.0,1.148440599994501,,,,22.0,Male,Right handed,Normal
subh170_NB,NB,33.0,frames/Vid33_BB_T.png,frames/Vid33_L.png,r,1.0,3.805552900012117,5.0,0.7985661000129767,,,,22.0,Male,Right handed,Normal
subh170_NB,NB,34.0,frames/Vid34_BB_T.png,frames/Vid34_L.png,r,1.0,6.42299799999455,3.0,1.764310700003989,,,,22.0,Male,Right handed,Normal
subh170_NB,NB,35.0,frames/Vid35_EM_T.png,frames/Vid35_L.png,r,1.0,4.6165819999878295,5.0,0.9989306999777908,,,,22.0,Male,Right handed,Normal
subh170_NB,NB,36.0,frames/Vid36_BB_T.png,frames/Vid36_L.png,r,1.0,4.945482400013134,3.0,1.7638699999952223,,,,22.0,Male,Right handed,Normal
subh170_NB,NB,37.0,frames/Vid37_BB_T.png,frames/Vid37_L.png,l,1.0,2.500835000013467,5.0,1.5482296999834944,,,,22.0,Male,Right handed,Normal
subh170_NB,NB,38.0,frames/Vid38_EM_T.png,frames/Vid38_L.png,l,1.0,4.376560899981996,5.0,1.0160830999957398,,,,22.0,Male,Right handed,Normal
subh170_NB,NB,39.0,frames/Vid39_BB_T.png,frames/Vid39_L.png,r,1.0,4.502301100001205,5.0,1.249088299984578,,,,22.0,Male,Right handed,Normal
subh170_NB,NB,40.0,frames/Vid40_EM_T.png,frames/Vid40_L.png,r,1.0,2.9967687999887858,5.0,1.130669400008628,,,,22.0,Male,Right handed,Normal
suub174_NB,NB,1.0,frames/Vid1_EM_T.png,frames/Vid1_L.png,r,1.0,9.574115900002653,5.0,2.0965022999735083,,,,22.0,Male,Right handed,Normal
suub174_NB,NB,2.0,frames/Vid2_BB_T.png,frames/Vid2_L.png,r,1.0,5.934076800011098,5.0,1.3318071000103373,,,,22.0,Male,Right handed,Normal
suub174_NB,NB,3.0,frames/Vid3_BB_T.png,frames/Vid3_L.png,l,1.0,4.090198899997631,5.0,1.248146399972029,,,,22.0,Male,Right handed,Normal
suub174_NB,NB,4.0,frames/Vid4_EM_T.png,frames/Vid4_L.png,l,0.0,28.61946230000467,2.0,1.5979989000188652,,,,22.0,Male,Right handed,Normal
suub174_NB,NB,5.0,frames/Vid5_EM_T.png,frames/Vid5_L.png,r,1.0,3.364566400006879,5.0,1.0303446999751031,,,,22.0,Male,Right handed,Normal
suub174_NB,NB,6.0,frames/Vid6_BB_T.png,frames/Vid6_L.png,r,1.0,5.995804200007115,5.0,1.398349800001597,,,,22.0,Male,Right handed,Normal
suub174_NB,NB,7.0,frames/Vid7_EM_T.png,frames/Vid7_L.png,r,1.0,13.884530300012557,3.0,1.0314549999893643,,,,22.0,Male,Right handed,Normal
suub174_NB,NB,8.0,frames/Vid8_BB_T.png,frames/Vid8_L.png,l,0.0,5.059619000006933,5.0,1.397748399991542,,,,22.0,Male,Right handed,Normal
suub174_NB,NB,9.0,frames/Vid9_EM_T.png,frames/Vid9_L.png,l,1.0,10.633583799994083,2.0,1.7489211999927647,,,,22.0,Male,Right handed,Normal
suub174_NB,NB,10.0,frames/Vid10_BB_T.png,frames/Vid10_L.png,r,1.0,4.8260711999901105,5.0,1.2653171999845654,,,,22.0,Male,Right handed,Normal
suub174_NB,NB,11.0,frames/Vid11_EM_T.png,frames/Vid11_L.png,l,1.0,3.347051599994302,5.0,1.1472514999913983,,,,22.0,Male,Right handed,Normal
suub174_NB,NB,12.0,frames/Vid12_EM_T.png,frames/Vid12_L.png,l,1.0,3.1770569999935105,5.0,1.413508700003149,,,,22.0,Male,Right handed,Normal
suub174_NB,NB,13.0,frames/Vid13_BB_T.png,frames/Vid13_L.png,l,0.0,10.00362220001989,2.0,2.263428499980364,,,,22.0,Male,Right handed,Normal
suub174_NB,NB,14.0,frames/Vid14_BB_T.png,frames/Vid14_L.png,r,1.0,2.639286900026491,5.0,1.180501099996036,,,,22.0,Male,Right handed,Normal
suub174_NB,NB,15.0,frames/Vid15_BB_T.png,frames/Vid15_L.png,l,1.0,13.181519199977629,3.0,3.464007299975492,,,,22.0,Male,Right handed,Normal
suub174_NB,NB,16.0,frames/Vid16_EM_T.png,frames/Vid16_L.png,l,0.0,19.654783500009216,3.0,2.215981200017268,,,,22.0,Male,Right handed,Normal
suub174_NB,NB,17.0,frames/Vid17_BB_T.png,frames/Vid17_L.png,l,1.0,4.21584790002089,5.0,1.3635834000015166,,,,22.0,Male,Right handed,Normal
suub174_NB,NB,18.0,frames/Vid18_EM_T.png,frames/Vid18_L.png,r,1.0,5.185704200004693,5.0,1.1489419999998065,,,,22.0,Male,Right handed,Normal
suub174_NB,NB,19.0,frames/Vid19_BB_T.png,frames/Vid19_L.png,l,0.0,7.598644899990177,2.0,1.3649901000026148,,,,22.0,Male,Right handed,Normal
suub174_NB,NB,20.0,frames/Vid20_EM_T.png,frames/Vid20_L.png,r,1.0,4.324740700016264,5.0,1.2807453999994325,,,,22.0,Male,Right handed,Normal
suub174_NB,NB,21.0,frames/Vid21_BB_T.png,frames/Vid21_L.png,r,1.0,4.922500800021226,5.0,1.748908500012476,,,,22.0,Male,Right handed,Normal
suub174_NB,NB,22.0,frames/Vid22_EM_T.png,frames/Vid22_L.png,r,1.0,3.3726587000128347,5.0,0.9809567999909632,,,,22.0,Male,Right handed,Normal
suub174_NB,NB,23.0,frames/Vid23_EM_T.png,frames/Vid23_L.png,r,1.0,5.720920299994759,3.0,2.3651645999925677,,,,22.0,Male,Right handed,Normal
suub174_NB,NB,24.0,frames/Vid24_BB_T.png,frames/Vid24_L.png,l,1.0,5.669961200008402,5.0,1.180628499976592,,,,22.0,Male,Right handed,Normal
suub174_NB,NB,25.0,frames/Vid25_BB_T.png,frames/Vid25_L.png,l,1.0,4.567765299987514,5.0,1.3810250999813434,,,,22.0,Male,Right handed,Normal
suub174_NB,NB,26.0,frames/Vid26_EM_T.png,frames/Vid26_L.png,r,1.0,3.388080399978207,5.0,1.0317956000217237,,,,22.0,Male,Right handed,Normal
suub174_NB,NB,27.0,frames/Vid27_BB_T.png,frames/Vid27_L.png,l,1.0,4.804070200014394,5.0,1.231270199990831,,,,22.0,Male,Right handed,Normal
suub174_NB,NB,28.0,frames/Vid28_EM_T.png,frames/Vid28_L.png,l,1.0,2.8062039999931585,5.0,1.2150332999881357,,,,22.0,Male,Right handed,Normal
suub174_NB,NB,29.0,frames/Vid29_BB_T.png,frames/Vid29_L.png,l,1.0,4.734640399983618,5.0,1.2639916999905836,,,,22.0,Male,Right handed,Normal
suub174_NB,NB,30.0,frames/Vid30_EM_T.png,frames/Vid30_L.png,r,1.0,7.164634800021304,4.0,1.8801415000052657,,,,22.0,Male,Right handed,Normal
suub174_NB,NB,31.0,frames/Vid31_EM_T.png,frames/Vid31_L.png,r,1.0,2.89570459999959,5.0,1.1641004999983124,,,,22.0,Male,Right handed,Normal
suub174_NB,NB,32.0,frames/Vid32_EM_T.png,frames/Vid32_L.png,r,1.0,4.321952900005272,4.0,1.41500169999199,,,,22.0,Male,Right handed,Normal
suub174_NB,NB,33.0,frames/Vid33_BB_T.png,frames/Vid33_L.png,r,1.0,8.113102300005266,5.0,2.064294100011466,,,,22.0,Male,Right handed,Normal
suub174_NB,NB,34.0,frames/Vid34_BB_T.png,frames/Vid34_L.png,r,1.0,8.424988800019491,4.0,1.965245200000936,,,,22.0,Male,Right handed,Normal
suub174_NB,NB,35.0,frames/Vid35_EM_T.png,frames/Vid35_L.png,r,1.0,5.4747798000171315,5.0,1.8802366000018085,,,,22.0,Male,Right handed,Normal
suub174_NB,NB,36.0,frames/Vid36_BB_T.png,frames/Vid36_L.png,l,1.0,3.656511299981503,5.0,0.9490670000086538,,,,22.0,Male,Right handed,Normal
suub174_NB,NB,37.0,frames/Vid37_BB_T.png,frames/Vid37_L.png,l,1.0,3.2700439000036567,5.0,1.8146451000066008,,,,22.0,Male,Right handed,Normal
suub174_NB,NB,38.0,frames/Vid38_EM_T.png,frames/Vid38_L.png,r,1.0,7.78414000000339,3.0,1.1817666999995708,,,,22.0,Male,Right handed,Normal
suub174_NB,NB,39.0,frames/Vid39_BB_T.png,frames/Vid39_L.png,l,1.0,3.787355000007665,5.0,0.9650729999993928,,,,22.0,Male,Right handed,Normal
suub174_NB,NB,40.0,frames/Vid40_EM_T.png,frames/Vid40_L.png,r,1.0,3.203914799989434,5.0,0.8806681999994908,,,,22.0,Male,Right handed,Normal
suub_110AB,AB,1.0,frames/Vid1_EM_T.png,frames/Vid1_L.png,l,1.0,3.75521790003404,2.0,2.030679500021506,,,,22.0,Male,Right handed,Normal
suub_110AB,AB,2.0,frames/Vid2_BB_T.png,frames/Vid2_L.png,r,1.0,3.792649600014556,4.0,1.0978249000036158,,,,22.0,Male,Right handed,Normal
suub_110AB,AB,3.0,frames/Vid3_BB_T.png,frames/Vid3_L.png,r,1.0,2.3200709000229836,5.0,0.8813002000097185,,,,22.0,Male,Right handed,Normal
suub_110AB,AB,4.0,frames/Vid4_EM_T.png,frames/Vid4_L.png,r,1.0,8.641461000021081,4.0,0.8811687999987043,,,,22.0,Male,Right handed,Normal
suub_110AB,AB,5.0,frames/Vid5_EM_T.png,frames/Vid5_L.png,l,1.0,2.0164730999968015,5.0,0.8164807999855839,,,,22.0,Male,Right handed,Normal
suub_110AB,AB,6.0,frames/Vid6_BB_T.png,frames/Vid6_L.png,l,1.0,3.1140874999691732,4.0,0.7466157000162639,,,,22.0,Male,Right handed,Normal
suub_110AB,AB,7.0,frames/Vid7_EM_T.png,frames/Vid7_L.png,r,0.0,4.002642799983732,3.0,1.59902870003134,,,,22.0,Male,Right handed,Normal
suub_110AB,AB,8.0,frames/Vid8_BB_T.png,frames/Vid8_L.png,r,1.0,4.754729600041173,4.0,1.1164589999825694,,,,22.0,Male,Right handed,Normal
suub_110AB,AB,9.0,frames/Vid9_EM_T.png,frames/Vid9_L.png,r,1.0,8.582453400013037,3.0,1.1982636000029745,,,,22.0,Male,Right handed,Normal
suub_110AB,AB,10.0,frames/Vid10_BB_T.png,frames/Vid10_L.png,l,1.0,6.011003400024492,2.0,1.2975646000122651,,,,22.0,Male,Right handed,Normal
suub_110AB,AB,11.0,frames/Vid11_EM_T.png,frames/Vid11_L.png,r,1.0,4.2697797999717295,4.0,1.231561399996281,,,,22.0,Male,Right handed,Normal
suub_110AB,AB,12.0,frames/Vid12_EM_T.png,frames/Vid12_L.png,r,1.0,4.646367900015321,4.0,1.4449583999812603,,,,22.0,Male,Right handed,Normal
suub_110AB,AB,13.0,frames/Vid13_BB_T.png,frames/Vid13_L.png,r,0.0,3.3176973999943584,4.0,1.3486960000009276,,,,22.0,Male,Right handed,Normal
suub_110AB,AB,14.0,frames/Vid14_BB_T.png,frames/Vid14_L.png,r,1.0,3.155724799958989,2.0,2.382460599998012,,,,22.0,Male,Right handed,Normal
suub_110AB,AB,15.0,frames/Vid15_BB_T.png,frames/Vid15_L.png,r,1.0,3.361461600055918,4.0,1.1649842000333592,,,,22.0,Male,Right handed,Normal
suub_110AB,AB,16.0,frames/Vid16_EM_T.png,frames/Vid16_L.png,l,1.0,3.33929299999727,4.0,0.980427700036671,,,,22.0,Male,Right handed,Normal
suub_110AB,AB,17.0,frames/Vid17_BB_T.png,frames/Vid17_L.png,r,0.0,5.24237200000789,2.0,1.347881400026381,,,,22.0,Male,Right handed,Normal
suub_110AB,AB,18.0,frames/Vid18_EM_T.png,frames/Vid18_L.png,l,1.0,3.578837500012014,4.0,0.9136900000157766,,,,22.0,Male,Right handed,Normal
suub_110AB,AB,19.0,frames/Vid19_BB_T.png,frames/Vid19_L.png,l,0.0,4.292005600000266,4.0,0.6980680000269786,,,,22.0,Male,Right handed,Normal
suub_110AB,AB,20.0,frames/Vid20_EM_T.png,frames/Vid20_L.png,r,1.0,2.2481325999833643,4.0,0.4476341999834403,,,,22.0,Male,Right handed,Normal
suub_110AB,AB,21.0,frames/Vid21_BB_T.png,frames/Vid21_L.png,r,1.0,5.684372199990321,3.0,11.597048300027382,,,,22.0,Male,Right handed,Normal
suub_110AB,AB,22.0,frames/Vid22_EM_T.png,frames/Vid22_L.png,l,1.0,7.540312299970537,4.0,1.6461533000110649,,,,22.0,Male,Right handed,Normal
suub_110AB,AB,23.0,frames/Vid23_EM_T.png,frames/Vid23_L.png,r,1.0,3.1635089000337757,1.0,1.063400899991393,,,,22.0,Male,Right handed,Normal
suub_110AB,AB,24.0,frames/Vid24_BB_T.png,frames/Vid24_L.png,r,1.0,2.1382983999792486,3.0,0.8474732000031509,,,,22.0,Male,Right handed,Normal
suub_110AB,AB,25.0,frames/Vid25_BB_T.png,frames/Vid25_L.png,r,1.0,4.096682799980044,3.0,1.5471049000043422,,,,22.0,Male,Right handed,Normal
suub_110AB,AB,26.0,frames/Vid26_EM_T.png,frames/Vid26_L.png,l,1.0,3.605579300026875,5.0,1.4644656999735162,,,,22.0,Male,Right handed,Normal
suub_110AB,AB,27.0,frames/Vid27_BB_T.png,frames/Vid27_L.png,r,1.0,4.524478600011207,3.0,2.583665100042708,,,,22.0,Male,Right handed,Normal
suub_110AB,AB,28.0,frames/Vid28_EM_T.png,frames/Vid28_L.png,r,1.0,2.6402670999523252,4.0,0.8496126999962144,,,,22.0,Male,Right handed,Normal
suub_110AB,AB,29.0,frames/Vid29_BB_T.png,frames/Vid29_L.png,r,1.0,6.223994700005278,3.0,0.8140234999591485,,,,22.0,Male,Right handed,Normal
suub_110AB,AB,30.0,frames/Vid30_EM_T.png,frames/Vid30_L.png,r,1.0,5.186620099993888,4.0,1.2640741000068374,,,,22.0,Male,Right handed,Normal
suub_110AB,AB,31.0,frames/Vid31_EM_T.png,frames/Vid31_L.png,l,1.0,2.602454499981832,4.0,1.0161432000459172,,,,22.0,Male,Right handed,Normal
suub_110AB,AB,32.0,frames/Vid32_EM_T.png,frames/Vid32_L.png,l,1.0,2.3496317000244744,4.0,1.082069900003262,,,,22.0,Male,Right handed,Normal
suub_110AB,AB,33.0,frames/Vid33_BB_T.png,frames/Vid33_L.png,l,1.0,4.032597900019027,4.0,0.7482279000105336,,,,22.0,Male,Right handed,Normal
suub_110AB,AB,34.0,frames/Vid34_BB_T.png,frames/Vid34_L.png,r,0.0,5.208023099985439,2.0,1.464233900012914,,,,22.0,Male,Right handed,Normal
suub_110AB,AB,35.0,frames/Vid35_EM_T.png,frames/Vid35_L.png,l,1.0,3.1233765999786556,4.0,0.9144035000354052,,,,22.0,Male,Right handed,Normal
suub_110AB,AB,36.0,frames/Vid36_BB_T.png,frames/Vid36_L.png,l,1.0,2.797583700041286,2.0,1.8493485000217331,,,,22.0,Male,Right handed,Normal
suub_110AB,AB,37.0,frames/Vid37_BB_T.png,frames/Vid37_L.png,l,1.0,2.142318300029729,4.0,0.8816516000078991,,,,22.0,Male,Right handed,Normal
suub_110AB,AB,38.0,frames/Vid38_EM_T.png,frames/Vid38_L.png,r,1.0,4.143667900003493,3.0,0.8309802999719977,,,,22.0,Male,Right handed,Normal
suub_110AB,AB,39.0,frames/Vid39_BB_T.png,frames/Vid39_L.png,l,1.0,5.884350499953143,4.0,0.7980246000224724,,,,22.0,Male,Right handed,Normal
suub_110AB,AB,40.0,frames/Vid40_EM_T.png,frames/Vid40_L.png,r,1.0,2.744989099970553,4.0,1.2801445000222884,,,,22.0,Male,Right handed,Normal
test1,AB,1.0,frames/Vid1_EM_T.png,frames/Vid1_L.png,l,1.0,6.885889600001974,5.0,2.063915500009898,,,,22.0,Male,Right handed,Normal
test1,AB,2.0,frames/Vid2_BB_T.png,frames/Vid2_L.png,r,1.0,6.723374599998351,5.0,1.431830199988326,,,,22.0,Male,Right handed,Normal
test1,AB,3.0,frames/Vid3_BB_T.png,frames/Vid3_L.png,l,1.0,3.1126334000000497,5.0,1.5132544000080088,,,,22.0,Male,Right handed,Normal
test1,AB,4.0,frames/Vid4_EM_T.png,frames/Vid4_L.png,r,0.0,8.805949800007511,5.0,1.5642949000030058,,,,22.0,Male,Right handed,Normal
test1,AB,5.0,frames/Vid5_EM_T.png,frames/Vid5_L.png,l,1.0,10.064492000004975,4.0,2.6641159999999218,,,,22.0,Male,Right handed,Normal
test1,AB,6.0,frames/Vid6_BB_T.png,frames/Vid6_L.png,r,1.0,3.336381999994046,5.0,2.0479333999974187,,,,22.0,Male,Right handed,Normal
test1,AB,7.0,frames/Vid7_EM_T.png,frames/Vid7_L.png,r,1.0,3.5826059999963036,5.0,2.964166399993701,,,,22.0,Male,Right handed,Normal
test1,AB,8.0,frames/Vid8_BB_T.png,frames/Vid8_L.png,r,1.0,4.105767799992464,5.0,1.8480693000019528,,,,22.0,Male,Right handed,Normal
test1,AB,9.0,frames/Vid9_EM_T.png,frames/Vid9_L.png,l,0.0,6.433945500000846,2.0,1.5627721000055317,,,,22.0,Male,Right handed,Normal
test1,AB,10.0,frames/Vid10_BB_T.png,frames/Vid10_L.png,l,1.0,9.465846200007944,5.0,1.9965946999873267,,,,22.0,Male,Right handed,Normal
test1,AB,11.0,frames/Vid11_EM_T.png,frames/Vid11_L.png,r,1.0,4.549423600008595,5.0,1.8994463999988511,,,,22.0,Male,Right handed,Normal
test1,AB,12.0,frames/Vid12_EM_T.png,frames/Vid12_L.png,r,1.0,7.108724300007452,5.0,1.5314368999970611,,,,22.0,Male,Right handed,Normal
test1,AB,13.0,frames/Vid13_BB_T.png,frames/Vid13_L.png,r,0.0,4.694667100004153,5.0,1.5491347000061069,,,,22.0,Male,Right handed,Normal
test1,AB,14.0,frames/Vid14_BB_T.png,frames/Vid14_L.png,l,1.0,6.32749120000517,5.0,2.382171599994763,,,,22.0,Male,Right handed,Normal
test1,AB,15.0,frames/Vid15_BB_T.png,frames/Vid15_L.png,r,1.0,11.123717399997986,5.0,4.314590699999826,,,,22.0,Male,Right handed,Normal
test1,AB,16.0,frames/Vid16_EM_T.png,frames/Vid16_L.png,l,1.0,4.3649802999862,5.0,1.680975600000238,,,,22.0,Male,Right handed,Normal
test1,AB,17.0,frames/Vid17_BB_T.png,frames/Vid17_L.png,r,1.0,7.127602699998533,5.0,1.3463612000050489,,,,22.0,Male,Right handed,Normal
test1,AB,18.0,frames/Vid18_EM_T.png,frames/Vid18_L.png,r,1.0,8.393008900005952,1.0,2.6324912999989465,,,,22.0,Male,Right handed,Normal
test1,AB,19.0,frames/Vid19_BB_T.png,frames/Vid19_L.png,r,1.0,14.116556799999673,2.0,21.414244599989615,,,,22.0,Male,Right handed,Normal
test1,AB,20.0,frames/Vid20_EM_T.png,frames/Vid20_L.png,l,1.0,3.640247700008331,5.0,1.2155277999991083,,,,22.0,Male,Right handed,Normal
test1,AB,21.0,frames/Vid21_BB_T.png,frames/Vid21_L.png,l,1.0,12.16743580000184,5.0,1.4155309000052512,,,,22.0,Male,Right handed,Normal
test1,AB,22.0,frames/Vid22_EM_T.png,frames/Vid22_L.png,l,1.0,1.8765600999904564,5.0,0.5981387999927392,,,,22.0,Male,Right handed,Normal
test1,AB,23.0,frames/Vid23_EM_T.png,frames/Vid23_L.png,l,1.0,8.109839400000055,2.0,3.732015899993712,,,,22.0,Male,Right handed,Normal
test1,AB,24.0,frames/Vid24_BB_T.png,frames/Vid24_L.png,l,1.0,5.712836399994558,5.0,2.7806998000014573,,,,22.0,Male,Right handed,Normal
test1,AB,25.0,frames/Vid25_BB_T.png,frames/Vid25_L.png,r,0.0,9.44934920000378,4.0,2.131572000012966,,,,22.0,Male,Right handed,Normal
test1,AB,26.0,frames/Vid26_EM_T.png,frames/Vid26_L.png,l,1.0,2.559056199999759,5.0,0.8984842000063509,,,,22.0,Male,Right handed,Normal
test1,AB,27.0,frames/Vid27_BB_T.png,frames/Vid27_L.png,r,1.0,7.395997699990403,3.0,1.682329799994477,,,,22.0,Male,Right handed,Normal
test1,AB,28.0,frames/Vid28_EM_T.png,frames/Vid28_L.png,l,1.0,5.358811899990542,5.0,0.9311545999953524,,,,22.0,Male,Right handed,Normal
test1,AB,29.0,frames/Vid29_BB_T.png,frames/Vid29_L.png,l,1.0,6.2107308999984525,3.0,2.232010799998534,,,,22.0,Male,Right handed,Normal
test1,AB,30.0,frames/Vid30_EM_T.png,frames/Vid30_L.png,l,0.0,15.60314560000552,3.0,3.9314053999987664,,,,22.0,Male,Right handed,Normal
test1,AB,31.0,frames/Vid31_EM_T.png,frames/Vid31_L.png,l,1.0,2.902825800003484,5.0,1.014975099998992,,,,22.0,Male,Right handed,Normal
test1,AB,32.0,frames/Vid32_EM_T.png,frames/Vid32_L.png,r,1.0,5.283351600010064,5.0,1.7472129999950994,,,,22.0,Male,Right handed,Normal
test1,AB,33.0,frames/Vid33_BB_T.png,frames/Vid33_L.png,l,1.0,7.408740099999704,4.0,2.3986443000030704,,,,22.0,Male,Right handed,Normal
test1,AB,34.0,frames/Vid34_BB_T.png,frames/Vid34_L.png,l,1.0,5.027164200000698,5.0,4.598153499988257,,,,22.0,Male,Right handed,Normal
test1,AB,35.0,frames/Vid35_EM_T.png,frames/Vid35_L.png,l,1.0,3.4176107999956,5.0,1.648375600008876,,,,22.0,Male,Right handed,Normal
test1,AB,36.0,frames/Vid36_BB_T.png,frames/Vid36_L.png,r,1.0,15.11457029999292,3.0,3.81497870000021,,,,22.0,Male,Right handed,Normal
test1,AB,37.0,frames/Vid37_BB_T.png,frames/Vid37_L.png,r,1.0,4.005520399994566,5.0,1.6981156999972882,,,,22.0,Male,Right handed,Normal
test1,AB,38.0,frames/Vid38_EM_T.png,frames/Vid38_L.png,r,1.0,6.623828100011451,2.0,2.9800951999932295,,,,22.0,Male,Right handed,Normal
test1,AB,39.0,frames/Vid39_BB_T.png,frames/Vid39_L.png,r,1.0,7.334470799993142,2.0,2.5960284000029787,,,,22.0,Male,Right handed,Normal
test1,AB,40.0,frames/Vid40_EM_T.png,frames/Vid40_L.png,r,1.0,12.583419999995384,4.0,1.5147642999945674,,,,22.0,Male,Right handed,Normal
test10,NB,1.0,frames/Vid1_EM_T.png,frames/Vid1_L.png,l,1.0,15.01996030000737,1.0,1.0327473999932408,,,,22.0,Male,Right handed,Normal
test10,NB,2.0,frames/Vid2_BB_T.png,frames/Vid2_L.png,l,1.0,8.25644420000026,5.0,1.4815311999991536,,,,22.0,Male,Right handed,Normal
test10,NB,3.0,frames/Vid3_BB_T.png,frames/Vid3_L.png,l,1.0,16.386847300018417,3.0,1.4649901999800932,,,,22.0,Male,Right handed,Normal
test10,NB,4.0,frames/Vid4_EM_T.png,frames/Vid4_L.png,l,0.0,6.327889799984405,3.0,1.862084499996854,,,,22.0,Male,Right handed,Normal
test10,NB,5.0,frames/Vid5_EM_T.png,frames/Vid5_L.png,r,0.0,10.082867999997688,2.0,1.478483900020365,,,,22.0,Male,Right handed,Normal
test10,NB,6.0,frames/Vid6_BB_T.png,frames/Vid6_L.png,l,1.0,5.30976639999426,4.0,1.1813173999835271,,,,22.0,Male,Right handed,Normal
test10,NB,7.0,frames/Vid7_EM_T.png,frames/Vid7_L.png,r,1.0,8.585244099987904,5.0,1.1138738000008743,,,,22.0,Male,Right handed,Normal
test10,NB,8.0,frames/Vid8_BB_T.png,frames/Vid8_L.png,r,0.0,10.68311869999161,4.0,2.5305466999998316,,,,22.0,Male,Right handed,Normal
test10,NB,9.0,frames/Vid9_EM_T.png,frames/Vid9_L.png,r,1.0,13.25274269998772,2.0,1.0155030000023544,,,,22.0,Male,Right handed,Normal
test10,NB,10.0,frames/Vid10_BB_T.png,frames/Vid10_L.png,l,1.0,9.029892000020482,2.0,5.998170399980154,,,,22.0,Male,Right handed,Normal
test10,NB,11.0,frames/Vid11_EM_T.png,frames/Vid11_L.png,l,1.0,8.580848099983996,1.0,4.481271399999969,,,,22.0,Male,Right handed,Normal
test10,NB,12.0,frames/Vid12_EM_T.png,frames/Vid12_L.png,l,0.0,7.433207299996866,2.0,1.4147795000171757,,,,22.0,Male,Right handed,Normal
test10,NB,13.0,frames/Vid13_BB_T.png,frames/Vid13_L.png,r,0.0,6.788371800008463,2.0,1.265029100002721,,,,22.0,Male,Right handed,Normal
test10,NB,14.0,frames/Vid14_BB_T.png,frames/Vid14_L.png,r,1.0,6.748863200016785,5.0,1.5319249000167474,,,,22.0,Male,Right handed,Normal
test10,NB,15.0,frames/Vid15_BB_T.png,frames/Vid15_L.png,r,0.0,11.427834800007986,2.0,2.2155288999783807,,,,22.0,Male,Right handed,Normal
test10,NB,16.0,frames/Vid16_EM_T.png,frames/Vid16_L.png,r,1.0,16.022847800020827,3.0,1.5658662999921944,,,,22.0,Male,Right handed,Normal
test10,NB,17.0,frames/Vid17_BB_T.png,frames/Vid17_L.png,r,1.0,7.429669200006174,3.0,1.1318970000138506,,,,22.0,Male,Right handed,Normal
test10,NB,18.0,frames/Vid18_EM_T.png,frames/Vid18_L.png,r,1.0,7.0854205999930855,4.0,0.9153633999812882,,,,22.0,Male,Right handed,Normal
test10,NB,19.0,frames/Vid19_BB_T.png,frames/Vid19_L.png,r,1.0,18.59240519997547,4.0,18.782035800017184,,,,22.0,Male,Right handed,Normal
test10,NB,20.0,frames/Vid20_EM_T.png,frames/Vid20_L.png,r,0.0,6.230810100008966,5.0,0.913739000010537,,,,22.0,Male,Right handed,Normal
test10,NB,21.0,frames/Vid21_BB_T.png,frames/Vid21_L.png,r,1.0,17.483228199998848,2.0,0.9983414000016636,,,,22.0,Male,Right handed,Normal
test10,NB,22.0,frames/Vid22_EM_T.png,frames/Vid22_L.png,r,1.0,9.85611210000934,2.0,2.8820312000170816,,,,22.0,Male,Right handed,Normal
test10,NB,23.0,frames/Vid23_EM_T.png,frames/Vid23_L.png,r,1.0,9.21644199997536,4.0,1.3311846000142395,,,,22.0,Male,Right handed,Normal
test10,NB,24.0,frames/Vid24_BB_T.png,frames/Vid24_L.png,l,1.0,9.942638700013047,5.0,2.548504200007301,,,,22.0,Male,Right handed,Normal
test10,NB,25.0,frames/Vid25_BB_T.png,frames/Vid25_L.png,l,1.0,9.214268799987622,4.0,1.6139074999955485,,,,22.0,Male,Right handed,Normal
test10,NB,26.0,frames/Vid26_EM_T.png,frames/Vid26_L.png,l,1.0,9.802726499998244,4.0,1.013275400007842,,,,22.0,Male,Right handed,Normal
test10,NB,27.0,frames/Vid27_BB_T.png,frames/Vid27_L.png,r,1.0,11.408323000010569,3.0,1.6825338999915402,,,,22.0,Male,Right handed,Normal
test10,NB,28.0,frames/Vid28_EM_T.png,frames/Vid28_L.png,r,1.0,6.111360200011404,5.0,1.0802387000003364,,,,22.0,Male,Right handed,Normal
test10,NB,29.0,frames/Vid29_BB_T.png,frames/Vid29_L.png,r,1.0,7.5006714000192,4.0,2.0485369999951217,,,,22.0,Male,Right handed,Normal
test10,NB,30.0,frames/Vid30_EM_T.png,frames/Vid30_L.png,l,1.0,5.011992400017334,4.0,1.464127199986251,,,,22.0,Male,Right handed,Normal
test10,NB,31.0,frames/Vid31_EM_T.png,frames/Vid31_L.png,l,1.0,4.5134455999941565,4.0,0.9655601999838836,,,,22.0,Male,Right handed,Normal
test10,NB,32.0,frames/Vid32_EM_T.png,frames/Vid32_L.png,r,1.0,3.831491700024344,5.0,1.297597400000086,,,,22.0,Male,Right handed,Normal
test10,NB,33.0,frames/Vid33_BB_T.png,frames/Vid33_L.png,r,1.0,8.369919899996603,5.0,1.3149119000008795,,,,22.0,Male,Right handed,Normal
test10,NB,34.0,frames/Vid34_BB_T.png,frames/Vid34_L.png,l,0.0,15.850699599977816,3.0,3.164004600024782,,,,22.0,Male,Right handed,Normal
test10,NB,35.0,frames/Vid35_EM_T.png,frames/Vid35_L.png,r,1.0,7.909609099995578,4.0,0.9126114000100642,,,,22.0,Male,Right handed,Normal
test10,NB,36.0,frames/Vid36_BB_T.png,frames/Vid36_L.png,l,1.0,8.640863899985561,2.0,0.9315654000092763,,,,22.0,Male,Right handed,Normal
test10,NB,37.0,frames/Vid37_BB_T.png,frames/Vid37_L.png,r,1.0,4.8195238999906,5.0,1.5956244000117294,,,,22.0,Male,Right handed,Normal
test10,NB,38.0,frames/Vid38_EM_T.png,frames/Vid38_L.png,l,1.0,8.857996500009904,4.0,1.1963416999788024,,,,22.0,Male,Right handed,Normal
test10,NB,39.0,frames/Vid39_BB_T.png,frames/Vid39_L.png,r,1.0,13.600691100000404,4.0,1.2980665999930352,,,,22.0,Male,Right handed,Normal
test10,NB,40.0,frames/Vid40_EM_T.png,frames/Vid40_L.png,r,1.0,4.184620700019877,5.0,1.0800684999849182,,,,22.0,Male,Right handed,Normal
test2,AB,1.0,frames/Vid1_EM_T.png,frames/Vid1_L.png,r,1.0,4.395477599988226,5.0,1.715104999995674,,,,22.0,Male,Right handed,Normal
test2,AB,2.0,frames/Vid2_BB_T.png,frames/Vid2_L.png,l,1.0,4.8023901999986265,4.0,1.4980300000024729,,,,22.0,Male,Right handed,Normal
test2,AB,3.0,frames/Vid3_BB_T.png,frames/Vid3_L.png,l,1.0,3.057871900004102,4.0,1.1150944999972126,,,,22.0,Male,Right handed,Normal
test2,AB,4.0,frames/Vid4_EM_T.png,frames/Vid4_L.png,l,0.0,4.188242899996112,5.0,1.5152359000057911,,,,22.0,Male,Right handed,Normal
test2,AB,5.0,frames/Vid5_EM_T.png,frames/Vid5_L.png,r,1.0,5.849291099992115,3.0,1.297859199999948,,,,22.0,Male,Right handed,Normal
test2,AB,6.0,frames/Vid6_BB_T.png,frames/Vid6_L.png,l,1.0,2.460570200011716,4.0,0.8489043000008678,,,,22.0,Male,Right handed,Normal
test2,AB,7.0,frames/Vid7_EM_T.png,frames/Vid7_L.png,l,0.0,6.5941310999915,3.0,2.331826000008732,,,,22.0,Male,Right handed,Normal
test2,AB,8.0,frames/Vid8_BB_T.png,frames/Vid8_L.png,r,0.0,14.222105399996508,4.0,4.963779899990186,,,,22.0,Male,Right handed,Normal
test2,AB,9.0,frames/Vid9_EM_T.png,frames/Vid9_L.png,r,0.0,5.1750182999967365,2.0,3.048546299993177,,,,22.0,Male,Right handed,Normal
test2,AB,10.0,frames/Vid10_BB_T.png,frames/Vid10_L.png,l,0.0,9.414482299995145,3.0,1.36234809999587,,,,22.0,Male,Right handed,Normal
test2,AB,11.0,frames/Vid11_EM_T.png,frames/Vid11_L.png,l,1.0,3.0095303999987664,4.0,0.9626130999968154,,,,22.0,Male,Right handed,Normal
test2,AB,12.0,frames/Vid12_EM_T.png,frames/Vid12_L.png,r,1.0,8.960834000012255,3.0,1.2489273999963189,,,,22.0,Male,Right handed,Normal
test2,AB,13.0,frames/Vid13_BB_T.png,frames/Vid13_L.png,l,0.0,5.33259829999588,3.0,1.1639808000036282,,,,22.0,Male,Right handed,Normal
test2,AB,14.0,frames/Vid14_BB_T.png,frames/Vid14_L.png,r,1.0,6.2887651000055484,2.0,2.0316323000006378,,,,22.0,Male,Right handed,Normal
test2,AB,15.0,frames/Vid15_BB_T.png,frames/Vid15_L.png,l,1.0,3.367209300005925,4.0,1.2302620999980718,,,,22.0,Male,Right handed,Normal
test2,AB,16.0,frames/Vid16_EM_T.png,frames/Vid16_L.png,l,1.0,2.6670279999962077,4.0,1.6137455999996746,,,,22.0,Male,Right handed,Normal
test2,AB,17.0,frames/Vid17_BB_T.png,frames/Vid17_L.png,l,0.0,4.488285700004781,4.0,1.1818593999923903,,,,22.0,Male,Right handed,Normal
test2,AB,18.0,frames/Vid18_EM_T.png,frames/Vid18_L.png,l,1.0,2.6489871999947354,3.0,0.7139171000017086,,,,22.0,Male,Right handed,Normal
test2,AB,19.0,frames/Vid19_BB_T.png,frames/Vid19_L.png,l,0.0,5.458256300000357,2.0,0.7167831999977352,,,,22.0,Male,Right handed,Normal
test2,AB,20.0,frames/Vid20_EM_T.png,frames/Vid20_L.png,r,0.0,5.676743599993642,3.0,0.9629118000011658,,,,22.0,Male,Right handed,Normal
test2,AB,21.0,frames/Vid21_BB_T.png,frames/Vid21_L.png,r,1.0,6.723540399994818,2.0,3.531850700004725,,,,22.0,Male,Right handed,Normal
test2,AB,22.0,frames/Vid22_EM_T.png,frames/Vid22_L.png,r,1.0,2.971909300002153,4.0,0.9315504999976838,,,,22.0,Male,Right handed,Normal
test2,AB,23.0,frames/Vid23_EM_T.png,frames/Vid23_L.png,l,1.0,6.1726797000010265,3.0,1.247003800002858,,,,22.0,Male,Right handed,Normal
test2,AB,24.0,frames/Vid24_BB_T.png,frames/Vid24_L.png,l,1.0,4.700610100000631,3.0,0.9807203000091248,,,,22.0,Male,Right handed,Normal
test2,AB,25.0,frames/Vid25_BB_T.png,frames/Vid25_L.png,l,1.0,5.971176899998682,5.0,1.2987930999952368,,,,22.0,Male,Right handed,Normal
test2,AB,26.0,frames/Vid26_EM_T.png,frames/Vid26_L.png,l,1.0,4.266370500001358,4.0,1.6815785999933723,,,,22.0,Male,Right handed,Normal
test2,AB,27.0,frames/Vid27_BB_T.png,frames/Vid27_L.png,r,0.0,8.214670099987416,3.0,1.0141224000108195,,,,22.0,Male,Right handed,Normal
test2,AB,28.0,frames/Vid28_EM_T.png,frames/Vid28_L.png,l,1.0,5.373882899992168,3.0,2.03103729999566,,,,22.0,Male,Right handed,Normal
test2,AB,29.0,frames/Vid29_BB_T.png,frames/Vid29_L.png,l,1.0,8.220264799994766,3.0,1.0479253999947105,,,,22.0,Male,Right handed,Normal
test2,AB,30.0,frames/Vid30_EM_T.png,frames/Vid30_L.png,r,1.0,6.7325958000001265,4.0,1.8798883999988905,,,,22.0,Male,Right handed,Normal
test2,AB,31.0,frames/Vid31_EM_T.png,frames/Vid31_L.png,l,1.0,2.594851599991671,3.0,1.331877100004931,,,,22.0,Male,Right handed,Normal
test2,AB,32.0,frames/Vid32_EM_T.png,frames/Vid32_L.png,r,1.0,8.104471699989517,4.0,1.2485748000035528,,,,22.0,Male,Right handed,Normal
test2,AB,33.0,frames/Vid33_BB_T.png,frames/Vid33_L.png,r,1.0,6.108145499994862,2.0,3.514528600004269,,,,22.0,Male,Right handed,Normal
test2,AB,34.0,frames/Vid34_BB_T.png,frames/Vid34_L.png,r,1.0,5.640787500000442,4.0,1.081403300006059,,,,22.0,Male,Right handed,Normal
test2,AB,35.0,frames/Vid35_EM_T.png,frames/Vid35_L.png,r,1.0,5.668135300002177,4.0,1.1987244000047212,,,,22.0,Male,Right handed,Normal
test2,AB,36.0,frames/Vid36_BB_T.png,frames/Vid36_L.png,r,0.0,5.881768299994292,3.0,1.0814026000007289,,,,22.0,Male,Right handed,Normal
test2,AB,37.0,frames/Vid37_BB_T.png,frames/Vid37_L.png,l,1.0,5.159630100009963,4.0,1.7487314000027254,,,,22.0,Male,Right handed,Normal
test2,AB,38.0,frames/Vid38_EM_T.png,frames/Vid38_L.png,r,1.0,5.944370199998957,4.0,0.7643310000130441,,,,22.0,Male,Right handed,Normal
test2,AB,39.0,frames/Vid39_BB_T.png,frames/Vid39_L.png,l,0.0,5.8677705000009155,4.0,1.198572500012233,,,,22.0,Male,Right handed,Normal
test2,AB,40.0,frames/Vid40_EM_T.png,frames/Vid40_L.png,r,1.0,8.887210400003823,3.0,1.496106000005966,,,,22.0,Male,Right handed,Normal
test3,AB,1.0,frames/Vid1_EM_T.png,frames/Vid1_L.png,l,1.0,4.211480600002687,4.0,1.733293400000548,,,,22.0,Male,Right handed,Normal
test3,AB,2.0,frames/Vid2_BB_T.png,frames/Vid2_L.png,r,1.0,3.2943507000018144,4.0,1.0310710999910953,,,,22.0,Male,Right handed,Normal
test3,AB,3.0,frames/Vid3_BB_T.png,frames/Vid3_L.png,l,1.0,4.715044999989914,5.0,1.5809387999906903,,,,22.0,Male,Right handed,Normal
test3,AB,4.0,frames/Vid4_EM_T.png,frames/Vid4_L.png,l,1.0,10.4904463999992,4.0,1.1831018999946536,,,,22.0,Male,Right handed,Normal
test3,AB,5.0,frames/Vid5_EM_T.png,frames/Vid5_L.png,r,1.0,5.109967199998209,3.0,1.4318168000027072,,,,22.0,Male,Right handed,Normal
test3,AB,6.0,frames/Vid6_BB_T.png,frames/Vid6_L.png,l,1.0,4.112477899994701,5.0,1.4656472000060603,,,,22.0,Male,Right handed,Normal
test3,AB,7.0,frames/Vid7_EM_T.png,frames/Vid7_L.png,l,1.0,5.553353700001026,5.0,1.3488345999940066,,,,22.0,Male,Right handed,Normal
test3,AB,8.0,frames/Vid8_BB_T.png,frames/Vid8_L.png,r,1.0,6.970009700002265,3.0,1.7802771999995457,,,,22.0,Male,Right handed,Normal
test3,AB,9.0,frames/Vid9_EM_T.png,frames/Vid9_L.png,l,1.0,4.303706500009866,5.0,1.781441699989955,,,,22.0,Male,Right handed,Normal
test3,AB,10.0,frames/Vid10_BB_T.png,frames/Vid10_L.png,r,1.0,4.497947000010754,5.0,1.2653138000023318,,,,22.0,Male,Right handed,Normal
test3,AB,11.0,frames/Vid11_EM_T.png,frames/Vid11_L.png,r,1.0,3.8629349999973783,4.0,1.383359700004803,,,,22.0,Male,Right handed,Normal
test3,AB,12.0,frames/Vid12_EM_T.png,frames/Vid12_L.png,r,1.0,5.634352100008982,5.0,1.0305003999965263,,,,22.0,Male,Right handed,Normal
test3,AB,13.0,frames/Vid13_BB_T.png,frames/Vid13_L.png,r,1.0,6.2189847999979975,2.0,4.1824018000043,,,,22.0,Male,Right handed,Normal
test3,AB,14.0,frames/Vid14_BB_T.png,frames/Vid14_L.png,r,1.0,5.861656099994434,2.0,2.964643999992404,,,,22.0,Male,Right handed,Normal
test3,AB,15.0,frames/Vid15_BB_T.png,frames/Vid15_L.png,l,0.0,5.446057000008295,2.0,1.845890299999155,,,,22.0,Male,Right handed,Normal
test3,AB,16.0,frames/Vid16_EM_T.png,frames/Vid16_L.png,r,1.0,11.623688899999252,4.0,1.0477810000011232,,,,22.0,Male,Right handed,Normal
test3,AB,17.0,frames/Vid17_BB_T.png,frames/Vid17_L.png,l,1.0,8.153543499996886,3.0,1.214854900012142,,,,22.0,Male,Right handed,Normal
test3,AB,18.0,frames/Vid18_EM_T.png,frames/Vid18_L.png,l,1.0,5.617968199992902,3.0,2.532203800001298,,,,22.0,Male,Right handed,Normal
test3,AB,19.0,frames/Vid19_BB_T.png,frames/Vid19_L.png,r,0.0,4.666642600001069,5.0,0.965502999999444,,,,22.0,Male,Right handed,Normal
test3,AB,20.0,frames/Vid20_EM_T.png,frames/Vid20_L.png,r,1.0,9.18864510000276,4.0,1.0972477000032086,,,,22.0,Male,Right handed,Normal
test3,AB,21.0,frames/Vid21_BB_T.png,frames/Vid21_L.png,r,1.0,4.638215600003605,5.0,1.3984370999969542,,,,22.0,Male,Right handed,Normal
test3,AB,22.0,frames/Vid22_EM_T.png,frames/Vid22_L.png,l,1.0,4.562830299997586,5.0,1.1965395000006538,,,,22.0,Male,Right handed,Normal
test3,AB,23.0,frames/Vid23_EM_T.png,frames/Vid23_L.png,r,1.0,3.64044119999744,5.0,1.0481520000030289,,,,22.0,Male,Right handed,Normal
test3,AB,24.0,frames/Vid24_BB_T.png,frames/Vid24_L.png,r,1.0,4.0688187000050675,4.0,1.4149241999984952,,,,22.0,Male,Right handed,Normal
test3,AB,25.0,frames/Vid25_BB_T.png,frames/Vid25_L.png,r,1.0,3.99499150000338,5.0,0.9816401999996742,,,,22.0,Male,Right handed,Normal
test3,AB,26.0,frames/Vid26_EM_T.png,frames/Vid26_L.png,l,1.0,8.19261529999494,5.0,9.932460700001684,,,,22.0,Male,Right handed,Normal
test3,AB,27.0,frames/Vid27_BB_T.png,frames/Vid27_L.png,r,1.0,5.52202090001083,4.0,0.91505949999555,,,,22.0,Male,Right handed,Normal
test3,AB,28.0,frames/Vid28_EM_T.png,frames/Vid28_L.png,l,1.0,2.9569867000100203,5.0,1.4816601000056835,,,,22.0,Male,Right handed,Normal
test3,AB,29.0,frames/Vid29_BB_T.png,frames/Vid29_L.png,r,1.0,6.4560086999990745,4.0,1.3158892000064952,,,,22.0,Male,Right handed,Normal
test3,AB,30.0,frames/Vid30_EM_T.png,frames/Vid30_L.png,r,1.0,6.212656800009427,5.0,2.7325662999937776,,,,22.0,Male,Right handed,Normal
test3,AB,31.0,frames/Vid31_EM_T.png,frames/Vid31_L.png,r,1.0,5.377015699996264,3.0,2.7831541000050493,,,,22.0,Male,Right handed,Normal
test3,AB,32.0,frames/Vid32_EM_T.png,frames/Vid32_L.png,r,1.0,5.113718799999333,4.0,1.1481550999887986,,,,22.0,Male,Right handed,Normal
test3,AB,33.0,frames/Vid33_BB_T.png,frames/Vid33_L.png,r,1.0,5.9181000999960816,5.0,1.6664164000103483,,,,22.0,Male,Right handed,Normal
test3,AB,34.0,frames/Vid34_BB_T.png,frames/Vid34_L.png,r,1.0,8.004083699997864,3.0,1.881195400012075,,,,22.0,Male,Right handed,Normal
test3,AB,35.0,frames/Vid35_EM_T.png,frames/Vid35_L.png,l,1.0,3.674785800001701,4.0,1.714450200001011,,,,22.0,Male,Right handed,Normal
test3,AB,36.0,frames/Vid36_BB_T.png,frames/Vid36_L.png,l,1.0,6.483120200005942,2.0,1.3807526000018695,,,,22.0,Male,Right handed,Normal
test3,AB,37.0,frames/Vid37_BB_T.png,frames/Vid37_L.png,r,1.0,4.268269899999723,5.0,1.1796068999974525,,,,22.0,Male,Right handed,Normal
test3,AB,38.0,frames/Vid38_EM_T.png,frames/Vid38_L.png,r,1.0,5.663443899989943,5.0,1.0793922000011662,,,,22.0,Male,Right handed,Normal
test3,AB,39.0,frames/Vid39_BB_T.png,frames/Vid39_L.png,l,1.0,11.522905500009074,2.0,3.766189299989492,,,,22.0,Male,Right handed,Normal
test3,AB,40.0,frames/Vid40_EM_T.png,frames/Vid40_L.png,r,1.0,5.011949300009292,4.0,1.1310793000011472,,,,22.0,Male,Right handed,Normal
test5,AB,1.0,frames/Vid1_EM_T.png,frames/Vid1_L.png,r,1.0,6.066990499995882,5.0,0.8659897000034107,,,,22.0,Male,Right handed,Normal
test5,AB,2.0,frames/Vid2_BB_T.png,frames/Vid2_L.png,r,1.0,4.435476099999505,5.0,0.7654136999917682,,,,22.0,Male,Right handed,Normal
test5,AB,3.0,frames/Vid3_BB_T.png,frames/Vid3_L.png,r,1.0,3.658028200006811,5.0,0.9488226999965264,,,,22.0,Male,Right handed,Normal
test5,AB,4.0,frames/Vid4_EM_T.png,frames/Vid4_L.png,l,0.0,10.90609059999406,4.0,1.447315700002946,,,,22.0,Male,Right handed,Normal
test5,AB,5.0,frames/Vid5_EM_T.png,frames/Vid5_L.png,l,1.0,3.305019999999786,5.0,1.1808789999922735,,,,22.0,Male,Right handed,Normal
test5,AB,6.0,frames/Vid6_BB_T.png,frames/Vid6_L.png,r,1.0,5.618016300009913,5.0,0.9170243999978992,,,,22.0,Male,Right handed,Normal
test5,AB,7.0,frames/Vid7_EM_T.png,frames/Vid7_L.png,l,1.0,4.684226099998341,5.0,0.8649063000048045,,,,22.0,Male,Right handed,Normal
test5,AB,8.0,frames/Vid8_BB_T.png,frames/Vid8_L.png,r,1.0,12.586287199999788,5.0,1.1143997000035597,,,,22.0,Male,Right handed,Normal
test5,AB,9.0,frames/Vid9_EM_T.png,frames/Vid9_L.png,r,1.0,5.439561799998046,4.0,1.2319299000082538,,,,22.0,Male,Right handed,Normal
test5,AB,10.0,frames/Vid10_BB_T.png,frames/Vid10_L.png,l,1.0,4.324732699999004,5.0,1.1309497999900486,,,,22.0,Male,Right handed,Normal
test5,AB,11.0,frames/Vid11_EM_T.png,frames/Vid11_L.png,l,1.0,2.573983499998576,5.0,1.7984905000048457,,,,22.0,Male,Right handed,Normal
test5,AB,12.0,frames/Vid12_EM_T.png,frames/Vid12_L.png,r,1.0,3.867312500005937,5.0,0.7984462000022177,,,,22.0,Male,Right handed,Normal
test5,AB,13.0,frames/Vid13_BB_T.png,frames/Vid13_L.png,l,1.0,4.1680320000014035,5.0,0.8649019000004046,,,,22.0,Male,Right handed,Normal
test5,AB,14.0,frames/Vid14_BB_T.png,frames/Vid14_L.png,l,1.0,3.918031500012148,5.0,0.915498899994418,,,,22.0,Male,Right handed,Normal
test5,AB,15.0,frames/Vid15_BB_T.png,frames/Vid15_L.png,r,1.0,4.309435200004373,5.0,0.8815142000094056,,,,22.0,Male,Right handed,Normal
test5,AB,16.0,frames/Vid16_EM_T.png,frames/Vid16_L.png,l,1.0,14.05408480000915,3.0,2.2146839999913936,,,,22.0,Male,Right handed,Normal
test5,AB,17.0,frames/Vid17_BB_T.png,frames/Vid17_L.png,l,1.0,3.760506799997529,5.0,1.8486504000029529,,,,22.0,Male,Right handed,Normal
test5,AB,18.0,frames/Vid18_EM_T.png,frames/Vid18_L.png,r,1.0,4.7688556000066455,5.0,0.7645416000013938,,,,22.0,Male,Right handed,Normal
test5,AB,19.0,frames/Vid19_BB_T.png,frames/Vid19_L.png,l,1.0,3.7414059000002458,5.0,1.064161400005105,,,,22.0,Male,Right handed,Normal
test5,AB,20.0,frames/Vid20_EM_T.png,frames/Vid20_L.png,r,1.0,3.408207399988896,5.0,0.7476185000123223,,,,22.0,Male,Right handed,Normal
test5,AB,21.0,frames/Vid21_BB_T.png,frames/Vid21_L.png,r,1.0,3.55103259999305,5.0,0.7643354000028921,,,,22.0,Male,Right handed,Normal
test5,AB,22.0,frames/Vid22_EM_T.png,frames/Vid22_L.png,l,1.0,7.454767799994443,4.0,2.5835831000003964,,,,22.0,Male,Right handed,Normal
test5,AB,23.0,frames/Vid23_EM_T.png,frames/Vid23_L.png,l,1.0,3.378415600003791,5.0,1.3307085999986157,,,,22.0,Male,Right handed,Normal
test5,AB,24.0,frames/Vid24_BB_T.png,frames/Vid24_L.png,l,1.0,4.586718200007454,5.0,1.1650310999975773,,,,22.0,Male,Right handed,Normal
test5,AB,25.0,frames/Vid25_BB_T.png,frames/Vid25_L.png,r,1.0,4.728347600001143,5.0,0.9310908000043128,,,,22.0,Male,Right handed,Normal
test5,AB,26.0,frames/Vid26_EM_T.png,frames/Vid26_L.png,r,1.0,3.787345899996581,5.0,1.6322107000014512,,,,22.0,Male,Right handed,Normal
test5,AB,27.0,frames/Vid27_BB_T.png,frames/Vid27_L.png,l,1.0,4.397967900004005,5.0,1.1173756000061985,,,,22.0,Male,Right handed,Normal
test5,AB,28.0,frames/Vid28_EM_T.png,frames/Vid28_L.png,r,1.0,2.994115599998622,5.0,0.8651812999887625,,,,22.0,Male,Right handed,Normal
test5,AB,29.0,frames/Vid29_BB_T.png,frames/Vid29_L.png,r,1.0,4.789507900000899,4.0,1.651363199998741,,,,22.0,Male,Right handed,Normal
test5,AB,30.0,frames/Vid30_EM_T.png,frames/Vid30_L.png,l,1.0,3.694674500002293,5.0,0.8141132999880938,,,,22.0,Male,Right handed,Normal
test5,AB,31.0,frames/Vid31_EM_T.png,frames/Vid31_L.png,r,1.0,2.4056350000028033,5.0,0.9469336999900406,,,,22.0,Male,Right handed,Normal
test5,AB,32.0,frames/Vid32_EM_T.png,frames/Vid32_L.png,r,1.0,4.060891699991771,5.0,0.764633099999628,,,,22.0,Male,Right handed,Normal
test5,AB,33.0,frames/Vid33_BB_T.png,frames/Vid33_L.png,r,1.0,3.975403300006292,5.0,1.7146598999970593,,,,22.0,Male,Right handed,Normal
test5,AB,34.0,frames/Vid34_BB_T.png,frames/Vid34_L.png,l,1.0,3.468539299996337,5.0,1.28164289999404,,,,22.0,Male,Right handed,Normal
test5,AB,35.0,frames/Vid35_EM_T.png,frames/Vid35_L.png,r,1.0,2.8913598000071943,5.0,0.832298900000751,,,,22.0,Male,Right handed,Normal
test5,AB,36.0,frames/Vid36_BB_T.png,frames/Vid36_L.png,l,1.0,6.289892900007544,3.0,2.031024299998535,,,,22.0,Male,Right handed,Normal
test5,AB,37.0,frames/Vid37_BB_T.png,frames/Vid37_L.png,l,1.0,4.0172203999973135,5.0,6.880965400006971,,,,22.0,Male,Right handed,Normal
test5,AB,38.0,frames/Vid38_EM_T.png,frames/Vid38_L.png,l,0.0,10.18513769999845,3.0,3.781763499995577,,,,22.0,Male,Right handed,Normal
test5,AB,39.0,frames/Vid39_BB_T.png,frames/Vid39_L.png,r,0.0,6.330921499989927,5.0,0.6309496999892872,,,,22.0,Male,Right handed,Normal
test5,AB,40.0,frames/Vid40_EM_T.png,frames/Vid40_L.png,l,1.0,4.1842830000096,5.0,1.899416200001724,,,,22.0,Male,Right handed,Normal
test6,AB,1.0,frames/Vid1_EM_T.png,frames/Vid1_L.png,l,1.0,4.002948899986222,5.0,0.7802073000057135,,,,22.0,Male,Right handed,Normal
test6,AB,2.0,frames/Vid2_BB_T.png,frames/Vid2_L.png,r,1.0,4.0327782000094885,5.0,2.1470413000060944,,,,22.0,Male,Right handed,Normal
test6,AB,3.0,frames/Vid3_BB_T.png,frames/Vid3_L.png,r,1.0,7.613286399995559,4.0,0.9141432000033092,,,,22.0,Male,Right handed,Normal
test6,AB,4.0,frames/Vid4_EM_T.png,frames/Vid4_L.png,r,0.0,19.196432299999287,4.0,1.1331687999918358,,,,22.0,Male,Right handed,Normal
test6,AB,5.0,frames/Vid5_EM_T.png,frames/Vid5_L.png,l,1.0,7.217866799997864,4.0,1.1973603000078583,,,,22.0,Male,Right handed,Normal
test6,AB,6.0,frames/Vid6_BB_T.png,frames/Vid6_L.png,l,1.0,5.20898739999393,4.0,1.030973900007666,,,,22.0,Male,Right handed,Normal
test6,AB,7.0,frames/Vid7_EM_T.png,frames/Vid7_L.png,r,0.0,6.448081800001091,3.0,0.9471992000035244,,,,22.0,Male,Right handed,Normal
test6,AB,8.0,frames/Vid8_BB_T.png,frames/Vid8_L.png,r,0.0,8.234650600003079,4.0,1.3796805999882054,,,,22.0,Male,Right handed,Normal
test6,AB,9.0,frames/Vid9_EM_T.png,frames/Vid9_L.png,l,1.0,3.4882920999953058,4.0,0.8498371000023326,,,,22.0,Male,Right handed,Normal
test6,AB,10.0,frames/Vid10_BB_T.png,frames/Vid10_L.png,l,1.0,5.99498709999898,2.0,1.8156977000035113,,,,22.0,Male,Right handed,Normal
test6,AB,11.0,frames/Vid11_EM_T.png,frames/Vid11_L.png,l,1.0,3.549086200000602,5.0,0.9987980000005336,,,,22.0,Male,Right handed,Normal
test6,AB,12.0,frames/Vid12_EM_T.png,frames/Vid12_L.png,l,1.0,3.819766300002811,4.0,0.7974473999929614,,,,22.0,Male,Right handed,Normal
test6,AB,13.0,frames/Vid13_BB_T.png,frames/Vid13_L.png,r,0.0,7.381096899989643,4.0,0.8800606000004336,,,,22.0,Male,Right handed,Normal
test6,AB,14.0,frames/Vid14_BB_T.png,frames/Vid14_L.png,l,1.0,6.190704499997082,3.0,2.565293499996187,,,,22.0,Male,Right handed,Normal
test6,AB,15.0,frames/Vid15_BB_T.png,frames/Vid15_L.png,r,1.0,3.657373499998357,5.0,0.815353400001186,,,,22.0,Male,Right handed,Normal
test6,AB,16.0,frames/Vid16_EM_T.png,frames/Vid16_L.png,l,0.0,3.924058299991884,2.0,0.8820463000010932,,,,22.0,Male,Right handed,Normal
test6,AB,17.0,frames/Vid17_BB_T.png,frames/Vid17_L.png,r,1.0,14.31960529999924,2.0,1.2478029999911089,,,,22.0,Male,Right handed,Normal
test6,AB,18.0,frames/Vid18_EM_T.png,frames/Vid18_L.png,r,1.0,4.119377199996961,4.0,1.198636000000988,,,,22.0,Male,Right handed,Normal
test6,AB,19.0,frames/Vid19_BB_T.png,frames/Vid19_L.png,l,0.0,5.318513099991833,3.0,1.0160331000079168,,,,22.0,Male,Right handed,Normal
test6,AB,20.0,frames/Vid20_EM_T.png,frames/Vid20_L.png,r,0.0,3.3981384999933653,2.0,1.3304766999935964,,,,22.0,Male,Right handed,Normal
test6,AB,21.0,frames/Vid21_BB_T.png,frames/Vid21_L.png,l,1.0,8.995431399991503,4.0,1.0980218000040622,,,,22.0,Male,Right handed,Normal
test6,AB,22.0,frames/Vid22_EM_T.png,frames/Vid22_L.png,r,1.0,3.643106599993189,5.0,0.9476679999934275,,,,22.0,Male,Right handed,Normal
test6,AB,23.0,frames/Vid23_EM_T.png,frames/Vid23_L.png,r,1.0,2.624970899996697,4.0,0.8306813000090187,,,,22.0,Male,Right handed,Normal
test6,AB,24.0,frames/Vid24_BB_T.png,frames/Vid24_L.png,r,1.0,3.469226000001072,5.0,1.097194000001764,,,,22.0,Male,Right handed,Normal
test6,AB,25.0,frames/Vid25_BB_T.png,frames/Vid25_L.png,l,0.0,4.6053718000039225,4.0,0.9645560999924784,,,,22.0,Male,Right handed,Normal
test6,AB,26.0,frames/Vid26_EM_T.png,frames/Vid26_L.png,l,1.0,3.4725613000045996,4.0,0.8982364999974379,,,,22.0,Male,Right handed,Normal
test6,AB,27.0,frames/Vid27_BB_T.png,frames/Vid27_L.png,r,1.0,4.222163700003875,5.0,0.9652960999956122,,,,22.0,Male,Right handed,Normal
test6,AB,28.0,frames/Vid28_EM_T.png,frames/Vid28_L.png,l,1.0,3.7993412999931024,3.0,1.1974996000062674,,,,22.0,Male,Right handed,Normal
test6,AB,29.0,frames/Vid29_BB_T.png,frames/Vid29_L.png,l,1.0,2.7680624000058742,2.0,0.848558800003957,,,,22.0,Male,Right handed,Normal
test6,AB,30.0,frames/Vid30_EM_T.png,frames/Vid30_L.png,r,1.0,3.58095640000829,5.0,0.8313979000085965,,,,22.0,Male,Right handed,Normal
test6,AB,31.0,frames/Vid31_EM_T.png,frames/Vid31_L.png,r,1.0,4.390792200007127,5.0,0.9324618999962696,,,,22.0,Male,Right handed,Normal
test6,AB,32.0,frames/Vid32_EM_T.png,frames/Vid32_L.png,l,1.0,4.801112399989506,5.0,0.648970800000825,,,,22.0,Male,Right handed,Normal
test6,AB,33.0,frames/Vid33_BB_T.png,frames/Vid33_L.png,r,1.0,4.9481010000017704,3.0,1.198507500012056,,,,22.0,Male,Right handed,Normal
test6,AB,34.0,frames/Vid34_BB_T.png,frames/Vid34_L.png,l,1.0,3.0500064000079874,4.0,0.5316757000109646,,,,22.0,Male,Right handed,Normal
test6,AB,35.0,frames/Vid35_EM_T.png,frames/Vid35_L.png,l,1.0,6.391659600005369,3.0,1.115769600000931,,,,22.0,Male,Right handed,Normal
test6,AB,36.0,frames/Vid36_BB_T.png,frames/Vid36_L.png,l,0.0,4.876986200004467,4.0,0.8975588000030257,,,,22.0,Male,Right handed,Normal
test6,AB,37.0,frames/Vid37_BB_T.png,frames/Vid37_L.png,r,1.0,2.6840792000002693,5.0,0.9480496999894968,,,,22.0,Male,Right handed,Normal
test6,AB,38.0,frames/Vid38_EM_T.png,frames/Vid38_L.png,r,0.0,6.525363299995661,3.0,1.2645227999892086,,,,22.0,Male,Right handed,Normal
test6,AB,39.0,frames/Vid39_BB_T.png,frames/Vid39_L.png,r,1.0,5.429274699999951,2.0,1.297944899997674,,,,22.0,Male,Right handed,Normal
test6,AB,40.0,frames/Vid40_EM_T.png,frames/Vid40_L.png,l,0.0,4.568987599996035,4.0,1.0490763999987394,,,,22.0,Male,Right handed,Normal
