participant_id,resp.corr,movie_id,movie_duration,stimulus_id,condition,target_type,age,gender,handedness,vision,resp_corr
sub100_AB,1,1.0,17,AB_1,AB,EM,21.0,Male,Right handed,Normal,1
sub100_AB,1,2.0,31,AB_2,AB,BB,21.0,Male,Right handed,Normal,1
sub100_AB,1,4.0,32,AB_4,AB,EM,21.0,Male,Right handed,Normal,1
sub100_AB,1,5.0,33,AB_5,AB,EM,21.0,Male,Right handed,Normal,1
sub100_AB,1,6.0,31,AB_6,AB,BB,21.0,Male,Right handed,Normal,1
sub100_AB,1,8.0,24,AB_8,AB,BB,21.0,Male,Right handed,Normal,1
sub100_AB,1,9.0,19,AB_9,AB,EM,21.0,Male,Right handed,Normal,1
sub100_AB,1,10.0,39,AB_10,AB,BB,21.0,Male,Right handed,Normal,1
sub100_AB,1,11.0,29,AB_11,AB,EM,21.0,Male,Right handed,Normal,1
sub100_AB,1,12.0,47,AB_12,AB,EM,21.0,Male,Right handed,Normal,1
sub100_AB,1,13.0,33,AB_13,AB,BB,21.0,Male,Right handed,Normal,1
sub100_AB,1,14.0,22,AB_14,AB,BB,21.0,Male,Right handed,Normal,1
sub100_AB,1,15.0,29,AB_15,AB,BB,21.0,Male,Right handed,Normal,1
sub100_AB,1,16.0,34,AB_16,AB,EM,21.0,Male,Right handed,Normal,1
sub100_AB,1,17.0,27,AB_17,AB,BB,21.0,Male,Right handed,Normal,1
sub100_AB,1,19.0,36,AB_19,AB,BB,21.0,Male,Right handed,Normal,1
sub100_AB,1,20.0,35,AB_20,AB,EM,21.0,Male,Right handed,Normal,1
sub100_AB,1,21.0,39,AB_21,AB,BB,21.0,Male,Right handed,Normal,1
sub100_AB,1,22.0,34,AB_22,AB,EM,21.0,Male,Right handed,Normal,1
sub100_AB,1,23.0,24,AB_23,AB,EM,21.0,Male,Right handed,Normal,1
sub100_AB,1,24.0,24,AB_24,AB,BB,21.0,Male,Right handed,Normal,1
sub100_AB,1,25.0,41,AB_25,AB,BB,21.0,Male,Right handed,Normal,1
sub100_AB,1,26.0,35,AB_26,AB,EM,21.0,Male,Right handed,Normal,1
sub100_AB,1,27.0,50,AB_27,AB,BB,21.0,Male,Right handed,Normal,1
sub100_AB,1,29.0,29,AB_29,AB,BB,21.0,Male,Right handed,Normal,1
sub100_AB,1,30.0,36,AB_30,AB,EM,21.0,Male,Right handed,Normal,1
sub100_AB,1,31.0,41,AB_31,AB,EM,21.0,Male,Right handed,Normal,1
sub100_AB,1,32.0,31,AB_32,AB,EM,21.0,Male,Right handed,Normal,1
sub100_AB,1,33.0,57,AB_33,AB,BB,21.0,Male,Right handed,Normal,1
sub100_AB,1,34.0,32,AB_34,AB,BB,21.0,Male,Right handed,Normal,1
sub100_AB,1,35.0,42,AB_35,AB,EM,21.0,Male,Right handed,Normal,1
sub100_AB,1,36.0,19,AB_36,AB,BB,21.0,Male,Right handed,Normal,1
sub100_AB,1,38.0,20,AB_38,AB,EM,21.0,Male,Right handed,Normal,1
sub100_AB,1,39.0,44,AB_39,AB,BB,21.0,Male,Right handed,Normal,1
sub100_AB,1,40.0,49,AB_40,AB,EM,21.0,Male,Right handed,Normal,1
sub101_AB,1,1.0,17,AB_1,AB,EM,22.0,Female,Right handed,Corrected to normal,1
sub101_AB,0,2.0,31,AB_2,AB,BB,22.0,Female,Right handed,Corrected to normal,0
sub101_AB,1,4.0,32,AB_4,AB,EM,22.0,Female,Right handed,Corrected to normal,1
sub101_AB,1,5.0,33,AB_5,AB,EM,22.0,Female,Right handed,Corrected to normal,1
sub101_AB,1,6.0,31,AB_6,AB,BB,22.0,Female,Right handed,Corrected to normal,1
sub101_AB,1,8.0,24,AB_8,AB,BB,22.0,Female,Right handed,Corrected to normal,1
sub101_AB,1,9.0,19,AB_9,AB,EM,22.0,Female,Right handed,Corrected to normal,1
sub101_AB,0,10.0,39,AB_10,AB,BB,22.0,Female,Right handed,Corrected to normal,0
sub101_AB,1,11.0,29,AB_11,AB,EM,22.0,Female,Right handed,Corrected to normal,1
sub101_AB,1,12.0,47,AB_12,AB,EM,22.0,Female,Right handed,Corrected to normal,1
sub101_AB,0,13.0,33,AB_13,AB,BB,22.0,Female,Right handed,Corrected to normal,0
sub101_AB,1,14.0,22,AB_14,AB,BB,22.0,Female,Right handed,Corrected to normal,1
sub101_AB,1,15.0,29,AB_15,AB,BB,22.0,Female,Right handed,Corrected to normal,1
sub101_AB,1,16.0,34,AB_16,AB,EM,22.0,Female,Right handed,Corrected to normal,1
sub101_AB,1,17.0,27,AB_17,AB,BB,22.0,Female,Right handed,Corrected to normal,1
sub101_AB,1,19.0,36,AB_19,AB,BB,22.0,Female,Right handed,Corrected to normal,1
sub101_AB,1,20.0,35,AB_20,AB,EM,22.0,Female,Right handed,Corrected to normal,1
sub101_AB,0,21.0,39,AB_21,AB,BB,22.0,Female,Right handed,Corrected to normal,0
sub101_AB,1,22.0,34,AB_22,AB,EM,22.0,Female,Right handed,Corrected to normal,1
sub101_AB,1,23.0,24,AB_23,AB,EM,22.0,Female,Right handed,Corrected to normal,1
sub101_AB,1,24.0,24,AB_24,AB,BB,22.0,Female,Right handed,Corrected to normal,1
sub101_AB,0,25.0,41,AB_25,AB,BB,22.0,Female,Right handed,Corrected to normal,0
sub101_AB,1,26.0,35,AB_26,AB,EM,22.0,Female,Right handed,Corrected to normal,1
sub101_AB,1,27.0,50,AB_27,AB,BB,22.0,Female,Right handed,Corrected to normal,1
sub101_AB,1,29.0,29,AB_29,AB,BB,22.0,Female,Right handed,Corrected to normal,1
sub101_AB,1,30.0,36,AB_30,AB,EM,22.0,Female,Right handed,Corrected to normal,1
sub101_AB,1,31.0,41,AB_31,AB,EM,22.0,Female,Right handed,Corrected to normal,1
sub101_AB,1,32.0,31,AB_32,AB,EM,22.0,Female,Right handed,Corrected to normal,1
sub101_AB,1,33.0,57,AB_33,AB,BB,22.0,Female,Right handed,Corrected to normal,1
sub101_AB,0,34.0,32,AB_34,AB,BB,22.0,Female,Right handed,Corrected to normal,0
sub101_AB,1,35.0,42,AB_35,AB,EM,22.0,Female,Right handed,Corrected to normal,1
sub101_AB,1,36.0,19,AB_36,AB,BB,22.0,Female,Right handed,Corrected to normal,1
sub101_AB,1,38.0,20,AB_38,AB,EM,22.0,Female,Right handed,Corrected to normal,1
sub101_AB,0,39.0,44,AB_39,AB,BB,22.0,Female,Right handed,Corrected to normal,0
sub101_AB,1,40.0,49,AB_40,AB,EM,22.0,Female,Right handed,Corrected to normal,1
sub102_AB,1,1.0,17,AB_1,AB,EM,23.0,Male,Right handed,Normal,1
sub102_AB,1,2.0,31,AB_2,AB,BB,23.0,Male,Right handed,Normal,1
sub102_AB,1,4.0,32,AB_4,AB,EM,23.0,Male,Right handed,Normal,1
sub102_AB,1,5.0,33,AB_5,AB,EM,23.0,Male,Right handed,Normal,1
sub102_AB,1,6.0,31,AB_6,AB,BB,23.0,Male,Right handed,Normal,1
sub102_AB,1,8.0,24,AB_8,AB,BB,23.0,Male,Right handed,Normal,1
sub102_AB,0,9.0,19,AB_9,AB,EM,23.0,Male,Right handed,Normal,0
sub102_AB,1,10.0,39,AB_10,AB,BB,23.0,Male,Right handed,Normal,1
sub102_AB,1,11.0,29,AB_11,AB,EM,23.0,Male,Right handed,Normal,1
sub102_AB,1,12.0,47,AB_12,AB,EM,23.0,Male,Right handed,Normal,1
sub102_AB,0,13.0,33,AB_13,AB,BB,23.0,Male,Right handed,Normal,0
sub102_AB,1,14.0,22,AB_14,AB,BB,23.0,Male,Right handed,Normal,1
sub102_AB,0,15.0,29,AB_15,AB,BB,23.0,Male,Right handed,Normal,0
sub102_AB,1,16.0,34,AB_16,AB,EM,23.0,Male,Right handed,Normal,1
sub102_AB,0,17.0,27,AB_17,AB,BB,23.0,Male,Right handed,Normal,0
sub102_AB,1,19.0,36,AB_19,AB,BB,23.0,Male,Right handed,Normal,1
sub102_AB,1,20.0,35,AB_20,AB,EM,23.0,Male,Right handed,Normal,1
sub102_AB,1,21.0,39,AB_21,AB,BB,23.0,Male,Right handed,Normal,1
sub102_AB,1,22.0,34,AB_22,AB,EM,23.0,Male,Right handed,Normal,1
sub102_AB,1,23.0,24,AB_23,AB,EM,23.0,Male,Right handed,Normal,1
sub102_AB,1,24.0,24,AB_24,AB,BB,23.0,Male,Right handed,Normal,1
sub102_AB,1,25.0,41,AB_25,AB,BB,23.0,Male,Right handed,Normal,1
sub102_AB,1,26.0,35,AB_26,AB,EM,23.0,Male,Right handed,Normal,1
sub102_AB,1,27.0,50,AB_27,AB,BB,23.0,Male,Right handed,Normal,1
sub102_AB,1,29.0,29,AB_29,AB,BB,23.0,Male,Right handed,Normal,1
sub102_AB,1,30.0,36,AB_30,AB,EM,23.0,Male,Right handed,Normal,1
sub102_AB,1,31.0,41,AB_31,AB,EM,23.0,Male,Right handed,Normal,1
sub102_AB,1,32.0,31,AB_32,AB,EM,23.0,Male,Right handed,Normal,1
sub102_AB,1,33.0,57,AB_33,AB,BB,23.0,Male,Right handed,Normal,1
sub102_AB,1,34.0,32,AB_34,AB,BB,23.0,Male,Right handed,Normal,1
sub102_AB,1,35.0,42,AB_35,AB,EM,23.0,Male,Right handed,Normal,1
sub102_AB,1,36.0,19,AB_36,AB,BB,23.0,Male,Right handed,Normal,1
sub102_AB,1,38.0,20,AB_38,AB,EM,23.0,Male,Right handed,Normal,1
sub102_AB,0,39.0,44,AB_39,AB,BB,23.0,Male,Right handed,Normal,0
sub102_AB,1,40.0,49,AB_40,AB,EM,23.0,Male,Right handed,Normal,1
sub103_AB,1,1.0,17,AB_1,AB,EM,21.0,Male,Left Handed,Normal,1
sub103_AB,1,2.0,31,AB_2,AB,BB,21.0,Male,Left Handed,Normal,1
sub103_AB,0,4.0,32,AB_4,AB,EM,21.0,Male,Left Handed,Normal,0
sub103_AB,1,5.0,33,AB_5,AB,EM,21.0,Male,Left Handed,Normal,1
sub103_AB,1,6.0,31,AB_6,AB,BB,21.0,Male,Left Handed,Normal,1
sub103_AB,1,8.0,24,AB_8,AB,BB,21.0,Male,Left Handed,Normal,1
sub103_AB,0,9.0,19,AB_9,AB,EM,21.0,Male,Left Handed,Normal,0
sub103_AB,1,10.0,39,AB_10,AB,BB,21.0,Male,Left Handed,Normal,1
sub103_AB,1,11.0,29,AB_11,AB,EM,21.0,Male,Left Handed,Normal,1
sub103_AB,1,12.0,47,AB_12,AB,EM,21.0,Male,Left Handed,Normal,1
sub103_AB,0,13.0,33,AB_13,AB,BB,21.0,Male,Left Handed,Normal,0
sub103_AB,1,14.0,22,AB_14,AB,BB,21.0,Male,Left Handed,Normal,1
sub103_AB,1,15.0,29,AB_15,AB,BB,21.0,Male,Left Handed,Normal,1
sub103_AB,1,16.0,34,AB_16,AB,EM,21.0,Male,Left Handed,Normal,1
sub103_AB,1,17.0,27,AB_17,AB,BB,21.0,Male,Left Handed,Normal,1
sub103_AB,0,19.0,36,AB_19,AB,BB,21.0,Male,Left Handed,Normal,0
sub103_AB,1,20.0,35,AB_20,AB,EM,21.0,Male,Left Handed,Normal,1
sub103_AB,1,21.0,39,AB_21,AB,BB,21.0,Male,Left Handed,Normal,1
sub103_AB,1,22.0,34,AB_22,AB,EM,21.0,Male,Left Handed,Normal,1
sub103_AB,1,23.0,24,AB_23,AB,EM,21.0,Male,Left Handed,Normal,1
sub103_AB,1,24.0,24,AB_24,AB,BB,21.0,Male,Left Handed,Normal,1
sub103_AB,1,25.0,41,AB_25,AB,BB,21.0,Male,Left Handed,Normal,1
sub103_AB,1,26.0,35,AB_26,AB,EM,21.0,Male,Left Handed,Normal,1
sub103_AB,1,27.0,50,AB_27,AB,BB,21.0,Male,Left Handed,Normal,1
sub103_AB,1,29.0,29,AB_29,AB,BB,21.0,Male,Left Handed,Normal,1
sub103_AB,1,30.0,36,AB_30,AB,EM,21.0,Male,Left Handed,Normal,1
sub103_AB,1,31.0,41,AB_31,AB,EM,21.0,Male,Left Handed,Normal,1
sub103_AB,1,32.0,31,AB_32,AB,EM,21.0,Male,Left Handed,Normal,1
sub103_AB,1,33.0,57,AB_33,AB,BB,21.0,Male,Left Handed,Normal,1
sub103_AB,1,34.0,32,AB_34,AB,BB,21.0,Male,Left Handed,Normal,1
sub103_AB,1,35.0,42,AB_35,AB,EM,21.0,Male,Left Handed,Normal,1
sub103_AB,0,36.0,19,AB_36,AB,BB,21.0,Male,Left Handed,Normal,0
sub103_AB,1,38.0,20,AB_38,AB,EM,21.0,Male,Left Handed,Normal,1
sub103_AB,1,39.0,44,AB_39,AB,BB,21.0,Male,Left Handed,Normal,1
sub103_AB,0,40.0,49,AB_40,AB,EM,21.0,Male,Left Handed,Normal,0
sub104_AB,1,1.0,17,AB_1,AB,EM,23.0,Male,Right handed,Normal,1
sub104_AB,1,2.0,31,AB_2,AB,BB,23.0,Male,Right handed,Normal,1
sub104_AB,1,4.0,32,AB_4,AB,EM,23.0,Male,Right handed,Normal,1
sub104_AB,0,5.0,33,AB_5,AB,EM,23.0,Male,Right handed,Normal,0
sub104_AB,1,6.0,31,AB_6,AB,BB,23.0,Male,Right handed,Normal,1
sub104_AB,0,8.0,24,AB_8,AB,BB,23.0,Male,Right handed,Normal,0
sub104_AB,1,9.0,19,AB_9,AB,EM,23.0,Male,Right handed,Normal,1
sub104_AB,1,10.0,39,AB_10,AB,BB,23.0,Male,Right handed,Normal,1
sub104_AB,1,11.0,29,AB_11,AB,EM,23.0,Male,Right handed,Normal,1
sub104_AB,1,12.0,47,AB_12,AB,EM,23.0,Male,Right handed,Normal,1
sub104_AB,1,13.0,33,AB_13,AB,BB,23.0,Male,Right handed,Normal,1
sub104_AB,1,14.0,22,AB_14,AB,BB,23.0,Male,Right handed,Normal,1
sub104_AB,0,15.0,29,AB_15,AB,BB,23.0,Male,Right handed,Normal,0
sub104_AB,0,16.0,34,AB_16,AB,EM,23.0,Male,Right handed,Normal,0
sub104_AB,1,17.0,27,AB_17,AB,BB,23.0,Male,Right handed,Normal,1
sub104_AB,1,19.0,36,AB_19,AB,BB,23.0,Male,Right handed,Normal,1
sub104_AB,1,20.0,35,AB_20,AB,EM,23.0,Male,Right handed,Normal,1
sub104_AB,1,21.0,39,AB_21,AB,BB,23.0,Male,Right handed,Normal,1
sub104_AB,1,22.0,34,AB_22,AB,EM,23.0,Male,Right handed,Normal,1
sub104_AB,0,23.0,24,AB_23,AB,EM,23.0,Male,Right handed,Normal,0
sub104_AB,1,24.0,24,AB_24,AB,BB,23.0,Male,Right handed,Normal,1
sub104_AB,0,25.0,41,AB_25,AB,BB,23.0,Male,Right handed,Normal,0
sub104_AB,0,26.0,35,AB_26,AB,EM,23.0,Male,Right handed,Normal,0
sub104_AB,1,27.0,50,AB_27,AB,BB,23.0,Male,Right handed,Normal,1
sub104_AB,1,29.0,29,AB_29,AB,BB,23.0,Male,Right handed,Normal,1
sub104_AB,1,30.0,36,AB_30,AB,EM,23.0,Male,Right handed,Normal,1
sub104_AB,1,31.0,41,AB_31,AB,EM,23.0,Male,Right handed,Normal,1
sub104_AB,1,32.0,31,AB_32,AB,EM,23.0,Male,Right handed,Normal,1
sub104_AB,1,33.0,57,AB_33,AB,BB,23.0,Male,Right handed,Normal,1
sub104_AB,1,34.0,32,AB_34,AB,BB,23.0,Male,Right handed,Normal,1
sub104_AB,1,35.0,42,AB_35,AB,EM,23.0,Male,Right handed,Normal,1
sub104_AB,1,36.0,19,AB_36,AB,BB,23.0,Male,Right handed,Normal,1
sub104_AB,1,38.0,20,AB_38,AB,EM,23.0,Male,Right handed,Normal,1
sub104_AB,1,39.0,44,AB_39,AB,BB,23.0,Male,Right handed,Normal,1
sub104_AB,1,40.0,49,AB_40,AB,EM,23.0,Male,Right handed,Normal,1
sub106_AB,0,1.0,17,AB_1,AB,EM,23.0,Male,Right handed,Corrected to normal,0
sub106_AB,1,2.0,31,AB_2,AB,BB,23.0,Male,Right handed,Corrected to normal,1
sub106_AB,1,4.0,32,AB_4,AB,EM,23.0,Male,Right handed,Corrected to normal,1
sub106_AB,1,5.0,33,AB_5,AB,EM,23.0,Male,Right handed,Corrected to normal,1
sub106_AB,0,6.0,31,AB_6,AB,BB,23.0,Male,Right handed,Corrected to normal,0
sub106_AB,1,8.0,24,AB_8,AB,BB,23.0,Male,Right handed,Corrected to normal,1
sub106_AB,0,9.0,19,AB_9,AB,EM,23.0,Male,Right handed,Corrected to normal,0
sub106_AB,1,10.0,39,AB_10,AB,BB,23.0,Male,Right handed,Corrected to normal,1
sub106_AB,1,11.0,29,AB_11,AB,EM,23.0,Male,Right handed,Corrected to normal,1
sub106_AB,1,12.0,47,AB_12,AB,EM,23.0,Male,Right handed,Corrected to normal,1
sub106_AB,0,13.0,33,AB_13,AB,BB,23.0,Male,Right handed,Corrected to normal,0
sub106_AB,1,14.0,22,AB_14,AB,BB,23.0,Male,Right handed,Corrected to normal,1
sub106_AB,1,15.0,29,AB_15,AB,BB,23.0,Male,Right handed,Corrected to normal,1
sub106_AB,1,16.0,34,AB_16,AB,EM,23.0,Male,Right handed,Corrected to normal,1
sub106_AB,0,17.0,27,AB_17,AB,BB,23.0,Male,Right handed,Corrected to normal,0
sub106_AB,0,19.0,36,AB_19,AB,BB,23.0,Male,Right handed,Corrected to normal,0
sub106_AB,1,20.0,35,AB_20,AB,EM,23.0,Male,Right handed,Corrected to normal,1
sub106_AB,1,21.0,39,AB_21,AB,BB,23.0,Male,Right handed,Corrected to normal,1
sub106_AB,0,22.0,34,AB_22,AB,EM,23.0,Male,Right handed,Corrected to normal,0
sub106_AB,1,23.0,24,AB_23,AB,EM,23.0,Male,Right handed,Corrected to normal,1
sub106_AB,1,24.0,24,AB_24,AB,BB,23.0,Male,Right handed,Corrected to normal,1
sub106_AB,1,25.0,41,AB_25,AB,BB,23.0,Male,Right handed,Corrected to normal,1
sub106_AB,1,26.0,35,AB_26,AB,EM,23.0,Male,Right handed,Corrected to normal,1
sub106_AB,1,27.0,50,AB_27,AB,BB,23.0,Male,Right handed,Corrected to normal,1
sub106_AB,1,29.0,29,AB_29,AB,BB,23.0,Male,Right handed,Corrected to normal,1
sub106_AB,1,30.0,36,AB_30,AB,EM,23.0,Male,Right handed,Corrected to normal,1
sub106_AB,1,31.0,41,AB_31,AB,EM,23.0,Male,Right handed,Corrected to normal,1
sub106_AB,1,32.0,31,AB_32,AB,EM,23.0,Male,Right handed,Corrected to normal,1
sub106_AB,0,33.0,57,AB_33,AB,BB,23.0,Male,Right handed,Corrected to normal,0
sub106_AB,1,34.0,32,AB_34,AB,BB,23.0,Male,Right handed,Corrected to normal,1
sub106_AB,1,35.0,42,AB_35,AB,EM,23.0,Male,Right handed,Corrected to normal,1
sub106_AB,0,36.0,19,AB_36,AB,BB,23.0,Male,Right handed,Corrected to normal,0
sub106_AB,1,38.0,20,AB_38,AB,EM,23.0,Male,Right handed,Corrected to normal,1
sub106_AB,1,39.0,44,AB_39,AB,BB,23.0,Male,Right handed,Corrected to normal,1
sub106_AB,0,40.0,49,AB_40,AB,EM,23.0,Male,Right handed,Corrected to normal,0
sub107_AB,1,1.0,17,AB_1,AB,EM,19.0,Female,Right handed,Corrected to normal,1
sub107_AB,1,2.0,31,AB_2,AB,BB,19.0,Female,Right handed,Corrected to normal,1
sub107_AB,1,4.0,32,AB_4,AB,EM,19.0,Female,Right handed,Corrected to normal,1
sub107_AB,1,5.0,33,AB_5,AB,EM,19.0,Female,Right handed,Corrected to normal,1
sub107_AB,1,6.0,31,AB_6,AB,BB,19.0,Female,Right handed,Corrected to normal,1
sub107_AB,1,8.0,24,AB_8,AB,BB,19.0,Female,Right handed,Corrected to normal,1
sub107_AB,1,9.0,19,AB_9,AB,EM,19.0,Female,Right handed,Corrected to normal,1
sub107_AB,1,10.0,39,AB_10,AB,BB,19.0,Female,Right handed,Corrected to normal,1
sub107_AB,1,11.0,29,AB_11,AB,EM,19.0,Female,Right handed,Corrected to normal,1
sub107_AB,1,12.0,47,AB_12,AB,EM,19.0,Female,Right handed,Corrected to normal,1
sub107_AB,1,13.0,33,AB_13,AB,BB,19.0,Female,Right handed,Corrected to normal,1
sub107_AB,1,14.0,22,AB_14,AB,BB,19.0,Female,Right handed,Corrected to normal,1
sub107_AB,1,15.0,29,AB_15,AB,BB,19.0,Female,Right handed,Corrected to normal,1
sub107_AB,1,16.0,34,AB_16,AB,EM,19.0,Female,Right handed,Corrected to normal,1
sub107_AB,1,17.0,27,AB_17,AB,BB,19.0,Female,Right handed,Corrected to normal,1
sub107_AB,1,19.0,36,AB_19,AB,BB,19.0,Female,Right handed,Corrected to normal,1
sub107_AB,1,20.0,35,AB_20,AB,EM,19.0,Female,Right handed,Corrected to normal,1
sub107_AB,1,21.0,39,AB_21,AB,BB,19.0,Female,Right handed,Corrected to normal,1
sub107_AB,1,22.0,34,AB_22,AB,EM,19.0,Female,Right handed,Corrected to normal,1
sub107_AB,1,23.0,24,AB_23,AB,EM,19.0,Female,Right handed,Corrected to normal,1
sub107_AB,1,24.0,24,AB_24,AB,BB,19.0,Female,Right handed,Corrected to normal,1
sub107_AB,1,25.0,41,AB_25,AB,BB,19.0,Female,Right handed,Corrected to normal,1
sub107_AB,1,26.0,35,AB_26,AB,EM,19.0,Female,Right handed,Corrected to normal,1
sub107_AB,1,27.0,50,AB_27,AB,BB,19.0,Female,Right handed,Corrected to normal,1
sub107_AB,1,29.0,29,AB_29,AB,BB,19.0,Female,Right handed,Corrected to normal,1
sub107_AB,1,30.0,36,AB_30,AB,EM,19.0,Female,Right handed,Corrected to normal,1
sub107_AB,1,31.0,41,AB_31,AB,EM,19.0,Female,Right handed,Corrected to normal,1
sub107_AB,1,32.0,31,AB_32,AB,EM,19.0,Female,Right handed,Corrected to normal,1
sub107_AB,1,33.0,57,AB_33,AB,BB,19.0,Female,Right handed,Corrected to normal,1
sub107_AB,1,34.0,32,AB_34,AB,BB,19.0,Female,Right handed,Corrected to normal,1
sub107_AB,1,35.0,42,AB_35,AB,EM,19.0,Female,Right handed,Corrected to normal,1
sub107_AB,0,36.0,19,AB_36,AB,BB,19.0,Female,Right handed,Corrected to normal,0
sub107_AB,1,38.0,20,AB_38,AB,EM,19.0,Female,Right handed,Corrected to normal,1
sub107_AB,0,39.0,44,AB_39,AB,BB,19.0,Female,Right handed,Corrected to normal,0
sub107_AB,1,40.0,49,AB_40,AB,EM,19.0,Female,Right handed,Corrected to normal,1
sub108_AB,1,1.0,17,AB_1,AB,EM,20.0,Female,Right handed,Corrected to normal,1
sub108_AB,1,2.0,31,AB_2,AB,BB,20.0,Female,Right handed,Corrected to normal,1
sub108_AB,1,4.0,32,AB_4,AB,EM,20.0,Female,Right handed,Corrected to normal,1
sub108_AB,0,5.0,33,AB_5,AB,EM,20.0,Female,Right handed,Corrected to normal,0
sub108_AB,1,6.0,31,AB_6,AB,BB,20.0,Female,Right handed,Corrected to normal,1
sub108_AB,0,8.0,24,AB_8,AB,BB,20.0,Female,Right handed,Corrected to normal,0
sub108_AB,1,9.0,19,AB_9,AB,EM,20.0,Female,Right handed,Corrected to normal,1
sub108_AB,1,10.0,39,AB_10,AB,BB,20.0,Female,Right handed,Corrected to normal,1
sub108_AB,1,11.0,29,AB_11,AB,EM,20.0,Female,Right handed,Corrected to normal,1
sub108_AB,1,12.0,47,AB_12,AB,EM,20.0,Female,Right handed,Corrected to normal,1
sub108_AB,1,13.0,33,AB_13,AB,BB,20.0,Female,Right handed,Corrected to normal,1
sub108_AB,1,14.0,22,AB_14,AB,BB,20.0,Female,Right handed,Corrected to normal,1
sub108_AB,1,15.0,29,AB_15,AB,BB,20.0,Female,Right handed,Corrected to normal,1
sub108_AB,1,16.0,34,AB_16,AB,EM,20.0,Female,Right handed,Corrected to normal,1
sub108_AB,0,17.0,27,AB_17,AB,BB,20.0,Female,Right handed,Corrected to normal,0
sub108_AB,1,19.0,36,AB_19,AB,BB,20.0,Female,Right handed,Corrected to normal,1
sub108_AB,1,20.0,35,AB_20,AB,EM,20.0,Female,Right handed,Corrected to normal,1
sub108_AB,1,21.0,39,AB_21,AB,BB,20.0,Female,Right handed,Corrected to normal,1
sub108_AB,1,22.0,34,AB_22,AB,EM,20.0,Female,Right handed,Corrected to normal,1
sub108_AB,0,23.0,24,AB_23,AB,EM,20.0,Female,Right handed,Corrected to normal,0
sub108_AB,1,24.0,24,AB_24,AB,BB,20.0,Female,Right handed,Corrected to normal,1
sub108_AB,1,25.0,41,AB_25,AB,BB,20.0,Female,Right handed,Corrected to normal,1
sub108_AB,1,26.0,35,AB_26,AB,EM,20.0,Female,Right handed,Corrected to normal,1
sub108_AB,1,27.0,50,AB_27,AB,BB,20.0,Female,Right handed,Corrected to normal,1
sub108_AB,1,29.0,29,AB_29,AB,BB,20.0,Female,Right handed,Corrected to normal,1
sub108_AB,1,30.0,36,AB_30,AB,EM,20.0,Female,Right handed,Corrected to normal,1
sub108_AB,1,31.0,41,AB_31,AB,EM,20.0,Female,Right handed,Corrected to normal,1
sub108_AB,0,32.0,31,AB_32,AB,EM,20.0,Female,Right handed,Corrected to normal,0
sub108_AB,0,33.0,57,AB_33,AB,BB,20.0,Female,Right handed,Corrected to normal,0
sub108_AB,1,34.0,32,AB_34,AB,BB,20.0,Female,Right handed,Corrected to normal,1
sub108_AB,1,35.0,42,AB_35,AB,EM,20.0,Female,Right handed,Corrected to normal,1
sub108_AB,0,36.0,19,AB_36,AB,BB,20.0,Female,Right handed,Corrected to normal,0
sub108_AB,0,38.0,20,AB_38,AB,EM,20.0,Female,Right handed,Corrected to normal,0
sub108_AB,0,39.0,44,AB_39,AB,BB,20.0,Female,Right handed,Corrected to normal,0
sub108_AB,1,40.0,49,AB_40,AB,EM,20.0,Female,Right handed,Corrected to normal,1
sub109_AB,1,1.0,17,AB_1,AB,EM,22.0,Male,Right handed,Normal,1
sub109_AB,1,2.0,31,AB_2,AB,BB,22.0,Male,Right handed,Normal,1
sub109_AB,1,4.0,32,AB_4,AB,EM,22.0,Male,Right handed,Normal,1
sub109_AB,1,5.0,33,AB_5,AB,EM,22.0,Male,Right handed,Normal,1
sub109_AB,1,6.0,31,AB_6,AB,BB,22.0,Male,Right handed,Normal,1
sub109_AB,1,8.0,24,AB_8,AB,BB,22.0,Male,Right handed,Normal,1
sub109_AB,1,9.0,19,AB_9,AB,EM,22.0,Male,Right handed,Normal,1
sub109_AB,1,10.0,39,AB_10,AB,BB,22.0,Male,Right handed,Normal,1
sub109_AB,1,11.0,29,AB_11,AB,EM,22.0,Male,Right handed,Normal,1
sub109_AB,1,12.0,47,AB_12,AB,EM,22.0,Male,Right handed,Normal,1
sub109_AB,1,13.0,33,AB_13,AB,BB,22.0,Male,Right handed,Normal,1
sub109_AB,1,14.0,22,AB_14,AB,BB,22.0,Male,Right handed,Normal,1
sub109_AB,1,15.0,29,AB_15,AB,BB,22.0,Male,Right handed,Normal,1
sub109_AB,1,16.0,34,AB_16,AB,EM,22.0,Male,Right handed,Normal,1
sub109_AB,1,17.0,27,AB_17,AB,BB,22.0,Male,Right handed,Normal,1
sub109_AB,1,19.0,36,AB_19,AB,BB,22.0,Male,Right handed,Normal,1
sub109_AB,1,20.0,35,AB_20,AB,EM,22.0,Male,Right handed,Normal,1
sub109_AB,0,21.0,39,AB_21,AB,BB,22.0,Male,Right handed,Normal,0
sub109_AB,1,22.0,34,AB_22,AB,EM,22.0,Male,Right handed,Normal,1
sub109_AB,1,23.0,24,AB_23,AB,EM,22.0,Male,Right handed,Normal,1
sub109_AB,1,24.0,24,AB_24,AB,BB,22.0,Male,Right handed,Normal,1
sub109_AB,1,25.0,41,AB_25,AB,BB,22.0,Male,Right handed,Normal,1
sub109_AB,1,26.0,35,AB_26,AB,EM,22.0,Male,Right handed,Normal,1
sub109_AB,1,27.0,50,AB_27,AB,BB,22.0,Male,Right handed,Normal,1
sub109_AB,0,29.0,29,AB_29,AB,BB,22.0,Male,Right handed,Normal,0
sub109_AB,1,30.0,36,AB_30,AB,EM,22.0,Male,Right handed,Normal,1
sub109_AB,1,31.0,41,AB_31,AB,EM,22.0,Male,Right handed,Normal,1
sub109_AB,1,32.0,31,AB_32,AB,EM,22.0,Male,Right handed,Normal,1
sub109_AB,1,33.0,57,AB_33,AB,BB,22.0,Male,Right handed,Normal,1
sub109_AB,1,34.0,32,AB_34,AB,BB,22.0,Male,Right handed,Normal,1
sub109_AB,1,35.0,42,AB_35,AB,EM,22.0,Male,Right handed,Normal,1
sub109_AB,0,36.0,19,AB_36,AB,BB,22.0,Male,Right handed,Normal,0
sub109_AB,0,38.0,20,AB_38,AB,EM,22.0,Male,Right handed,Normal,0
sub109_AB,0,39.0,44,AB_39,AB,BB,22.0,Male,Right handed,Normal,0
sub109_AB,0,40.0,49,AB_40,AB,EM,22.0,Male,Right handed,Normal,0
sub110_AB,1,1.0,17,AB_1,AB,EM,25.0,Male,Right handed,Corrected to normal,1
sub110_AB,1,2.0,31,AB_2,AB,BB,25.0,Male,Right handed,Corrected to normal,1
sub110_AB,1,4.0,32,AB_4,AB,EM,25.0,Male,Right handed,Corrected to normal,1
sub110_AB,0,5.0,33,AB_5,AB,EM,25.0,Male,Right handed,Corrected to normal,0
sub110_AB,1,6.0,31,AB_6,AB,BB,25.0,Male,Right handed,Corrected to normal,1
sub110_AB,0,8.0,24,AB_8,AB,BB,25.0,Male,Right handed,Corrected to normal,0
sub110_AB,1,9.0,19,AB_9,AB,EM,25.0,Male,Right handed,Corrected to normal,1
sub110_AB,1,10.0,39,AB_10,AB,BB,25.0,Male,Right handed,Corrected to normal,1
sub110_AB,1,11.0,29,AB_11,AB,EM,25.0,Male,Right handed,Corrected to normal,1
sub110_AB,1,12.0,47,AB_12,AB,EM,25.0,Male,Right handed,Corrected to normal,1
sub110_AB,1,13.0,33,AB_13,AB,BB,25.0,Male,Right handed,Corrected to normal,1
sub110_AB,1,14.0,22,AB_14,AB,BB,25.0,Male,Right handed,Corrected to normal,1
sub110_AB,1,15.0,29,AB_15,AB,BB,25.0,Male,Right handed,Corrected to normal,1
sub110_AB,1,16.0,34,AB_16,AB,EM,25.0,Male,Right handed,Corrected to normal,1
sub110_AB,1,17.0,27,AB_17,AB,BB,25.0,Male,Right handed,Corrected to normal,1
sub110_AB,1,19.0,36,AB_19,AB,BB,25.0,Male,Right handed,Corrected to normal,1
sub110_AB,0,20.0,35,AB_20,AB,EM,25.0,Male,Right handed,Corrected to normal,0
sub110_AB,1,21.0,39,AB_21,AB,BB,25.0,Male,Right handed,Corrected to normal,1
sub110_AB,1,22.0,34,AB_22,AB,EM,25.0,Male,Right handed,Corrected to normal,1
sub110_AB,1,23.0,24,AB_23,AB,EM,25.0,Male,Right handed,Corrected to normal,1
sub110_AB,1,24.0,24,AB_24,AB,BB,25.0,Male,Right handed,Corrected to normal,1
sub110_AB,1,25.0,41,AB_25,AB,BB,25.0,Male,Right handed,Corrected to normal,1
sub110_AB,1,26.0,35,AB_26,AB,EM,25.0,Male,Right handed,Corrected to normal,1
sub110_AB,1,27.0,50,AB_27,AB,BB,25.0,Male,Right handed,Corrected to normal,1
sub110_AB,1,29.0,29,AB_29,AB,BB,25.0,Male,Right handed,Corrected to normal,1
sub110_AB,0,30.0,36,AB_30,AB,EM,25.0,Male,Right handed,Corrected to normal,0
sub110_AB,1,31.0,41,AB_31,AB,EM,25.0,Male,Right handed,Corrected to normal,1
sub110_AB,1,32.0,31,AB_32,AB,EM,25.0,Male,Right handed,Corrected to normal,1
sub110_AB,1,33.0,57,AB_33,AB,BB,25.0,Male,Right handed,Corrected to normal,1
sub110_AB,1,34.0,32,AB_34,AB,BB,25.0,Male,Right handed,Corrected to normal,1
sub110_AB,1,35.0,42,AB_35,AB,EM,25.0,Male,Right handed,Corrected to normal,1
sub110_AB,0,36.0,19,AB_36,AB,BB,25.0,Male,Right handed,Corrected to normal,0
sub110_AB,0,38.0,20,AB_38,AB,EM,25.0,Male,Right handed,Corrected to normal,0
sub110_AB,1,39.0,44,AB_39,AB,BB,25.0,Male,Right handed,Corrected to normal,1
sub110_AB,0,40.0,49,AB_40,AB,EM,25.0,Male,Right handed,Corrected to normal,0
sub111_AB,1,1.0,17,AB_1,AB,EM,23.0,Male,Right handed,Corrected to normal,1
sub111_AB,1,2.0,31,AB_2,AB,BB,23.0,Male,Right handed,Corrected to normal,1
sub111_AB,0,4.0,32,AB_4,AB,EM,23.0,Male,Right handed,Corrected to normal,0
sub111_AB,1,5.0,33,AB_5,AB,EM,23.0,Male,Right handed,Corrected to normal,1
sub111_AB,1,6.0,31,AB_6,AB,BB,23.0,Male,Right handed,Corrected to normal,1
sub111_AB,1,8.0,24,AB_8,AB,BB,23.0,Male,Right handed,Corrected to normal,1
sub111_AB,1,9.0,19,AB_9,AB,EM,23.0,Male,Right handed,Corrected to normal,1
sub111_AB,1,10.0,39,AB_10,AB,BB,23.0,Male,Right handed,Corrected to normal,1
sub111_AB,1,11.0,29,AB_11,AB,EM,23.0,Male,Right handed,Corrected to normal,1
sub111_AB,1,12.0,47,AB_12,AB,EM,23.0,Male,Right handed,Corrected to normal,1
sub111_AB,0,13.0,33,AB_13,AB,BB,23.0,Male,Right handed,Corrected to normal,0
sub111_AB,1,14.0,22,AB_14,AB,BB,23.0,Male,Right handed,Corrected to normal,1
sub111_AB,1,15.0,29,AB_15,AB,BB,23.0,Male,Right handed,Corrected to normal,1
sub111_AB,1,16.0,34,AB_16,AB,EM,23.0,Male,Right handed,Corrected to normal,1
sub111_AB,1,17.0,27,AB_17,AB,BB,23.0,Male,Right handed,Corrected to normal,1
sub111_AB,0,19.0,36,AB_19,AB,BB,23.0,Male,Right handed,Corrected to normal,0
sub111_AB,1,20.0,35,AB_20,AB,EM,23.0,Male,Right handed,Corrected to normal,1
sub111_AB,1,21.0,39,AB_21,AB,BB,23.0,Male,Right handed,Corrected to normal,1
sub111_AB,1,22.0,34,AB_22,AB,EM,23.0,Male,Right handed,Corrected to normal,1
sub111_AB,1,23.0,24,AB_23,AB,EM,23.0,Male,Right handed,Corrected to normal,1
sub111_AB,1,24.0,24,AB_24,AB,BB,23.0,Male,Right handed,Corrected to normal,1
sub111_AB,1,25.0,41,AB_25,AB,BB,23.0,Male,Right handed,Corrected to normal,1
sub111_AB,1,26.0,35,AB_26,AB,EM,23.0,Male,Right handed,Corrected to normal,1
sub111_AB,1,27.0,50,AB_27,AB,BB,23.0,Male,Right handed,Corrected to normal,1
sub111_AB,1,29.0,29,AB_29,AB,BB,23.0,Male,Right handed,Corrected to normal,1
sub111_AB,1,30.0,36,AB_30,AB,EM,23.0,Male,Right handed,Corrected to normal,1
sub111_AB,1,31.0,41,AB_31,AB,EM,23.0,Male,Right handed,Corrected to normal,1
sub111_AB,1,32.0,31,AB_32,AB,EM,23.0,Male,Right handed,Corrected to normal,1
sub111_AB,1,33.0,57,AB_33,AB,BB,23.0,Male,Right handed,Corrected to normal,1
sub111_AB,0,34.0,32,AB_34,AB,BB,23.0,Male,Right handed,Corrected to normal,0
sub111_AB,1,35.0,42,AB_35,AB,EM,23.0,Male,Right handed,Corrected to normal,1
sub111_AB,0,36.0,19,AB_36,AB,BB,23.0,Male,Right handed,Corrected to normal,0
sub111_AB,1,38.0,20,AB_38,AB,EM,23.0,Male,Right handed,Corrected to normal,1
sub111_AB,1,39.0,44,AB_39,AB,BB,23.0,Male,Right handed,Corrected to normal,1
sub111_AB,1,40.0,49,AB_40,AB,EM,23.0,Male,Right handed,Corrected to normal,1
sub112_AB,1,1.0,17,AB_1,AB,EM,22.0,Male,Right handed,Normal,1
sub112_AB,1,2.0,31,AB_2,AB,BB,22.0,Male,Right handed,Normal,1
sub112_AB,0,4.0,32,AB_4,AB,EM,22.0,Male,Right handed,Normal,0
sub112_AB,1,5.0,33,AB_5,AB,EM,22.0,Male,Right handed,Normal,1
sub112_AB,1,6.0,31,AB_6,AB,BB,22.0,Male,Right handed,Normal,1
sub112_AB,0,8.0,24,AB_8,AB,BB,22.0,Male,Right handed,Normal,0
sub112_AB,1,9.0,19,AB_9,AB,EM,22.0,Male,Right handed,Normal,1
sub112_AB,1,10.0,39,AB_10,AB,BB,22.0,Male,Right handed,Normal,1
sub112_AB,1,11.0,29,AB_11,AB,EM,22.0,Male,Right handed,Normal,1
sub112_AB,1,12.0,47,AB_12,AB,EM,22.0,Male,Right handed,Normal,1
sub112_AB,0,13.0,33,AB_13,AB,BB,22.0,Male,Right handed,Normal,0
sub112_AB,1,14.0,22,AB_14,AB,BB,22.0,Male,Right handed,Normal,1
sub112_AB,1,15.0,29,AB_15,AB,BB,22.0,Male,Right handed,Normal,1
sub112_AB,1,16.0,34,AB_16,AB,EM,22.0,Male,Right handed,Normal,1
sub112_AB,1,17.0,27,AB_17,AB,BB,22.0,Male,Right handed,Normal,1
sub112_AB,0,19.0,36,AB_19,AB,BB,22.0,Male,Right handed,Normal,0
sub112_AB,1,20.0,35,AB_20,AB,EM,22.0,Male,Right handed,Normal,1
sub112_AB,1,21.0,39,AB_21,AB,BB,22.0,Male,Right handed,Normal,1
sub112_AB,1,22.0,34,AB_22,AB,EM,22.0,Male,Right handed,Normal,1
sub112_AB,1,23.0,24,AB_23,AB,EM,22.0,Male,Right handed,Normal,1
sub112_AB,1,24.0,24,AB_24,AB,BB,22.0,Male,Right handed,Normal,1
sub112_AB,0,25.0,41,AB_25,AB,BB,22.0,Male,Right handed,Normal,0
sub112_AB,1,26.0,35,AB_26,AB,EM,22.0,Male,Right handed,Normal,1
sub112_AB,1,27.0,50,AB_27,AB,BB,22.0,Male,Right handed,Normal,1
sub112_AB,1,29.0,29,AB_29,AB,BB,22.0,Male,Right handed,Normal,1
sub112_AB,1,30.0,36,AB_30,AB,EM,22.0,Male,Right handed,Normal,1
sub112_AB,1,31.0,41,AB_31,AB,EM,22.0,Male,Right handed,Normal,1
sub112_AB,1,32.0,31,AB_32,AB,EM,22.0,Male,Right handed,Normal,1
sub112_AB,1,33.0,57,AB_33,AB,BB,22.0,Male,Right handed,Normal,1
sub112_AB,1,34.0,32,AB_34,AB,BB,22.0,Male,Right handed,Normal,1
sub112_AB,1,35.0,42,AB_35,AB,EM,22.0,Male,Right handed,Normal,1
sub112_AB,1,36.0,19,AB_36,AB,BB,22.0,Male,Right handed,Normal,1
sub112_AB,0,38.0,20,AB_38,AB,EM,22.0,Male,Right handed,Normal,0
sub112_AB,0,39.0,44,AB_39,AB,BB,22.0,Male,Right handed,Normal,0
sub112_AB,0,40.0,49,AB_40,AB,EM,22.0,Male,Right handed,Normal,0
sub113_AB,1,1.0,17,AB_1,AB,EM,25.0,Male,Right handed,Corrected to normal,1
sub113_AB,1,2.0,31,AB_2,AB,BB,25.0,Male,Right handed,Corrected to normal,1
sub113_AB,1,4.0,32,AB_4,AB,EM,25.0,Male,Right handed,Corrected to normal,1
sub113_AB,1,5.0,33,AB_5,AB,EM,25.0,Male,Right handed,Corrected to normal,1
sub113_AB,1,6.0,31,AB_6,AB,BB,25.0,Male,Right handed,Corrected to normal,1
sub113_AB,1,8.0,24,AB_8,AB,BB,25.0,Male,Right handed,Corrected to normal,1
sub113_AB,1,9.0,19,AB_9,AB,EM,25.0,Male,Right handed,Corrected to normal,1
sub113_AB,1,10.0,39,AB_10,AB,BB,25.0,Male,Right handed,Corrected to normal,1
sub113_AB,1,11.0,29,AB_11,AB,EM,25.0,Male,Right handed,Corrected to normal,1
sub113_AB,1,12.0,47,AB_12,AB,EM,25.0,Male,Right handed,Corrected to normal,1
sub113_AB,0,13.0,33,AB_13,AB,BB,25.0,Male,Right handed,Corrected to normal,0
sub113_AB,1,14.0,22,AB_14,AB,BB,25.0,Male,Right handed,Corrected to normal,1
sub113_AB,1,15.0,29,AB_15,AB,BB,25.0,Male,Right handed,Corrected to normal,1
sub113_AB,1,16.0,34,AB_16,AB,EM,25.0,Male,Right handed,Corrected to normal,1
sub113_AB,0,17.0,27,AB_17,AB,BB,25.0,Male,Right handed,Corrected to normal,0
sub113_AB,0,19.0,36,AB_19,AB,BB,25.0,Male,Right handed,Corrected to normal,0
sub113_AB,1,20.0,35,AB_20,AB,EM,25.0,Male,Right handed,Corrected to normal,1
sub113_AB,1,21.0,39,AB_21,AB,BB,25.0,Male,Right handed,Corrected to normal,1
sub113_AB,1,22.0,34,AB_22,AB,EM,25.0,Male,Right handed,Corrected to normal,1
sub113_AB,1,23.0,24,AB_23,AB,EM,25.0,Male,Right handed,Corrected to normal,1
sub113_AB,1,24.0,24,AB_24,AB,BB,25.0,Male,Right handed,Corrected to normal,1
sub113_AB,1,25.0,41,AB_25,AB,BB,25.0,Male,Right handed,Corrected to normal,1
sub113_AB,1,26.0,35,AB_26,AB,EM,25.0,Male,Right handed,Corrected to normal,1
sub113_AB,1,27.0,50,AB_27,AB,BB,25.0,Male,Right handed,Corrected to normal,1
sub113_AB,1,29.0,29,AB_29,AB,BB,25.0,Male,Right handed,Corrected to normal,1
sub113_AB,1,30.0,36,AB_30,AB,EM,25.0,Male,Right handed,Corrected to normal,1
sub113_AB,1,31.0,41,AB_31,AB,EM,25.0,Male,Right handed,Corrected to normal,1
sub113_AB,1,32.0,31,AB_32,AB,EM,25.0,Male,Right handed,Corrected to normal,1
sub113_AB,1,33.0,57,AB_33,AB,BB,25.0,Male,Right handed,Corrected to normal,1
sub113_AB,0,34.0,32,AB_34,AB,BB,25.0,Male,Right handed,Corrected to normal,0
sub113_AB,1,35.0,42,AB_35,AB,EM,25.0,Male,Right handed,Corrected to normal,1
sub113_AB,1,36.0,19,AB_36,AB,BB,25.0,Male,Right handed,Corrected to normal,1
sub113_AB,1,38.0,20,AB_38,AB,EM,25.0,Male,Right handed,Corrected to normal,1
sub113_AB,1,39.0,44,AB_39,AB,BB,25.0,Male,Right handed,Corrected to normal,1
sub113_AB,1,40.0,49,AB_40,AB,EM,25.0,Male,Right handed,Corrected to normal,1
sub114_AB,1,1.0,17,AB_1,AB,EM,20.0,Female,Right handed,Corrected to normal,1
sub114_AB,1,2.0,31,AB_2,AB,BB,20.0,Female,Right handed,Corrected to normal,1
sub114_AB,0,4.0,32,AB_4,AB,EM,20.0,Female,Right handed,Corrected to normal,0
sub114_AB,1,5.0,33,AB_5,AB,EM,20.0,Female,Right handed,Corrected to normal,1
sub114_AB,1,6.0,31,AB_6,AB,BB,20.0,Female,Right handed,Corrected to normal,1
sub114_AB,1,8.0,24,AB_8,AB,BB,20.0,Female,Right handed,Corrected to normal,1
sub114_AB,1,9.0,19,AB_9,AB,EM,20.0,Female,Right handed,Corrected to normal,1
sub114_AB,1,10.0,39,AB_10,AB,BB,20.0,Female,Right handed,Corrected to normal,1
sub114_AB,1,11.0,29,AB_11,AB,EM,20.0,Female,Right handed,Corrected to normal,1
sub114_AB,0,12.0,47,AB_12,AB,EM,20.0,Female,Right handed,Corrected to normal,0
sub114_AB,0,13.0,33,AB_13,AB,BB,20.0,Female,Right handed,Corrected to normal,0
sub114_AB,1,14.0,22,AB_14,AB,BB,20.0,Female,Right handed,Corrected to normal,1
sub114_AB,0,15.0,29,AB_15,AB,BB,20.0,Female,Right handed,Corrected to normal,0
sub114_AB,0,16.0,34,AB_16,AB,EM,20.0,Female,Right handed,Corrected to normal,0
sub114_AB,1,17.0,27,AB_17,AB,BB,20.0,Female,Right handed,Corrected to normal,1
sub114_AB,1,19.0,36,AB_19,AB,BB,20.0,Female,Right handed,Corrected to normal,1
sub114_AB,1,20.0,35,AB_20,AB,EM,20.0,Female,Right handed,Corrected to normal,1
sub114_AB,1,21.0,39,AB_21,AB,BB,20.0,Female,Right handed,Corrected to normal,1
sub114_AB,1,22.0,34,AB_22,AB,EM,20.0,Female,Right handed,Corrected to normal,1
sub114_AB,1,23.0,24,AB_23,AB,EM,20.0,Female,Right handed,Corrected to normal,1
sub114_AB,1,24.0,24,AB_24,AB,BB,20.0,Female,Right handed,Corrected to normal,1
sub114_AB,1,25.0,41,AB_25,AB,BB,20.0,Female,Right handed,Corrected to normal,1
sub114_AB,1,26.0,35,AB_26,AB,EM,20.0,Female,Right handed,Corrected to normal,1
sub114_AB,1,27.0,50,AB_27,AB,BB,20.0,Female,Right handed,Corrected to normal,1
sub114_AB,1,29.0,29,AB_29,AB,BB,20.0,Female,Right handed,Corrected to normal,1
sub114_AB,1,30.0,36,AB_30,AB,EM,20.0,Female,Right handed,Corrected to normal,1
sub114_AB,1,31.0,41,AB_31,AB,EM,20.0,Female,Right handed,Corrected to normal,1
sub114_AB,1,32.0,31,AB_32,AB,EM,20.0,Female,Right handed,Corrected to normal,1
sub114_AB,1,33.0,57,AB_33,AB,BB,20.0,Female,Right handed,Corrected to normal,1
sub114_AB,1,34.0,32,AB_34,AB,BB,20.0,Female,Right handed,Corrected to normal,1
sub114_AB,1,35.0,42,AB_35,AB,EM,20.0,Female,Right handed,Corrected to normal,1
sub114_AB,1,36.0,19,AB_36,AB,BB,20.0,Female,Right handed,Corrected to normal,1
sub114_AB,1,38.0,20,AB_38,AB,EM,20.0,Female,Right handed,Corrected to normal,1
sub114_AB,0,39.0,44,AB_39,AB,BB,20.0,Female,Right handed,Corrected to normal,0
sub114_AB,1,40.0,49,AB_40,AB,EM,20.0,Female,Right handed,Corrected to normal,1
sub115_AB,1,1.0,17,AB_1,AB,EM,20.0,Male,Right handed,Corrected to normal,1
sub115_AB,1,2.0,31,AB_2,AB,BB,20.0,Male,Right handed,Corrected to normal,1
sub115_AB,1,4.0,32,AB_4,AB,EM,20.0,Male,Right handed,Corrected to normal,1
sub115_AB,1,5.0,33,AB_5,AB,EM,20.0,Male,Right handed,Corrected to normal,1
sub115_AB,1,6.0,31,AB_6,AB,BB,20.0,Male,Right handed,Corrected to normal,1
sub115_AB,1,8.0,24,AB_8,AB,BB,20.0,Male,Right handed,Corrected to normal,1
sub115_AB,1,9.0,19,AB_9,AB,EM,20.0,Male,Right handed,Corrected to normal,1
sub115_AB,1,10.0,39,AB_10,AB,BB,20.0,Male,Right handed,Corrected to normal,1
sub115_AB,1,11.0,29,AB_11,AB,EM,20.0,Male,Right handed,Corrected to normal,1
sub115_AB,1,12.0,47,AB_12,AB,EM,20.0,Male,Right handed,Corrected to normal,1
sub115_AB,1,13.0,33,AB_13,AB,BB,20.0,Male,Right handed,Corrected to normal,1
sub115_AB,1,14.0,22,AB_14,AB,BB,20.0,Male,Right handed,Corrected to normal,1
sub115_AB,1,15.0,29,AB_15,AB,BB,20.0,Male,Right handed,Corrected to normal,1
sub115_AB,1,16.0,34,AB_16,AB,EM,20.0,Male,Right handed,Corrected to normal,1
sub115_AB,1,17.0,27,AB_17,AB,BB,20.0,Male,Right handed,Corrected to normal,1
sub115_AB,0,19.0,36,AB_19,AB,BB,20.0,Male,Right handed,Corrected to normal,0
sub115_AB,1,20.0,35,AB_20,AB,EM,20.0,Male,Right handed,Corrected to normal,1
sub115_AB,1,21.0,39,AB_21,AB,BB,20.0,Male,Right handed,Corrected to normal,1
sub115_AB,1,22.0,34,AB_22,AB,EM,20.0,Male,Right handed,Corrected to normal,1
sub115_AB,1,23.0,24,AB_23,AB,EM,20.0,Male,Right handed,Corrected to normal,1
sub115_AB,1,24.0,24,AB_24,AB,BB,20.0,Male,Right handed,Corrected to normal,1
sub115_AB,1,25.0,41,AB_25,AB,BB,20.0,Male,Right handed,Corrected to normal,1
sub115_AB,1,26.0,35,AB_26,AB,EM,20.0,Male,Right handed,Corrected to normal,1
sub115_AB,1,27.0,50,AB_27,AB,BB,20.0,Male,Right handed,Corrected to normal,1
sub115_AB,0,29.0,29,AB_29,AB,BB,20.0,Male,Right handed,Corrected to normal,0
sub115_AB,1,30.0,36,AB_30,AB,EM,20.0,Male,Right handed,Corrected to normal,1
sub115_AB,1,31.0,41,AB_31,AB,EM,20.0,Male,Right handed,Corrected to normal,1
sub115_AB,1,32.0,31,AB_32,AB,EM,20.0,Male,Right handed,Corrected to normal,1
sub115_AB,1,33.0,57,AB_33,AB,BB,20.0,Male,Right handed,Corrected to normal,1
sub115_AB,1,34.0,32,AB_34,AB,BB,20.0,Male,Right handed,Corrected to normal,1
sub115_AB,1,35.0,42,AB_35,AB,EM,20.0,Male,Right handed,Corrected to normal,1
sub115_AB,0,36.0,19,AB_36,AB,BB,20.0,Male,Right handed,Corrected to normal,0
sub115_AB,0,38.0,20,AB_38,AB,EM,20.0,Male,Right handed,Corrected to normal,0
sub115_AB,1,39.0,44,AB_39,AB,BB,20.0,Male,Right handed,Corrected to normal,1
sub115_AB,1,40.0,49,AB_40,AB,EM,20.0,Male,Right handed,Corrected to normal,1
sub116_AB,1,1.0,17,AB_1,AB,EM,20.0,Male,Right handed,Corrected to normal,1
sub116_AB,1,2.0,31,AB_2,AB,BB,20.0,Male,Right handed,Corrected to normal,1
sub116_AB,1,4.0,32,AB_4,AB,EM,20.0,Male,Right handed,Corrected to normal,1
sub116_AB,1,5.0,33,AB_5,AB,EM,20.0,Male,Right handed,Corrected to normal,1
sub116_AB,1,6.0,31,AB_6,AB,BB,20.0,Male,Right handed,Corrected to normal,1
sub116_AB,1,8.0,24,AB_8,AB,BB,20.0,Male,Right handed,Corrected to normal,1
sub116_AB,1,9.0,19,AB_9,AB,EM,20.0,Male,Right handed,Corrected to normal,1
sub116_AB,1,10.0,39,AB_10,AB,BB,20.0,Male,Right handed,Corrected to normal,1
sub116_AB,1,11.0,29,AB_11,AB,EM,20.0,Male,Right handed,Corrected to normal,1
sub116_AB,1,12.0,47,AB_12,AB,EM,20.0,Male,Right handed,Corrected to normal,1
sub116_AB,1,13.0,33,AB_13,AB,BB,20.0,Male,Right handed,Corrected to normal,1
sub116_AB,1,14.0,22,AB_14,AB,BB,20.0,Male,Right handed,Corrected to normal,1
sub116_AB,0,15.0,29,AB_15,AB,BB,20.0,Male,Right handed,Corrected to normal,0
sub116_AB,0,16.0,34,AB_16,AB,EM,20.0,Male,Right handed,Corrected to normal,0
sub116_AB,1,17.0,27,AB_17,AB,BB,20.0,Male,Right handed,Corrected to normal,1
sub116_AB,1,19.0,36,AB_19,AB,BB,20.0,Male,Right handed,Corrected to normal,1
sub116_AB,1,20.0,35,AB_20,AB,EM,20.0,Male,Right handed,Corrected to normal,1
sub116_AB,1,21.0,39,AB_21,AB,BB,20.0,Male,Right handed,Corrected to normal,1
sub116_AB,1,22.0,34,AB_22,AB,EM,20.0,Male,Right handed,Corrected to normal,1
sub116_AB,1,23.0,24,AB_23,AB,EM,20.0,Male,Right handed,Corrected to normal,1
sub116_AB,1,24.0,24,AB_24,AB,BB,20.0,Male,Right handed,Corrected to normal,1
sub116_AB,1,25.0,41,AB_25,AB,BB,20.0,Male,Right handed,Corrected to normal,1
sub116_AB,1,26.0,35,AB_26,AB,EM,20.0,Male,Right handed,Corrected to normal,1
sub116_AB,1,27.0,50,AB_27,AB,BB,20.0,Male,Right handed,Corrected to normal,1
sub116_AB,1,29.0,29,AB_29,AB,BB,20.0,Male,Right handed,Corrected to normal,1
sub116_AB,1,30.0,36,AB_30,AB,EM,20.0,Male,Right handed,Corrected to normal,1
sub116_AB,1,31.0,41,AB_31,AB,EM,20.0,Male,Right handed,Corrected to normal,1
sub116_AB,1,32.0,31,AB_32,AB,EM,20.0,Male,Right handed,Corrected to normal,1
sub116_AB,1,33.0,57,AB_33,AB,BB,20.0,Male,Right handed,Corrected to normal,1
sub116_AB,1,34.0,32,AB_34,AB,BB,20.0,Male,Right handed,Corrected to normal,1
sub116_AB,1,35.0,42,AB_35,AB,EM,20.0,Male,Right handed,Corrected to normal,1
sub116_AB,0,36.0,19,AB_36,AB,BB,20.0,Male,Right handed,Corrected to normal,0
sub116_AB,1,38.0,20,AB_38,AB,EM,20.0,Male,Right handed,Corrected to normal,1
sub116_AB,0,39.0,44,AB_39,AB,BB,20.0,Male,Right handed,Corrected to normal,0
sub116_AB,1,40.0,49,AB_40,AB,EM,20.0,Male,Right handed,Corrected to normal,1
sub117_AB,1,1.0,17,AB_1,AB,EM,22.0,Male,Right handed,Normal,1
sub117_AB,1,2.0,31,AB_2,AB,BB,22.0,Male,Right handed,Normal,1
sub117_AB,0,4.0,32,AB_4,AB,EM,22.0,Male,Right handed,Normal,0
sub117_AB,1,5.0,33,AB_5,AB,EM,22.0,Male,Right handed,Normal,1
sub117_AB,1,6.0,31,AB_6,AB,BB,22.0,Male,Right handed,Normal,1
sub117_AB,1,8.0,24,AB_8,AB,BB,22.0,Male,Right handed,Normal,1
sub117_AB,1,9.0,19,AB_9,AB,EM,22.0,Male,Right handed,Normal,1
sub117_AB,0,10.0,39,AB_10,AB,BB,22.0,Male,Right handed,Normal,0
sub117_AB,1,11.0,29,AB_11,AB,EM,22.0,Male,Right handed,Normal,1
sub117_AB,1,12.0,47,AB_12,AB,EM,22.0,Male,Right handed,Normal,1
sub117_AB,1,13.0,33,AB_13,AB,BB,22.0,Male,Right handed,Normal,1
sub117_AB,1,14.0,22,AB_14,AB,BB,22.0,Male,Right handed,Normal,1
sub117_AB,0,15.0,29,AB_15,AB,BB,22.0,Male,Right handed,Normal,0
sub117_AB,0,16.0,34,AB_16,AB,EM,22.0,Male,Right handed,Normal,0
sub117_AB,1,17.0,27,AB_17,AB,BB,22.0,Male,Right handed,Normal,1
sub117_AB,1,19.0,36,AB_19,AB,BB,22.0,Male,Right handed,Normal,1
sub117_AB,1,20.0,35,AB_20,AB,EM,22.0,Male,Right handed,Normal,1
sub117_AB,1,21.0,39,AB_21,AB,BB,22.0,Male,Right handed,Normal,1
sub117_AB,1,22.0,34,AB_22,AB,EM,22.0,Male,Right handed,Normal,1
sub117_AB,1,23.0,24,AB_23,AB,EM,22.0,Male,Right handed,Normal,1
sub117_AB,1,24.0,24,AB_24,AB,BB,22.0,Male,Right handed,Normal,1
sub117_AB,0,25.0,41,AB_25,AB,BB,22.0,Male,Right handed,Normal,0
sub117_AB,1,26.0,35,AB_26,AB,EM,22.0,Male,Right handed,Normal,1
sub117_AB,1,27.0,50,AB_27,AB,BB,22.0,Male,Right handed,Normal,1
sub117_AB,1,29.0,29,AB_29,AB,BB,22.0,Male,Right handed,Normal,1
sub117_AB,0,30.0,36,AB_30,AB,EM,22.0,Male,Right handed,Normal,0
sub117_AB,1,31.0,41,AB_31,AB,EM,22.0,Male,Right handed,Normal,1
sub117_AB,0,32.0,31,AB_32,AB,EM,22.0,Male,Right handed,Normal,0
sub117_AB,1,33.0,57,AB_33,AB,BB,22.0,Male,Right handed,Normal,1
sub117_AB,0,34.0,32,AB_34,AB,BB,22.0,Male,Right handed,Normal,0
sub117_AB,1,35.0,42,AB_35,AB,EM,22.0,Male,Right handed,Normal,1
sub117_AB,0,36.0,19,AB_36,AB,BB,22.0,Male,Right handed,Normal,0
sub117_AB,1,38.0,20,AB_38,AB,EM,22.0,Male,Right handed,Normal,1
sub117_AB,0,39.0,44,AB_39,AB,BB,22.0,Male,Right handed,Normal,0
sub117_AB,0,40.0,49,AB_40,AB,EM,22.0,Male,Right handed,Normal,0
sub118_AB,1,1.0,17,AB_1,AB,EM,23.0,Male,Right handed,Corrected to normal,1
sub118_AB,1,2.0,31,AB_2,AB,BB,23.0,Male,Right handed,Corrected to normal,1
sub118_AB,0,4.0,32,AB_4,AB,EM,23.0,Male,Right handed,Corrected to normal,0
sub118_AB,1,5.0,33,AB_5,AB,EM,23.0,Male,Right handed,Corrected to normal,1
sub118_AB,1,6.0,31,AB_6,AB,BB,23.0,Male,Right handed,Corrected to normal,1
sub118_AB,1,8.0,24,AB_8,AB,BB,23.0,Male,Right handed,Corrected to normal,1
sub118_AB,1,9.0,19,AB_9,AB,EM,23.0,Male,Right handed,Corrected to normal,1
sub118_AB,1,10.0,39,AB_10,AB,BB,23.0,Male,Right handed,Corrected to normal,1
sub118_AB,1,11.0,29,AB_11,AB,EM,23.0,Male,Right handed,Corrected to normal,1
sub118_AB,1,12.0,47,AB_12,AB,EM,23.0,Male,Right handed,Corrected to normal,1
sub118_AB,1,13.0,33,AB_13,AB,BB,23.0,Male,Right handed,Corrected to normal,1
sub118_AB,1,14.0,22,AB_14,AB,BB,23.0,Male,Right handed,Corrected to normal,1
sub118_AB,1,15.0,29,AB_15,AB,BB,23.0,Male,Right handed,Corrected to normal,1
sub118_AB,1,16.0,34,AB_16,AB,EM,23.0,Male,Right handed,Corrected to normal,1
sub118_AB,1,17.0,27,AB_17,AB,BB,23.0,Male,Right handed,Corrected to normal,1
sub118_AB,1,19.0,36,AB_19,AB,BB,23.0,Male,Right handed,Corrected to normal,1
sub118_AB,1,20.0,35,AB_20,AB,EM,23.0,Male,Right handed,Corrected to normal,1
sub118_AB,1,21.0,39,AB_21,AB,BB,23.0,Male,Right handed,Corrected to normal,1
sub118_AB,1,22.0,34,AB_22,AB,EM,23.0,Male,Right handed,Corrected to normal,1
sub118_AB,1,23.0,24,AB_23,AB,EM,23.0,Male,Right handed,Corrected to normal,1
sub118_AB,1,24.0,24,AB_24,AB,BB,23.0,Male,Right handed,Corrected to normal,1
sub118_AB,1,25.0,41,AB_25,AB,BB,23.0,Male,Right handed,Corrected to normal,1
sub118_AB,1,26.0,35,AB_26,AB,EM,23.0,Male,Right handed,Corrected to normal,1
sub118_AB,1,27.0,50,AB_27,AB,BB,23.0,Male,Right handed,Corrected to normal,1
sub118_AB,1,29.0,29,AB_29,AB,BB,23.0,Male,Right handed,Corrected to normal,1
sub118_AB,1,30.0,36,AB_30,AB,EM,23.0,Male,Right handed,Corrected to normal,1
sub118_AB,1,31.0,41,AB_31,AB,EM,23.0,Male,Right handed,Corrected to normal,1
sub118_AB,1,32.0,31,AB_32,AB,EM,23.0,Male,Right handed,Corrected to normal,1
sub118_AB,1,33.0,57,AB_33,AB,BB,23.0,Male,Right handed,Corrected to normal,1
sub118_AB,1,34.0,32,AB_34,AB,BB,23.0,Male,Right handed,Corrected to normal,1
sub118_AB,1,35.0,42,AB_35,AB,EM,23.0,Male,Right handed,Corrected to normal,1
sub118_AB,1,36.0,19,AB_36,AB,BB,23.0,Male,Right handed,Corrected to normal,1
sub118_AB,1,38.0,20,AB_38,AB,EM,23.0,Male,Right handed,Corrected to normal,1
sub118_AB,1,39.0,44,AB_39,AB,BB,23.0,Male,Right handed,Corrected to normal,1
sub118_AB,1,40.0,49,AB_40,AB,EM,23.0,Male,Right handed,Corrected to normal,1
sub119_AB,1,1.0,17,AB_1,AB,EM,23.0,Male,Right handed,Corrected to normal,1
sub119_AB,1,2.0,31,AB_2,AB,BB,23.0,Male,Right handed,Corrected to normal,1
sub119_AB,0,4.0,32,AB_4,AB,EM,23.0,Male,Right handed,Corrected to normal,0
sub119_AB,1,5.0,33,AB_5,AB,EM,23.0,Male,Right handed,Corrected to normal,1
sub119_AB,1,6.0,31,AB_6,AB,BB,23.0,Male,Right handed,Corrected to normal,1
sub119_AB,1,8.0,24,AB_8,AB,BB,23.0,Male,Right handed,Corrected to normal,1
sub119_AB,1,9.0,19,AB_9,AB,EM,23.0,Male,Right handed,Corrected to normal,1
sub119_AB,1,10.0,39,AB_10,AB,BB,23.0,Male,Right handed,Corrected to normal,1
sub119_AB,1,11.0,29,AB_11,AB,EM,23.0,Male,Right handed,Corrected to normal,1
sub119_AB,1,12.0,47,AB_12,AB,EM,23.0,Male,Right handed,Corrected to normal,1
sub119_AB,1,13.0,33,AB_13,AB,BB,23.0,Male,Right handed,Corrected to normal,1
sub119_AB,1,14.0,22,AB_14,AB,BB,23.0,Male,Right handed,Corrected to normal,1
sub119_AB,1,15.0,29,AB_15,AB,BB,23.0,Male,Right handed,Corrected to normal,1
sub119_AB,1,16.0,34,AB_16,AB,EM,23.0,Male,Right handed,Corrected to normal,1
sub119_AB,1,17.0,27,AB_17,AB,BB,23.0,Male,Right handed,Corrected to normal,1
sub119_AB,0,19.0,36,AB_19,AB,BB,23.0,Male,Right handed,Corrected to normal,0
sub119_AB,1,20.0,35,AB_20,AB,EM,23.0,Male,Right handed,Corrected to normal,1
sub119_AB,1,21.0,39,AB_21,AB,BB,23.0,Male,Right handed,Corrected to normal,1
sub119_AB,1,22.0,34,AB_22,AB,EM,23.0,Male,Right handed,Corrected to normal,1
sub119_AB,1,23.0,24,AB_23,AB,EM,23.0,Male,Right handed,Corrected to normal,1
sub119_AB,1,24.0,24,AB_24,AB,BB,23.0,Male,Right handed,Corrected to normal,1
sub119_AB,1,25.0,41,AB_25,AB,BB,23.0,Male,Right handed,Corrected to normal,1
sub119_AB,1,26.0,35,AB_26,AB,EM,23.0,Male,Right handed,Corrected to normal,1
sub119_AB,1,27.0,50,AB_27,AB,BB,23.0,Male,Right handed,Corrected to normal,1
sub119_AB,1,29.0,29,AB_29,AB,BB,23.0,Male,Right handed,Corrected to normal,1
sub119_AB,1,30.0,36,AB_30,AB,EM,23.0,Male,Right handed,Corrected to normal,1
sub119_AB,1,31.0,41,AB_31,AB,EM,23.0,Male,Right handed,Corrected to normal,1
sub119_AB,1,32.0,31,AB_32,AB,EM,23.0,Male,Right handed,Corrected to normal,1
sub119_AB,1,33.0,57,AB_33,AB,BB,23.0,Male,Right handed,Corrected to normal,1
sub119_AB,0,34.0,32,AB_34,AB,BB,23.0,Male,Right handed,Corrected to normal,0
sub119_AB,1,35.0,42,AB_35,AB,EM,23.0,Male,Right handed,Corrected to normal,1
sub119_AB,1,36.0,19,AB_36,AB,BB,23.0,Male,Right handed,Corrected to normal,1
sub119_AB,1,38.0,20,AB_38,AB,EM,23.0,Male,Right handed,Corrected to normal,1
sub119_AB,1,39.0,44,AB_39,AB,BB,23.0,Male,Right handed,Corrected to normal,1
sub119_AB,1,40.0,49,AB_40,AB,EM,23.0,Male,Right handed,Corrected to normal,1
sub120_AB,1,1.0,17,AB_1,AB,EM,21.0,Male,Right handed,Normal,1
sub120_AB,1,2.0,31,AB_2,AB,BB,21.0,Male,Right handed,Normal,1
sub120_AB,1,4.0,32,AB_4,AB,EM,21.0,Male,Right handed,Normal,1
sub120_AB,1,5.0,33,AB_5,AB,EM,21.0,Male,Right handed,Normal,1
sub120_AB,1,6.0,31,AB_6,AB,BB,21.0,Male,Right handed,Normal,1
sub120_AB,0,8.0,24,AB_8,AB,BB,21.0,Male,Right handed,Normal,0
sub120_AB,1,9.0,19,AB_9,AB,EM,21.0,Male,Right handed,Normal,1
sub120_AB,1,10.0,39,AB_10,AB,BB,21.0,Male,Right handed,Normal,1
sub120_AB,1,11.0,29,AB_11,AB,EM,21.0,Male,Right handed,Normal,1
sub120_AB,1,12.0,47,AB_12,AB,EM,21.0,Male,Right handed,Normal,1
sub120_AB,0,13.0,33,AB_13,AB,BB,21.0,Male,Right handed,Normal,0
sub120_AB,1,14.0,22,AB_14,AB,BB,21.0,Male,Right handed,Normal,1
sub120_AB,1,15.0,29,AB_15,AB,BB,21.0,Male,Right handed,Normal,1
sub120_AB,1,16.0,34,AB_16,AB,EM,21.0,Male,Right handed,Normal,1
sub120_AB,1,17.0,27,AB_17,AB,BB,21.0,Male,Right handed,Normal,1
sub120_AB,1,19.0,36,AB_19,AB,BB,21.0,Male,Right handed,Normal,1
sub120_AB,1,20.0,35,AB_20,AB,EM,21.0,Male,Right handed,Normal,1
sub120_AB,1,21.0,39,AB_21,AB,BB,21.0,Male,Right handed,Normal,1
sub120_AB,1,22.0,34,AB_22,AB,EM,21.0,Male,Right handed,Normal,1
sub120_AB,1,23.0,24,AB_23,AB,EM,21.0,Male,Right handed,Normal,1
sub120_AB,1,24.0,24,AB_24,AB,BB,21.0,Male,Right handed,Normal,1
sub120_AB,0,25.0,41,AB_25,AB,BB,21.0,Male,Right handed,Normal,0
sub120_AB,1,26.0,35,AB_26,AB,EM,21.0,Male,Right handed,Normal,1
sub120_AB,1,27.0,50,AB_27,AB,BB,21.0,Male,Right handed,Normal,1
sub120_AB,1,29.0,29,AB_29,AB,BB,21.0,Male,Right handed,Normal,1
sub120_AB,1,30.0,36,AB_30,AB,EM,21.0,Male,Right handed,Normal,1
sub120_AB,1,31.0,41,AB_31,AB,EM,21.0,Male,Right handed,Normal,1
sub120_AB,1,32.0,31,AB_32,AB,EM,21.0,Male,Right handed,Normal,1
sub120_AB,1,33.0,57,AB_33,AB,BB,21.0,Male,Right handed,Normal,1
sub120_AB,0,34.0,32,AB_34,AB,BB,21.0,Male,Right handed,Normal,0
sub120_AB,1,35.0,42,AB_35,AB,EM,21.0,Male,Right handed,Normal,1
sub120_AB,1,36.0,19,AB_36,AB,BB,21.0,Male,Right handed,Normal,1
sub120_AB,1,38.0,20,AB_38,AB,EM,21.0,Male,Right handed,Normal,1
sub120_AB,1,39.0,44,AB_39,AB,BB,21.0,Male,Right handed,Normal,1
sub120_AB,1,40.0,49,AB_40,AB,EM,21.0,Male,Right handed,Normal,1
sub121_AB,1,1.0,17,AB_1,AB,EM,22.0,Female,Right handed,Normal,1
sub121_AB,1,2.0,31,AB_2,AB,BB,22.0,Female,Right handed,Normal,1
sub121_AB,1,4.0,32,AB_4,AB,EM,22.0,Female,Right handed,Normal,1
sub121_AB,1,5.0,33,AB_5,AB,EM,22.0,Female,Right handed,Normal,1
sub121_AB,1,6.0,31,AB_6,AB,BB,22.0,Female,Right handed,Normal,1
sub121_AB,1,8.0,24,AB_8,AB,BB,22.0,Female,Right handed,Normal,1
sub121_AB,1,9.0,19,AB_9,AB,EM,22.0,Female,Right handed,Normal,1
sub121_AB,1,10.0,39,AB_10,AB,BB,22.0,Female,Right handed,Normal,1
sub121_AB,1,11.0,29,AB_11,AB,EM,22.0,Female,Right handed,Normal,1
sub121_AB,1,12.0,47,AB_12,AB,EM,22.0,Female,Right handed,Normal,1
sub121_AB,0,13.0,33,AB_13,AB,BB,22.0,Female,Right handed,Normal,0
sub121_AB,1,14.0,22,AB_14,AB,BB,22.0,Female,Right handed,Normal,1
sub121_AB,1,15.0,29,AB_15,AB,BB,22.0,Female,Right handed,Normal,1
sub121_AB,0,16.0,34,AB_16,AB,EM,22.0,Female,Right handed,Normal,0
sub121_AB,1,17.0,27,AB_17,AB,BB,22.0,Female,Right handed,Normal,1
sub121_AB,0,19.0,36,AB_19,AB,BB,22.0,Female,Right handed,Normal,0
sub121_AB,1,20.0,35,AB_20,AB,EM,22.0,Female,Right handed,Normal,1
sub121_AB,1,21.0,39,AB_21,AB,BB,22.0,Female,Right handed,Normal,1
sub121_AB,1,22.0,34,AB_22,AB,EM,22.0,Female,Right handed,Normal,1
sub121_AB,1,23.0,24,AB_23,AB,EM,22.0,Female,Right handed,Normal,1
sub121_AB,1,24.0,24,AB_24,AB,BB,22.0,Female,Right handed,Normal,1
sub121_AB,1,25.0,41,AB_25,AB,BB,22.0,Female,Right handed,Normal,1
sub121_AB,1,26.0,35,AB_26,AB,EM,22.0,Female,Right handed,Normal,1
sub121_AB,1,27.0,50,AB_27,AB,BB,22.0,Female,Right handed,Normal,1
sub121_AB,1,29.0,29,AB_29,AB,BB,22.0,Female,Right handed,Normal,1
sub121_AB,1,30.0,36,AB_30,AB,EM,22.0,Female,Right handed,Normal,1
sub121_AB,1,31.0,41,AB_31,AB,EM,22.0,Female,Right handed,Normal,1
sub121_AB,1,32.0,31,AB_32,AB,EM,22.0,Female,Right handed,Normal,1
sub121_AB,1,33.0,57,AB_33,AB,BB,22.0,Female,Right handed,Normal,1
sub121_AB,1,34.0,32,AB_34,AB,BB,22.0,Female,Right handed,Normal,1
sub121_AB,1,35.0,42,AB_35,AB,EM,22.0,Female,Right handed,Normal,1
sub121_AB,1,36.0,19,AB_36,AB,BB,22.0,Female,Right handed,Normal,1
sub121_AB,1,38.0,20,AB_38,AB,EM,22.0,Female,Right handed,Normal,1
sub121_AB,1,39.0,44,AB_39,AB,BB,22.0,Female,Right handed,Normal,1
sub121_AB,1,40.0,49,AB_40,AB,EM,22.0,Female,Right handed,Normal,1
sub122_AB,1,1.0,17,AB_1,AB,EM,24.0,Male,Right handed,Normal,1
sub122_AB,1,2.0,31,AB_2,AB,BB,24.0,Male,Right handed,Normal,1
sub122_AB,0,4.0,32,AB_4,AB,EM,24.0,Male,Right handed,Normal,0
sub122_AB,1,5.0,33,AB_5,AB,EM,24.0,Male,Right handed,Normal,1
sub122_AB,1,6.0,31,AB_6,AB,BB,24.0,Male,Right handed,Normal,1
sub122_AB,1,8.0,24,AB_8,AB,BB,24.0,Male,Right handed,Normal,1
sub122_AB,1,9.0,19,AB_9,AB,EM,24.0,Male,Right handed,Normal,1
sub122_AB,1,10.0,39,AB_10,AB,BB,24.0,Male,Right handed,Normal,1
sub122_AB,1,11.0,29,AB_11,AB,EM,24.0,Male,Right handed,Normal,1
sub122_AB,1,12.0,47,AB_12,AB,EM,24.0,Male,Right handed,Normal,1
sub122_AB,0,13.0,33,AB_13,AB,BB,24.0,Male,Right handed,Normal,0
sub122_AB,1,14.0,22,AB_14,AB,BB,24.0,Male,Right handed,Normal,1
sub122_AB,1,15.0,29,AB_15,AB,BB,24.0,Male,Right handed,Normal,1
sub122_AB,0,16.0,34,AB_16,AB,EM,24.0,Male,Right handed,Normal,0
sub122_AB,0,17.0,27,AB_17,AB,BB,24.0,Male,Right handed,Normal,0
sub122_AB,1,19.0,36,AB_19,AB,BB,24.0,Male,Right handed,Normal,1
sub122_AB,1,20.0,35,AB_20,AB,EM,24.0,Male,Right handed,Normal,1
sub122_AB,1,21.0,39,AB_21,AB,BB,24.0,Male,Right handed,Normal,1
sub122_AB,0,22.0,34,AB_22,AB,EM,24.0,Male,Right handed,Normal,0
sub122_AB,1,23.0,24,AB_23,AB,EM,24.0,Male,Right handed,Normal,1
sub122_AB,1,24.0,24,AB_24,AB,BB,24.0,Male,Right handed,Normal,1
sub122_AB,1,25.0,41,AB_25,AB,BB,24.0,Male,Right handed,Normal,1
sub122_AB,1,26.0,35,AB_26,AB,EM,24.0,Male,Right handed,Normal,1
sub122_AB,1,27.0,50,AB_27,AB,BB,24.0,Male,Right handed,Normal,1
sub122_AB,1,29.0,29,AB_29,AB,BB,24.0,Male,Right handed,Normal,1
sub122_AB,1,30.0,36,AB_30,AB,EM,24.0,Male,Right handed,Normal,1
sub122_AB,1,31.0,41,AB_31,AB,EM,24.0,Male,Right handed,Normal,1
sub122_AB,1,32.0,31,AB_32,AB,EM,24.0,Male,Right handed,Normal,1
sub122_AB,1,33.0,57,AB_33,AB,BB,24.0,Male,Right handed,Normal,1
sub122_AB,0,34.0,32,AB_34,AB,BB,24.0,Male,Right handed,Normal,0
sub122_AB,1,35.0,42,AB_35,AB,EM,24.0,Male,Right handed,Normal,1
sub122_AB,0,36.0,19,AB_36,AB,BB,24.0,Male,Right handed,Normal,0
sub122_AB,1,38.0,20,AB_38,AB,EM,24.0,Male,Right handed,Normal,1
sub122_AB,1,39.0,44,AB_39,AB,BB,24.0,Male,Right handed,Normal,1
sub122_AB,1,40.0,49,AB_40,AB,EM,24.0,Male,Right handed,Normal,1
sub123_AB,1,1.0,17,AB_1,AB,EM,19.0,Male,Right handed,Corrected to normal,1
sub123_AB,1,2.0,31,AB_2,AB,BB,19.0,Male,Right handed,Corrected to normal,1
sub123_AB,0,4.0,32,AB_4,AB,EM,19.0,Male,Right handed,Corrected to normal,0
sub123_AB,1,5.0,33,AB_5,AB,EM,19.0,Male,Right handed,Corrected to normal,1
sub123_AB,1,6.0,31,AB_6,AB,BB,19.0,Male,Right handed,Corrected to normal,1
sub123_AB,1,8.0,24,AB_8,AB,BB,19.0,Male,Right handed,Corrected to normal,1
sub123_AB,0,9.0,19,AB_9,AB,EM,19.0,Male,Right handed,Corrected to normal,0
sub123_AB,1,10.0,39,AB_10,AB,BB,19.0,Male,Right handed,Corrected to normal,1
sub123_AB,1,11.0,29,AB_11,AB,EM,19.0,Male,Right handed,Corrected to normal,1
sub123_AB,1,12.0,47,AB_12,AB,EM,19.0,Male,Right handed,Corrected to normal,1
sub123_AB,0,13.0,33,AB_13,AB,BB,19.0,Male,Right handed,Corrected to normal,0
sub123_AB,1,14.0,22,AB_14,AB,BB,19.0,Male,Right handed,Corrected to normal,1
sub123_AB,1,15.0,29,AB_15,AB,BB,19.0,Male,Right handed,Corrected to normal,1
sub123_AB,1,16.0,34,AB_16,AB,EM,19.0,Male,Right handed,Corrected to normal,1
sub123_AB,1,17.0,27,AB_17,AB,BB,19.0,Male,Right handed,Corrected to normal,1
sub123_AB,1,19.0,36,AB_19,AB,BB,19.0,Male,Right handed,Corrected to normal,1
sub123_AB,1,20.0,35,AB_20,AB,EM,19.0,Male,Right handed,Corrected to normal,1
sub123_AB,1,21.0,39,AB_21,AB,BB,19.0,Male,Right handed,Corrected to normal,1
sub123_AB,1,22.0,34,AB_22,AB,EM,19.0,Male,Right handed,Corrected to normal,1
sub123_AB,1,23.0,24,AB_23,AB,EM,19.0,Male,Right handed,Corrected to normal,1
sub123_AB,1,24.0,24,AB_24,AB,BB,19.0,Male,Right handed,Corrected to normal,1
sub123_AB,1,25.0,41,AB_25,AB,BB,19.0,Male,Right handed,Corrected to normal,1
sub123_AB,1,26.0,35,AB_26,AB,EM,19.0,Male,Right handed,Corrected to normal,1
sub123_AB,1,27.0,50,AB_27,AB,BB,19.0,Male,Right handed,Corrected to normal,1
sub123_AB,1,29.0,29,AB_29,AB,BB,19.0,Male,Right handed,Corrected to normal,1
sub123_AB,1,30.0,36,AB_30,AB,EM,19.0,Male,Right handed,Corrected to normal,1
sub123_AB,1,31.0,41,AB_31,AB,EM,19.0,Male,Right handed,Corrected to normal,1
sub123_AB,1,32.0,31,AB_32,AB,EM,19.0,Male,Right handed,Corrected to normal,1
sub123_AB,1,33.0,57,AB_33,AB,BB,19.0,Male,Right handed,Corrected to normal,1
sub123_AB,1,34.0,32,AB_34,AB,BB,19.0,Male,Right handed,Corrected to normal,1
sub123_AB,1,35.0,42,AB_35,AB,EM,19.0,Male,Right handed,Corrected to normal,1
sub123_AB,1,36.0,19,AB_36,AB,BB,19.0,Male,Right handed,Corrected to normal,1
sub123_AB,1,38.0,20,AB_38,AB,EM,19.0,Male,Right handed,Corrected to normal,1
sub123_AB,0,39.0,44,AB_39,AB,BB,19.0,Male,Right handed,Corrected to normal,0
sub123_AB,1,40.0,49,AB_40,AB,EM,19.0,Male,Right handed,Corrected to normal,1
sub124_AB,1,1.0,17,AB_1,AB,EM,21.0,Female,Right handed,Corrected to normal,1
sub124_AB,1,2.0,31,AB_2,AB,BB,21.0,Female,Right handed,Corrected to normal,1
sub124_AB,0,4.0,32,AB_4,AB,EM,21.0,Female,Right handed,Corrected to normal,0
sub124_AB,1,5.0,33,AB_5,AB,EM,21.0,Female,Right handed,Corrected to normal,1
sub124_AB,1,6.0,31,AB_6,AB,BB,21.0,Female,Right handed,Corrected to normal,1
sub124_AB,1,8.0,24,AB_8,AB,BB,21.0,Female,Right handed,Corrected to normal,1
sub124_AB,1,9.0,19,AB_9,AB,EM,21.0,Female,Right handed,Corrected to normal,1
sub124_AB,1,10.0,39,AB_10,AB,BB,21.0,Female,Right handed,Corrected to normal,1
sub124_AB,1,11.0,29,AB_11,AB,EM,21.0,Female,Right handed,Corrected to normal,1
sub124_AB,1,12.0,47,AB_12,AB,EM,21.0,Female,Right handed,Corrected to normal,1
sub124_AB,1,13.0,33,AB_13,AB,BB,21.0,Female,Right handed,Corrected to normal,1
sub124_AB,1,14.0,22,AB_14,AB,BB,21.0,Female,Right handed,Corrected to normal,1
sub124_AB,1,15.0,29,AB_15,AB,BB,21.0,Female,Right handed,Corrected to normal,1
sub124_AB,1,16.0,34,AB_16,AB,EM,21.0,Female,Right handed,Corrected to normal,1
sub124_AB,0,17.0,27,AB_17,AB,BB,21.0,Female,Right handed,Corrected to normal,0
sub124_AB,0,19.0,36,AB_19,AB,BB,21.0,Female,Right handed,Corrected to normal,0
sub124_AB,1,20.0,35,AB_20,AB,EM,21.0,Female,Right handed,Corrected to normal,1
sub124_AB,1,21.0,39,AB_21,AB,BB,21.0,Female,Right handed,Corrected to normal,1
sub124_AB,1,22.0,34,AB_22,AB,EM,21.0,Female,Right handed,Corrected to normal,1
sub124_AB,1,23.0,24,AB_23,AB,EM,21.0,Female,Right handed,Corrected to normal,1
sub124_AB,1,24.0,24,AB_24,AB,BB,21.0,Female,Right handed,Corrected to normal,1
sub124_AB,1,25.0,41,AB_25,AB,BB,21.0,Female,Right handed,Corrected to normal,1
sub124_AB,1,26.0,35,AB_26,AB,EM,21.0,Female,Right handed,Corrected to normal,1
sub124_AB,1,27.0,50,AB_27,AB,BB,21.0,Female,Right handed,Corrected to normal,1
sub124_AB,1,29.0,29,AB_29,AB,BB,21.0,Female,Right handed,Corrected to normal,1
sub124_AB,1,30.0,36,AB_30,AB,EM,21.0,Female,Right handed,Corrected to normal,1
sub124_AB,1,31.0,41,AB_31,AB,EM,21.0,Female,Right handed,Corrected to normal,1
sub124_AB,1,32.0,31,AB_32,AB,EM,21.0,Female,Right handed,Corrected to normal,1
sub124_AB,1,33.0,57,AB_33,AB,BB,21.0,Female,Right handed,Corrected to normal,1
sub124_AB,1,34.0,32,AB_34,AB,BB,21.0,Female,Right handed,Corrected to normal,1
sub124_AB,1,35.0,42,AB_35,AB,EM,21.0,Female,Right handed,Corrected to normal,1
sub124_AB,1,36.0,19,AB_36,AB,BB,21.0,Female,Right handed,Corrected to normal,1
sub124_AB,1,38.0,20,AB_38,AB,EM,21.0,Female,Right handed,Corrected to normal,1
sub124_AB,0,39.0,44,AB_39,AB,BB,21.0,Female,Right handed,Corrected to normal,0
sub124_AB,1,40.0,49,AB_40,AB,EM,21.0,Female,Right handed,Corrected to normal,1
sub125_AB,1,1.0,17,AB_1,AB,EM,22.0,Female,Right handed,Normal,1
sub125_AB,1,2.0,31,AB_2,AB,BB,22.0,Female,Right handed,Normal,1
sub125_AB,1,4.0,32,AB_4,AB,EM,22.0,Female,Right handed,Normal,1
sub125_AB,1,5.0,33,AB_5,AB,EM,22.0,Female,Right handed,Normal,1
sub125_AB,1,6.0,31,AB_6,AB,BB,22.0,Female,Right handed,Normal,1
sub125_AB,1,8.0,24,AB_8,AB,BB,22.0,Female,Right handed,Normal,1
sub125_AB,1,9.0,19,AB_9,AB,EM,22.0,Female,Right handed,Normal,1
sub125_AB,1,10.0,39,AB_10,AB,BB,22.0,Female,Right handed,Normal,1
sub125_AB,1,11.0,29,AB_11,AB,EM,22.0,Female,Right handed,Normal,1
sub125_AB,1,12.0,47,AB_12,AB,EM,22.0,Female,Right handed,Normal,1
sub125_AB,0,13.0,33,AB_13,AB,BB,22.0,Female,Right handed,Normal,0
sub125_AB,1,14.0,22,AB_14,AB,BB,22.0,Female,Right handed,Normal,1
sub125_AB,0,15.0,29,AB_15,AB,BB,22.0,Female,Right handed,Normal,0
sub125_AB,1,16.0,34,AB_16,AB,EM,22.0,Female,Right handed,Normal,1
sub125_AB,0,17.0,27,AB_17,AB,BB,22.0,Female,Right handed,Normal,0
sub125_AB,0,19.0,36,AB_19,AB,BB,22.0,Female,Right handed,Normal,0
sub125_AB,1,20.0,35,AB_20,AB,EM,22.0,Female,Right handed,Normal,1
sub125_AB,1,21.0,39,AB_21,AB,BB,22.0,Female,Right handed,Normal,1
sub125_AB,1,22.0,34,AB_22,AB,EM,22.0,Female,Right handed,Normal,1
sub125_AB,1,23.0,24,AB_23,AB,EM,22.0,Female,Right handed,Normal,1
sub125_AB,1,24.0,24,AB_24,AB,BB,22.0,Female,Right handed,Normal,1
sub125_AB,1,25.0,41,AB_25,AB,BB,22.0,Female,Right handed,Normal,1
sub125_AB,1,26.0,35,AB_26,AB,EM,22.0,Female,Right handed,Normal,1
sub125_AB,0,27.0,50,AB_27,AB,BB,22.0,Female,Right handed,Normal,0
sub125_AB,1,29.0,29,AB_29,AB,BB,22.0,Female,Right handed,Normal,1
sub125_AB,1,30.0,36,AB_30,AB,EM,22.0,Female,Right handed,Normal,1
sub125_AB,1,31.0,41,AB_31,AB,EM,22.0,Female,Right handed,Normal,1
sub125_AB,1,32.0,31,AB_32,AB,EM,22.0,Female,Right handed,Normal,1
sub125_AB,1,33.0,57,AB_33,AB,BB,22.0,Female,Right handed,Normal,1
sub125_AB,1,34.0,32,AB_34,AB,BB,22.0,Female,Right handed,Normal,1
sub125_AB,1,35.0,42,AB_35,AB,EM,22.0,Female,Right handed,Normal,1
sub125_AB,1,36.0,19,AB_36,AB,BB,22.0,Female,Right handed,Normal,1
sub125_AB,0,38.0,20,AB_38,AB,EM,22.0,Female,Right handed,Normal,0
sub125_AB,1,39.0,44,AB_39,AB,BB,22.0,Female,Right handed,Normal,1
sub125_AB,1,40.0,49,AB_40,AB,EM,22.0,Female,Right handed,Normal,1
sub126_AB,1,1.0,17,AB_1,AB,EM,23.0,Male,Right handed,Normal,1
sub126_AB,0,2.0,31,AB_2,AB,BB,23.0,Male,Right handed,Normal,0
sub126_AB,0,4.0,32,AB_4,AB,EM,23.0,Male,Right handed,Normal,0
sub126_AB,1,5.0,33,AB_5,AB,EM,23.0,Male,Right handed,Normal,1
sub126_AB,1,6.0,31,AB_6,AB,BB,23.0,Male,Right handed,Normal,1
sub126_AB,1,8.0,24,AB_8,AB,BB,23.0,Male,Right handed,Normal,1
sub126_AB,1,9.0,19,AB_9,AB,EM,23.0,Male,Right handed,Normal,1
sub126_AB,1,10.0,39,AB_10,AB,BB,23.0,Male,Right handed,Normal,1
sub126_AB,1,11.0,29,AB_11,AB,EM,23.0,Male,Right handed,Normal,1
sub126_AB,0,12.0,47,AB_12,AB,EM,23.0,Male,Right handed,Normal,0
sub126_AB,0,13.0,33,AB_13,AB,BB,23.0,Male,Right handed,Normal,0
sub126_AB,1,14.0,22,AB_14,AB,BB,23.0,Male,Right handed,Normal,1
sub126_AB,1,15.0,29,AB_15,AB,BB,23.0,Male,Right handed,Normal,1
sub126_AB,1,16.0,34,AB_16,AB,EM,23.0,Male,Right handed,Normal,1
sub126_AB,0,17.0,27,AB_17,AB,BB,23.0,Male,Right handed,Normal,0
sub126_AB,1,19.0,36,AB_19,AB,BB,23.0,Male,Right handed,Normal,1
sub126_AB,1,20.0,35,AB_20,AB,EM,23.0,Male,Right handed,Normal,1
sub126_AB,1,21.0,39,AB_21,AB,BB,23.0,Male,Right handed,Normal,1
sub126_AB,1,22.0,34,AB_22,AB,EM,23.0,Male,Right handed,Normal,1
sub126_AB,1,23.0,24,AB_23,AB,EM,23.0,Male,Right handed,Normal,1
sub126_AB,1,24.0,24,AB_24,AB,BB,23.0,Male,Right handed,Normal,1
sub126_AB,1,25.0,41,AB_25,AB,BB,23.0,Male,Right handed,Normal,1
sub126_AB,1,26.0,35,AB_26,AB,EM,23.0,Male,Right handed,Normal,1
sub126_AB,1,27.0,50,AB_27,AB,BB,23.0,Male,Right handed,Normal,1
sub126_AB,0,29.0,29,AB_29,AB,BB,23.0,Male,Right handed,Normal,0
sub126_AB,1,30.0,36,AB_30,AB,EM,23.0,Male,Right handed,Normal,1
sub126_AB,1,31.0,41,AB_31,AB,EM,23.0,Male,Right handed,Normal,1
sub126_AB,1,32.0,31,AB_32,AB,EM,23.0,Male,Right handed,Normal,1
sub126_AB,0,33.0,57,AB_33,AB,BB,23.0,Male,Right handed,Normal,0
sub126_AB,1,34.0,32,AB_34,AB,BB,23.0,Male,Right handed,Normal,1
sub126_AB,1,35.0,42,AB_35,AB,EM,23.0,Male,Right handed,Normal,1
sub126_AB,1,36.0,19,AB_36,AB,BB,23.0,Male,Right handed,Normal,1
sub126_AB,0,38.0,20,AB_38,AB,EM,23.0,Male,Right handed,Normal,0
sub126_AB,1,39.0,44,AB_39,AB,BB,23.0,Male,Right handed,Normal,1
sub126_AB,1,40.0,49,AB_40,AB,EM,23.0,Male,Right handed,Normal,1
sub127_AB,1,1.0,17,AB_1,AB,EM,20.0,Female,Right handed,Corrected to normal,1
sub127_AB,1,2.0,31,AB_2,AB,BB,20.0,Female,Right handed,Corrected to normal,1
sub127_AB,1,4.0,32,AB_4,AB,EM,20.0,Female,Right handed,Corrected to normal,1
sub127_AB,0,5.0,33,AB_5,AB,EM,20.0,Female,Right handed,Corrected to normal,0
sub127_AB,1,6.0,31,AB_6,AB,BB,20.0,Female,Right handed,Corrected to normal,1
sub127_AB,1,8.0,24,AB_8,AB,BB,20.0,Female,Right handed,Corrected to normal,1
sub127_AB,1,9.0,19,AB_9,AB,EM,20.0,Female,Right handed,Corrected to normal,1
sub127_AB,1,10.0,39,AB_10,AB,BB,20.0,Female,Right handed,Corrected to normal,1
sub127_AB,1,11.0,29,AB_11,AB,EM,20.0,Female,Right handed,Corrected to normal,1
sub127_AB,1,12.0,47,AB_12,AB,EM,20.0,Female,Right handed,Corrected to normal,1
sub127_AB,0,13.0,33,AB_13,AB,BB,20.0,Female,Right handed,Corrected to normal,0
sub127_AB,1,14.0,22,AB_14,AB,BB,20.0,Female,Right handed,Corrected to normal,1
sub127_AB,1,15.0,29,AB_15,AB,BB,20.0,Female,Right handed,Corrected to normal,1
sub127_AB,1,16.0,34,AB_16,AB,EM,20.0,Female,Right handed,Corrected to normal,1
sub127_AB,1,17.0,27,AB_17,AB,BB,20.0,Female,Right handed,Corrected to normal,1
sub127_AB,1,19.0,36,AB_19,AB,BB,20.0,Female,Right handed,Corrected to normal,1
sub127_AB,1,20.0,35,AB_20,AB,EM,20.0,Female,Right handed,Corrected to normal,1
sub127_AB,1,21.0,39,AB_21,AB,BB,20.0,Female,Right handed,Corrected to normal,1
sub127_AB,1,22.0,34,AB_22,AB,EM,20.0,Female,Right handed,Corrected to normal,1
sub127_AB,1,23.0,24,AB_23,AB,EM,20.0,Female,Right handed,Corrected to normal,1
sub127_AB,1,24.0,24,AB_24,AB,BB,20.0,Female,Right handed,Corrected to normal,1
sub127_AB,0,25.0,41,AB_25,AB,BB,20.0,Female,Right handed,Corrected to normal,0
sub127_AB,1,26.0,35,AB_26,AB,EM,20.0,Female,Right handed,Corrected to normal,1
sub127_AB,1,27.0,50,AB_27,AB,BB,20.0,Female,Right handed,Corrected to normal,1
sub127_AB,1,29.0,29,AB_29,AB,BB,20.0,Female,Right handed,Corrected to normal,1
sub127_AB,1,30.0,36,AB_30,AB,EM,20.0,Female,Right handed,Corrected to normal,1
sub127_AB,1,31.0,41,AB_31,AB,EM,20.0,Female,Right handed,Corrected to normal,1
sub127_AB,1,32.0,31,AB_32,AB,EM,20.0,Female,Right handed,Corrected to normal,1
sub127_AB,1,33.0,57,AB_33,AB,BB,20.0,Female,Right handed,Corrected to normal,1
sub127_AB,1,34.0,32,AB_34,AB,BB,20.0,Female,Right handed,Corrected to normal,1
sub127_AB,1,35.0,42,AB_35,AB,EM,20.0,Female,Right handed,Corrected to normal,1
sub127_AB,1,36.0,19,AB_36,AB,BB,20.0,Female,Right handed,Corrected to normal,1
sub127_AB,1,38.0,20,AB_38,AB,EM,20.0,Female,Right handed,Corrected to normal,1
sub127_AB,1,39.0,44,AB_39,AB,BB,20.0,Female,Right handed,Corrected to normal,1
sub127_AB,1,40.0,49,AB_40,AB,EM,20.0,Female,Right handed,Corrected to normal,1
sub128_AB,1,1.0,17,AB_1,AB,EM,25.0,Male,Right handed,Corrected to normal,1
sub128_AB,0,2.0,31,AB_2,AB,BB,25.0,Male,Right handed,Corrected to normal,0
sub128_AB,1,4.0,32,AB_4,AB,EM,25.0,Male,Right handed,Corrected to normal,1
sub128_AB,0,5.0,33,AB_5,AB,EM,25.0,Male,Right handed,Corrected to normal,0
sub128_AB,1,6.0,31,AB_6,AB,BB,25.0,Male,Right handed,Corrected to normal,1
sub128_AB,1,8.0,24,AB_8,AB,BB,25.0,Male,Right handed,Corrected to normal,1
sub128_AB,0,9.0,19,AB_9,AB,EM,25.0,Male,Right handed,Corrected to normal,0
sub128_AB,0,10.0,39,AB_10,AB,BB,25.0,Male,Right handed,Corrected to normal,0
sub128_AB,1,11.0,29,AB_11,AB,EM,25.0,Male,Right handed,Corrected to normal,1
sub128_AB,1,12.0,47,AB_12,AB,EM,25.0,Male,Right handed,Corrected to normal,1
sub128_AB,1,13.0,33,AB_13,AB,BB,25.0,Male,Right handed,Corrected to normal,1
sub128_AB,1,14.0,22,AB_14,AB,BB,25.0,Male,Right handed,Corrected to normal,1
sub128_AB,0,15.0,29,AB_15,AB,BB,25.0,Male,Right handed,Corrected to normal,0
sub128_AB,1,16.0,34,AB_16,AB,EM,25.0,Male,Right handed,Corrected to normal,1
sub128_AB,1,17.0,27,AB_17,AB,BB,25.0,Male,Right handed,Corrected to normal,1
sub128_AB,0,19.0,36,AB_19,AB,BB,25.0,Male,Right handed,Corrected to normal,0
sub128_AB,1,20.0,35,AB_20,AB,EM,25.0,Male,Right handed,Corrected to normal,1
sub128_AB,1,21.0,39,AB_21,AB,BB,25.0,Male,Right handed,Corrected to normal,1
sub128_AB,1,22.0,34,AB_22,AB,EM,25.0,Male,Right handed,Corrected to normal,1
sub128_AB,1,23.0,24,AB_23,AB,EM,25.0,Male,Right handed,Corrected to normal,1
sub128_AB,1,24.0,24,AB_24,AB,BB,25.0,Male,Right handed,Corrected to normal,1
sub128_AB,0,25.0,41,AB_25,AB,BB,25.0,Male,Right handed,Corrected to normal,0
sub128_AB,0,26.0,35,AB_26,AB,EM,25.0,Male,Right handed,Corrected to normal,0
sub128_AB,1,27.0,50,AB_27,AB,BB,25.0,Male,Right handed,Corrected to normal,1
sub128_AB,1,29.0,29,AB_29,AB,BB,25.0,Male,Right handed,Corrected to normal,1
sub128_AB,1,30.0,36,AB_30,AB,EM,25.0,Male,Right handed,Corrected to normal,1
sub128_AB,1,31.0,41,AB_31,AB,EM,25.0,Male,Right handed,Corrected to normal,1
sub128_AB,1,32.0,31,AB_32,AB,EM,25.0,Male,Right handed,Corrected to normal,1
sub128_AB,1,33.0,57,AB_33,AB,BB,25.0,Male,Right handed,Corrected to normal,1
sub128_AB,1,34.0,32,AB_34,AB,BB,25.0,Male,Right handed,Corrected to normal,1
sub128_AB,1,35.0,42,AB_35,AB,EM,25.0,Male,Right handed,Corrected to normal,1
sub128_AB,0,36.0,19,AB_36,AB,BB,25.0,Male,Right handed,Corrected to normal,0
sub128_AB,1,38.0,20,AB_38,AB,EM,25.0,Male,Right handed,Corrected to normal,1
sub128_AB,1,39.0,44,AB_39,AB,BB,25.0,Male,Right handed,Corrected to normal,1
sub128_AB,0,40.0,49,AB_40,AB,EM,25.0,Male,Right handed,Corrected to normal,0
sub129_AB,1,1.0,17,AB_1,AB,EM,22.0,Male,Right handed,Normal,1
sub129_AB,1,2.0,31,AB_2,AB,BB,22.0,Male,Right handed,Normal,1
sub129_AB,0,4.0,32,AB_4,AB,EM,22.0,Male,Right handed,Normal,0
sub129_AB,0,5.0,33,AB_5,AB,EM,22.0,Male,Right handed,Normal,0
sub129_AB,1,6.0,31,AB_6,AB,BB,22.0,Male,Right handed,Normal,1
sub129_AB,0,8.0,24,AB_8,AB,BB,22.0,Male,Right handed,Normal,0
sub129_AB,1,9.0,19,AB_9,AB,EM,22.0,Male,Right handed,Normal,1
sub129_AB,1,10.0,39,AB_10,AB,BB,22.0,Male,Right handed,Normal,1
sub129_AB,1,11.0,29,AB_11,AB,EM,22.0,Male,Right handed,Normal,1
sub129_AB,1,12.0,47,AB_12,AB,EM,22.0,Male,Right handed,Normal,1
sub129_AB,1,13.0,33,AB_13,AB,BB,22.0,Male,Right handed,Normal,1
sub129_AB,1,14.0,22,AB_14,AB,BB,22.0,Male,Right handed,Normal,1
sub129_AB,1,15.0,29,AB_15,AB,BB,22.0,Male,Right handed,Normal,1
sub129_AB,1,16.0,34,AB_16,AB,EM,22.0,Male,Right handed,Normal,1
sub129_AB,1,17.0,27,AB_17,AB,BB,22.0,Male,Right handed,Normal,1
sub129_AB,1,19.0,36,AB_19,AB,BB,22.0,Male,Right handed,Normal,1
sub129_AB,1,20.0,35,AB_20,AB,EM,22.0,Male,Right handed,Normal,1
sub129_AB,1,21.0,39,AB_21,AB,BB,22.0,Male,Right handed,Normal,1
sub129_AB,1,22.0,34,AB_22,AB,EM,22.0,Male,Right handed,Normal,1
sub129_AB,1,23.0,24,AB_23,AB,EM,22.0,Male,Right handed,Normal,1
sub129_AB,1,24.0,24,AB_24,AB,BB,22.0,Male,Right handed,Normal,1
sub129_AB,1,25.0,41,AB_25,AB,BB,22.0,Male,Right handed,Normal,1
sub129_AB,0,26.0,35,AB_26,AB,EM,22.0,Male,Right handed,Normal,0
sub129_AB,1,27.0,50,AB_27,AB,BB,22.0,Male,Right handed,Normal,1
sub129_AB,0,29.0,29,AB_29,AB,BB,22.0,Male,Right handed,Normal,0
sub129_AB,1,30.0,36,AB_30,AB,EM,22.0,Male,Right handed,Normal,1
sub129_AB,1,31.0,41,AB_31,AB,EM,22.0,Male,Right handed,Normal,1
sub129_AB,1,32.0,31,AB_32,AB,EM,22.0,Male,Right handed,Normal,1
sub129_AB,1,33.0,57,AB_33,AB,BB,22.0,Male,Right handed,Normal,1
sub129_AB,1,34.0,32,AB_34,AB,BB,22.0,Male,Right handed,Normal,1
sub129_AB,1,35.0,42,AB_35,AB,EM,22.0,Male,Right handed,Normal,1
sub129_AB,0,36.0,19,AB_36,AB,BB,22.0,Male,Right handed,Normal,0
sub129_AB,0,38.0,20,AB_38,AB,EM,22.0,Male,Right handed,Normal,0
sub129_AB,1,39.0,44,AB_39,AB,BB,22.0,Male,Right handed,Normal,1
sub129_AB,1,40.0,49,AB_40,AB,EM,22.0,Male,Right handed,Normal,1
sub130_AB,1,1.0,17,AB_1,AB,EM,24.0,Male,Right handed,Normal,1
sub130_AB,1,2.0,31,AB_2,AB,BB,24.0,Male,Right handed,Normal,1
sub130_AB,0,4.0,32,AB_4,AB,EM,24.0,Male,Right handed,Normal,0
sub130_AB,1,5.0,33,AB_5,AB,EM,24.0,Male,Right handed,Normal,1
sub130_AB,1,6.0,31,AB_6,AB,BB,24.0,Male,Right handed,Normal,1
sub130_AB,1,8.0,24,AB_8,AB,BB,24.0,Male,Right handed,Normal,1
sub130_AB,1,9.0,19,AB_9,AB,EM,24.0,Male,Right handed,Normal,1
sub130_AB,1,10.0,39,AB_10,AB,BB,24.0,Male,Right handed,Normal,1
sub130_AB,1,11.0,29,AB_11,AB,EM,24.0,Male,Right handed,Normal,1
sub130_AB,1,12.0,47,AB_12,AB,EM,24.0,Male,Right handed,Normal,1
sub130_AB,0,13.0,33,AB_13,AB,BB,24.0,Male,Right handed,Normal,0
sub130_AB,1,14.0,22,AB_14,AB,BB,24.0,Male,Right handed,Normal,1
sub130_AB,1,15.0,29,AB_15,AB,BB,24.0,Male,Right handed,Normal,1
sub130_AB,1,16.0,34,AB_16,AB,EM,24.0,Male,Right handed,Normal,1
sub130_AB,0,17.0,27,AB_17,AB,BB,24.0,Male,Right handed,Normal,0
sub130_AB,1,19.0,36,AB_19,AB,BB,24.0,Male,Right handed,Normal,1
sub130_AB,1,20.0,35,AB_20,AB,EM,24.0,Male,Right handed,Normal,1
sub130_AB,1,21.0,39,AB_21,AB,BB,24.0,Male,Right handed,Normal,1
sub130_AB,1,22.0,34,AB_22,AB,EM,24.0,Male,Right handed,Normal,1
sub130_AB,1,23.0,24,AB_23,AB,EM,24.0,Male,Right handed,Normal,1
sub130_AB,1,24.0,24,AB_24,AB,BB,24.0,Male,Right handed,Normal,1
sub130_AB,1,25.0,41,AB_25,AB,BB,24.0,Male,Right handed,Normal,1
sub130_AB,0,26.0,35,AB_26,AB,EM,24.0,Male,Right handed,Normal,0
sub130_AB,1,27.0,50,AB_27,AB,BB,24.0,Male,Right handed,Normal,1
sub130_AB,1,29.0,29,AB_29,AB,BB,24.0,Male,Right handed,Normal,1
sub130_AB,1,30.0,36,AB_30,AB,EM,24.0,Male,Right handed,Normal,1
sub130_AB,1,31.0,41,AB_31,AB,EM,24.0,Male,Right handed,Normal,1
sub130_AB,1,32.0,31,AB_32,AB,EM,24.0,Male,Right handed,Normal,1
sub130_AB,1,33.0,57,AB_33,AB,BB,24.0,Male,Right handed,Normal,1
sub130_AB,1,34.0,32,AB_34,AB,BB,24.0,Male,Right handed,Normal,1
sub130_AB,1,35.0,42,AB_35,AB,EM,24.0,Male,Right handed,Normal,1
sub130_AB,1,36.0,19,AB_36,AB,BB,24.0,Male,Right handed,Normal,1
sub130_AB,1,38.0,20,AB_38,AB,EM,24.0,Male,Right handed,Normal,1
sub130_AB,0,39.0,44,AB_39,AB,BB,24.0,Male,Right handed,Normal,0
sub130_AB,1,40.0,49,AB_40,AB,EM,24.0,Male,Right handed,Normal,1
sub131_AB,1,1.0,17,AB_1,AB,EM,21.0,Male,Right handed,Normal,1
sub131_AB,1,2.0,31,AB_2,AB,BB,21.0,Male,Right handed,Normal,1
sub131_AB,1,4.0,32,AB_4,AB,EM,21.0,Male,Right handed,Normal,1
sub131_AB,1,5.0,33,AB_5,AB,EM,21.0,Male,Right handed,Normal,1
sub131_AB,1,6.0,31,AB_6,AB,BB,21.0,Male,Right handed,Normal,1
sub131_AB,1,8.0,24,AB_8,AB,BB,21.0,Male,Right handed,Normal,1
sub131_AB,1,9.0,19,AB_9,AB,EM,21.0,Male,Right handed,Normal,1
sub131_AB,1,10.0,39,AB_10,AB,BB,21.0,Male,Right handed,Normal,1
sub131_AB,1,11.0,29,AB_11,AB,EM,21.0,Male,Right handed,Normal,1
sub131_AB,1,12.0,47,AB_12,AB,EM,21.0,Male,Right handed,Normal,1
sub131_AB,1,13.0,33,AB_13,AB,BB,21.0,Male,Right handed,Normal,1
sub131_AB,1,14.0,22,AB_14,AB,BB,21.0,Male,Right handed,Normal,1
sub131_AB,1,15.0,29,AB_15,AB,BB,21.0,Male,Right handed,Normal,1
sub131_AB,1,16.0,34,AB_16,AB,EM,21.0,Male,Right handed,Normal,1
sub131_AB,0,17.0,27,AB_17,AB,BB,21.0,Male,Right handed,Normal,0
sub131_AB,1,19.0,36,AB_19,AB,BB,21.0,Male,Right handed,Normal,1
sub131_AB,1,20.0,35,AB_20,AB,EM,21.0,Male,Right handed,Normal,1
sub131_AB,1,21.0,39,AB_21,AB,BB,21.0,Male,Right handed,Normal,1
sub131_AB,1,22.0,34,AB_22,AB,EM,21.0,Male,Right handed,Normal,1
sub131_AB,1,23.0,24,AB_23,AB,EM,21.0,Male,Right handed,Normal,1
sub131_AB,1,24.0,24,AB_24,AB,BB,21.0,Male,Right handed,Normal,1
sub131_AB,1,25.0,41,AB_25,AB,BB,21.0,Male,Right handed,Normal,1
sub131_AB,1,26.0,35,AB_26,AB,EM,21.0,Male,Right handed,Normal,1
sub131_AB,1,27.0,50,AB_27,AB,BB,21.0,Male,Right handed,Normal,1
sub131_AB,1,29.0,29,AB_29,AB,BB,21.0,Male,Right handed,Normal,1
sub131_AB,1,30.0,36,AB_30,AB,EM,21.0,Male,Right handed,Normal,1
sub131_AB,1,31.0,41,AB_31,AB,EM,21.0,Male,Right handed,Normal,1
sub131_AB,1,32.0,31,AB_32,AB,EM,21.0,Male,Right handed,Normal,1
sub131_AB,1,33.0,57,AB_33,AB,BB,21.0,Male,Right handed,Normal,1
sub131_AB,1,34.0,32,AB_34,AB,BB,21.0,Male,Right handed,Normal,1
sub131_AB,1,35.0,42,AB_35,AB,EM,21.0,Male,Right handed,Normal,1
sub131_AB,0,36.0,19,AB_36,AB,BB,21.0,Male,Right handed,Normal,0
sub131_AB,1,38.0,20,AB_38,AB,EM,21.0,Male,Right handed,Normal,1
sub131_AB,1,39.0,44,AB_39,AB,BB,21.0,Male,Right handed,Normal,1
sub131_AB,1,40.0,49,AB_40,AB,EM,21.0,Male,Right handed,Normal,1
sub132_AB,1,1.0,17,AB_1,AB,EM,20.0,Male,Left Handed,Normal,1
sub132_AB,0,2.0,31,AB_2,AB,BB,20.0,Male,Left Handed,Normal,0
sub132_AB,1,4.0,32,AB_4,AB,EM,20.0,Male,Left Handed,Normal,1
sub132_AB,0,5.0,33,AB_5,AB,EM,20.0,Male,Left Handed,Normal,0
sub132_AB,0,6.0,31,AB_6,AB,BB,20.0,Male,Left Handed,Normal,0
sub132_AB,0,8.0,24,AB_8,AB,BB,20.0,Male,Left Handed,Normal,0
sub132_AB,1,9.0,19,AB_9,AB,EM,20.0,Male,Left Handed,Normal,1
sub132_AB,1,10.0,39,AB_10,AB,BB,20.0,Male,Left Handed,Normal,1
sub132_AB,0,11.0,29,AB_11,AB,EM,20.0,Male,Left Handed,Normal,0
sub132_AB,1,12.0,47,AB_12,AB,EM,20.0,Male,Left Handed,Normal,1
sub132_AB,1,13.0,33,AB_13,AB,BB,20.0,Male,Left Handed,Normal,1
sub132_AB,1,14.0,22,AB_14,AB,BB,20.0,Male,Left Handed,Normal,1
sub132_AB,0,15.0,29,AB_15,AB,BB,20.0,Male,Left Handed,Normal,0
sub132_AB,1,16.0,34,AB_16,AB,EM,20.0,Male,Left Handed,Normal,1
sub132_AB,0,17.0,27,AB_17,AB,BB,20.0,Male,Left Handed,Normal,0
sub132_AB,1,19.0,36,AB_19,AB,BB,20.0,Male,Left Handed,Normal,1
sub132_AB,0,20.0,35,AB_20,AB,EM,20.0,Male,Left Handed,Normal,0
sub132_AB,0,21.0,39,AB_21,AB,BB,20.0,Male,Left Handed,Normal,0
sub132_AB,1,22.0,34,AB_22,AB,EM,20.0,Male,Left Handed,Normal,1
sub132_AB,1,23.0,24,AB_23,AB,EM,20.0,Male,Left Handed,Normal,1
sub132_AB,1,24.0,24,AB_24,AB,BB,20.0,Male,Left Handed,Normal,1
sub132_AB,0,25.0,41,AB_25,AB,BB,20.0,Male,Left Handed,Normal,0
sub132_AB,1,26.0,35,AB_26,AB,EM,20.0,Male,Left Handed,Normal,1
sub132_AB,1,27.0,50,AB_27,AB,BB,20.0,Male,Left Handed,Normal,1
sub132_AB,0,29.0,29,AB_29,AB,BB,20.0,Male,Left Handed,Normal,0
sub132_AB,1,30.0,36,AB_30,AB,EM,20.0,Male,Left Handed,Normal,1
sub132_AB,1,31.0,41,AB_31,AB,EM,20.0,Male,Left Handed,Normal,1
sub132_AB,1,32.0,31,AB_32,AB,EM,20.0,Male,Left Handed,Normal,1
sub132_AB,1,33.0,57,AB_33,AB,BB,20.0,Male,Left Handed,Normal,1
sub132_AB,0,34.0,32,AB_34,AB,BB,20.0,Male,Left Handed,Normal,0
sub132_AB,1,35.0,42,AB_35,AB,EM,20.0,Male,Left Handed,Normal,1
sub132_AB,0,36.0,19,AB_36,AB,BB,20.0,Male,Left Handed,Normal,0
sub132_AB,1,38.0,20,AB_38,AB,EM,20.0,Male,Left Handed,Normal,1
sub132_AB,0,39.0,44,AB_39,AB,BB,20.0,Male,Left Handed,Normal,0
sub132_AB,1,40.0,49,AB_40,AB,EM,20.0,Male,Left Handed,Normal,1
sub133_AB,1,1.0,17,AB_1,AB,EM,23.0,Female,Right handed,Corrected to normal,1
sub133_AB,1,2.0,31,AB_2,AB,BB,23.0,Female,Right handed,Corrected to normal,1
sub133_AB,1,4.0,32,AB_4,AB,EM,23.0,Female,Right handed,Corrected to normal,1
sub133_AB,0,5.0,33,AB_5,AB,EM,23.0,Female,Right handed,Corrected to normal,0
sub133_AB,1,6.0,31,AB_6,AB,BB,23.0,Female,Right handed,Corrected to normal,1
sub133_AB,1,8.0,24,AB_8,AB,BB,23.0,Female,Right handed,Corrected to normal,1
sub133_AB,1,9.0,19,AB_9,AB,EM,23.0,Female,Right handed,Corrected to normal,1
sub133_AB,1,10.0,39,AB_10,AB,BB,23.0,Female,Right handed,Corrected to normal,1
sub133_AB,0,11.0,29,AB_11,AB,EM,23.0,Female,Right handed,Corrected to normal,0
sub133_AB,1,12.0,47,AB_12,AB,EM,23.0,Female,Right handed,Corrected to normal,1
sub133_AB,1,13.0,33,AB_13,AB,BB,23.0,Female,Right handed,Corrected to normal,1
sub133_AB,1,14.0,22,AB_14,AB,BB,23.0,Female,Right handed,Corrected to normal,1
sub133_AB,1,15.0,29,AB_15,AB,BB,23.0,Female,Right handed,Corrected to normal,1
sub133_AB,0,16.0,34,AB_16,AB,EM,23.0,Female,Right handed,Corrected to normal,0
sub133_AB,1,17.0,27,AB_17,AB,BB,23.0,Female,Right handed,Corrected to normal,1
sub133_AB,1,19.0,36,AB_19,AB,BB,23.0,Female,Right handed,Corrected to normal,1
sub133_AB,1,20.0,35,AB_20,AB,EM,23.0,Female,Right handed,Corrected to normal,1
sub133_AB,1,21.0,39,AB_21,AB,BB,23.0,Female,Right handed,Corrected to normal,1
sub133_AB,1,22.0,34,AB_22,AB,EM,23.0,Female,Right handed,Corrected to normal,1
sub133_AB,1,23.0,24,AB_23,AB,EM,23.0,Female,Right handed,Corrected to normal,1
sub133_AB,1,24.0,24,AB_24,AB,BB,23.0,Female,Right handed,Corrected to normal,1
sub133_AB,0,25.0,41,AB_25,AB,BB,23.0,Female,Right handed,Corrected to normal,0
sub133_AB,1,26.0,35,AB_26,AB,EM,23.0,Female,Right handed,Corrected to normal,1
sub133_AB,1,27.0,50,AB_27,AB,BB,23.0,Female,Right handed,Corrected to normal,1
sub133_AB,1,29.0,29,AB_29,AB,BB,23.0,Female,Right handed,Corrected to normal,1
sub133_AB,1,30.0,36,AB_30,AB,EM,23.0,Female,Right handed,Corrected to normal,1
sub133_AB,1,31.0,41,AB_31,AB,EM,23.0,Female,Right handed,Corrected to normal,1
sub133_AB,1,32.0,31,AB_32,AB,EM,23.0,Female,Right handed,Corrected to normal,1
sub133_AB,1,33.0,57,AB_33,AB,BB,23.0,Female,Right handed,Corrected to normal,1
sub133_AB,1,34.0,32,AB_34,AB,BB,23.0,Female,Right handed,Corrected to normal,1
sub133_AB,1,35.0,42,AB_35,AB,EM,23.0,Female,Right handed,Corrected to normal,1
sub133_AB,1,36.0,19,AB_36,AB,BB,23.0,Female,Right handed,Corrected to normal,1
sub133_AB,1,38.0,20,AB_38,AB,EM,23.0,Female,Right handed,Corrected to normal,1
sub133_AB,1,39.0,44,AB_39,AB,BB,23.0,Female,Right handed,Corrected to normal,1
sub133_AB,1,40.0,49,AB_40,AB,EM,23.0,Female,Right handed,Corrected to normal,1
sub134_AB,0,1.0,17,AB_1,AB,EM,20.0,Male,Right handed,Corrected to normal,0
sub134_AB,1,2.0,31,AB_2,AB,BB,20.0,Male,Right handed,Corrected to normal,1
sub134_AB,0,4.0,32,AB_4,AB,EM,20.0,Male,Right handed,Corrected to normal,0
sub134_AB,1,5.0,33,AB_5,AB,EM,20.0,Male,Right handed,Corrected to normal,1
sub134_AB,1,6.0,31,AB_6,AB,BB,20.0,Male,Right handed,Corrected to normal,1
sub134_AB,1,8.0,24,AB_8,AB,BB,20.0,Male,Right handed,Corrected to normal,1
sub134_AB,1,9.0,19,AB_9,AB,EM,20.0,Male,Right handed,Corrected to normal,1
sub134_AB,1,10.0,39,AB_10,AB,BB,20.0,Male,Right handed,Corrected to normal,1
sub134_AB,1,11.0,29,AB_11,AB,EM,20.0,Male,Right handed,Corrected to normal,1
sub134_AB,1,12.0,47,AB_12,AB,EM,20.0,Male,Right handed,Corrected to normal,1
sub134_AB,1,13.0,33,AB_13,AB,BB,20.0,Male,Right handed,Corrected to normal,1
sub134_AB,1,14.0,22,AB_14,AB,BB,20.0,Male,Right handed,Corrected to normal,1
sub134_AB,1,15.0,29,AB_15,AB,BB,20.0,Male,Right handed,Corrected to normal,1
sub134_AB,1,16.0,34,AB_16,AB,EM,20.0,Male,Right handed,Corrected to normal,1
sub134_AB,0,17.0,27,AB_17,AB,BB,20.0,Male,Right handed,Corrected to normal,0
sub134_AB,0,19.0,36,AB_19,AB,BB,20.0,Male,Right handed,Corrected to normal,0
sub134_AB,0,20.0,35,AB_20,AB,EM,20.0,Male,Right handed,Corrected to normal,0
sub134_AB,1,21.0,39,AB_21,AB,BB,20.0,Male,Right handed,Corrected to normal,1
sub134_AB,1,22.0,34,AB_22,AB,EM,20.0,Male,Right handed,Corrected to normal,1
sub134_AB,1,23.0,24,AB_23,AB,EM,20.0,Male,Right handed,Corrected to normal,1
sub134_AB,1,24.0,24,AB_24,AB,BB,20.0,Male,Right handed,Corrected to normal,1
sub134_AB,0,25.0,41,AB_25,AB,BB,20.0,Male,Right handed,Corrected to normal,0
sub134_AB,0,26.0,35,AB_26,AB,EM,20.0,Male,Right handed,Corrected to normal,0
sub134_AB,1,27.0,50,AB_27,AB,BB,20.0,Male,Right handed,Corrected to normal,1
sub134_AB,1,29.0,29,AB_29,AB,BB,20.0,Male,Right handed,Corrected to normal,1
sub134_AB,1,30.0,36,AB_30,AB,EM,20.0,Male,Right handed,Corrected to normal,1
sub134_AB,1,31.0,41,AB_31,AB,EM,20.0,Male,Right handed,Corrected to normal,1
sub134_AB,1,32.0,31,AB_32,AB,EM,20.0,Male,Right handed,Corrected to normal,1
sub134_AB,1,33.0,57,AB_33,AB,BB,20.0,Male,Right handed,Corrected to normal,1
sub134_AB,1,34.0,32,AB_34,AB,BB,20.0,Male,Right handed,Corrected to normal,1
sub134_AB,1,35.0,42,AB_35,AB,EM,20.0,Male,Right handed,Corrected to normal,1
sub134_AB,1,36.0,19,AB_36,AB,BB,20.0,Male,Right handed,Corrected to normal,1
sub134_AB,1,38.0,20,AB_38,AB,EM,20.0,Male,Right handed,Corrected to normal,1
sub134_AB,1,39.0,44,AB_39,AB,BB,20.0,Male,Right handed,Corrected to normal,1
sub134_AB,1,40.0,49,AB_40,AB,EM,20.0,Male,Right handed,Corrected to normal,1
sub135_AB,1,1.0,17,AB_1,AB,EM,23.0,Male,Right handed,Corrected to normal,1
sub135_AB,1,2.0,31,AB_2,AB,BB,23.0,Male,Right handed,Corrected to normal,1
sub135_AB,0,4.0,32,AB_4,AB,EM,23.0,Male,Right handed,Corrected to normal,0
sub135_AB,1,5.0,33,AB_5,AB,EM,23.0,Male,Right handed,Corrected to normal,1
sub135_AB,0,6.0,31,AB_6,AB,BB,23.0,Male,Right handed,Corrected to normal,0
sub135_AB,1,8.0,24,AB_8,AB,BB,23.0,Male,Right handed,Corrected to normal,1
sub135_AB,0,9.0,19,AB_9,AB,EM,23.0,Male,Right handed,Corrected to normal,0
sub135_AB,1,10.0,39,AB_10,AB,BB,23.0,Male,Right handed,Corrected to normal,1
sub135_AB,1,11.0,29,AB_11,AB,EM,23.0,Male,Right handed,Corrected to normal,1
sub135_AB,1,12.0,47,AB_12,AB,EM,23.0,Male,Right handed,Corrected to normal,1
sub135_AB,0,13.0,33,AB_13,AB,BB,23.0,Male,Right handed,Corrected to normal,0
sub135_AB,1,14.0,22,AB_14,AB,BB,23.0,Male,Right handed,Corrected to normal,1
sub135_AB,1,15.0,29,AB_15,AB,BB,23.0,Male,Right handed,Corrected to normal,1
sub135_AB,1,16.0,34,AB_16,AB,EM,23.0,Male,Right handed,Corrected to normal,1
sub135_AB,1,17.0,27,AB_17,AB,BB,23.0,Male,Right handed,Corrected to normal,1
sub135_AB,0,19.0,36,AB_19,AB,BB,23.0,Male,Right handed,Corrected to normal,0
sub135_AB,1,20.0,35,AB_20,AB,EM,23.0,Male,Right handed,Corrected to normal,1
sub135_AB,1,21.0,39,AB_21,AB,BB,23.0,Male,Right handed,Corrected to normal,1
sub135_AB,1,22.0,34,AB_22,AB,EM,23.0,Male,Right handed,Corrected to normal,1
sub135_AB,0,23.0,24,AB_23,AB,EM,23.0,Male,Right handed,Corrected to normal,0
sub135_AB,1,24.0,24,AB_24,AB,BB,23.0,Male,Right handed,Corrected to normal,1
sub135_AB,0,25.0,41,AB_25,AB,BB,23.0,Male,Right handed,Corrected to normal,0
sub135_AB,0,26.0,35,AB_26,AB,EM,23.0,Male,Right handed,Corrected to normal,0
sub135_AB,1,27.0,50,AB_27,AB,BB,23.0,Male,Right handed,Corrected to normal,1
sub135_AB,1,29.0,29,AB_29,AB,BB,23.0,Male,Right handed,Corrected to normal,1
sub135_AB,1,30.0,36,AB_30,AB,EM,23.0,Male,Right handed,Corrected to normal,1
sub135_AB,1,31.0,41,AB_31,AB,EM,23.0,Male,Right handed,Corrected to normal,1
sub135_AB,1,32.0,31,AB_32,AB,EM,23.0,Male,Right handed,Corrected to normal,1
sub135_AB,1,33.0,57,AB_33,AB,BB,23.0,Male,Right handed,Corrected to normal,1
sub135_AB,0,34.0,32,AB_34,AB,BB,23.0,Male,Right handed,Corrected to normal,0
sub135_AB,1,35.0,42,AB_35,AB,EM,23.0,Male,Right handed,Corrected to normal,1
sub135_AB,1,36.0,19,AB_36,AB,BB,23.0,Male,Right handed,Corrected to normal,1
sub135_AB,1,38.0,20,AB_38,AB,EM,23.0,Male,Right handed,Corrected to normal,1
sub135_AB,1,39.0,44,AB_39,AB,BB,23.0,Male,Right handed,Corrected to normal,1
sub135_AB,0,40.0,49,AB_40,AB,EM,23.0,Male,Right handed,Corrected to normal,0
sub136_AB,1,1.0,17,AB_1,AB,EM,24.0,Male,Right handed,Normal,1
sub136_AB,1,2.0,31,AB_2,AB,BB,24.0,Male,Right handed,Normal,1
sub136_AB,1,4.0,32,AB_4,AB,EM,24.0,Male,Right handed,Normal,1
sub136_AB,1,5.0,33,AB_5,AB,EM,24.0,Male,Right handed,Normal,1
sub136_AB,1,6.0,31,AB_6,AB,BB,24.0,Male,Right handed,Normal,1
sub136_AB,1,8.0,24,AB_8,AB,BB,24.0,Male,Right handed,Normal,1
sub136_AB,1,9.0,19,AB_9,AB,EM,24.0,Male,Right handed,Normal,1
sub136_AB,1,10.0,39,AB_10,AB,BB,24.0,Male,Right handed,Normal,1
sub136_AB,1,11.0,29,AB_11,AB,EM,24.0,Male,Right handed,Normal,1
sub136_AB,1,12.0,47,AB_12,AB,EM,24.0,Male,Right handed,Normal,1
sub136_AB,1,13.0,33,AB_13,AB,BB,24.0,Male,Right handed,Normal,1
sub136_AB,1,14.0,22,AB_14,AB,BB,24.0,Male,Right handed,Normal,1
sub136_AB,1,15.0,29,AB_15,AB,BB,24.0,Male,Right handed,Normal,1
sub136_AB,1,16.0,34,AB_16,AB,EM,24.0,Male,Right handed,Normal,1
sub136_AB,1,17.0,27,AB_17,AB,BB,24.0,Male,Right handed,Normal,1
sub136_AB,1,19.0,36,AB_19,AB,BB,24.0,Male,Right handed,Normal,1
sub136_AB,1,20.0,35,AB_20,AB,EM,24.0,Male,Right handed,Normal,1
sub136_AB,1,21.0,39,AB_21,AB,BB,24.0,Male,Right handed,Normal,1
sub136_AB,1,22.0,34,AB_22,AB,EM,24.0,Male,Right handed,Normal,1
sub136_AB,1,23.0,24,AB_23,AB,EM,24.0,Male,Right handed,Normal,1
sub136_AB,1,24.0,24,AB_24,AB,BB,24.0,Male,Right handed,Normal,1
sub136_AB,1,25.0,41,AB_25,AB,BB,24.0,Male,Right handed,Normal,1
sub136_AB,0,26.0,35,AB_26,AB,EM,24.0,Male,Right handed,Normal,0
sub136_AB,1,27.0,50,AB_27,AB,BB,24.0,Male,Right handed,Normal,1
sub136_AB,0,29.0,29,AB_29,AB,BB,24.0,Male,Right handed,Normal,0
sub136_AB,1,30.0,36,AB_30,AB,EM,24.0,Male,Right handed,Normal,1
sub136_AB,1,31.0,41,AB_31,AB,EM,24.0,Male,Right handed,Normal,1
sub136_AB,1,32.0,31,AB_32,AB,EM,24.0,Male,Right handed,Normal,1
sub136_AB,1,33.0,57,AB_33,AB,BB,24.0,Male,Right handed,Normal,1
sub136_AB,1,34.0,32,AB_34,AB,BB,24.0,Male,Right handed,Normal,1
sub136_AB,0,35.0,42,AB_35,AB,EM,24.0,Male,Right handed,Normal,0
sub136_AB,1,36.0,19,AB_36,AB,BB,24.0,Male,Right handed,Normal,1
sub136_AB,0,38.0,20,AB_38,AB,EM,24.0,Male,Right handed,Normal,0
sub136_AB,1,39.0,44,AB_39,AB,BB,24.0,Male,Right handed,Normal,1
sub136_AB,1,40.0,49,AB_40,AB,EM,24.0,Male,Right handed,Normal,1
sub137_AB,1,1.0,17,AB_1,AB,EM,22.0,Male,Right handed,Corrected to normal,1
sub137_AB,1,2.0,31,AB_2,AB,BB,22.0,Male,Right handed,Corrected to normal,1
sub137_AB,0,4.0,32,AB_4,AB,EM,22.0,Male,Right handed,Corrected to normal,0
sub137_AB,1,5.0,33,AB_5,AB,EM,22.0,Male,Right handed,Corrected to normal,1
sub137_AB,1,6.0,31,AB_6,AB,BB,22.0,Male,Right handed,Corrected to normal,1
sub137_AB,1,8.0,24,AB_8,AB,BB,22.0,Male,Right handed,Corrected to normal,1
sub137_AB,0,9.0,19,AB_9,AB,EM,22.0,Male,Right handed,Corrected to normal,0
sub137_AB,1,10.0,39,AB_10,AB,BB,22.0,Male,Right handed,Corrected to normal,1
sub137_AB,1,11.0,29,AB_11,AB,EM,22.0,Male,Right handed,Corrected to normal,1
sub137_AB,1,12.0,47,AB_12,AB,EM,22.0,Male,Right handed,Corrected to normal,1
sub137_AB,0,13.0,33,AB_13,AB,BB,22.0,Male,Right handed,Corrected to normal,0
sub137_AB,1,14.0,22,AB_14,AB,BB,22.0,Male,Right handed,Corrected to normal,1
sub137_AB,1,15.0,29,AB_15,AB,BB,22.0,Male,Right handed,Corrected to normal,1
sub137_AB,1,16.0,34,AB_16,AB,EM,22.0,Male,Right handed,Corrected to normal,1
sub137_AB,1,17.0,27,AB_17,AB,BB,22.0,Male,Right handed,Corrected to normal,1
sub137_AB,1,19.0,36,AB_19,AB,BB,22.0,Male,Right handed,Corrected to normal,1
sub137_AB,1,20.0,35,AB_20,AB,EM,22.0,Male,Right handed,Corrected to normal,1
sub137_AB,1,21.0,39,AB_21,AB,BB,22.0,Male,Right handed,Corrected to normal,1
sub137_AB,1,22.0,34,AB_22,AB,EM,22.0,Male,Right handed,Corrected to normal,1
sub137_AB,1,23.0,24,AB_23,AB,EM,22.0,Male,Right handed,Corrected to normal,1
sub137_AB,1,24.0,24,AB_24,AB,BB,22.0,Male,Right handed,Corrected to normal,1
sub137_AB,0,25.0,41,AB_25,AB,BB,22.0,Male,Right handed,Corrected to normal,0
sub137_AB,1,26.0,35,AB_26,AB,EM,22.0,Male,Right handed,Corrected to normal,1
sub137_AB,1,27.0,50,AB_27,AB,BB,22.0,Male,Right handed,Corrected to normal,1
sub137_AB,1,29.0,29,AB_29,AB,BB,22.0,Male,Right handed,Corrected to normal,1
sub137_AB,0,30.0,36,AB_30,AB,EM,22.0,Male,Right handed,Corrected to normal,0
sub137_AB,1,31.0,41,AB_31,AB,EM,22.0,Male,Right handed,Corrected to normal,1
sub137_AB,1,32.0,31,AB_32,AB,EM,22.0,Male,Right handed,Corrected to normal,1
sub137_AB,1,33.0,57,AB_33,AB,BB,22.0,Male,Right handed,Corrected to normal,1
sub137_AB,1,34.0,32,AB_34,AB,BB,22.0,Male,Right handed,Corrected to normal,1
sub137_AB,1,35.0,42,AB_35,AB,EM,22.0,Male,Right handed,Corrected to normal,1
sub137_AB,1,36.0,19,AB_36,AB,BB,22.0,Male,Right handed,Corrected to normal,1
sub137_AB,1,38.0,20,AB_38,AB,EM,22.0,Male,Right handed,Corrected to normal,1
sub137_AB,1,39.0,44,AB_39,AB,BB,22.0,Male,Right handed,Corrected to normal,1
sub137_AB,1,40.0,49,AB_40,AB,EM,22.0,Male,Right handed,Corrected to normal,1
sub138_AB,1,1.0,17,AB_1,AB,EM,26.0,Male,Right handed,Normal,1
sub138_AB,1,2.0,31,AB_2,AB,BB,26.0,Male,Right handed,Normal,1
sub138_AB,0,4.0,32,AB_4,AB,EM,26.0,Male,Right handed,Normal,0
sub138_AB,1,5.0,33,AB_5,AB,EM,26.0,Male,Right handed,Normal,1
sub138_AB,1,6.0,31,AB_6,AB,BB,26.0,Male,Right handed,Normal,1
sub138_AB,0,8.0,24,AB_8,AB,BB,26.0,Male,Right handed,Normal,0
sub138_AB,0,9.0,19,AB_9,AB,EM,26.0,Male,Right handed,Normal,0
sub138_AB,0,10.0,39,AB_10,AB,BB,26.0,Male,Right handed,Normal,0
sub138_AB,1,11.0,29,AB_11,AB,EM,26.0,Male,Right handed,Normal,1
sub138_AB,1,12.0,47,AB_12,AB,EM,26.0,Male,Right handed,Normal,1
sub138_AB,0,13.0,33,AB_13,AB,BB,26.0,Male,Right handed,Normal,0
sub138_AB,1,14.0,22,AB_14,AB,BB,26.0,Male,Right handed,Normal,1
sub138_AB,1,15.0,29,AB_15,AB,BB,26.0,Male,Right handed,Normal,1
sub138_AB,1,16.0,34,AB_16,AB,EM,26.0,Male,Right handed,Normal,1
sub138_AB,0,17.0,27,AB_17,AB,BB,26.0,Male,Right handed,Normal,0
sub138_AB,0,19.0,36,AB_19,AB,BB,26.0,Male,Right handed,Normal,0
sub138_AB,0,20.0,35,AB_20,AB,EM,26.0,Male,Right handed,Normal,0
sub138_AB,1,21.0,39,AB_21,AB,BB,26.0,Male,Right handed,Normal,1
sub138_AB,1,22.0,34,AB_22,AB,EM,26.0,Male,Right handed,Normal,1
sub138_AB,1,23.0,24,AB_23,AB,EM,26.0,Male,Right handed,Normal,1
sub138_AB,1,24.0,24,AB_24,AB,BB,26.0,Male,Right handed,Normal,1
sub138_AB,1,25.0,41,AB_25,AB,BB,26.0,Male,Right handed,Normal,1
sub138_AB,1,26.0,35,AB_26,AB,EM,26.0,Male,Right handed,Normal,1
sub138_AB,0,27.0,50,AB_27,AB,BB,26.0,Male,Right handed,Normal,0
sub138_AB,1,29.0,29,AB_29,AB,BB,26.0,Male,Right handed,Normal,1
sub138_AB,1,30.0,36,AB_30,AB,EM,26.0,Male,Right handed,Normal,1
sub138_AB,1,31.0,41,AB_31,AB,EM,26.0,Male,Right handed,Normal,1
sub138_AB,1,32.0,31,AB_32,AB,EM,26.0,Male,Right handed,Normal,1
sub138_AB,1,33.0,57,AB_33,AB,BB,26.0,Male,Right handed,Normal,1
sub138_AB,1,34.0,32,AB_34,AB,BB,26.0,Male,Right handed,Normal,1
sub138_AB,1,35.0,42,AB_35,AB,EM,26.0,Male,Right handed,Normal,1
sub138_AB,0,36.0,19,AB_36,AB,BB,26.0,Male,Right handed,Normal,0
sub138_AB,1,38.0,20,AB_38,AB,EM,26.0,Male,Right handed,Normal,1
sub138_AB,0,39.0,44,AB_39,AB,BB,26.0,Male,Right handed,Normal,0
sub138_AB,1,40.0,49,AB_40,AB,EM,26.0,Male,Right handed,Normal,1
sub139_AB,1,1.0,17,AB_1,AB,EM,21.0,Male,Right handed,Normal,1
sub139_AB,1,2.0,31,AB_2,AB,BB,21.0,Male,Right handed,Normal,1
sub139_AB,1,4.0,32,AB_4,AB,EM,21.0,Male,Right handed,Normal,1
sub139_AB,1,5.0,33,AB_5,AB,EM,21.0,Male,Right handed,Normal,1
sub139_AB,1,6.0,31,AB_6,AB,BB,21.0,Male,Right handed,Normal,1
sub139_AB,1,8.0,24,AB_8,AB,BB,21.0,Male,Right handed,Normal,1
sub139_AB,1,9.0,19,AB_9,AB,EM,21.0,Male,Right handed,Normal,1
sub139_AB,1,10.0,39,AB_10,AB,BB,21.0,Male,Right handed,Normal,1
sub139_AB,1,11.0,29,AB_11,AB,EM,21.0,Male,Right handed,Normal,1
sub139_AB,1,12.0,47,AB_12,AB,EM,21.0,Male,Right handed,Normal,1
sub139_AB,1,13.0,33,AB_13,AB,BB,21.0,Male,Right handed,Normal,1
sub139_AB,1,14.0,22,AB_14,AB,BB,21.0,Male,Right handed,Normal,1
sub139_AB,0,15.0,29,AB_15,AB,BB,21.0,Male,Right handed,Normal,0
sub139_AB,1,16.0,34,AB_16,AB,EM,21.0,Male,Right handed,Normal,1
sub139_AB,1,17.0,27,AB_17,AB,BB,21.0,Male,Right handed,Normal,1
sub139_AB,0,19.0,36,AB_19,AB,BB,21.0,Male,Right handed,Normal,0
sub139_AB,1,20.0,35,AB_20,AB,EM,21.0,Male,Right handed,Normal,1
sub139_AB,1,21.0,39,AB_21,AB,BB,21.0,Male,Right handed,Normal,1
sub139_AB,1,22.0,34,AB_22,AB,EM,21.0,Male,Right handed,Normal,1
sub139_AB,1,23.0,24,AB_23,AB,EM,21.0,Male,Right handed,Normal,1
sub139_AB,1,24.0,24,AB_24,AB,BB,21.0,Male,Right handed,Normal,1
sub139_AB,1,25.0,41,AB_25,AB,BB,21.0,Male,Right handed,Normal,1
sub139_AB,1,26.0,35,AB_26,AB,EM,21.0,Male,Right handed,Normal,1
sub139_AB,1,27.0,50,AB_27,AB,BB,21.0,Male,Right handed,Normal,1
sub139_AB,1,29.0,29,AB_29,AB,BB,21.0,Male,Right handed,Normal,1
sub139_AB,1,30.0,36,AB_30,AB,EM,21.0,Male,Right handed,Normal,1
sub139_AB,1,31.0,41,AB_31,AB,EM,21.0,Male,Right handed,Normal,1
sub139_AB,1,32.0,31,AB_32,AB,EM,21.0,Male,Right handed,Normal,1
sub139_AB,1,33.0,57,AB_33,AB,BB,21.0,Male,Right handed,Normal,1
sub139_AB,1,34.0,32,AB_34,AB,BB,21.0,Male,Right handed,Normal,1
sub139_AB,1,35.0,42,AB_35,AB,EM,21.0,Male,Right handed,Normal,1
sub139_AB,1,36.0,19,AB_36,AB,BB,21.0,Male,Right handed,Normal,1
sub139_AB,1,38.0,20,AB_38,AB,EM,21.0,Male,Right handed,Normal,1
sub139_AB,1,39.0,44,AB_39,AB,BB,21.0,Male,Right handed,Normal,1
sub139_AB,1,40.0,49,AB_40,AB,EM,21.0,Male,Right handed,Normal,1
sub140_AB,1,1.0,17,AB_1,AB,EM,23.0,Male,Right handed,Normal,1
sub140_AB,1,2.0,31,AB_2,AB,BB,23.0,Male,Right handed,Normal,1
sub140_AB,1,4.0,32,AB_4,AB,EM,23.0,Male,Right handed,Normal,1
sub140_AB,1,5.0,33,AB_5,AB,EM,23.0,Male,Right handed,Normal,1
sub140_AB,1,6.0,31,AB_6,AB,BB,23.0,Male,Right handed,Normal,1
sub140_AB,0,8.0,24,AB_8,AB,BB,23.0,Male,Right handed,Normal,0
sub140_AB,0,9.0,19,AB_9,AB,EM,23.0,Male,Right handed,Normal,0
sub140_AB,1,10.0,39,AB_10,AB,BB,23.0,Male,Right handed,Normal,1
sub140_AB,1,11.0,29,AB_11,AB,EM,23.0,Male,Right handed,Normal,1
sub140_AB,1,12.0,47,AB_12,AB,EM,23.0,Male,Right handed,Normal,1
sub140_AB,1,13.0,33,AB_13,AB,BB,23.0,Male,Right handed,Normal,1
sub140_AB,1,14.0,22,AB_14,AB,BB,23.0,Male,Right handed,Normal,1
sub140_AB,0,15.0,29,AB_15,AB,BB,23.0,Male,Right handed,Normal,0
sub140_AB,0,16.0,34,AB_16,AB,EM,23.0,Male,Right handed,Normal,0
sub140_AB,1,17.0,27,AB_17,AB,BB,23.0,Male,Right handed,Normal,1
sub140_AB,0,19.0,36,AB_19,AB,BB,23.0,Male,Right handed,Normal,0
sub140_AB,1,20.0,35,AB_20,AB,EM,23.0,Male,Right handed,Normal,1
sub140_AB,1,21.0,39,AB_21,AB,BB,23.0,Male,Right handed,Normal,1
sub140_AB,1,22.0,34,AB_22,AB,EM,23.0,Male,Right handed,Normal,1
sub140_AB,1,23.0,24,AB_23,AB,EM,23.0,Male,Right handed,Normal,1
sub140_AB,1,24.0,24,AB_24,AB,BB,23.0,Male,Right handed,Normal,1
sub140_AB,1,25.0,41,AB_25,AB,BB,23.0,Male,Right handed,Normal,1
sub140_AB,1,26.0,35,AB_26,AB,EM,23.0,Male,Right handed,Normal,1
sub140_AB,1,27.0,50,AB_27,AB,BB,23.0,Male,Right handed,Normal,1
sub140_AB,1,29.0,29,AB_29,AB,BB,23.0,Male,Right handed,Normal,1
sub140_AB,1,30.0,36,AB_30,AB,EM,23.0,Male,Right handed,Normal,1
sub140_AB,1,31.0,41,AB_31,AB,EM,23.0,Male,Right handed,Normal,1
sub140_AB,1,32.0,31,AB_32,AB,EM,23.0,Male,Right handed,Normal,1
sub140_AB,1,33.0,57,AB_33,AB,BB,23.0,Male,Right handed,Normal,1
sub140_AB,1,34.0,32,AB_34,AB,BB,23.0,Male,Right handed,Normal,1
sub140_AB,1,35.0,42,AB_35,AB,EM,23.0,Male,Right handed,Normal,1
sub140_AB,0,36.0,19,AB_36,AB,BB,23.0,Male,Right handed,Normal,0
sub140_AB,1,38.0,20,AB_38,AB,EM,23.0,Male,Right handed,Normal,1
sub140_AB,0,39.0,44,AB_39,AB,BB,23.0,Male,Right handed,Normal,0
sub140_AB,0,40.0,49,AB_40,AB,EM,23.0,Male,Right handed,Normal,0
sub141_AB,1,1.0,17,AB_1,AB,EM,22.0,Male,Right handed,Normal,1
sub141_AB,0,2.0,31,AB_2,AB,BB,22.0,Male,Right handed,Normal,0
sub141_AB,1,4.0,32,AB_4,AB,EM,22.0,Male,Right handed,Normal,1
sub141_AB,1,5.0,33,AB_5,AB,EM,22.0,Male,Right handed,Normal,1
sub141_AB,1,6.0,31,AB_6,AB,BB,22.0,Male,Right handed,Normal,1
sub141_AB,0,8.0,24,AB_8,AB,BB,22.0,Male,Right handed,Normal,0
sub141_AB,1,9.0,19,AB_9,AB,EM,22.0,Male,Right handed,Normal,1
sub141_AB,1,10.0,39,AB_10,AB,BB,22.0,Male,Right handed,Normal,1
sub141_AB,1,11.0,29,AB_11,AB,EM,22.0,Male,Right handed,Normal,1
sub141_AB,1,12.0,47,AB_12,AB,EM,22.0,Male,Right handed,Normal,1
sub141_AB,0,13.0,33,AB_13,AB,BB,22.0,Male,Right handed,Normal,0
sub141_AB,1,14.0,22,AB_14,AB,BB,22.0,Male,Right handed,Normal,1
sub141_AB,1,15.0,29,AB_15,AB,BB,22.0,Male,Right handed,Normal,1
sub141_AB,0,16.0,34,AB_16,AB,EM,22.0,Male,Right handed,Normal,0
sub141_AB,1,17.0,27,AB_17,AB,BB,22.0,Male,Right handed,Normal,1
sub141_AB,1,19.0,36,AB_19,AB,BB,22.0,Male,Right handed,Normal,1
sub141_AB,1,20.0,35,AB_20,AB,EM,22.0,Male,Right handed,Normal,1
sub141_AB,1,21.0,39,AB_21,AB,BB,22.0,Male,Right handed,Normal,1
sub141_AB,1,22.0,34,AB_22,AB,EM,22.0,Male,Right handed,Normal,1
sub141_AB,1,23.0,24,AB_23,AB,EM,22.0,Male,Right handed,Normal,1
sub141_AB,1,24.0,24,AB_24,AB,BB,22.0,Male,Right handed,Normal,1
sub141_AB,1,25.0,41,AB_25,AB,BB,22.0,Male,Right handed,Normal,1
sub141_AB,1,26.0,35,AB_26,AB,EM,22.0,Male,Right handed,Normal,1
sub141_AB,1,27.0,50,AB_27,AB,BB,22.0,Male,Right handed,Normal,1
sub141_AB,1,29.0,29,AB_29,AB,BB,22.0,Male,Right handed,Normal,1
sub141_AB,1,30.0,36,AB_30,AB,EM,22.0,Male,Right handed,Normal,1
sub141_AB,1,31.0,41,AB_31,AB,EM,22.0,Male,Right handed,Normal,1
sub141_AB,1,32.0,31,AB_32,AB,EM,22.0,Male,Right handed,Normal,1
sub141_AB,1,33.0,57,AB_33,AB,BB,22.0,Male,Right handed,Normal,1
sub141_AB,1,34.0,32,AB_34,AB,BB,22.0,Male,Right handed,Normal,1
sub141_AB,1,35.0,42,AB_35,AB,EM,22.0,Male,Right handed,Normal,1
sub141_AB,1,36.0,19,AB_36,AB,BB,22.0,Male,Right handed,Normal,1
sub141_AB,0,38.0,20,AB_38,AB,EM,22.0,Male,Right handed,Normal,0
sub141_AB,0,39.0,44,AB_39,AB,BB,22.0,Male,Right handed,Normal,0
sub141_AB,1,40.0,49,AB_40,AB,EM,22.0,Male,Right handed,Normal,1
sub142_AB,1,1.0,17,AB_1,AB,EM,20.0,Male,Right handed,Corrected to normal,1
sub142_AB,0,2.0,31,AB_2,AB,BB,20.0,Male,Right handed,Corrected to normal,0
sub142_AB,0,4.0,32,AB_4,AB,EM,20.0,Male,Right handed,Corrected to normal,0
sub142_AB,0,5.0,33,AB_5,AB,EM,20.0,Male,Right handed,Corrected to normal,0
sub142_AB,1,6.0,31,AB_6,AB,BB,20.0,Male,Right handed,Corrected to normal,1
sub142_AB,1,8.0,24,AB_8,AB,BB,20.0,Male,Right handed,Corrected to normal,1
sub142_AB,0,9.0,19,AB_9,AB,EM,20.0,Male,Right handed,Corrected to normal,0
sub142_AB,0,10.0,39,AB_10,AB,BB,20.0,Male,Right handed,Corrected to normal,0
sub142_AB,1,11.0,29,AB_11,AB,EM,20.0,Male,Right handed,Corrected to normal,1
sub142_AB,0,12.0,47,AB_12,AB,EM,20.0,Male,Right handed,Corrected to normal,0
sub142_AB,0,13.0,33,AB_13,AB,BB,20.0,Male,Right handed,Corrected to normal,0
sub142_AB,1,14.0,22,AB_14,AB,BB,20.0,Male,Right handed,Corrected to normal,1
sub142_AB,1,15.0,29,AB_15,AB,BB,20.0,Male,Right handed,Corrected to normal,1
sub142_AB,1,16.0,34,AB_16,AB,EM,20.0,Male,Right handed,Corrected to normal,1
sub142_AB,1,17.0,27,AB_17,AB,BB,20.0,Male,Right handed,Corrected to normal,1
sub142_AB,0,19.0,36,AB_19,AB,BB,20.0,Male,Right handed,Corrected to normal,0
sub142_AB,1,20.0,35,AB_20,AB,EM,20.0,Male,Right handed,Corrected to normal,1
sub142_AB,1,21.0,39,AB_21,AB,BB,20.0,Male,Right handed,Corrected to normal,1
sub142_AB,1,22.0,34,AB_22,AB,EM,20.0,Male,Right handed,Corrected to normal,1
sub142_AB,1,23.0,24,AB_23,AB,EM,20.0,Male,Right handed,Corrected to normal,1
sub142_AB,0,24.0,24,AB_24,AB,BB,20.0,Male,Right handed,Corrected to normal,0
sub142_AB,1,25.0,41,AB_25,AB,BB,20.0,Male,Right handed,Corrected to normal,1
sub142_AB,0,26.0,35,AB_26,AB,EM,20.0,Male,Right handed,Corrected to normal,0
sub142_AB,1,27.0,50,AB_27,AB,BB,20.0,Male,Right handed,Corrected to normal,1
sub142_AB,1,29.0,29,AB_29,AB,BB,20.0,Male,Right handed,Corrected to normal,1
sub142_AB,0,30.0,36,AB_30,AB,EM,20.0,Male,Right handed,Corrected to normal,0
sub142_AB,1,31.0,41,AB_31,AB,EM,20.0,Male,Right handed,Corrected to normal,1
sub142_AB,0,32.0,31,AB_32,AB,EM,20.0,Male,Right handed,Corrected to normal,0
sub142_AB,1,33.0,57,AB_33,AB,BB,20.0,Male,Right handed,Corrected to normal,1
sub142_AB,1,34.0,32,AB_34,AB,BB,20.0,Male,Right handed,Corrected to normal,1
sub142_AB,0,35.0,42,AB_35,AB,EM,20.0,Male,Right handed,Corrected to normal,0
sub142_AB,0,36.0,19,AB_36,AB,BB,20.0,Male,Right handed,Corrected to normal,0
sub142_AB,1,38.0,20,AB_38,AB,EM,20.0,Male,Right handed,Corrected to normal,1
sub142_AB,0,39.0,44,AB_39,AB,BB,20.0,Male,Right handed,Corrected to normal,0
sub142_AB,1,40.0,49,AB_40,AB,EM,20.0,Male,Right handed,Corrected to normal,1
sub143_AB,1,1.0,17,AB_1,AB,EM,24.0,Male,Right handed,Corrected to normal,1
sub143_AB,0,2.0,31,AB_2,AB,BB,24.0,Male,Right handed,Corrected to normal,0
sub143_AB,0,4.0,32,AB_4,AB,EM,24.0,Male,Right handed,Corrected to normal,0
sub143_AB,1,5.0,33,AB_5,AB,EM,24.0,Male,Right handed,Corrected to normal,1
sub143_AB,1,6.0,31,AB_6,AB,BB,24.0,Male,Right handed,Corrected to normal,1
sub143_AB,0,8.0,24,AB_8,AB,BB,24.0,Male,Right handed,Corrected to normal,0
sub143_AB,1,9.0,19,AB_9,AB,EM,24.0,Male,Right handed,Corrected to normal,1
sub143_AB,0,10.0,39,AB_10,AB,BB,24.0,Male,Right handed,Corrected to normal,0
sub143_AB,1,11.0,29,AB_11,AB,EM,24.0,Male,Right handed,Corrected to normal,1
sub143_AB,1,12.0,47,AB_12,AB,EM,24.0,Male,Right handed,Corrected to normal,1
sub143_AB,1,13.0,33,AB_13,AB,BB,24.0,Male,Right handed,Corrected to normal,1
sub143_AB,1,14.0,22,AB_14,AB,BB,24.0,Male,Right handed,Corrected to normal,1
sub143_AB,1,15.0,29,AB_15,AB,BB,24.0,Male,Right handed,Corrected to normal,1
sub143_AB,0,16.0,34,AB_16,AB,EM,24.0,Male,Right handed,Corrected to normal,0
sub143_AB,1,17.0,27,AB_17,AB,BB,24.0,Male,Right handed,Corrected to normal,1
sub143_AB,1,19.0,36,AB_19,AB,BB,24.0,Male,Right handed,Corrected to normal,1
sub143_AB,1,20.0,35,AB_20,AB,EM,24.0,Male,Right handed,Corrected to normal,1
sub143_AB,1,21.0,39,AB_21,AB,BB,24.0,Male,Right handed,Corrected to normal,1
sub143_AB,1,22.0,34,AB_22,AB,EM,24.0,Male,Right handed,Corrected to normal,1
sub143_AB,1,23.0,24,AB_23,AB,EM,24.0,Male,Right handed,Corrected to normal,1
sub143_AB,1,24.0,24,AB_24,AB,BB,24.0,Male,Right handed,Corrected to normal,1
sub143_AB,1,25.0,41,AB_25,AB,BB,24.0,Male,Right handed,Corrected to normal,1
sub143_AB,1,26.0,35,AB_26,AB,EM,24.0,Male,Right handed,Corrected to normal,1
sub143_AB,1,27.0,50,AB_27,AB,BB,24.0,Male,Right handed,Corrected to normal,1
sub143_AB,1,29.0,29,AB_29,AB,BB,24.0,Male,Right handed,Corrected to normal,1
sub143_AB,1,30.0,36,AB_30,AB,EM,24.0,Male,Right handed,Corrected to normal,1
sub143_AB,1,31.0,41,AB_31,AB,EM,24.0,Male,Right handed,Corrected to normal,1
sub143_AB,1,32.0,31,AB_32,AB,EM,24.0,Male,Right handed,Corrected to normal,1
sub143_AB,0,33.0,57,AB_33,AB,BB,24.0,Male,Right handed,Corrected to normal,0
sub143_AB,0,34.0,32,AB_34,AB,BB,24.0,Male,Right handed,Corrected to normal,0
sub143_AB,1,35.0,42,AB_35,AB,EM,24.0,Male,Right handed,Corrected to normal,1
sub143_AB,0,36.0,19,AB_36,AB,BB,24.0,Male,Right handed,Corrected to normal,0
sub143_AB,0,38.0,20,AB_38,AB,EM,24.0,Male,Right handed,Corrected to normal,0
sub143_AB,1,39.0,44,AB_39,AB,BB,24.0,Male,Right handed,Corrected to normal,1
sub143_AB,1,40.0,49,AB_40,AB,EM,24.0,Male,Right handed,Corrected to normal,1
sub144_AB,1,1.0,17,AB_1,AB,EM,20.0,Male,Right handed,Normal,1
sub144_AB,1,2.0,31,AB_2,AB,BB,20.0,Male,Right handed,Normal,1
sub144_AB,0,4.0,32,AB_4,AB,EM,20.0,Male,Right handed,Normal,0
sub144_AB,1,5.0,33,AB_5,AB,EM,20.0,Male,Right handed,Normal,1
sub144_AB,1,6.0,31,AB_6,AB,BB,20.0,Male,Right handed,Normal,1
sub144_AB,1,8.0,24,AB_8,AB,BB,20.0,Male,Right handed,Normal,1
sub144_AB,1,9.0,19,AB_9,AB,EM,20.0,Male,Right handed,Normal,1
sub144_AB,1,10.0,39,AB_10,AB,BB,20.0,Male,Right handed,Normal,1
sub144_AB,1,11.0,29,AB_11,AB,EM,20.0,Male,Right handed,Normal,1
sub144_AB,1,12.0,47,AB_12,AB,EM,20.0,Male,Right handed,Normal,1
sub144_AB,1,13.0,33,AB_13,AB,BB,20.0,Male,Right handed,Normal,1
sub144_AB,1,14.0,22,AB_14,AB,BB,20.0,Male,Right handed,Normal,1
sub144_AB,1,15.0,29,AB_15,AB,BB,20.0,Male,Right handed,Normal,1
sub144_AB,1,16.0,34,AB_16,AB,EM,20.0,Male,Right handed,Normal,1
sub144_AB,1,17.0,27,AB_17,AB,BB,20.0,Male,Right handed,Normal,1
sub144_AB,1,19.0,36,AB_19,AB,BB,20.0,Male,Right handed,Normal,1
sub144_AB,1,20.0,35,AB_20,AB,EM,20.0,Male,Right handed,Normal,1
sub144_AB,1,21.0,39,AB_21,AB,BB,20.0,Male,Right handed,Normal,1
sub144_AB,1,22.0,34,AB_22,AB,EM,20.0,Male,Right handed,Normal,1
sub144_AB,1,23.0,24,AB_23,AB,EM,20.0,Male,Right handed,Normal,1
sub144_AB,1,24.0,24,AB_24,AB,BB,20.0,Male,Right handed,Normal,1
sub144_AB,1,25.0,41,AB_25,AB,BB,20.0,Male,Right handed,Normal,1
sub144_AB,1,26.0,35,AB_26,AB,EM,20.0,Male,Right handed,Normal,1
sub144_AB,1,27.0,50,AB_27,AB,BB,20.0,Male,Right handed,Normal,1
sub144_AB,1,29.0,29,AB_29,AB,BB,20.0,Male,Right handed,Normal,1
sub144_AB,1,30.0,36,AB_30,AB,EM,20.0,Male,Right handed,Normal,1
sub144_AB,1,31.0,41,AB_31,AB,EM,20.0,Male,Right handed,Normal,1
sub144_AB,1,32.0,31,AB_32,AB,EM,20.0,Male,Right handed,Normal,1
sub144_AB,1,33.0,57,AB_33,AB,BB,20.0,Male,Right handed,Normal,1
sub144_AB,1,34.0,32,AB_34,AB,BB,20.0,Male,Right handed,Normal,1
sub144_AB,1,35.0,42,AB_35,AB,EM,20.0,Male,Right handed,Normal,1
sub144_AB,1,36.0,19,AB_36,AB,BB,20.0,Male,Right handed,Normal,1
sub144_AB,0,38.0,20,AB_38,AB,EM,20.0,Male,Right handed,Normal,0
sub144_AB,0,39.0,44,AB_39,AB,BB,20.0,Male,Right handed,Normal,0
sub144_AB,1,40.0,49,AB_40,AB,EM,20.0,Male,Right handed,Normal,1
sub145_AB,1,1.0,17,AB_1,AB,EM,24.0,Male,Right handed,Corrected to normal,1
sub145_AB,1,2.0,31,AB_2,AB,BB,24.0,Male,Right handed,Corrected to normal,1
sub145_AB,1,4.0,32,AB_4,AB,EM,24.0,Male,Right handed,Corrected to normal,1
sub145_AB,1,5.0,33,AB_5,AB,EM,24.0,Male,Right handed,Corrected to normal,1
sub145_AB,0,6.0,31,AB_6,AB,BB,24.0,Male,Right handed,Corrected to normal,0
sub145_AB,1,8.0,24,AB_8,AB,BB,24.0,Male,Right handed,Corrected to normal,1
sub145_AB,0,9.0,19,AB_9,AB,EM,24.0,Male,Right handed,Corrected to normal,0
sub145_AB,1,10.0,39,AB_10,AB,BB,24.0,Male,Right handed,Corrected to normal,1
sub145_AB,1,11.0,29,AB_11,AB,EM,24.0,Male,Right handed,Corrected to normal,1
sub145_AB,0,12.0,47,AB_12,AB,EM,24.0,Male,Right handed,Corrected to normal,0
sub145_AB,1,13.0,33,AB_13,AB,BB,24.0,Male,Right handed,Corrected to normal,1
sub145_AB,1,14.0,22,AB_14,AB,BB,24.0,Male,Right handed,Corrected to normal,1
sub145_AB,0,15.0,29,AB_15,AB,BB,24.0,Male,Right handed,Corrected to normal,0
sub145_AB,1,16.0,34,AB_16,AB,EM,24.0,Male,Right handed,Corrected to normal,1
sub145_AB,0,17.0,27,AB_17,AB,BB,24.0,Male,Right handed,Corrected to normal,0
sub145_AB,1,19.0,36,AB_19,AB,BB,24.0,Male,Right handed,Corrected to normal,1
sub145_AB,1,20.0,35,AB_20,AB,EM,24.0,Male,Right handed,Corrected to normal,1
sub145_AB,1,21.0,39,AB_21,AB,BB,24.0,Male,Right handed,Corrected to normal,1
sub145_AB,1,22.0,34,AB_22,AB,EM,24.0,Male,Right handed,Corrected to normal,1
sub145_AB,1,23.0,24,AB_23,AB,EM,24.0,Male,Right handed,Corrected to normal,1
sub145_AB,1,24.0,24,AB_24,AB,BB,24.0,Male,Right handed,Corrected to normal,1
sub145_AB,0,25.0,41,AB_25,AB,BB,24.0,Male,Right handed,Corrected to normal,0
sub145_AB,1,26.0,35,AB_26,AB,EM,24.0,Male,Right handed,Corrected to normal,1
sub145_AB,1,27.0,50,AB_27,AB,BB,24.0,Male,Right handed,Corrected to normal,1
sub145_AB,1,29.0,29,AB_29,AB,BB,24.0,Male,Right handed,Corrected to normal,1
sub145_AB,1,30.0,36,AB_30,AB,EM,24.0,Male,Right handed,Corrected to normal,1
sub145_AB,1,31.0,41,AB_31,AB,EM,24.0,Male,Right handed,Corrected to normal,1
sub145_AB,0,32.0,31,AB_32,AB,EM,24.0,Male,Right handed,Corrected to normal,0
sub145_AB,1,33.0,57,AB_33,AB,BB,24.0,Male,Right handed,Corrected to normal,1
sub145_AB,1,34.0,32,AB_34,AB,BB,24.0,Male,Right handed,Corrected to normal,1
sub145_AB,1,35.0,42,AB_35,AB,EM,24.0,Male,Right handed,Corrected to normal,1
sub145_AB,0,36.0,19,AB_36,AB,BB,24.0,Male,Right handed,Corrected to normal,0
sub145_AB,0,38.0,20,AB_38,AB,EM,24.0,Male,Right handed,Corrected to normal,0
sub145_AB,1,39.0,44,AB_39,AB,BB,24.0,Male,Right handed,Corrected to normal,1
sub145_AB,1,40.0,49,AB_40,AB,EM,24.0,Male,Right handed,Corrected to normal,1
sub146_AB,0,1.0,17,AB_1,AB,EM,22.0,Male,Right handed,Normal,0
sub146_AB,1,2.0,31,AB_2,AB,BB,22.0,Male,Right handed,Normal,1
sub146_AB,0,4.0,32,AB_4,AB,EM,22.0,Male,Right handed,Normal,0
sub146_AB,1,5.0,33,AB_5,AB,EM,22.0,Male,Right handed,Normal,1
sub146_AB,1,6.0,31,AB_6,AB,BB,22.0,Male,Right handed,Normal,1
sub146_AB,1,8.0,24,AB_8,AB,BB,22.0,Male,Right handed,Normal,1
sub146_AB,1,9.0,19,AB_9,AB,EM,22.0,Male,Right handed,Normal,1
sub146_AB,1,10.0,39,AB_10,AB,BB,22.0,Male,Right handed,Normal,1
sub146_AB,1,11.0,29,AB_11,AB,EM,22.0,Male,Right handed,Normal,1
sub146_AB,1,12.0,47,AB_12,AB,EM,22.0,Male,Right handed,Normal,1
sub146_AB,1,13.0,33,AB_13,AB,BB,22.0,Male,Right handed,Normal,1
sub146_AB,1,14.0,22,AB_14,AB,BB,22.0,Male,Right handed,Normal,1
sub146_AB,1,15.0,29,AB_15,AB,BB,22.0,Male,Right handed,Normal,1
sub146_AB,1,16.0,34,AB_16,AB,EM,22.0,Male,Right handed,Normal,1
sub146_AB,0,17.0,27,AB_17,AB,BB,22.0,Male,Right handed,Normal,0
sub146_AB,1,19.0,36,AB_19,AB,BB,22.0,Male,Right handed,Normal,1
sub146_AB,1,20.0,35,AB_20,AB,EM,22.0,Male,Right handed,Normal,1
sub146_AB,1,21.0,39,AB_21,AB,BB,22.0,Male,Right handed,Normal,1
sub146_AB,1,22.0,34,AB_22,AB,EM,22.0,Male,Right handed,Normal,1
sub146_AB,1,23.0,24,AB_23,AB,EM,22.0,Male,Right handed,Normal,1
sub146_AB,1,24.0,24,AB_24,AB,BB,22.0,Male,Right handed,Normal,1
sub146_AB,0,25.0,41,AB_25,AB,BB,22.0,Male,Right handed,Normal,0
sub146_AB,0,26.0,35,AB_26,AB,EM,22.0,Male,Right handed,Normal,0
sub146_AB,0,27.0,50,AB_27,AB,BB,22.0,Male,Right handed,Normal,0
sub146_AB,1,29.0,29,AB_29,AB,BB,22.0,Male,Right handed,Normal,1
sub146_AB,1,30.0,36,AB_30,AB,EM,22.0,Male,Right handed,Normal,1
sub146_AB,1,31.0,41,AB_31,AB,EM,22.0,Male,Right handed,Normal,1
sub146_AB,1,32.0,31,AB_32,AB,EM,22.0,Male,Right handed,Normal,1
sub146_AB,1,33.0,57,AB_33,AB,BB,22.0,Male,Right handed,Normal,1
sub146_AB,1,34.0,32,AB_34,AB,BB,22.0,Male,Right handed,Normal,1
sub146_AB,1,35.0,42,AB_35,AB,EM,22.0,Male,Right handed,Normal,1
sub146_AB,1,36.0,19,AB_36,AB,BB,22.0,Male,Right handed,Normal,1
sub146_AB,0,38.0,20,AB_38,AB,EM,22.0,Male,Right handed,Normal,0
sub146_AB,0,39.0,44,AB_39,AB,BB,22.0,Male,Right handed,Normal,0
sub146_AB,0,40.0,49,AB_40,AB,EM,22.0,Male,Right handed,Normal,0
sub147_AB,1,1.0,17,AB_1,AB,EM,22.0,Female,Right handed,Normal,1
sub147_AB,0,2.0,31,AB_2,AB,BB,22.0,Female,Right handed,Normal,0
sub147_AB,1,4.0,32,AB_4,AB,EM,22.0,Female,Right handed,Normal,1
sub147_AB,1,5.0,33,AB_5,AB,EM,22.0,Female,Right handed,Normal,1
sub147_AB,1,6.0,31,AB_6,AB,BB,22.0,Female,Right handed,Normal,1
sub147_AB,1,8.0,24,AB_8,AB,BB,22.0,Female,Right handed,Normal,1
sub147_AB,1,9.0,19,AB_9,AB,EM,22.0,Female,Right handed,Normal,1
sub147_AB,1,10.0,39,AB_10,AB,BB,22.0,Female,Right handed,Normal,1
sub147_AB,1,11.0,29,AB_11,AB,EM,22.0,Female,Right handed,Normal,1
sub147_AB,1,12.0,47,AB_12,AB,EM,22.0,Female,Right handed,Normal,1
sub147_AB,1,13.0,33,AB_13,AB,BB,22.0,Female,Right handed,Normal,1
sub147_AB,1,14.0,22,AB_14,AB,BB,22.0,Female,Right handed,Normal,1
sub147_AB,1,15.0,29,AB_15,AB,BB,22.0,Female,Right handed,Normal,1
sub147_AB,0,16.0,34,AB_16,AB,EM,22.0,Female,Right handed,Normal,0
sub147_AB,1,17.0,27,AB_17,AB,BB,22.0,Female,Right handed,Normal,1
sub147_AB,1,19.0,36,AB_19,AB,BB,22.0,Female,Right handed,Normal,1
sub147_AB,0,20.0,35,AB_20,AB,EM,22.0,Female,Right handed,Normal,0
sub147_AB,1,21.0,39,AB_21,AB,BB,22.0,Female,Right handed,Normal,1
sub147_AB,1,22.0,34,AB_22,AB,EM,22.0,Female,Right handed,Normal,1
sub147_AB,1,23.0,24,AB_23,AB,EM,22.0,Female,Right handed,Normal,1
sub147_AB,1,24.0,24,AB_24,AB,BB,22.0,Female,Right handed,Normal,1
sub147_AB,1,25.0,41,AB_25,AB,BB,22.0,Female,Right handed,Normal,1
sub147_AB,1,26.0,35,AB_26,AB,EM,22.0,Female,Right handed,Normal,1
sub147_AB,0,27.0,50,AB_27,AB,BB,22.0,Female,Right handed,Normal,0
sub147_AB,0,29.0,29,AB_29,AB,BB,22.0,Female,Right handed,Normal,0
sub147_AB,1,30.0,36,AB_30,AB,EM,22.0,Female,Right handed,Normal,1
sub147_AB,1,31.0,41,AB_31,AB,EM,22.0,Female,Right handed,Normal,1
sub147_AB,1,32.0,31,AB_32,AB,EM,22.0,Female,Right handed,Normal,1
sub147_AB,1,33.0,57,AB_33,AB,BB,22.0,Female,Right handed,Normal,1
sub147_AB,1,34.0,32,AB_34,AB,BB,22.0,Female,Right handed,Normal,1
sub147_AB,1,35.0,42,AB_35,AB,EM,22.0,Female,Right handed,Normal,1
sub147_AB,0,36.0,19,AB_36,AB,BB,22.0,Female,Right handed,Normal,0
sub147_AB,1,38.0,20,AB_38,AB,EM,22.0,Female,Right handed,Normal,1
sub147_AB,1,39.0,44,AB_39,AB,BB,22.0,Female,Right handed,Normal,1
sub147_AB,0,40.0,49,AB_40,AB,EM,22.0,Female,Right handed,Normal,0
sub148_AB,1,1.0,17,AB_1,AB,EM,23.0,Female,Right handed,Corrected to normal,1
sub148_AB,1,2.0,31,AB_2,AB,BB,23.0,Female,Right handed,Corrected to normal,1
sub148_AB,0,4.0,32,AB_4,AB,EM,23.0,Female,Right handed,Corrected to normal,0
sub148_AB,1,5.0,33,AB_5,AB,EM,23.0,Female,Right handed,Corrected to normal,1
sub148_AB,1,6.0,31,AB_6,AB,BB,23.0,Female,Right handed,Corrected to normal,1
sub148_AB,0,8.0,24,AB_8,AB,BB,23.0,Female,Right handed,Corrected to normal,0
sub148_AB,1,9.0,19,AB_9,AB,EM,23.0,Female,Right handed,Corrected to normal,1
sub148_AB,1,10.0,39,AB_10,AB,BB,23.0,Female,Right handed,Corrected to normal,1
sub148_AB,1,11.0,29,AB_11,AB,EM,23.0,Female,Right handed,Corrected to normal,1
sub148_AB,1,12.0,47,AB_12,AB,EM,23.0,Female,Right handed,Corrected to normal,1
sub148_AB,0,13.0,33,AB_13,AB,BB,23.0,Female,Right handed,Corrected to normal,0
sub148_AB,1,14.0,22,AB_14,AB,BB,23.0,Female,Right handed,Corrected to normal,1
sub148_AB,1,15.0,29,AB_15,AB,BB,23.0,Female,Right handed,Corrected to normal,1
sub148_AB,0,16.0,34,AB_16,AB,EM,23.0,Female,Right handed,Corrected to normal,0
sub148_AB,1,17.0,27,AB_17,AB,BB,23.0,Female,Right handed,Corrected to normal,1
sub148_AB,0,19.0,36,AB_19,AB,BB,23.0,Female,Right handed,Corrected to normal,0
sub148_AB,0,20.0,35,AB_20,AB,EM,23.0,Female,Right handed,Corrected to normal,0
sub148_AB,1,21.0,39,AB_21,AB,BB,23.0,Female,Right handed,Corrected to normal,1
sub148_AB,1,22.0,34,AB_22,AB,EM,23.0,Female,Right handed,Corrected to normal,1
sub148_AB,1,23.0,24,AB_23,AB,EM,23.0,Female,Right handed,Corrected to normal,1
sub148_AB,1,24.0,24,AB_24,AB,BB,23.0,Female,Right handed,Corrected to normal,1
sub148_AB,0,25.0,41,AB_25,AB,BB,23.0,Female,Right handed,Corrected to normal,0
sub148_AB,1,26.0,35,AB_26,AB,EM,23.0,Female,Right handed,Corrected to normal,1
sub148_AB,1,27.0,50,AB_27,AB,BB,23.0,Female,Right handed,Corrected to normal,1
sub148_AB,1,29.0,29,AB_29,AB,BB,23.0,Female,Right handed,Corrected to normal,1
sub148_AB,1,30.0,36,AB_30,AB,EM,23.0,Female,Right handed,Corrected to normal,1
sub148_AB,1,31.0,41,AB_31,AB,EM,23.0,Female,Right handed,Corrected to normal,1
sub148_AB,1,32.0,31,AB_32,AB,EM,23.0,Female,Right handed,Corrected to normal,1
sub148_AB,1,33.0,57,AB_33,AB,BB,23.0,Female,Right handed,Corrected to normal,1
sub148_AB,1,34.0,32,AB_34,AB,BB,23.0,Female,Right handed,Corrected to normal,1
sub148_AB,1,35.0,42,AB_35,AB,EM,23.0,Female,Right handed,Corrected to normal,1
sub148_AB,0,36.0,19,AB_36,AB,BB,23.0,Female,Right handed,Corrected to normal,0
sub148_AB,0,38.0,20,AB_38,AB,EM,23.0,Female,Right handed,Corrected to normal,0
sub148_AB,1,39.0,44,AB_39,AB,BB,23.0,Female,Right handed,Corrected to normal,1
sub148_AB,0,40.0,49,AB_40,AB,EM,23.0,Female,Right handed,Corrected to normal,0
sub149_AB,1,1.0,17,AB_1,AB,EM,23.0,Male,Right handed,Normal,1
sub149_AB,1,2.0,31,AB_2,AB,BB,23.0,Male,Right handed,Normal,1
sub149_AB,0,4.0,32,AB_4,AB,EM,23.0,Male,Right handed,Normal,0
sub149_AB,1,5.0,33,AB_5,AB,EM,23.0,Male,Right handed,Normal,1
sub149_AB,1,6.0,31,AB_6,AB,BB,23.0,Male,Right handed,Normal,1
sub149_AB,0,8.0,24,AB_8,AB,BB,23.0,Male,Right handed,Normal,0
sub149_AB,0,9.0,19,AB_9,AB,EM,23.0,Male,Right handed,Normal,0
sub149_AB,1,10.0,39,AB_10,AB,BB,23.0,Male,Right handed,Normal,1
sub149_AB,1,11.0,29,AB_11,AB,EM,23.0,Male,Right handed,Normal,1
sub149_AB,1,12.0,47,AB_12,AB,EM,23.0,Male,Right handed,Normal,1
sub149_AB,0,13.0,33,AB_13,AB,BB,23.0,Male,Right handed,Normal,0
sub149_AB,1,14.0,22,AB_14,AB,BB,23.0,Male,Right handed,Normal,1
sub149_AB,0,15.0,29,AB_15,AB,BB,23.0,Male,Right handed,Normal,0
sub149_AB,1,16.0,34,AB_16,AB,EM,23.0,Male,Right handed,Normal,1
sub149_AB,0,17.0,27,AB_17,AB,BB,23.0,Male,Right handed,Normal,0
sub149_AB,1,19.0,36,AB_19,AB,BB,23.0,Male,Right handed,Normal,1
sub149_AB,0,20.0,35,AB_20,AB,EM,23.0,Male,Right handed,Normal,0
sub149_AB,1,21.0,39,AB_21,AB,BB,23.0,Male,Right handed,Normal,1
sub149_AB,1,22.0,34,AB_22,AB,EM,23.0,Male,Right handed,Normal,1
sub149_AB,1,23.0,24,AB_23,AB,EM,23.0,Male,Right handed,Normal,1
sub149_AB,1,24.0,24,AB_24,AB,BB,23.0,Male,Right handed,Normal,1
sub149_AB,0,25.0,41,AB_25,AB,BB,23.0,Male,Right handed,Normal,0
sub149_AB,1,26.0,35,AB_26,AB,EM,23.0,Male,Right handed,Normal,1
sub149_AB,1,27.0,50,AB_27,AB,BB,23.0,Male,Right handed,Normal,1
sub149_AB,1,29.0,29,AB_29,AB,BB,23.0,Male,Right handed,Normal,1
sub149_AB,1,30.0,36,AB_30,AB,EM,23.0,Male,Right handed,Normal,1
sub149_AB,1,31.0,41,AB_31,AB,EM,23.0,Male,Right handed,Normal,1
sub149_AB,1,32.0,31,AB_32,AB,EM,23.0,Male,Right handed,Normal,1
sub149_AB,1,33.0,57,AB_33,AB,BB,23.0,Male,Right handed,Normal,1
sub149_AB,1,34.0,32,AB_34,AB,BB,23.0,Male,Right handed,Normal,1
sub149_AB,1,35.0,42,AB_35,AB,EM,23.0,Male,Right handed,Normal,1
sub149_AB,1,36.0,19,AB_36,AB,BB,23.0,Male,Right handed,Normal,1
sub149_AB,1,38.0,20,AB_38,AB,EM,23.0,Male,Right handed,Normal,1
sub149_AB,0,39.0,44,AB_39,AB,BB,23.0,Male,Right handed,Normal,0
sub149_AB,1,40.0,49,AB_40,AB,EM,23.0,Male,Right handed,Normal,1
sub14_NB,1,1.0,19,NB_1,NB,EM,21.0,Female,Right handed,Normal,1
sub14_NB,1,2.0,31,NB_2,NB,BB,21.0,Female,Right handed,Normal,1
sub14_NB,0,4.0,31,NB_4,NB,EM,21.0,Female,Right handed,Normal,0
sub14_NB,0,5.0,33,NB_5,NB,EM,21.0,Female,Right handed,Normal,0
sub14_NB,1,6.0,31,NB_6,NB,BB,21.0,Female,Right handed,Normal,1
sub14_NB,0,8.0,25,NB_8,NB,BB,21.0,Female,Right handed,Normal,0
sub14_NB,1,9.0,20,NB_9,NB,EM,21.0,Female,Right handed,Normal,1
sub14_NB,1,10.0,37,NB_10,NB,BB,21.0,Female,Right handed,Normal,1
sub14_NB,1,11.0,28,NB_11,NB,EM,21.0,Female,Right handed,Normal,1
sub14_NB,1,12.0,48,NB_12,NB,EM,21.0,Female,Right handed,Normal,1
sub14_NB,1,13.0,31,NB_13,NB,BB,21.0,Female,Right handed,Normal,1
sub14_NB,1,14.0,25,NB_14,NB,BB,21.0,Female,Right handed,Normal,1
sub14_NB,1,15.0,28,NB_15,NB,BB,21.0,Female,Right handed,Normal,1
sub14_NB,0,16.0,35,NB_16,NB,EM,21.0,Female,Right handed,Normal,0
sub14_NB,1,17.0,24,NB_17,NB,BB,21.0,Female,Right handed,Normal,1
sub14_NB,0,19.0,37,NB_19,NB,BB,21.0,Female,Right handed,Normal,0
sub14_NB,1,20.0,34,NB_20,NB,EM,21.0,Female,Right handed,Normal,1
sub14_NB,1,21.0,39,NB_21,NB,BB,21.0,Female,Right handed,Normal,1
sub14_NB,1,22.0,34,NB_22,NB,EM,21.0,Female,Right handed,Normal,1
sub14_NB,1,23.0,24,NB_23,NB,EM,21.0,Female,Right handed,Normal,1
sub14_NB,1,24.0,25,NB_24,NB,BB,21.0,Female,Right handed,Normal,1
sub14_NB,1,25.0,40,NB_25,NB,BB,21.0,Female,Right handed,Normal,1
sub14_NB,0,26.0,35,NB_26,NB,EM,21.0,Female,Right handed,Normal,0
sub14_NB,1,27.0,50,NB_27,NB,BB,21.0,Female,Right handed,Normal,1
sub14_NB,1,29.0,30,NB_29,NB,BB,21.0,Female,Right handed,Normal,1
sub14_NB,1,30.0,36,NB_30,NB,EM,21.0,Female,Right handed,Normal,1
sub14_NB,1,31.0,42,NB_31,NB,EM,21.0,Female,Right handed,Normal,1
sub14_NB,1,32.0,32,NB_32,NB,EM,21.0,Female,Right handed,Normal,1
sub14_NB,1,33.0,56,NB_33,NB,BB,21.0,Female,Right handed,Normal,1
sub14_NB,1,34.0,33,NB_34,NB,BB,21.0,Female,Right handed,Normal,1
sub14_NB,1,35.0,44,NB_35,NB,EM,21.0,Female,Right handed,Normal,1
sub14_NB,1,36.0,18,NB_36,NB,BB,21.0,Female,Right handed,Normal,1
sub14_NB,0,38.0,20,NB_38,NB,EM,21.0,Female,Right handed,Normal,0
sub14_NB,1,39.0,48,NB_39,NB,BB,21.0,Female,Right handed,Normal,1
sub14_NB,1,40.0,49,NB_40,NB,EM,21.0,Female,Right handed,Normal,1
sub150_NB,1,1.0,19,NB_1,NB,EM,27.0,Male,Right handed,Normal,1
sub150_NB,1,2.0,31,NB_2,NB,BB,27.0,Male,Right handed,Normal,1
sub150_NB,1,4.0,31,NB_4,NB,EM,27.0,Male,Right handed,Normal,1
sub150_NB,1,5.0,33,NB_5,NB,EM,27.0,Male,Right handed,Normal,1
sub150_NB,1,6.0,31,NB_6,NB,BB,27.0,Male,Right handed,Normal,1
sub150_NB,0,8.0,25,NB_8,NB,BB,27.0,Male,Right handed,Normal,0
sub150_NB,1,9.0,20,NB_9,NB,EM,27.0,Male,Right handed,Normal,1
sub150_NB,1,10.0,37,NB_10,NB,BB,27.0,Male,Right handed,Normal,1
sub150_NB,1,11.0,28,NB_11,NB,EM,27.0,Male,Right handed,Normal,1
sub150_NB,1,12.0,48,NB_12,NB,EM,27.0,Male,Right handed,Normal,1
sub150_NB,1,13.0,31,NB_13,NB,BB,27.0,Male,Right handed,Normal,1
sub150_NB,1,14.0,25,NB_14,NB,BB,27.0,Male,Right handed,Normal,1
sub150_NB,1,15.0,28,NB_15,NB,BB,27.0,Male,Right handed,Normal,1
sub150_NB,0,16.0,35,NB_16,NB,EM,27.0,Male,Right handed,Normal,0
sub150_NB,1,17.0,24,NB_17,NB,BB,27.0,Male,Right handed,Normal,1
sub150_NB,0,19.0,37,NB_19,NB,BB,27.0,Male,Right handed,Normal,0
sub150_NB,1,20.0,34,NB_20,NB,EM,27.0,Male,Right handed,Normal,1
sub150_NB,1,21.0,39,NB_21,NB,BB,27.0,Male,Right handed,Normal,1
sub150_NB,1,22.0,34,NB_22,NB,EM,27.0,Male,Right handed,Normal,1
sub150_NB,1,23.0,24,NB_23,NB,EM,27.0,Male,Right handed,Normal,1
sub150_NB,0,24.0,25,NB_24,NB,BB,27.0,Male,Right handed,Normal,0
sub150_NB,1,25.0,40,NB_25,NB,BB,27.0,Male,Right handed,Normal,1
sub150_NB,1,26.0,35,NB_26,NB,EM,27.0,Male,Right handed,Normal,1
sub150_NB,1,27.0,50,NB_27,NB,BB,27.0,Male,Right handed,Normal,1
sub150_NB,1,29.0,30,NB_29,NB,BB,27.0,Male,Right handed,Normal,1
sub150_NB,1,30.0,36,NB_30,NB,EM,27.0,Male,Right handed,Normal,1
sub150_NB,1,31.0,42,NB_31,NB,EM,27.0,Male,Right handed,Normal,1
sub150_NB,1,32.0,32,NB_32,NB,EM,27.0,Male,Right handed,Normal,1
sub150_NB,1,33.0,56,NB_33,NB,BB,27.0,Male,Right handed,Normal,1
sub150_NB,0,34.0,33,NB_34,NB,BB,27.0,Male,Right handed,Normal,0
sub150_NB,1,35.0,44,NB_35,NB,EM,27.0,Male,Right handed,Normal,1
sub150_NB,1,36.0,18,NB_36,NB,BB,27.0,Male,Right handed,Normal,1
sub150_NB,1,38.0,20,NB_38,NB,EM,27.0,Male,Right handed,Normal,1
sub150_NB,0,39.0,48,NB_39,NB,BB,27.0,Male,Right handed,Normal,0
sub150_NB,1,40.0,49,NB_40,NB,EM,27.0,Male,Right handed,Normal,1
sub151_NB,1,1.0,19,NB_1,NB,EM,25.0,Male,Left Handed,Normal,1
sub151_NB,1,2.0,31,NB_2,NB,BB,25.0,Male,Left Handed,Normal,1
sub151_NB,1,4.0,31,NB_4,NB,EM,25.0,Male,Left Handed,Normal,1
sub151_NB,1,5.0,33,NB_5,NB,EM,25.0,Male,Left Handed,Normal,1
sub151_NB,1,6.0,31,NB_6,NB,BB,25.0,Male,Left Handed,Normal,1
sub151_NB,1,8.0,25,NB_8,NB,BB,25.0,Male,Left Handed,Normal,1
sub151_NB,1,9.0,20,NB_9,NB,EM,25.0,Male,Left Handed,Normal,1
sub151_NB,1,10.0,37,NB_10,NB,BB,25.0,Male,Left Handed,Normal,1
sub151_NB,1,11.0,28,NB_11,NB,EM,25.0,Male,Left Handed,Normal,1
sub151_NB,1,12.0,48,NB_12,NB,EM,25.0,Male,Left Handed,Normal,1
sub151_NB,1,13.0,31,NB_13,NB,BB,25.0,Male,Left Handed,Normal,1
sub151_NB,1,14.0,25,NB_14,NB,BB,25.0,Male,Left Handed,Normal,1
sub151_NB,1,15.0,28,NB_15,NB,BB,25.0,Male,Left Handed,Normal,1
sub151_NB,1,16.0,35,NB_16,NB,EM,25.0,Male,Left Handed,Normal,1
sub151_NB,1,17.0,24,NB_17,NB,BB,25.0,Male,Left Handed,Normal,1
sub151_NB,0,19.0,37,NB_19,NB,BB,25.0,Male,Left Handed,Normal,0
sub151_NB,1,20.0,34,NB_20,NB,EM,25.0,Male,Left Handed,Normal,1
sub151_NB,1,21.0,39,NB_21,NB,BB,25.0,Male,Left Handed,Normal,1
sub151_NB,1,22.0,34,NB_22,NB,EM,25.0,Male,Left Handed,Normal,1
sub151_NB,1,23.0,24,NB_23,NB,EM,25.0,Male,Left Handed,Normal,1
sub151_NB,1,24.0,25,NB_24,NB,BB,25.0,Male,Left Handed,Normal,1
sub151_NB,1,25.0,40,NB_25,NB,BB,25.0,Male,Left Handed,Normal,1
sub151_NB,1,26.0,35,NB_26,NB,EM,25.0,Male,Left Handed,Normal,1
sub151_NB,1,27.0,50,NB_27,NB,BB,25.0,Male,Left Handed,Normal,1
sub151_NB,0,29.0,30,NB_29,NB,BB,25.0,Male,Left Handed,Normal,0
sub151_NB,1,30.0,36,NB_30,NB,EM,25.0,Male,Left Handed,Normal,1
sub151_NB,0,31.0,42,NB_31,NB,EM,25.0,Male,Left Handed,Normal,0
sub151_NB,1,32.0,32,NB_32,NB,EM,25.0,Male,Left Handed,Normal,1
sub151_NB,1,33.0,56,NB_33,NB,BB,25.0,Male,Left Handed,Normal,1
sub151_NB,1,34.0,33,NB_34,NB,BB,25.0,Male,Left Handed,Normal,1
sub151_NB,1,35.0,44,NB_35,NB,EM,25.0,Male,Left Handed,Normal,1
sub151_NB,1,36.0,18,NB_36,NB,BB,25.0,Male,Left Handed,Normal,1
sub151_NB,0,38.0,20,NB_38,NB,EM,25.0,Male,Left Handed,Normal,0
sub151_NB,1,39.0,48,NB_39,NB,BB,25.0,Male,Left Handed,Normal,1
sub151_NB,1,40.0,49,NB_40,NB,EM,25.0,Male,Left Handed,Normal,1
sub152_NB,1,1.0,19,NB_1,NB,EM,19.0,Male,Right handed,Corrected to normal,1
sub152_NB,1,2.0,31,NB_2,NB,BB,19.0,Male,Right handed,Corrected to normal,1
sub152_NB,0,4.0,31,NB_4,NB,EM,19.0,Male,Right handed,Corrected to normal,0
sub152_NB,0,5.0,33,NB_5,NB,EM,19.0,Male,Right handed,Corrected to normal,0
sub152_NB,1,6.0,31,NB_6,NB,BB,19.0,Male,Right handed,Corrected to normal,1
sub152_NB,0,8.0,25,NB_8,NB,BB,19.0,Male,Right handed,Corrected to normal,0
sub152_NB,1,9.0,20,NB_9,NB,EM,19.0,Male,Right handed,Corrected to normal,1
sub152_NB,1,10.0,37,NB_10,NB,BB,19.0,Male,Right handed,Corrected to normal,1
sub152_NB,1,11.0,28,NB_11,NB,EM,19.0,Male,Right handed,Corrected to normal,1
sub152_NB,0,12.0,48,NB_12,NB,EM,19.0,Male,Right handed,Corrected to normal,0
sub152_NB,0,13.0,31,NB_13,NB,BB,19.0,Male,Right handed,Corrected to normal,0
sub152_NB,1,14.0,25,NB_14,NB,BB,19.0,Male,Right handed,Corrected to normal,1
sub152_NB,0,15.0,28,NB_15,NB,BB,19.0,Male,Right handed,Corrected to normal,0
sub152_NB,1,16.0,35,NB_16,NB,EM,19.0,Male,Right handed,Corrected to normal,1
sub152_NB,1,17.0,24,NB_17,NB,BB,19.0,Male,Right handed,Corrected to normal,1
sub152_NB,1,19.0,37,NB_19,NB,BB,19.0,Male,Right handed,Corrected to normal,1
sub152_NB,0,20.0,34,NB_20,NB,EM,19.0,Male,Right handed,Corrected to normal,0
sub152_NB,1,21.0,39,NB_21,NB,BB,19.0,Male,Right handed,Corrected to normal,1
sub152_NB,1,22.0,34,NB_22,NB,EM,19.0,Male,Right handed,Corrected to normal,1
sub152_NB,1,23.0,24,NB_23,NB,EM,19.0,Male,Right handed,Corrected to normal,1
sub152_NB,1,24.0,25,NB_24,NB,BB,19.0,Male,Right handed,Corrected to normal,1
sub152_NB,1,25.0,40,NB_25,NB,BB,19.0,Male,Right handed,Corrected to normal,1
sub152_NB,1,26.0,35,NB_26,NB,EM,19.0,Male,Right handed,Corrected to normal,1
sub152_NB,1,27.0,50,NB_27,NB,BB,19.0,Male,Right handed,Corrected to normal,1
sub152_NB,1,29.0,30,NB_29,NB,BB,19.0,Male,Right handed,Corrected to normal,1
sub152_NB,1,30.0,36,NB_30,NB,EM,19.0,Male,Right handed,Corrected to normal,1
sub152_NB,1,31.0,42,NB_31,NB,EM,19.0,Male,Right handed,Corrected to normal,1
sub152_NB,1,32.0,32,NB_32,NB,EM,19.0,Male,Right handed,Corrected to normal,1
sub152_NB,1,33.0,56,NB_33,NB,BB,19.0,Male,Right handed,Corrected to normal,1
sub152_NB,0,34.0,33,NB_34,NB,BB,19.0,Male,Right handed,Corrected to normal,0
sub152_NB,1,35.0,44,NB_35,NB,EM,19.0,Male,Right handed,Corrected to normal,1
sub152_NB,1,36.0,18,NB_36,NB,BB,19.0,Male,Right handed,Corrected to normal,1
sub152_NB,1,38.0,20,NB_38,NB,EM,19.0,Male,Right handed,Corrected to normal,1
sub152_NB,1,39.0,48,NB_39,NB,BB,19.0,Male,Right handed,Corrected to normal,1
sub152_NB,1,40.0,49,NB_40,NB,EM,19.0,Male,Right handed,Corrected to normal,1
sub153_NB,1,1.0,19,NB_1,NB,EM,20.0,Female,Right handed,Corrected to normal,1
sub153_NB,1,2.0,31,NB_2,NB,BB,20.0,Female,Right handed,Corrected to normal,1
sub153_NB,0,4.0,31,NB_4,NB,EM,20.0,Female,Right handed,Corrected to normal,0
sub153_NB,1,5.0,33,NB_5,NB,EM,20.0,Female,Right handed,Corrected to normal,1
sub153_NB,1,6.0,31,NB_6,NB,BB,20.0,Female,Right handed,Corrected to normal,1
sub153_NB,0,8.0,25,NB_8,NB,BB,20.0,Female,Right handed,Corrected to normal,0
sub153_NB,1,9.0,20,NB_9,NB,EM,20.0,Female,Right handed,Corrected to normal,1
sub153_NB,0,10.0,37,NB_10,NB,BB,20.0,Female,Right handed,Corrected to normal,0
sub153_NB,1,11.0,28,NB_11,NB,EM,20.0,Female,Right handed,Corrected to normal,1
sub153_NB,1,12.0,48,NB_12,NB,EM,20.0,Female,Right handed,Corrected to normal,1
sub153_NB,1,13.0,31,NB_13,NB,BB,20.0,Female,Right handed,Corrected to normal,1
sub153_NB,0,14.0,25,NB_14,NB,BB,20.0,Female,Right handed,Corrected to normal,0
sub153_NB,0,15.0,28,NB_15,NB,BB,20.0,Female,Right handed,Corrected to normal,0
sub153_NB,0,16.0,35,NB_16,NB,EM,20.0,Female,Right handed,Corrected to normal,0
sub153_NB,1,17.0,24,NB_17,NB,BB,20.0,Female,Right handed,Corrected to normal,1
sub153_NB,1,19.0,37,NB_19,NB,BB,20.0,Female,Right handed,Corrected to normal,1
sub153_NB,1,20.0,34,NB_20,NB,EM,20.0,Female,Right handed,Corrected to normal,1
sub153_NB,1,21.0,39,NB_21,NB,BB,20.0,Female,Right handed,Corrected to normal,1
sub153_NB,1,22.0,34,NB_22,NB,EM,20.0,Female,Right handed,Corrected to normal,1
sub153_NB,0,23.0,24,NB_23,NB,EM,20.0,Female,Right handed,Corrected to normal,0
sub153_NB,1,24.0,25,NB_24,NB,BB,20.0,Female,Right handed,Corrected to normal,1
sub153_NB,1,25.0,40,NB_25,NB,BB,20.0,Female,Right handed,Corrected to normal,1
sub153_NB,1,26.0,35,NB_26,NB,EM,20.0,Female,Right handed,Corrected to normal,1
sub153_NB,1,27.0,50,NB_27,NB,BB,20.0,Female,Right handed,Corrected to normal,1
sub153_NB,1,29.0,30,NB_29,NB,BB,20.0,Female,Right handed,Corrected to normal,1
sub153_NB,0,30.0,36,NB_30,NB,EM,20.0,Female,Right handed,Corrected to normal,0
sub153_NB,1,31.0,42,NB_31,NB,EM,20.0,Female,Right handed,Corrected to normal,1
sub153_NB,1,32.0,32,NB_32,NB,EM,20.0,Female,Right handed,Corrected to normal,1
sub153_NB,0,33.0,56,NB_33,NB,BB,20.0,Female,Right handed,Corrected to normal,0
sub153_NB,0,34.0,33,NB_34,NB,BB,20.0,Female,Right handed,Corrected to normal,0
sub153_NB,1,35.0,44,NB_35,NB,EM,20.0,Female,Right handed,Corrected to normal,1
sub153_NB,1,36.0,18,NB_36,NB,BB,20.0,Female,Right handed,Corrected to normal,1
sub153_NB,1,38.0,20,NB_38,NB,EM,20.0,Female,Right handed,Corrected to normal,1
sub153_NB,1,39.0,48,NB_39,NB,BB,20.0,Female,Right handed,Corrected to normal,1
sub153_NB,1,40.0,49,NB_40,NB,EM,20.0,Female,Right handed,Corrected to normal,1
sub154_NB,0,1.0,19,NB_1,NB,EM,20.0,Female,Right handed,Corrected to normal,0
sub154_NB,1,2.0,31,NB_2,NB,BB,20.0,Female,Right handed,Corrected to normal,1
sub154_NB,1,4.0,31,NB_4,NB,EM,20.0,Female,Right handed,Corrected to normal,1
sub154_NB,1,5.0,33,NB_5,NB,EM,20.0,Female,Right handed,Corrected to normal,1
sub154_NB,1,6.0,31,NB_6,NB,BB,20.0,Female,Right handed,Corrected to normal,1
sub154_NB,1,8.0,25,NB_8,NB,BB,20.0,Female,Right handed,Corrected to normal,1
sub154_NB,1,9.0,20,NB_9,NB,EM,20.0,Female,Right handed,Corrected to normal,1
sub154_NB,1,10.0,37,NB_10,NB,BB,20.0,Female,Right handed,Corrected to normal,1
sub154_NB,1,11.0,28,NB_11,NB,EM,20.0,Female,Right handed,Corrected to normal,1
sub154_NB,1,12.0,48,NB_12,NB,EM,20.0,Female,Right handed,Corrected to normal,1
sub154_NB,1,13.0,31,NB_13,NB,BB,20.0,Female,Right handed,Corrected to normal,1
sub154_NB,1,14.0,25,NB_14,NB,BB,20.0,Female,Right handed,Corrected to normal,1
sub154_NB,1,15.0,28,NB_15,NB,BB,20.0,Female,Right handed,Corrected to normal,1
sub154_NB,1,16.0,35,NB_16,NB,EM,20.0,Female,Right handed,Corrected to normal,1
sub154_NB,1,17.0,24,NB_17,NB,BB,20.0,Female,Right handed,Corrected to normal,1
sub154_NB,1,19.0,37,NB_19,NB,BB,20.0,Female,Right handed,Corrected to normal,1
sub154_NB,1,20.0,34,NB_20,NB,EM,20.0,Female,Right handed,Corrected to normal,1
sub154_NB,1,21.0,39,NB_21,NB,BB,20.0,Female,Right handed,Corrected to normal,1
sub154_NB,1,22.0,34,NB_22,NB,EM,20.0,Female,Right handed,Corrected to normal,1
sub154_NB,1,23.0,24,NB_23,NB,EM,20.0,Female,Right handed,Corrected to normal,1
sub154_NB,1,24.0,25,NB_24,NB,BB,20.0,Female,Right handed,Corrected to normal,1
sub154_NB,1,25.0,40,NB_25,NB,BB,20.0,Female,Right handed,Corrected to normal,1
sub154_NB,1,26.0,35,NB_26,NB,EM,20.0,Female,Right handed,Corrected to normal,1
sub154_NB,1,27.0,50,NB_27,NB,BB,20.0,Female,Right handed,Corrected to normal,1
sub154_NB,1,29.0,30,NB_29,NB,BB,20.0,Female,Right handed,Corrected to normal,1
sub154_NB,1,30.0,36,NB_30,NB,EM,20.0,Female,Right handed,Corrected to normal,1
sub154_NB,1,31.0,42,NB_31,NB,EM,20.0,Female,Right handed,Corrected to normal,1
sub154_NB,1,32.0,32,NB_32,NB,EM,20.0,Female,Right handed,Corrected to normal,1
sub154_NB,1,33.0,56,NB_33,NB,BB,20.0,Female,Right handed,Corrected to normal,1
sub154_NB,1,34.0,33,NB_34,NB,BB,20.0,Female,Right handed,Corrected to normal,1
sub154_NB,1,35.0,44,NB_35,NB,EM,20.0,Female,Right handed,Corrected to normal,1
sub154_NB,0,36.0,18,NB_36,NB,BB,20.0,Female,Right handed,Corrected to normal,0
sub154_NB,1,38.0,20,NB_38,NB,EM,20.0,Female,Right handed,Corrected to normal,1
sub154_NB,1,39.0,48,NB_39,NB,BB,20.0,Female,Right handed,Corrected to normal,1
sub154_NB,1,40.0,49,NB_40,NB,EM,20.0,Female,Right handed,Corrected to normal,1
sub155_NB,1,1.0,19,NB_1,NB,EM,21.0,Male,Right handed,Corrected to normal,1
sub155_NB,1,2.0,31,NB_2,NB,BB,21.0,Male,Right handed,Corrected to normal,1
sub155_NB,1,4.0,31,NB_4,NB,EM,21.0,Male,Right handed,Corrected to normal,1
sub155_NB,1,5.0,33,NB_5,NB,EM,21.0,Male,Right handed,Corrected to normal,1
sub155_NB,1,6.0,31,NB_6,NB,BB,21.0,Male,Right handed,Corrected to normal,1
sub155_NB,1,8.0,25,NB_8,NB,BB,21.0,Male,Right handed,Corrected to normal,1
sub155_NB,1,9.0,20,NB_9,NB,EM,21.0,Male,Right handed,Corrected to normal,1
sub155_NB,1,10.0,37,NB_10,NB,BB,21.0,Male,Right handed,Corrected to normal,1
sub155_NB,1,11.0,28,NB_11,NB,EM,21.0,Male,Right handed,Corrected to normal,1
sub155_NB,1,12.0,48,NB_12,NB,EM,21.0,Male,Right handed,Corrected to normal,1
sub155_NB,1,13.0,31,NB_13,NB,BB,21.0,Male,Right handed,Corrected to normal,1
sub155_NB,1,14.0,25,NB_14,NB,BB,21.0,Male,Right handed,Corrected to normal,1
sub155_NB,1,15.0,28,NB_15,NB,BB,21.0,Male,Right handed,Corrected to normal,1
sub155_NB,1,16.0,35,NB_16,NB,EM,21.0,Male,Right handed,Corrected to normal,1
sub155_NB,1,17.0,24,NB_17,NB,BB,21.0,Male,Right handed,Corrected to normal,1
sub155_NB,1,19.0,37,NB_19,NB,BB,21.0,Male,Right handed,Corrected to normal,1
sub155_NB,1,20.0,34,NB_20,NB,EM,21.0,Male,Right handed,Corrected to normal,1
sub155_NB,1,21.0,39,NB_21,NB,BB,21.0,Male,Right handed,Corrected to normal,1
sub155_NB,0,22.0,34,NB_22,NB,EM,21.0,Male,Right handed,Corrected to normal,0
sub155_NB,0,23.0,24,NB_23,NB,EM,21.0,Male,Right handed,Corrected to normal,0
sub155_NB,1,24.0,25,NB_24,NB,BB,21.0,Male,Right handed,Corrected to normal,1
sub155_NB,1,25.0,40,NB_25,NB,BB,21.0,Male,Right handed,Corrected to normal,1
sub155_NB,0,26.0,35,NB_26,NB,EM,21.0,Male,Right handed,Corrected to normal,0
sub155_NB,1,27.0,50,NB_27,NB,BB,21.0,Male,Right handed,Corrected to normal,1
sub155_NB,1,29.0,30,NB_29,NB,BB,21.0,Male,Right handed,Corrected to normal,1
sub155_NB,1,30.0,36,NB_30,NB,EM,21.0,Male,Right handed,Corrected to normal,1
sub155_NB,0,31.0,42,NB_31,NB,EM,21.0,Male,Right handed,Corrected to normal,0
sub155_NB,1,32.0,32,NB_32,NB,EM,21.0,Male,Right handed,Corrected to normal,1
sub155_NB,1,33.0,56,NB_33,NB,BB,21.0,Male,Right handed,Corrected to normal,1
sub155_NB,1,34.0,33,NB_34,NB,BB,21.0,Male,Right handed,Corrected to normal,1
sub155_NB,1,35.0,44,NB_35,NB,EM,21.0,Male,Right handed,Corrected to normal,1
sub155_NB,1,36.0,18,NB_36,NB,BB,21.0,Male,Right handed,Corrected to normal,1
sub155_NB,1,38.0,20,NB_38,NB,EM,21.0,Male,Right handed,Corrected to normal,1
sub155_NB,0,39.0,48,NB_39,NB,BB,21.0,Male,Right handed,Corrected to normal,0
sub155_NB,1,40.0,49,NB_40,NB,EM,21.0,Male,Right handed,Corrected to normal,1
sub156_NB,1,1.0,19,NB_1,NB,EM,21.0,Male,Right handed,Normal,1
sub156_NB,1,2.0,31,NB_2,NB,BB,21.0,Male,Right handed,Normal,1
sub156_NB,1,4.0,31,NB_4,NB,EM,21.0,Male,Right handed,Normal,1
sub156_NB,1,5.0,33,NB_5,NB,EM,21.0,Male,Right handed,Normal,1
sub156_NB,1,6.0,31,NB_6,NB,BB,21.0,Male,Right handed,Normal,1
sub156_NB,1,8.0,25,NB_8,NB,BB,21.0,Male,Right handed,Normal,1
sub156_NB,1,9.0,20,NB_9,NB,EM,21.0,Male,Right handed,Normal,1
sub156_NB,1,10.0,37,NB_10,NB,BB,21.0,Male,Right handed,Normal,1
sub156_NB,1,11.0,28,NB_11,NB,EM,21.0,Male,Right handed,Normal,1
sub156_NB,1,12.0,48,NB_12,NB,EM,21.0,Male,Right handed,Normal,1
sub156_NB,1,13.0,31,NB_13,NB,BB,21.0,Male,Right handed,Normal,1
sub156_NB,1,14.0,25,NB_14,NB,BB,21.0,Male,Right handed,Normal,1
sub156_NB,1,15.0,28,NB_15,NB,BB,21.0,Male,Right handed,Normal,1
sub156_NB,1,16.0,35,NB_16,NB,EM,21.0,Male,Right handed,Normal,1
sub156_NB,0,17.0,24,NB_17,NB,BB,21.0,Male,Right handed,Normal,0
sub156_NB,1,19.0,37,NB_19,NB,BB,21.0,Male,Right handed,Normal,1
sub156_NB,1,20.0,34,NB_20,NB,EM,21.0,Male,Right handed,Normal,1
sub156_NB,1,21.0,39,NB_21,NB,BB,21.0,Male,Right handed,Normal,1
sub156_NB,1,22.0,34,NB_22,NB,EM,21.0,Male,Right handed,Normal,1
sub156_NB,1,23.0,24,NB_23,NB,EM,21.0,Male,Right handed,Normal,1
sub156_NB,1,24.0,25,NB_24,NB,BB,21.0,Male,Right handed,Normal,1
sub156_NB,1,25.0,40,NB_25,NB,BB,21.0,Male,Right handed,Normal,1
sub156_NB,0,26.0,35,NB_26,NB,EM,21.0,Male,Right handed,Normal,0
sub156_NB,1,27.0,50,NB_27,NB,BB,21.0,Male,Right handed,Normal,1
sub156_NB,1,29.0,30,NB_29,NB,BB,21.0,Male,Right handed,Normal,1
sub156_NB,1,30.0,36,NB_30,NB,EM,21.0,Male,Right handed,Normal,1
sub156_NB,1,31.0,42,NB_31,NB,EM,21.0,Male,Right handed,Normal,1
sub156_NB,1,32.0,32,NB_32,NB,EM,21.0,Male,Right handed,Normal,1
sub156_NB,1,33.0,56,NB_33,NB,BB,21.0,Male,Right handed,Normal,1
sub156_NB,1,34.0,33,NB_34,NB,BB,21.0,Male,Right handed,Normal,1
sub156_NB,1,35.0,44,NB_35,NB,EM,21.0,Male,Right handed,Normal,1
sub156_NB,1,36.0,18,NB_36,NB,BB,21.0,Male,Right handed,Normal,1
sub156_NB,1,38.0,20,NB_38,NB,EM,21.0,Male,Right handed,Normal,1
sub156_NB,1,39.0,48,NB_39,NB,BB,21.0,Male,Right handed,Normal,1
sub156_NB,1,40.0,49,NB_40,NB,EM,21.0,Male,Right handed,Normal,1
sub157_AB,1,1.0,17,AB_1,AB,EM,22.0,Male,Right handed,Normal,1
sub157_AB,1,2.0,31,AB_2,AB,BB,22.0,Male,Right handed,Normal,1
sub157_AB,1,4.0,32,AB_4,AB,EM,22.0,Male,Right handed,Normal,1
sub157_AB,0,5.0,33,AB_5,AB,EM,22.0,Male,Right handed,Normal,0
sub157_AB,1,6.0,31,AB_6,AB,BB,22.0,Male,Right handed,Normal,1
sub157_AB,0,8.0,24,AB_8,AB,BB,22.0,Male,Right handed,Normal,0
sub157_AB,1,9.0,19,AB_9,AB,EM,22.0,Male,Right handed,Normal,1
sub157_AB,1,10.0,39,AB_10,AB,BB,22.0,Male,Right handed,Normal,1
sub157_AB,1,11.0,29,AB_11,AB,EM,22.0,Male,Right handed,Normal,1
sub157_AB,1,12.0,47,AB_12,AB,EM,22.0,Male,Right handed,Normal,1
sub157_AB,0,13.0,33,AB_13,AB,BB,22.0,Male,Right handed,Normal,0
sub157_AB,1,14.0,22,AB_14,AB,BB,22.0,Male,Right handed,Normal,1
sub157_AB,1,15.0,29,AB_15,AB,BB,22.0,Male,Right handed,Normal,1
sub157_AB,1,16.0,34,AB_16,AB,EM,22.0,Male,Right handed,Normal,1
sub157_AB,1,17.0,27,AB_17,AB,BB,22.0,Male,Right handed,Normal,1
sub157_AB,1,19.0,36,AB_19,AB,BB,22.0,Male,Right handed,Normal,1
sub157_AB,1,20.0,35,AB_20,AB,EM,22.0,Male,Right handed,Normal,1
sub157_AB,1,21.0,39,AB_21,AB,BB,22.0,Male,Right handed,Normal,1
sub157_AB,1,22.0,34,AB_22,AB,EM,22.0,Male,Right handed,Normal,1
sub157_AB,1,23.0,24,AB_23,AB,EM,22.0,Male,Right handed,Normal,1
sub157_AB,1,24.0,24,AB_24,AB,BB,22.0,Male,Right handed,Normal,1
sub157_AB,0,25.0,41,AB_25,AB,BB,22.0,Male,Right handed,Normal,0
sub157_AB,1,26.0,35,AB_26,AB,EM,22.0,Male,Right handed,Normal,1
sub157_AB,0,27.0,50,AB_27,AB,BB,22.0,Male,Right handed,Normal,0
sub157_AB,1,29.0,29,AB_29,AB,BB,22.0,Male,Right handed,Normal,1
sub157_AB,1,30.0,36,AB_30,AB,EM,22.0,Male,Right handed,Normal,1
sub157_AB,1,31.0,41,AB_31,AB,EM,22.0,Male,Right handed,Normal,1
sub157_AB,1,32.0,31,AB_32,AB,EM,22.0,Male,Right handed,Normal,1
sub157_AB,1,33.0,57,AB_33,AB,BB,22.0,Male,Right handed,Normal,1
sub157_AB,1,34.0,32,AB_34,AB,BB,22.0,Male,Right handed,Normal,1
sub157_AB,1,35.0,42,AB_35,AB,EM,22.0,Male,Right handed,Normal,1
sub157_AB,1,36.0,19,AB_36,AB,BB,22.0,Male,Right handed,Normal,1
sub157_AB,1,38.0,20,AB_38,AB,EM,22.0,Male,Right handed,Normal,1
sub157_AB,1,39.0,44,AB_39,AB,BB,22.0,Male,Right handed,Normal,1
sub157_AB,1,40.0,49,AB_40,AB,EM,22.0,Male,Right handed,Normal,1
sub158_NB,1,1.0,19,NB_1,NB,EM,24.0,Male,Right handed,Corrected to normal,1
sub158_NB,1,2.0,31,NB_2,NB,BB,24.0,Male,Right handed,Corrected to normal,1
sub158_NB,0,4.0,31,NB_4,NB,EM,24.0,Male,Right handed,Corrected to normal,0
sub158_NB,0,5.0,33,NB_5,NB,EM,24.0,Male,Right handed,Corrected to normal,0
sub158_NB,1,6.0,31,NB_6,NB,BB,24.0,Male,Right handed,Corrected to normal,1
sub158_NB,0,8.0,25,NB_8,NB,BB,24.0,Male,Right handed,Corrected to normal,0
sub158_NB,1,9.0,20,NB_9,NB,EM,24.0,Male,Right handed,Corrected to normal,1
sub158_NB,1,10.0,37,NB_10,NB,BB,24.0,Male,Right handed,Corrected to normal,1
sub158_NB,1,11.0,28,NB_11,NB,EM,24.0,Male,Right handed,Corrected to normal,1
sub158_NB,1,12.0,48,NB_12,NB,EM,24.0,Male,Right handed,Corrected to normal,1
sub158_NB,0,13.0,31,NB_13,NB,BB,24.0,Male,Right handed,Corrected to normal,0
sub158_NB,1,14.0,25,NB_14,NB,BB,24.0,Male,Right handed,Corrected to normal,1
sub158_NB,1,15.0,28,NB_15,NB,BB,24.0,Male,Right handed,Corrected to normal,1
sub158_NB,0,16.0,35,NB_16,NB,EM,24.0,Male,Right handed,Corrected to normal,0
sub158_NB,0,17.0,24,NB_17,NB,BB,24.0,Male,Right handed,Corrected to normal,0
sub158_NB,1,19.0,37,NB_19,NB,BB,24.0,Male,Right handed,Corrected to normal,1
sub158_NB,1,20.0,34,NB_20,NB,EM,24.0,Male,Right handed,Corrected to normal,1
sub158_NB,1,21.0,39,NB_21,NB,BB,24.0,Male,Right handed,Corrected to normal,1
sub158_NB,1,22.0,34,NB_22,NB,EM,24.0,Male,Right handed,Corrected to normal,1
sub158_NB,1,23.0,24,NB_23,NB,EM,24.0,Male,Right handed,Corrected to normal,1
sub158_NB,1,24.0,25,NB_24,NB,BB,24.0,Male,Right handed,Corrected to normal,1
sub158_NB,1,25.0,40,NB_25,NB,BB,24.0,Male,Right handed,Corrected to normal,1
sub158_NB,1,26.0,35,NB_26,NB,EM,24.0,Male,Right handed,Corrected to normal,1
sub158_NB,1,27.0,50,NB_27,NB,BB,24.0,Male,Right handed,Corrected to normal,1
sub158_NB,1,29.0,30,NB_29,NB,BB,24.0,Male,Right handed,Corrected to normal,1
sub158_NB,1,30.0,36,NB_30,NB,EM,24.0,Male,Right handed,Corrected to normal,1
sub158_NB,1,31.0,42,NB_31,NB,EM,24.0,Male,Right handed,Corrected to normal,1
sub158_NB,1,32.0,32,NB_32,NB,EM,24.0,Male,Right handed,Corrected to normal,1
sub158_NB,1,33.0,56,NB_33,NB,BB,24.0,Male,Right handed,Corrected to normal,1
sub158_NB,1,34.0,33,NB_34,NB,BB,24.0,Male,Right handed,Corrected to normal,1
sub158_NB,1,35.0,44,NB_35,NB,EM,24.0,Male,Right handed,Corrected to normal,1
sub158_NB,1,36.0,18,NB_36,NB,BB,24.0,Male,Right handed,Corrected to normal,1
sub158_NB,0,38.0,20,NB_38,NB,EM,24.0,Male,Right handed,Corrected to normal,0
sub158_NB,1,39.0,48,NB_39,NB,BB,24.0,Male,Right handed,Corrected to normal,1
sub158_NB,1,40.0,49,NB_40,NB,EM,24.0,Male,Right handed,Corrected to normal,1
sub159_NB,1,1.0,19,NB_1,NB,EM,27.0,Male,Right handed,Normal,1
sub159_NB,1,2.0,31,NB_2,NB,BB,27.0,Male,Right handed,Normal,1
sub159_NB,0,4.0,31,NB_4,NB,EM,27.0,Male,Right handed,Normal,0
sub159_NB,1,5.0,33,NB_5,NB,EM,27.0,Male,Right handed,Normal,1
sub159_NB,1,6.0,31,NB_6,NB,BB,27.0,Male,Right handed,Normal,1
sub159_NB,1,8.0,25,NB_8,NB,BB,27.0,Male,Right handed,Normal,1
sub159_NB,1,9.0,20,NB_9,NB,EM,27.0,Male,Right handed,Normal,1
sub159_NB,1,10.0,37,NB_10,NB,BB,27.0,Male,Right handed,Normal,1
sub159_NB,1,11.0,28,NB_11,NB,EM,27.0,Male,Right handed,Normal,1
sub159_NB,0,12.0,48,NB_12,NB,EM,27.0,Male,Right handed,Normal,0
sub159_NB,1,13.0,31,NB_13,NB,BB,27.0,Male,Right handed,Normal,1
sub159_NB,1,14.0,25,NB_14,NB,BB,27.0,Male,Right handed,Normal,1
sub159_NB,1,15.0,28,NB_15,NB,BB,27.0,Male,Right handed,Normal,1
sub159_NB,0,16.0,35,NB_16,NB,EM,27.0,Male,Right handed,Normal,0
sub159_NB,1,17.0,24,NB_17,NB,BB,27.0,Male,Right handed,Normal,1
sub159_NB,0,19.0,37,NB_19,NB,BB,27.0,Male,Right handed,Normal,0
sub159_NB,1,20.0,34,NB_20,NB,EM,27.0,Male,Right handed,Normal,1
sub159_NB,1,21.0,39,NB_21,NB,BB,27.0,Male,Right handed,Normal,1
sub159_NB,1,22.0,34,NB_22,NB,EM,27.0,Male,Right handed,Normal,1
sub159_NB,1,23.0,24,NB_23,NB,EM,27.0,Male,Right handed,Normal,1
sub159_NB,0,24.0,25,NB_24,NB,BB,27.0,Male,Right handed,Normal,0
sub159_NB,0,25.0,40,NB_25,NB,BB,27.0,Male,Right handed,Normal,0
sub159_NB,1,26.0,35,NB_26,NB,EM,27.0,Male,Right handed,Normal,1
sub159_NB,1,27.0,50,NB_27,NB,BB,27.0,Male,Right handed,Normal,1
sub159_NB,1,29.0,30,NB_29,NB,BB,27.0,Male,Right handed,Normal,1
sub159_NB,1,30.0,36,NB_30,NB,EM,27.0,Male,Right handed,Normal,1
sub159_NB,1,31.0,42,NB_31,NB,EM,27.0,Male,Right handed,Normal,1
sub159_NB,1,32.0,32,NB_32,NB,EM,27.0,Male,Right handed,Normal,1
sub159_NB,0,33.0,56,NB_33,NB,BB,27.0,Male,Right handed,Normal,0
sub159_NB,1,34.0,33,NB_34,NB,BB,27.0,Male,Right handed,Normal,1
sub159_NB,1,35.0,44,NB_35,NB,EM,27.0,Male,Right handed,Normal,1
sub159_NB,1,36.0,18,NB_36,NB,BB,27.0,Male,Right handed,Normal,1
sub159_NB,1,38.0,20,NB_38,NB,EM,27.0,Male,Right handed,Normal,1
sub159_NB,1,39.0,48,NB_39,NB,BB,27.0,Male,Right handed,Normal,1
sub159_NB,1,40.0,49,NB_40,NB,EM,27.0,Male,Right handed,Normal,1
sub15_NB,0,1.0,19,NB_1,NB,EM,24.0,Male,Right handed,Normal,0
sub15_NB,1,2.0,31,NB_2,NB,BB,24.0,Male,Right handed,Normal,1
sub15_NB,1,4.0,31,NB_4,NB,EM,24.0,Male,Right handed,Normal,1
sub15_NB,1,5.0,33,NB_5,NB,EM,24.0,Male,Right handed,Normal,1
sub15_NB,1,6.0,31,NB_6,NB,BB,24.0,Male,Right handed,Normal,1
sub15_NB,0,8.0,25,NB_8,NB,BB,24.0,Male,Right handed,Normal,0
sub15_NB,1,9.0,20,NB_9,NB,EM,24.0,Male,Right handed,Normal,1
sub15_NB,0,10.0,37,NB_10,NB,BB,24.0,Male,Right handed,Normal,0
sub15_NB,1,11.0,28,NB_11,NB,EM,24.0,Male,Right handed,Normal,1
sub15_NB,0,12.0,48,NB_12,NB,EM,24.0,Male,Right handed,Normal,0
sub15_NB,0,13.0,31,NB_13,NB,BB,24.0,Male,Right handed,Normal,0
sub15_NB,1,14.0,25,NB_14,NB,BB,24.0,Male,Right handed,Normal,1
sub15_NB,1,15.0,28,NB_15,NB,BB,24.0,Male,Right handed,Normal,1
sub15_NB,1,16.0,35,NB_16,NB,EM,24.0,Male,Right handed,Normal,1
sub15_NB,1,17.0,24,NB_17,NB,BB,24.0,Male,Right handed,Normal,1
sub15_NB,1,19.0,37,NB_19,NB,BB,24.0,Male,Right handed,Normal,1
sub15_NB,1,20.0,34,NB_20,NB,EM,24.0,Male,Right handed,Normal,1
sub15_NB,1,21.0,39,NB_21,NB,BB,24.0,Male,Right handed,Normal,1
sub15_NB,0,22.0,34,NB_22,NB,EM,24.0,Male,Right handed,Normal,0
sub15_NB,1,23.0,24,NB_23,NB,EM,24.0,Male,Right handed,Normal,1
sub15_NB,0,24.0,25,NB_24,NB,BB,24.0,Male,Right handed,Normal,0
sub15_NB,1,25.0,40,NB_25,NB,BB,24.0,Male,Right handed,Normal,1
sub15_NB,1,26.0,35,NB_26,NB,EM,24.0,Male,Right handed,Normal,1
sub15_NB,1,27.0,50,NB_27,NB,BB,24.0,Male,Right handed,Normal,1
sub15_NB,1,29.0,30,NB_29,NB,BB,24.0,Male,Right handed,Normal,1
sub15_NB,1,30.0,36,NB_30,NB,EM,24.0,Male,Right handed,Normal,1
sub15_NB,1,31.0,42,NB_31,NB,EM,24.0,Male,Right handed,Normal,1
sub15_NB,1,32.0,32,NB_32,NB,EM,24.0,Male,Right handed,Normal,1
sub15_NB,1,33.0,56,NB_33,NB,BB,24.0,Male,Right handed,Normal,1
sub15_NB,0,34.0,33,NB_34,NB,BB,24.0,Male,Right handed,Normal,0
sub15_NB,1,35.0,44,NB_35,NB,EM,24.0,Male,Right handed,Normal,1
sub15_NB,1,36.0,18,NB_36,NB,BB,24.0,Male,Right handed,Normal,1
sub15_NB,1,38.0,20,NB_38,NB,EM,24.0,Male,Right handed,Normal,1
sub15_NB,1,39.0,48,NB_39,NB,BB,24.0,Male,Right handed,Normal,1
sub15_NB,1,40.0,49,NB_40,NB,EM,24.0,Male,Right handed,Normal,1
sub160_NB,1,1.0,19,NB_1,NB,EM,22.0,Male,Right handed,Corrected to normal,1
sub160_NB,1,2.0,31,NB_2,NB,BB,22.0,Male,Right handed,Corrected to normal,1
sub160_NB,1,4.0,31,NB_4,NB,EM,22.0,Male,Right handed,Corrected to normal,1
sub160_NB,0,5.0,33,NB_5,NB,EM,22.0,Male,Right handed,Corrected to normal,0
sub160_NB,1,6.0,31,NB_6,NB,BB,22.0,Male,Right handed,Corrected to normal,1
sub160_NB,0,8.0,25,NB_8,NB,BB,22.0,Male,Right handed,Corrected to normal,0
sub160_NB,1,9.0,20,NB_9,NB,EM,22.0,Male,Right handed,Corrected to normal,1
sub160_NB,1,10.0,37,NB_10,NB,BB,22.0,Male,Right handed,Corrected to normal,1
sub160_NB,1,11.0,28,NB_11,NB,EM,22.0,Male,Right handed,Corrected to normal,1
sub160_NB,1,12.0,48,NB_12,NB,EM,22.0,Male,Right handed,Corrected to normal,1
sub160_NB,0,13.0,31,NB_13,NB,BB,22.0,Male,Right handed,Corrected to normal,0
sub160_NB,1,14.0,25,NB_14,NB,BB,22.0,Male,Right handed,Corrected to normal,1
sub160_NB,1,15.0,28,NB_15,NB,BB,22.0,Male,Right handed,Corrected to normal,1
sub160_NB,1,16.0,35,NB_16,NB,EM,22.0,Male,Right handed,Corrected to normal,1
sub160_NB,0,17.0,24,NB_17,NB,BB,22.0,Male,Right handed,Corrected to normal,0
sub160_NB,0,19.0,37,NB_19,NB,BB,22.0,Male,Right handed,Corrected to normal,0
sub160_NB,1,20.0,34,NB_20,NB,EM,22.0,Male,Right handed,Corrected to normal,1
sub160_NB,1,21.0,39,NB_21,NB,BB,22.0,Male,Right handed,Corrected to normal,1
sub160_NB,1,22.0,34,NB_22,NB,EM,22.0,Male,Right handed,Corrected to normal,1
sub160_NB,1,23.0,24,NB_23,NB,EM,22.0,Male,Right handed,Corrected to normal,1
sub160_NB,0,24.0,25,NB_24,NB,BB,22.0,Male,Right handed,Corrected to normal,0
sub160_NB,1,25.0,40,NB_25,NB,BB,22.0,Male,Right handed,Corrected to normal,1
sub160_NB,1,26.0,35,NB_26,NB,EM,22.0,Male,Right handed,Corrected to normal,1
sub160_NB,1,27.0,50,NB_27,NB,BB,22.0,Male,Right handed,Corrected to normal,1
sub160_NB,0,29.0,30,NB_29,NB,BB,22.0,Male,Right handed,Corrected to normal,0
sub160_NB,1,30.0,36,NB_30,NB,EM,22.0,Male,Right handed,Corrected to normal,1
sub160_NB,1,31.0,42,NB_31,NB,EM,22.0,Male,Right handed,Corrected to normal,1
sub160_NB,1,32.0,32,NB_32,NB,EM,22.0,Male,Right handed,Corrected to normal,1
sub160_NB,1,33.0,56,NB_33,NB,BB,22.0,Male,Right handed,Corrected to normal,1
sub160_NB,1,34.0,33,NB_34,NB,BB,22.0,Male,Right handed,Corrected to normal,1
sub160_NB,1,35.0,44,NB_35,NB,EM,22.0,Male,Right handed,Corrected to normal,1
sub160_NB,1,36.0,18,NB_36,NB,BB,22.0,Male,Right handed,Corrected to normal,1
sub160_NB,1,38.0,20,NB_38,NB,EM,22.0,Male,Right handed,Corrected to normal,1
sub160_NB,0,39.0,48,NB_39,NB,BB,22.0,Male,Right handed,Corrected to normal,0
sub160_NB,1,40.0,49,NB_40,NB,EM,22.0,Male,Right handed,Corrected to normal,1
sub161_NB,0,1.0,19,NB_1,NB,EM,22.0,Male,Right handed,Corrected to normal,0
sub161_NB,1,2.0,31,NB_2,NB,BB,22.0,Male,Right handed,Corrected to normal,1
sub161_NB,1,4.0,31,NB_4,NB,EM,22.0,Male,Right handed,Corrected to normal,1
sub161_NB,1,5.0,33,NB_5,NB,EM,22.0,Male,Right handed,Corrected to normal,1
sub161_NB,1,6.0,31,NB_6,NB,BB,22.0,Male,Right handed,Corrected to normal,1
sub161_NB,1,8.0,25,NB_8,NB,BB,22.0,Male,Right handed,Corrected to normal,1
sub161_NB,1,9.0,20,NB_9,NB,EM,22.0,Male,Right handed,Corrected to normal,1
sub161_NB,1,10.0,37,NB_10,NB,BB,22.0,Male,Right handed,Corrected to normal,1
sub161_NB,1,11.0,28,NB_11,NB,EM,22.0,Male,Right handed,Corrected to normal,1
sub161_NB,1,12.0,48,NB_12,NB,EM,22.0,Male,Right handed,Corrected to normal,1
sub161_NB,0,13.0,31,NB_13,NB,BB,22.0,Male,Right handed,Corrected to normal,0
sub161_NB,1,14.0,25,NB_14,NB,BB,22.0,Male,Right handed,Corrected to normal,1
sub161_NB,1,15.0,28,NB_15,NB,BB,22.0,Male,Right handed,Corrected to normal,1
sub161_NB,1,16.0,35,NB_16,NB,EM,22.0,Male,Right handed,Corrected to normal,1
sub161_NB,1,17.0,24,NB_17,NB,BB,22.0,Male,Right handed,Corrected to normal,1
sub161_NB,1,19.0,37,NB_19,NB,BB,22.0,Male,Right handed,Corrected to normal,1
sub161_NB,1,20.0,34,NB_20,NB,EM,22.0,Male,Right handed,Corrected to normal,1
sub161_NB,1,21.0,39,NB_21,NB,BB,22.0,Male,Right handed,Corrected to normal,1
sub161_NB,1,22.0,34,NB_22,NB,EM,22.0,Male,Right handed,Corrected to normal,1
sub161_NB,1,23.0,24,NB_23,NB,EM,22.0,Male,Right handed,Corrected to normal,1
sub161_NB,1,24.0,25,NB_24,NB,BB,22.0,Male,Right handed,Corrected to normal,1
sub161_NB,1,25.0,40,NB_25,NB,BB,22.0,Male,Right handed,Corrected to normal,1
sub161_NB,0,26.0,35,NB_26,NB,EM,22.0,Male,Right handed,Corrected to normal,0
sub161_NB,1,27.0,50,NB_27,NB,BB,22.0,Male,Right handed,Corrected to normal,1
sub161_NB,1,29.0,30,NB_29,NB,BB,22.0,Male,Right handed,Corrected to normal,1
sub161_NB,1,30.0,36,NB_30,NB,EM,22.0,Male,Right handed,Corrected to normal,1
sub161_NB,1,31.0,42,NB_31,NB,EM,22.0,Male,Right handed,Corrected to normal,1
sub161_NB,1,32.0,32,NB_32,NB,EM,22.0,Male,Right handed,Corrected to normal,1
sub161_NB,1,33.0,56,NB_33,NB,BB,22.0,Male,Right handed,Corrected to normal,1
sub161_NB,1,34.0,33,NB_34,NB,BB,22.0,Male,Right handed,Corrected to normal,1
sub161_NB,1,35.0,44,NB_35,NB,EM,22.0,Male,Right handed,Corrected to normal,1
sub161_NB,1,36.0,18,NB_36,NB,BB,22.0,Male,Right handed,Corrected to normal,1
sub161_NB,1,38.0,20,NB_38,NB,EM,22.0,Male,Right handed,Corrected to normal,1
sub161_NB,1,39.0,48,NB_39,NB,BB,22.0,Male,Right handed,Corrected to normal,1
sub161_NB,1,40.0,49,NB_40,NB,EM,22.0,Male,Right handed,Corrected to normal,1
sub162_NB,0,1.0,19,NB_1,NB,EM,23.0,Male,Right handed,Normal,0
sub162_NB,1,2.0,31,NB_2,NB,BB,23.0,Male,Right handed,Normal,1
sub162_NB,1,4.0,31,NB_4,NB,EM,23.0,Male,Right handed,Normal,1
sub162_NB,1,5.0,33,NB_5,NB,EM,23.0,Male,Right handed,Normal,1
sub162_NB,1,6.0,31,NB_6,NB,BB,23.0,Male,Right handed,Normal,1
sub162_NB,0,8.0,25,NB_8,NB,BB,23.0,Male,Right handed,Normal,0
sub162_NB,1,9.0,20,NB_9,NB,EM,23.0,Male,Right handed,Normal,1
sub162_NB,1,10.0,37,NB_10,NB,BB,23.0,Male,Right handed,Normal,1
sub162_NB,1,11.0,28,NB_11,NB,EM,23.0,Male,Right handed,Normal,1
sub162_NB,1,12.0,48,NB_12,NB,EM,23.0,Male,Right handed,Normal,1
sub162_NB,1,13.0,31,NB_13,NB,BB,23.0,Male,Right handed,Normal,1
sub162_NB,1,14.0,25,NB_14,NB,BB,23.0,Male,Right handed,Normal,1
sub162_NB,1,15.0,28,NB_15,NB,BB,23.0,Male,Right handed,Normal,1
sub162_NB,1,16.0,35,NB_16,NB,EM,23.0,Male,Right handed,Normal,1
sub162_NB,1,17.0,24,NB_17,NB,BB,23.0,Male,Right handed,Normal,1
sub162_NB,1,19.0,37,NB_19,NB,BB,23.0,Male,Right handed,Normal,1
sub162_NB,1,20.0,34,NB_20,NB,EM,23.0,Male,Right handed,Normal,1
sub162_NB,1,21.0,39,NB_21,NB,BB,23.0,Male,Right handed,Normal,1
sub162_NB,1,22.0,34,NB_22,NB,EM,23.0,Male,Right handed,Normal,1
sub162_NB,1,23.0,24,NB_23,NB,EM,23.0,Male,Right handed,Normal,1
sub162_NB,1,24.0,25,NB_24,NB,BB,23.0,Male,Right handed,Normal,1
sub162_NB,1,25.0,40,NB_25,NB,BB,23.0,Male,Right handed,Normal,1
sub162_NB,1,26.0,35,NB_26,NB,EM,23.0,Male,Right handed,Normal,1
sub162_NB,1,27.0,50,NB_27,NB,BB,23.0,Male,Right handed,Normal,1
sub162_NB,0,29.0,30,NB_29,NB,BB,23.0,Male,Right handed,Normal,0
sub162_NB,0,30.0,36,NB_30,NB,EM,23.0,Male,Right handed,Normal,0
sub162_NB,1,31.0,42,NB_31,NB,EM,23.0,Male,Right handed,Normal,1
sub162_NB,1,32.0,32,NB_32,NB,EM,23.0,Male,Right handed,Normal,1
sub162_NB,0,33.0,56,NB_33,NB,BB,23.0,Male,Right handed,Normal,0
sub162_NB,1,34.0,33,NB_34,NB,BB,23.0,Male,Right handed,Normal,1
sub162_NB,1,35.0,44,NB_35,NB,EM,23.0,Male,Right handed,Normal,1
sub162_NB,0,36.0,18,NB_36,NB,BB,23.0,Male,Right handed,Normal,0
sub162_NB,1,38.0,20,NB_38,NB,EM,23.0,Male,Right handed,Normal,1
sub162_NB,1,39.0,48,NB_39,NB,BB,23.0,Male,Right handed,Normal,1
sub162_NB,1,40.0,49,NB_40,NB,EM,23.0,Male,Right handed,Normal,1
sub163_NB,1,1.0,19,NB_1,NB,EM,20.0,Male,Right handed,Normal,1
sub163_NB,1,2.0,31,NB_2,NB,BB,20.0,Male,Right handed,Normal,1
sub163_NB,1,4.0,31,NB_4,NB,EM,20.0,Male,Right handed,Normal,1
sub163_NB,1,5.0,33,NB_5,NB,EM,20.0,Male,Right handed,Normal,1
sub163_NB,1,6.0,31,NB_6,NB,BB,20.0,Male,Right handed,Normal,1
sub163_NB,1,8.0,25,NB_8,NB,BB,20.0,Male,Right handed,Normal,1
sub163_NB,1,9.0,20,NB_9,NB,EM,20.0,Male,Right handed,Normal,1
sub163_NB,1,10.0,37,NB_10,NB,BB,20.0,Male,Right handed,Normal,1
sub163_NB,1,11.0,28,NB_11,NB,EM,20.0,Male,Right handed,Normal,1
sub163_NB,1,12.0,48,NB_12,NB,EM,20.0,Male,Right handed,Normal,1
sub163_NB,1,13.0,31,NB_13,NB,BB,20.0,Male,Right handed,Normal,1
sub163_NB,1,14.0,25,NB_14,NB,BB,20.0,Male,Right handed,Normal,1
sub163_NB,1,15.0,28,NB_15,NB,BB,20.0,Male,Right handed,Normal,1
sub163_NB,1,16.0,35,NB_16,NB,EM,20.0,Male,Right handed,Normal,1
sub163_NB,1,17.0,24,NB_17,NB,BB,20.0,Male,Right handed,Normal,1
sub163_NB,1,19.0,37,NB_19,NB,BB,20.0,Male,Right handed,Normal,1
sub163_NB,1,20.0,34,NB_20,NB,EM,20.0,Male,Right handed,Normal,1
sub163_NB,1,21.0,39,NB_21,NB,BB,20.0,Male,Right handed,Normal,1
sub163_NB,1,22.0,34,NB_22,NB,EM,20.0,Male,Right handed,Normal,1
sub163_NB,1,23.0,24,NB_23,NB,EM,20.0,Male,Right handed,Normal,1
sub163_NB,1,24.0,25,NB_24,NB,BB,20.0,Male,Right handed,Normal,1
sub163_NB,0,25.0,40,NB_25,NB,BB,20.0,Male,Right handed,Normal,0
sub163_NB,0,26.0,35,NB_26,NB,EM,20.0,Male,Right handed,Normal,0
sub163_NB,1,27.0,50,NB_27,NB,BB,20.0,Male,Right handed,Normal,1
sub163_NB,1,29.0,30,NB_29,NB,BB,20.0,Male,Right handed,Normal,1
sub163_NB,1,30.0,36,NB_30,NB,EM,20.0,Male,Right handed,Normal,1
sub163_NB,1,31.0,42,NB_31,NB,EM,20.0,Male,Right handed,Normal,1
sub163_NB,1,32.0,32,NB_32,NB,EM,20.0,Male,Right handed,Normal,1
sub163_NB,1,33.0,56,NB_33,NB,BB,20.0,Male,Right handed,Normal,1
sub163_NB,1,34.0,33,NB_34,NB,BB,20.0,Male,Right handed,Normal,1
sub163_NB,1,35.0,44,NB_35,NB,EM,20.0,Male,Right handed,Normal,1
sub163_NB,1,36.0,18,NB_36,NB,BB,20.0,Male,Right handed,Normal,1
sub163_NB,1,38.0,20,NB_38,NB,EM,20.0,Male,Right handed,Normal,1
sub163_NB,1,39.0,48,NB_39,NB,BB,20.0,Male,Right handed,Normal,1
sub163_NB,1,40.0,49,NB_40,NB,EM,20.0,Male,Right handed,Normal,1
sub164_NB,0,1.0,19,NB_1,NB,EM,25.0,Male,Right handed,Corrected to normal,0
sub164_NB,1,2.0,31,NB_2,NB,BB,25.0,Male,Right handed,Corrected to normal,1
sub164_NB,0,4.0,31,NB_4,NB,EM,25.0,Male,Right handed,Corrected to normal,0
sub164_NB,1,5.0,33,NB_5,NB,EM,25.0,Male,Right handed,Corrected to normal,1
sub164_NB,1,6.0,31,NB_6,NB,BB,25.0,Male,Right handed,Corrected to normal,1
sub164_NB,0,8.0,25,NB_8,NB,BB,25.0,Male,Right handed,Corrected to normal,0
sub164_NB,0,9.0,20,NB_9,NB,EM,25.0,Male,Right handed,Corrected to normal,0
sub164_NB,1,10.0,37,NB_10,NB,BB,25.0,Male,Right handed,Corrected to normal,1
sub164_NB,1,11.0,28,NB_11,NB,EM,25.0,Male,Right handed,Corrected to normal,1
sub164_NB,1,12.0,48,NB_12,NB,EM,25.0,Male,Right handed,Corrected to normal,1
sub164_NB,1,13.0,31,NB_13,NB,BB,25.0,Male,Right handed,Corrected to normal,1
sub164_NB,1,14.0,25,NB_14,NB,BB,25.0,Male,Right handed,Corrected to normal,1
sub164_NB,1,15.0,28,NB_15,NB,BB,25.0,Male,Right handed,Corrected to normal,1
sub164_NB,0,16.0,35,NB_16,NB,EM,25.0,Male,Right handed,Corrected to normal,0
sub164_NB,1,17.0,24,NB_17,NB,BB,25.0,Male,Right handed,Corrected to normal,1
sub164_NB,0,19.0,37,NB_19,NB,BB,25.0,Male,Right handed,Corrected to normal,0
sub164_NB,1,20.0,34,NB_20,NB,EM,25.0,Male,Right handed,Corrected to normal,1
sub164_NB,1,21.0,39,NB_21,NB,BB,25.0,Male,Right handed,Corrected to normal,1
sub164_NB,1,22.0,34,NB_22,NB,EM,25.0,Male,Right handed,Corrected to normal,1
sub164_NB,1,23.0,24,NB_23,NB,EM,25.0,Male,Right handed,Corrected to normal,1
sub164_NB,1,24.0,25,NB_24,NB,BB,25.0,Male,Right handed,Corrected to normal,1
sub164_NB,1,25.0,40,NB_25,NB,BB,25.0,Male,Right handed,Corrected to normal,1
sub164_NB,1,26.0,35,NB_26,NB,EM,25.0,Male,Right handed,Corrected to normal,1
sub164_NB,1,27.0,50,NB_27,NB,BB,25.0,Male,Right handed,Corrected to normal,1
sub164_NB,1,29.0,30,NB_29,NB,BB,25.0,Male,Right handed,Corrected to normal,1
sub164_NB,1,30.0,36,NB_30,NB,EM,25.0,Male,Right handed,Corrected to normal,1
sub164_NB,1,31.0,42,NB_31,NB,EM,25.0,Male,Right handed,Corrected to normal,1
sub164_NB,1,32.0,32,NB_32,NB,EM,25.0,Male,Right handed,Corrected to normal,1
sub164_NB,1,33.0,56,NB_33,NB,BB,25.0,Male,Right handed,Corrected to normal,1
sub164_NB,1,34.0,33,NB_34,NB,BB,25.0,Male,Right handed,Corrected to normal,1
sub164_NB,1,35.0,44,NB_35,NB,EM,25.0,Male,Right handed,Corrected to normal,1
sub164_NB,1,36.0,18,NB_36,NB,BB,25.0,Male,Right handed,Corrected to normal,1
sub164_NB,1,38.0,20,NB_38,NB,EM,25.0,Male,Right handed,Corrected to normal,1
sub164_NB,1,39.0,48,NB_39,NB,BB,25.0,Male,Right handed,Corrected to normal,1
sub164_NB,1,40.0,49,NB_40,NB,EM,25.0,Male,Right handed,Corrected to normal,1
sub165_NB,1,1.0,19,NB_1,NB,EM,22.0,Male,Right handed,Corrected to normal,1
sub165_NB,1,2.0,31,NB_2,NB,BB,22.0,Male,Right handed,Corrected to normal,1
sub165_NB,1,4.0,31,NB_4,NB,EM,22.0,Male,Right handed,Corrected to normal,1
sub165_NB,1,5.0,33,NB_5,NB,EM,22.0,Male,Right handed,Corrected to normal,1
sub165_NB,1,6.0,31,NB_6,NB,BB,22.0,Male,Right handed,Corrected to normal,1
sub165_NB,0,8.0,25,NB_8,NB,BB,22.0,Male,Right handed,Corrected to normal,0
sub165_NB,1,9.0,20,NB_9,NB,EM,22.0,Male,Right handed,Corrected to normal,1
sub165_NB,1,10.0,37,NB_10,NB,BB,22.0,Male,Right handed,Corrected to normal,1
sub165_NB,1,11.0,28,NB_11,NB,EM,22.0,Male,Right handed,Corrected to normal,1
sub165_NB,1,12.0,48,NB_12,NB,EM,22.0,Male,Right handed,Corrected to normal,1
sub165_NB,0,13.0,31,NB_13,NB,BB,22.0,Male,Right handed,Corrected to normal,0
sub165_NB,1,14.0,25,NB_14,NB,BB,22.0,Male,Right handed,Corrected to normal,1
sub165_NB,1,15.0,28,NB_15,NB,BB,22.0,Male,Right handed,Corrected to normal,1
sub165_NB,0,16.0,35,NB_16,NB,EM,22.0,Male,Right handed,Corrected to normal,0
sub165_NB,1,17.0,24,NB_17,NB,BB,22.0,Male,Right handed,Corrected to normal,1
sub165_NB,0,19.0,37,NB_19,NB,BB,22.0,Male,Right handed,Corrected to normal,0
sub165_NB,1,20.0,34,NB_20,NB,EM,22.0,Male,Right handed,Corrected to normal,1
sub165_NB,1,21.0,39,NB_21,NB,BB,22.0,Male,Right handed,Corrected to normal,1
sub165_NB,1,22.0,34,NB_22,NB,EM,22.0,Male,Right handed,Corrected to normal,1
sub165_NB,1,23.0,24,NB_23,NB,EM,22.0,Male,Right handed,Corrected to normal,1
sub165_NB,1,24.0,25,NB_24,NB,BB,22.0,Male,Right handed,Corrected to normal,1
sub165_NB,1,25.0,40,NB_25,NB,BB,22.0,Male,Right handed,Corrected to normal,1
sub165_NB,1,26.0,35,NB_26,NB,EM,22.0,Male,Right handed,Corrected to normal,1
sub165_NB,1,27.0,50,NB_27,NB,BB,22.0,Male,Right handed,Corrected to normal,1
sub165_NB,1,29.0,30,NB_29,NB,BB,22.0,Male,Right handed,Corrected to normal,1
sub165_NB,1,30.0,36,NB_30,NB,EM,22.0,Male,Right handed,Corrected to normal,1
sub165_NB,1,31.0,42,NB_31,NB,EM,22.0,Male,Right handed,Corrected to normal,1
sub165_NB,1,32.0,32,NB_32,NB,EM,22.0,Male,Right handed,Corrected to normal,1
sub165_NB,1,33.0,56,NB_33,NB,BB,22.0,Male,Right handed,Corrected to normal,1
sub165_NB,1,34.0,33,NB_34,NB,BB,22.0,Male,Right handed,Corrected to normal,1
sub165_NB,1,35.0,44,NB_35,NB,EM,22.0,Male,Right handed,Corrected to normal,1
sub165_NB,1,36.0,18,NB_36,NB,BB,22.0,Male,Right handed,Corrected to normal,1
sub165_NB,1,38.0,20,NB_38,NB,EM,22.0,Male,Right handed,Corrected to normal,1
sub165_NB,1,39.0,48,NB_39,NB,BB,22.0,Male,Right handed,Corrected to normal,1
sub165_NB,1,40.0,49,NB_40,NB,EM,22.0,Male,Right handed,Corrected to normal,1
sub166_NB,1,1.0,19,NB_1,NB,EM,23.0,Male,Right handed,Normal,1
sub166_NB,1,2.0,31,NB_2,NB,BB,23.0,Male,Right handed,Normal,1
sub166_NB,1,4.0,31,NB_4,NB,EM,23.0,Male,Right handed,Normal,1
sub166_NB,1,5.0,33,NB_5,NB,EM,23.0,Male,Right handed,Normal,1
sub166_NB,1,6.0,31,NB_6,NB,BB,23.0,Male,Right handed,Normal,1
sub166_NB,1,8.0,25,NB_8,NB,BB,23.0,Male,Right handed,Normal,1
sub166_NB,1,9.0,20,NB_9,NB,EM,23.0,Male,Right handed,Normal,1
sub166_NB,1,10.0,37,NB_10,NB,BB,23.0,Male,Right handed,Normal,1
sub166_NB,1,11.0,28,NB_11,NB,EM,23.0,Male,Right handed,Normal,1
sub166_NB,1,12.0,48,NB_12,NB,EM,23.0,Male,Right handed,Normal,1
sub166_NB,1,13.0,31,NB_13,NB,BB,23.0,Male,Right handed,Normal,1
sub166_NB,1,14.0,25,NB_14,NB,BB,23.0,Male,Right handed,Normal,1
sub166_NB,1,15.0,28,NB_15,NB,BB,23.0,Male,Right handed,Normal,1
sub166_NB,1,16.0,35,NB_16,NB,EM,23.0,Male,Right handed,Normal,1
sub166_NB,1,17.0,24,NB_17,NB,BB,23.0,Male,Right handed,Normal,1
sub166_NB,1,19.0,37,NB_19,NB,BB,23.0,Male,Right handed,Normal,1
sub166_NB,1,20.0,34,NB_20,NB,EM,23.0,Male,Right handed,Normal,1
sub166_NB,1,21.0,39,NB_21,NB,BB,23.0,Male,Right handed,Normal,1
sub166_NB,1,22.0,34,NB_22,NB,EM,23.0,Male,Right handed,Normal,1
sub166_NB,1,23.0,24,NB_23,NB,EM,23.0,Male,Right handed,Normal,1
sub166_NB,1,24.0,25,NB_24,NB,BB,23.0,Male,Right handed,Normal,1
sub166_NB,0,25.0,40,NB_25,NB,BB,23.0,Male,Right handed,Normal,0
sub166_NB,1,26.0,35,NB_26,NB,EM,23.0,Male,Right handed,Normal,1
sub166_NB,1,27.0,50,NB_27,NB,BB,23.0,Male,Right handed,Normal,1
sub166_NB,1,29.0,30,NB_29,NB,BB,23.0,Male,Right handed,Normal,1
sub166_NB,1,30.0,36,NB_30,NB,EM,23.0,Male,Right handed,Normal,1
sub166_NB,1,31.0,42,NB_31,NB,EM,23.0,Male,Right handed,Normal,1
sub166_NB,1,32.0,32,NB_32,NB,EM,23.0,Male,Right handed,Normal,1
sub166_NB,1,33.0,56,NB_33,NB,BB,23.0,Male,Right handed,Normal,1
sub166_NB,1,34.0,33,NB_34,NB,BB,23.0,Male,Right handed,Normal,1
sub166_NB,0,35.0,44,NB_35,NB,EM,23.0,Male,Right handed,Normal,0
sub166_NB,1,36.0,18,NB_36,NB,BB,23.0,Male,Right handed,Normal,1
sub166_NB,1,38.0,20,NB_38,NB,EM,23.0,Male,Right handed,Normal,1
sub166_NB,1,39.0,48,NB_39,NB,BB,23.0,Male,Right handed,Normal,1
sub166_NB,1,40.0,49,NB_40,NB,EM,23.0,Male,Right handed,Normal,1
sub167_NB,1,1.0,19,NB_1,NB,EM,21.0,Male,Right handed,Corrected to normal,1
sub167_NB,1,2.0,31,NB_2,NB,BB,21.0,Male,Right handed,Corrected to normal,1
sub167_NB,0,4.0,31,NB_4,NB,EM,21.0,Male,Right handed,Corrected to normal,0
sub167_NB,1,5.0,33,NB_5,NB,EM,21.0,Male,Right handed,Corrected to normal,1
sub167_NB,1,6.0,31,NB_6,NB,BB,21.0,Male,Right handed,Corrected to normal,1
sub167_NB,1,8.0,25,NB_8,NB,BB,21.0,Male,Right handed,Corrected to normal,1
sub167_NB,1,9.0,20,NB_9,NB,EM,21.0,Male,Right handed,Corrected to normal,1
sub167_NB,1,10.0,37,NB_10,NB,BB,21.0,Male,Right handed,Corrected to normal,1
sub167_NB,1,11.0,28,NB_11,NB,EM,21.0,Male,Right handed,Corrected to normal,1
sub167_NB,1,12.0,48,NB_12,NB,EM,21.0,Male,Right handed,Corrected to normal,1
sub167_NB,1,13.0,31,NB_13,NB,BB,21.0,Male,Right handed,Corrected to normal,1
sub167_NB,1,14.0,25,NB_14,NB,BB,21.0,Male,Right handed,Corrected to normal,1
sub167_NB,1,15.0,28,NB_15,NB,BB,21.0,Male,Right handed,Corrected to normal,1
sub167_NB,0,16.0,35,NB_16,NB,EM,21.0,Male,Right handed,Corrected to normal,0
sub167_NB,1,17.0,24,NB_17,NB,BB,21.0,Male,Right handed,Corrected to normal,1
sub167_NB,1,19.0,37,NB_19,NB,BB,21.0,Male,Right handed,Corrected to normal,1
sub167_NB,1,20.0,34,NB_20,NB,EM,21.0,Male,Right handed,Corrected to normal,1
sub167_NB,1,21.0,39,NB_21,NB,BB,21.0,Male,Right handed,Corrected to normal,1
sub167_NB,1,22.0,34,NB_22,NB,EM,21.0,Male,Right handed,Corrected to normal,1
sub167_NB,1,23.0,24,NB_23,NB,EM,21.0,Male,Right handed,Corrected to normal,1
sub167_NB,1,24.0,25,NB_24,NB,BB,21.0,Male,Right handed,Corrected to normal,1
sub167_NB,1,25.0,40,NB_25,NB,BB,21.0,Male,Right handed,Corrected to normal,1
sub167_NB,1,26.0,35,NB_26,NB,EM,21.0,Male,Right handed,Corrected to normal,1
sub167_NB,1,27.0,50,NB_27,NB,BB,21.0,Male,Right handed,Corrected to normal,1
sub167_NB,1,29.0,30,NB_29,NB,BB,21.0,Male,Right handed,Corrected to normal,1
sub167_NB,1,30.0,36,NB_30,NB,EM,21.0,Male,Right handed,Corrected to normal,1
sub167_NB,1,31.0,42,NB_31,NB,EM,21.0,Male,Right handed,Corrected to normal,1
sub167_NB,1,32.0,32,NB_32,NB,EM,21.0,Male,Right handed,Corrected to normal,1
sub167_NB,1,33.0,56,NB_33,NB,BB,21.0,Male,Right handed,Corrected to normal,1
sub167_NB,1,34.0,33,NB_34,NB,BB,21.0,Male,Right handed,Corrected to normal,1
sub167_NB,1,35.0,44,NB_35,NB,EM,21.0,Male,Right handed,Corrected to normal,1
sub167_NB,1,36.0,18,NB_36,NB,BB,21.0,Male,Right handed,Corrected to normal,1
sub167_NB,1,38.0,20,NB_38,NB,EM,21.0,Male,Right handed,Corrected to normal,1
sub167_NB,1,39.0,48,NB_39,NB,BB,21.0,Male,Right handed,Corrected to normal,1
sub167_NB,1,40.0,49,NB_40,NB,EM,21.0,Male,Right handed,Corrected to normal,1
sub168_NB,1,1.0,19,NB_1,NB,EM,25.0,Male,Right handed,Uncorrected vision difficulty,1
sub168_NB,1,2.0,31,NB_2,NB,BB,25.0,Male,Right handed,Uncorrected vision difficulty,1
sub168_NB,1,4.0,31,NB_4,NB,EM,25.0,Male,Right handed,Uncorrected vision difficulty,1
sub168_NB,1,5.0,33,NB_5,NB,EM,25.0,Male,Right handed,Uncorrected vision difficulty,1
sub168_NB,1,6.0,31,NB_6,NB,BB,25.0,Male,Right handed,Uncorrected vision difficulty,1
sub168_NB,0,8.0,25,NB_8,NB,BB,25.0,Male,Right handed,Uncorrected vision difficulty,0
sub168_NB,1,9.0,20,NB_9,NB,EM,25.0,Male,Right handed,Uncorrected vision difficulty,1
sub168_NB,1,10.0,37,NB_10,NB,BB,25.0,Male,Right handed,Uncorrected vision difficulty,1
sub168_NB,1,11.0,28,NB_11,NB,EM,25.0,Male,Right handed,Uncorrected vision difficulty,1
sub168_NB,1,12.0,48,NB_12,NB,EM,25.0,Male,Right handed,Uncorrected vision difficulty,1
sub168_NB,1,13.0,31,NB_13,NB,BB,25.0,Male,Right handed,Uncorrected vision difficulty,1
sub168_NB,1,14.0,25,NB_14,NB,BB,25.0,Male,Right handed,Uncorrected vision difficulty,1
sub168_NB,1,15.0,28,NB_15,NB,BB,25.0,Male,Right handed,Uncorrected vision difficulty,1
sub168_NB,1,16.0,35,NB_16,NB,EM,25.0,Male,Right handed,Uncorrected vision difficulty,1
sub168_NB,1,17.0,24,NB_17,NB,BB,25.0,Male,Right handed,Uncorrected vision difficulty,1
sub168_NB,1,19.0,37,NB_19,NB,BB,25.0,Male,Right handed,Uncorrected vision difficulty,1
sub168_NB,1,20.0,34,NB_20,NB,EM,25.0,Male,Right handed,Uncorrected vision difficulty,1
sub168_NB,1,21.0,39,NB_21,NB,BB,25.0,Male,Right handed,Uncorrected vision difficulty,1
sub168_NB,1,22.0,34,NB_22,NB,EM,25.0,Male,Right handed,Uncorrected vision difficulty,1
sub168_NB,1,23.0,24,NB_23,NB,EM,25.0,Male,Right handed,Uncorrected vision difficulty,1
sub168_NB,1,24.0,25,NB_24,NB,BB,25.0,Male,Right handed,Uncorrected vision difficulty,1
sub168_NB,1,25.0,40,NB_25,NB,BB,25.0,Male,Right handed,Uncorrected vision difficulty,1
sub168_NB,1,26.0,35,NB_26,NB,EM,25.0,Male,Right handed,Uncorrected vision difficulty,1
sub168_NB,1,27.0,50,NB_27,NB,BB,25.0,Male,Right handed,Uncorrected vision difficulty,1
sub168_NB,1,29.0,30,NB_29,NB,BB,25.0,Male,Right handed,Uncorrected vision difficulty,1
sub168_NB,1,30.0,36,NB_30,NB,EM,25.0,Male,Right handed,Uncorrected vision difficulty,1
sub168_NB,1,31.0,42,NB_31,NB,EM,25.0,Male,Right handed,Uncorrected vision difficulty,1
sub168_NB,1,32.0,32,NB_32,NB,EM,25.0,Male,Right handed,Uncorrected vision difficulty,1
sub168_NB,1,33.0,56,NB_33,NB,BB,25.0,Male,Right handed,Uncorrected vision difficulty,1
sub168_NB,1,34.0,33,NB_34,NB,BB,25.0,Male,Right handed,Uncorrected vision difficulty,1
sub168_NB,1,35.0,44,NB_35,NB,EM,25.0,Male,Right handed,Uncorrected vision difficulty,1
sub168_NB,1,36.0,18,NB_36,NB,BB,25.0,Male,Right handed,Uncorrected vision difficulty,1
sub168_NB,1,38.0,20,NB_38,NB,EM,25.0,Male,Right handed,Uncorrected vision difficulty,1
sub168_NB,1,39.0,48,NB_39,NB,BB,25.0,Male,Right handed,Uncorrected vision difficulty,1
sub168_NB,1,40.0,49,NB_40,NB,EM,25.0,Male,Right handed,Uncorrected vision difficulty,1
sub169_NB,1,1.0,19,NB_1,NB,EM,21.0,Male,Right handed,Corrected to normal,1
sub169_NB,1,2.0,31,NB_2,NB,BB,21.0,Male,Right handed,Corrected to normal,1
sub169_NB,0,4.0,31,NB_4,NB,EM,21.0,Male,Right handed,Corrected to normal,0
sub169_NB,1,5.0,33,NB_5,NB,EM,21.0,Male,Right handed,Corrected to normal,1
sub169_NB,1,6.0,31,NB_6,NB,BB,21.0,Male,Right handed,Corrected to normal,1
sub169_NB,0,8.0,25,NB_8,NB,BB,21.0,Male,Right handed,Corrected to normal,0
sub169_NB,1,9.0,20,NB_9,NB,EM,21.0,Male,Right handed,Corrected to normal,1
sub169_NB,1,10.0,37,NB_10,NB,BB,21.0,Male,Right handed,Corrected to normal,1
sub169_NB,1,11.0,28,NB_11,NB,EM,21.0,Male,Right handed,Corrected to normal,1
sub169_NB,1,12.0,48,NB_12,NB,EM,21.0,Male,Right handed,Corrected to normal,1
sub169_NB,0,13.0,31,NB_13,NB,BB,21.0,Male,Right handed,Corrected to normal,0
sub169_NB,1,14.0,25,NB_14,NB,BB,21.0,Male,Right handed,Corrected to normal,1
sub169_NB,1,15.0,28,NB_15,NB,BB,21.0,Male,Right handed,Corrected to normal,1
sub169_NB,0,16.0,35,NB_16,NB,EM,21.0,Male,Right handed,Corrected to normal,0
sub169_NB,1,17.0,24,NB_17,NB,BB,21.0,Male,Right handed,Corrected to normal,1
sub169_NB,0,19.0,37,NB_19,NB,BB,21.0,Male,Right handed,Corrected to normal,0
sub169_NB,1,20.0,34,NB_20,NB,EM,21.0,Male,Right handed,Corrected to normal,1
sub169_NB,1,21.0,39,NB_21,NB,BB,21.0,Male,Right handed,Corrected to normal,1
sub169_NB,1,22.0,34,NB_22,NB,EM,21.0,Male,Right handed,Corrected to normal,1
sub169_NB,1,23.0,24,NB_23,NB,EM,21.0,Male,Right handed,Corrected to normal,1
sub169_NB,1,24.0,25,NB_24,NB,BB,21.0,Male,Right handed,Corrected to normal,1
sub169_NB,1,25.0,40,NB_25,NB,BB,21.0,Male,Right handed,Corrected to normal,1
sub169_NB,1,26.0,35,NB_26,NB,EM,21.0,Male,Right handed,Corrected to normal,1
sub169_NB,1,27.0,50,NB_27,NB,BB,21.0,Male,Right handed,Corrected to normal,1
sub169_NB,1,29.0,30,NB_29,NB,BB,21.0,Male,Right handed,Corrected to normal,1
sub169_NB,1,30.0,36,NB_30,NB,EM,21.0,Male,Right handed,Corrected to normal,1
sub169_NB,1,31.0,42,NB_31,NB,EM,21.0,Male,Right handed,Corrected to normal,1
sub169_NB,1,32.0,32,NB_32,NB,EM,21.0,Male,Right handed,Corrected to normal,1
sub169_NB,1,33.0,56,NB_33,NB,BB,21.0,Male,Right handed,Corrected to normal,1
sub169_NB,1,34.0,33,NB_34,NB,BB,21.0,Male,Right handed,Corrected to normal,1
sub169_NB,1,35.0,44,NB_35,NB,EM,21.0,Male,Right handed,Corrected to normal,1
sub169_NB,1,36.0,18,NB_36,NB,BB,21.0,Male,Right handed,Corrected to normal,1
sub169_NB,1,38.0,20,NB_38,NB,EM,21.0,Male,Right handed,Corrected to normal,1
sub169_NB,1,39.0,48,NB_39,NB,BB,21.0,Male,Right handed,Corrected to normal,1
sub169_NB,1,40.0,49,NB_40,NB,EM,21.0,Male,Right handed,Corrected to normal,1
sub16_NB,0,1.0,19,NB_1,NB,EM,21.0,Female,Left Handed,Corrected to normal,0
sub16_NB,1,2.0,31,NB_2,NB,BB,21.0,Female,Left Handed,Corrected to normal,1
sub16_NB,0,4.0,31,NB_4,NB,EM,21.0,Female,Left Handed,Corrected to normal,0
sub16_NB,1,5.0,33,NB_5,NB,EM,21.0,Female,Left Handed,Corrected to normal,1
sub16_NB,1,6.0,31,NB_6,NB,BB,21.0,Female,Left Handed,Corrected to normal,1
sub16_NB,1,8.0,25,NB_8,NB,BB,21.0,Female,Left Handed,Corrected to normal,1
sub16_NB,1,9.0,20,NB_9,NB,EM,21.0,Female,Left Handed,Corrected to normal,1
sub16_NB,1,10.0,37,NB_10,NB,BB,21.0,Female,Left Handed,Corrected to normal,1
sub16_NB,1,11.0,28,NB_11,NB,EM,21.0,Female,Left Handed,Corrected to normal,1
sub16_NB,0,12.0,48,NB_12,NB,EM,21.0,Female,Left Handed,Corrected to normal,0
sub16_NB,1,13.0,31,NB_13,NB,BB,21.0,Female,Left Handed,Corrected to normal,1
sub16_NB,1,14.0,25,NB_14,NB,BB,21.0,Female,Left Handed,Corrected to normal,1
sub16_NB,1,15.0,28,NB_15,NB,BB,21.0,Female,Left Handed,Corrected to normal,1
sub16_NB,1,16.0,35,NB_16,NB,EM,21.0,Female,Left Handed,Corrected to normal,1
sub16_NB,0,17.0,24,NB_17,NB,BB,21.0,Female,Left Handed,Corrected to normal,0
sub16_NB,1,19.0,37,NB_19,NB,BB,21.0,Female,Left Handed,Corrected to normal,1
sub16_NB,0,20.0,34,NB_20,NB,EM,21.0,Female,Left Handed,Corrected to normal,0
sub16_NB,1,21.0,39,NB_21,NB,BB,21.0,Female,Left Handed,Corrected to normal,1
sub16_NB,1,22.0,34,NB_22,NB,EM,21.0,Female,Left Handed,Corrected to normal,1
sub16_NB,0,23.0,24,NB_23,NB,EM,21.0,Female,Left Handed,Corrected to normal,0
sub16_NB,1,24.0,25,NB_24,NB,BB,21.0,Female,Left Handed,Corrected to normal,1
sub16_NB,0,25.0,40,NB_25,NB,BB,21.0,Female,Left Handed,Corrected to normal,0
sub16_NB,0,26.0,35,NB_26,NB,EM,21.0,Female,Left Handed,Corrected to normal,0
sub16_NB,0,27.0,50,NB_27,NB,BB,21.0,Female,Left Handed,Corrected to normal,0
sub16_NB,0,29.0,30,NB_29,NB,BB,21.0,Female,Left Handed,Corrected to normal,0
sub16_NB,1,30.0,36,NB_30,NB,EM,21.0,Female,Left Handed,Corrected to normal,1
sub16_NB,1,31.0,42,NB_31,NB,EM,21.0,Female,Left Handed,Corrected to normal,1
sub16_NB,1,32.0,32,NB_32,NB,EM,21.0,Female,Left Handed,Corrected to normal,1
sub16_NB,1,33.0,56,NB_33,NB,BB,21.0,Female,Left Handed,Corrected to normal,1
sub16_NB,1,34.0,33,NB_34,NB,BB,21.0,Female,Left Handed,Corrected to normal,1
sub16_NB,1,35.0,44,NB_35,NB,EM,21.0,Female,Left Handed,Corrected to normal,1
sub16_NB,0,36.0,18,NB_36,NB,BB,21.0,Female,Left Handed,Corrected to normal,0
sub16_NB,1,38.0,20,NB_38,NB,EM,21.0,Female,Left Handed,Corrected to normal,1
sub16_NB,1,39.0,48,NB_39,NB,BB,21.0,Female,Left Handed,Corrected to normal,1
sub16_NB,1,40.0,49,NB_40,NB,EM,21.0,Female,Left Handed,Corrected to normal,1
sub170_NB,1,1.0,19,NB_1,NB,EM,22.0,Male,Left Handed,Corrected to normal,1
sub170_NB,1,2.0,31,NB_2,NB,BB,22.0,Male,Left Handed,Corrected to normal,1
sub170_NB,1,4.0,31,NB_4,NB,EM,22.0,Male,Left Handed,Corrected to normal,1
sub170_NB,0,5.0,33,NB_5,NB,EM,22.0,Male,Left Handed,Corrected to normal,0
sub170_NB,1,6.0,31,NB_6,NB,BB,22.0,Male,Left Handed,Corrected to normal,1
sub170_NB,0,8.0,25,NB_8,NB,BB,22.0,Male,Left Handed,Corrected to normal,0
sub170_NB,1,9.0,20,NB_9,NB,EM,22.0,Male,Left Handed,Corrected to normal,1
sub170_NB,1,10.0,37,NB_10,NB,BB,22.0,Male,Left Handed,Corrected to normal,1
sub170_NB,1,11.0,28,NB_11,NB,EM,22.0,Male,Left Handed,Corrected to normal,1
sub170_NB,1,12.0,48,NB_12,NB,EM,22.0,Male,Left Handed,Corrected to normal,1
sub170_NB,0,13.0,31,NB_13,NB,BB,22.0,Male,Left Handed,Corrected to normal,0
sub170_NB,1,14.0,25,NB_14,NB,BB,22.0,Male,Left Handed,Corrected to normal,1
sub170_NB,1,15.0,28,NB_15,NB,BB,22.0,Male,Left Handed,Corrected to normal,1
sub170_NB,1,16.0,35,NB_16,NB,EM,22.0,Male,Left Handed,Corrected to normal,1
sub170_NB,1,17.0,24,NB_17,NB,BB,22.0,Male,Left Handed,Corrected to normal,1
sub170_NB,1,19.0,37,NB_19,NB,BB,22.0,Male,Left Handed,Corrected to normal,1
sub170_NB,1,20.0,34,NB_20,NB,EM,22.0,Male,Left Handed,Corrected to normal,1
sub170_NB,1,21.0,39,NB_21,NB,BB,22.0,Male,Left Handed,Corrected to normal,1
sub170_NB,1,22.0,34,NB_22,NB,EM,22.0,Male,Left Handed,Corrected to normal,1
sub170_NB,1,23.0,24,NB_23,NB,EM,22.0,Male,Left Handed,Corrected to normal,1
sub170_NB,1,24.0,25,NB_24,NB,BB,22.0,Male,Left Handed,Corrected to normal,1
sub170_NB,1,25.0,40,NB_25,NB,BB,22.0,Male,Left Handed,Corrected to normal,1
sub170_NB,1,26.0,35,NB_26,NB,EM,22.0,Male,Left Handed,Corrected to normal,1
sub170_NB,1,27.0,50,NB_27,NB,BB,22.0,Male,Left Handed,Corrected to normal,1
sub170_NB,1,29.0,30,NB_29,NB,BB,22.0,Male,Left Handed,Corrected to normal,1
sub170_NB,1,30.0,36,NB_30,NB,EM,22.0,Male,Left Handed,Corrected to normal,1
sub170_NB,1,31.0,42,NB_31,NB,EM,22.0,Male,Left Handed,Corrected to normal,1
sub170_NB,1,32.0,32,NB_32,NB,EM,22.0,Male,Left Handed,Corrected to normal,1
sub170_NB,1,33.0,56,NB_33,NB,BB,22.0,Male,Left Handed,Corrected to normal,1
sub170_NB,1,34.0,33,NB_34,NB,BB,22.0,Male,Left Handed,Corrected to normal,1
sub170_NB,1,35.0,44,NB_35,NB,EM,22.0,Male,Left Handed,Corrected to normal,1
sub170_NB,1,36.0,18,NB_36,NB,BB,22.0,Male,Left Handed,Corrected to normal,1
sub170_NB,1,38.0,20,NB_38,NB,EM,22.0,Male,Left Handed,Corrected to normal,1
sub170_NB,1,39.0,48,NB_39,NB,BB,22.0,Male,Left Handed,Corrected to normal,1
sub170_NB,1,40.0,49,NB_40,NB,EM,22.0,Male,Left Handed,Corrected to normal,1
sub171_NB,1,1.0,19,NB_1,NB,EM,23.0,Male,Right handed,Normal,1
sub171_NB,1,2.0,31,NB_2,NB,BB,23.0,Male,Right handed,Normal,1
sub171_NB,1,4.0,31,NB_4,NB,EM,23.0,Male,Right handed,Normal,1
sub171_NB,1,5.0,33,NB_5,NB,EM,23.0,Male,Right handed,Normal,1
sub171_NB,1,6.0,31,NB_6,NB,BB,23.0,Male,Right handed,Normal,1
sub171_NB,0,8.0,25,NB_8,NB,BB,23.0,Male,Right handed,Normal,0
sub171_NB,0,9.0,20,NB_9,NB,EM,23.0,Male,Right handed,Normal,0
sub171_NB,1,10.0,37,NB_10,NB,BB,23.0,Male,Right handed,Normal,1
sub171_NB,1,11.0,28,NB_11,NB,EM,23.0,Male,Right handed,Normal,1
sub171_NB,0,12.0,48,NB_12,NB,EM,23.0,Male,Right handed,Normal,0
sub171_NB,0,13.0,31,NB_13,NB,BB,23.0,Male,Right handed,Normal,0
sub171_NB,1,14.0,25,NB_14,NB,BB,23.0,Male,Right handed,Normal,1
sub171_NB,1,15.0,28,NB_15,NB,BB,23.0,Male,Right handed,Normal,1
sub171_NB,1,16.0,35,NB_16,NB,EM,23.0,Male,Right handed,Normal,1
sub171_NB,0,17.0,24,NB_17,NB,BB,23.0,Male,Right handed,Normal,0
sub171_NB,0,19.0,37,NB_19,NB,BB,23.0,Male,Right handed,Normal,0
sub171_NB,1,20.0,34,NB_20,NB,EM,23.0,Male,Right handed,Normal,1
sub171_NB,1,21.0,39,NB_21,NB,BB,23.0,Male,Right handed,Normal,1
sub171_NB,0,22.0,34,NB_22,NB,EM,23.0,Male,Right handed,Normal,0
sub171_NB,1,23.0,24,NB_23,NB,EM,23.0,Male,Right handed,Normal,1
sub171_NB,1,24.0,25,NB_24,NB,BB,23.0,Male,Right handed,Normal,1
sub171_NB,0,25.0,40,NB_25,NB,BB,23.0,Male,Right handed,Normal,0
sub171_NB,1,26.0,35,NB_26,NB,EM,23.0,Male,Right handed,Normal,1
sub171_NB,1,27.0,50,NB_27,NB,BB,23.0,Male,Right handed,Normal,1
sub171_NB,1,29.0,30,NB_29,NB,BB,23.0,Male,Right handed,Normal,1
sub171_NB,1,30.0,36,NB_30,NB,EM,23.0,Male,Right handed,Normal,1
sub171_NB,1,31.0,42,NB_31,NB,EM,23.0,Male,Right handed,Normal,1
sub171_NB,1,32.0,32,NB_32,NB,EM,23.0,Male,Right handed,Normal,1
sub171_NB,1,33.0,56,NB_33,NB,BB,23.0,Male,Right handed,Normal,1
sub171_NB,1,34.0,33,NB_34,NB,BB,23.0,Male,Right handed,Normal,1
sub171_NB,1,35.0,44,NB_35,NB,EM,23.0,Male,Right handed,Normal,1
sub171_NB,0,36.0,18,NB_36,NB,BB,23.0,Male,Right handed,Normal,0
sub171_NB,1,38.0,20,NB_38,NB,EM,23.0,Male,Right handed,Normal,1
sub171_NB,1,39.0,48,NB_39,NB,BB,23.0,Male,Right handed,Normal,1
sub171_NB,1,40.0,49,NB_40,NB,EM,23.0,Male,Right handed,Normal,1
sub172_NB,1,1.0,19,NB_1,NB,EM,25.0,Male,Left Handed,Normal,1
sub172_NB,1,2.0,31,NB_2,NB,BB,25.0,Male,Left Handed,Normal,1
sub172_NB,1,4.0,31,NB_4,NB,EM,25.0,Male,Left Handed,Normal,1
sub172_NB,1,5.0,33,NB_5,NB,EM,25.0,Male,Left Handed,Normal,1
sub172_NB,1,6.0,31,NB_6,NB,BB,25.0,Male,Left Handed,Normal,1
sub172_NB,0,8.0,25,NB_8,NB,BB,25.0,Male,Left Handed,Normal,0
sub172_NB,1,9.0,20,NB_9,NB,EM,25.0,Male,Left Handed,Normal,1
sub172_NB,1,10.0,37,NB_10,NB,BB,25.0,Male,Left Handed,Normal,1
sub172_NB,1,11.0,28,NB_11,NB,EM,25.0,Male,Left Handed,Normal,1
sub172_NB,1,12.0,48,NB_12,NB,EM,25.0,Male,Left Handed,Normal,1
sub172_NB,1,13.0,31,NB_13,NB,BB,25.0,Male,Left Handed,Normal,1
sub172_NB,0,14.0,25,NB_14,NB,BB,25.0,Male,Left Handed,Normal,0
sub172_NB,1,15.0,28,NB_15,NB,BB,25.0,Male,Left Handed,Normal,1
sub172_NB,1,16.0,35,NB_16,NB,EM,25.0,Male,Left Handed,Normal,1
sub172_NB,1,17.0,24,NB_17,NB,BB,25.0,Male,Left Handed,Normal,1
sub172_NB,1,19.0,37,NB_19,NB,BB,25.0,Male,Left Handed,Normal,1
sub172_NB,1,20.0,34,NB_20,NB,EM,25.0,Male,Left Handed,Normal,1
sub172_NB,1,21.0,39,NB_21,NB,BB,25.0,Male,Left Handed,Normal,1
sub172_NB,1,22.0,34,NB_22,NB,EM,25.0,Male,Left Handed,Normal,1
sub172_NB,1,23.0,24,NB_23,NB,EM,25.0,Male,Left Handed,Normal,1
sub172_NB,1,24.0,25,NB_24,NB,BB,25.0,Male,Left Handed,Normal,1
sub172_NB,1,25.0,40,NB_25,NB,BB,25.0,Male,Left Handed,Normal,1
sub172_NB,1,26.0,35,NB_26,NB,EM,25.0,Male,Left Handed,Normal,1
sub172_NB,1,27.0,50,NB_27,NB,BB,25.0,Male,Left Handed,Normal,1
sub172_NB,1,29.0,30,NB_29,NB,BB,25.0,Male,Left Handed,Normal,1
sub172_NB,1,30.0,36,NB_30,NB,EM,25.0,Male,Left Handed,Normal,1
sub172_NB,1,31.0,42,NB_31,NB,EM,25.0,Male,Left Handed,Normal,1
sub172_NB,1,32.0,32,NB_32,NB,EM,25.0,Male,Left Handed,Normal,1
sub172_NB,0,33.0,56,NB_33,NB,BB,25.0,Male,Left Handed,Normal,0
sub172_NB,1,34.0,33,NB_34,NB,BB,25.0,Male,Left Handed,Normal,1
sub172_NB,1,35.0,44,NB_35,NB,EM,25.0,Male,Left Handed,Normal,1
sub172_NB,0,36.0,18,NB_36,NB,BB,25.0,Male,Left Handed,Normal,0
sub172_NB,1,38.0,20,NB_38,NB,EM,25.0,Male,Left Handed,Normal,1
sub172_NB,1,39.0,48,NB_39,NB,BB,25.0,Male,Left Handed,Normal,1
sub172_NB,1,40.0,49,NB_40,NB,EM,25.0,Male,Left Handed,Normal,1
sub173_NB,1,1.0,19,NB_1,NB,EM,20.0,Male,Right handed,Normal,1
sub173_NB,1,2.0,31,NB_2,NB,BB,20.0,Male,Right handed,Normal,1
sub173_NB,1,4.0,31,NB_4,NB,EM,20.0,Male,Right handed,Normal,1
sub173_NB,1,5.0,33,NB_5,NB,EM,20.0,Male,Right handed,Normal,1
sub173_NB,1,6.0,31,NB_6,NB,BB,20.0,Male,Right handed,Normal,1
sub173_NB,1,8.0,25,NB_8,NB,BB,20.0,Male,Right handed,Normal,1
sub173_NB,1,9.0,20,NB_9,NB,EM,20.0,Male,Right handed,Normal,1
sub173_NB,1,10.0,37,NB_10,NB,BB,20.0,Male,Right handed,Normal,1
sub173_NB,1,11.0,28,NB_11,NB,EM,20.0,Male,Right handed,Normal,1
sub173_NB,0,12.0,48,NB_12,NB,EM,20.0,Male,Right handed,Normal,0
sub173_NB,1,13.0,31,NB_13,NB,BB,20.0,Male,Right handed,Normal,1
sub173_NB,0,14.0,25,NB_14,NB,BB,20.0,Male,Right handed,Normal,0
sub173_NB,1,15.0,28,NB_15,NB,BB,20.0,Male,Right handed,Normal,1
sub173_NB,0,16.0,35,NB_16,NB,EM,20.0,Male,Right handed,Normal,0
sub173_NB,1,17.0,24,NB_17,NB,BB,20.0,Male,Right handed,Normal,1
sub173_NB,0,19.0,37,NB_19,NB,BB,20.0,Male,Right handed,Normal,0
sub173_NB,1,20.0,34,NB_20,NB,EM,20.0,Male,Right handed,Normal,1
sub173_NB,0,21.0,39,NB_21,NB,BB,20.0,Male,Right handed,Normal,0
sub173_NB,1,22.0,34,NB_22,NB,EM,20.0,Male,Right handed,Normal,1
sub173_NB,0,23.0,24,NB_23,NB,EM,20.0,Male,Right handed,Normal,0
sub173_NB,1,24.0,25,NB_24,NB,BB,20.0,Male,Right handed,Normal,1
sub173_NB,1,25.0,40,NB_25,NB,BB,20.0,Male,Right handed,Normal,1
sub173_NB,1,26.0,35,NB_26,NB,EM,20.0,Male,Right handed,Normal,1
sub173_NB,1,27.0,50,NB_27,NB,BB,20.0,Male,Right handed,Normal,1
sub173_NB,1,29.0,30,NB_29,NB,BB,20.0,Male,Right handed,Normal,1
sub173_NB,1,30.0,36,NB_30,NB,EM,20.0,Male,Right handed,Normal,1
sub173_NB,1,31.0,42,NB_31,NB,EM,20.0,Male,Right handed,Normal,1
sub173_NB,1,32.0,32,NB_32,NB,EM,20.0,Male,Right handed,Normal,1
sub173_NB,0,33.0,56,NB_33,NB,BB,20.0,Male,Right handed,Normal,0
sub173_NB,1,34.0,33,NB_34,NB,BB,20.0,Male,Right handed,Normal,1
sub173_NB,1,35.0,44,NB_35,NB,EM,20.0,Male,Right handed,Normal,1
sub173_NB,1,36.0,18,NB_36,NB,BB,20.0,Male,Right handed,Normal,1
sub173_NB,1,38.0,20,NB_38,NB,EM,20.0,Male,Right handed,Normal,1
sub173_NB,0,39.0,48,NB_39,NB,BB,20.0,Male,Right handed,Normal,0
sub173_NB,1,40.0,49,NB_40,NB,EM,20.0,Male,Right handed,Normal,1
sub174_NB,1,1.0,19,NB_1,NB,EM,22.0,Male,Right handed,Corrected to normal,1
sub174_NB,1,2.0,31,NB_2,NB,BB,22.0,Male,Right handed,Corrected to normal,1
sub174_NB,1,4.0,31,NB_4,NB,EM,22.0,Male,Right handed,Corrected to normal,1
sub174_NB,1,5.0,33,NB_5,NB,EM,22.0,Male,Right handed,Corrected to normal,1
sub174_NB,1,6.0,31,NB_6,NB,BB,22.0,Male,Right handed,Corrected to normal,1
sub174_NB,0,8.0,25,NB_8,NB,BB,22.0,Male,Right handed,Corrected to normal,0
sub174_NB,1,9.0,20,NB_9,NB,EM,22.0,Male,Right handed,Corrected to normal,1
sub174_NB,1,10.0,37,NB_10,NB,BB,22.0,Male,Right handed,Corrected to normal,1
sub174_NB,1,11.0,28,NB_11,NB,EM,22.0,Male,Right handed,Corrected to normal,1
sub174_NB,1,12.0,48,NB_12,NB,EM,22.0,Male,Right handed,Corrected to normal,1
sub174_NB,1,13.0,31,NB_13,NB,BB,22.0,Male,Right handed,Corrected to normal,1
sub174_NB,1,14.0,25,NB_14,NB,BB,22.0,Male,Right handed,Corrected to normal,1
sub174_NB,1,15.0,28,NB_15,NB,BB,22.0,Male,Right handed,Corrected to normal,1
sub174_NB,1,16.0,35,NB_16,NB,EM,22.0,Male,Right handed,Corrected to normal,1
sub174_NB,1,17.0,24,NB_17,NB,BB,22.0,Male,Right handed,Corrected to normal,1
sub174_NB,1,19.0,37,NB_19,NB,BB,22.0,Male,Right handed,Corrected to normal,1
sub174_NB,1,20.0,34,NB_20,NB,EM,22.0,Male,Right handed,Corrected to normal,1
sub174_NB,1,21.0,39,NB_21,NB,BB,22.0,Male,Right handed,Corrected to normal,1
sub174_NB,1,22.0,34,NB_22,NB,EM,22.0,Male,Right handed,Corrected to normal,1
sub174_NB,1,23.0,24,NB_23,NB,EM,22.0,Male,Right handed,Corrected to normal,1
sub174_NB,1,24.0,25,NB_24,NB,BB,22.0,Male,Right handed,Corrected to normal,1
sub174_NB,1,25.0,40,NB_25,NB,BB,22.0,Male,Right handed,Corrected to normal,1
sub174_NB,1,26.0,35,NB_26,NB,EM,22.0,Male,Right handed,Corrected to normal,1
sub174_NB,1,27.0,50,NB_27,NB,BB,22.0,Male,Right handed,Corrected to normal,1
sub174_NB,1,29.0,30,NB_29,NB,BB,22.0,Male,Right handed,Corrected to normal,1
sub174_NB,1,30.0,36,NB_30,NB,EM,22.0,Male,Right handed,Corrected to normal,1
sub174_NB,1,31.0,42,NB_31,NB,EM,22.0,Male,Right handed,Corrected to normal,1
sub174_NB,1,32.0,32,NB_32,NB,EM,22.0,Male,Right handed,Corrected to normal,1
sub174_NB,1,33.0,56,NB_33,NB,BB,22.0,Male,Right handed,Corrected to normal,1
sub174_NB,1,34.0,33,NB_34,NB,BB,22.0,Male,Right handed,Corrected to normal,1
sub174_NB,1,35.0,44,NB_35,NB,EM,22.0,Male,Right handed,Corrected to normal,1
sub174_NB,1,36.0,18,NB_36,NB,BB,22.0,Male,Right handed,Corrected to normal,1
sub174_NB,1,38.0,20,NB_38,NB,EM,22.0,Male,Right handed,Corrected to normal,1
sub174_NB,1,39.0,48,NB_39,NB,BB,22.0,Male,Right handed,Corrected to normal,1
sub174_NB,1,40.0,49,NB_40,NB,EM,22.0,Male,Right handed,Corrected to normal,1
sub175_NB,0,1.0,19,NB_1,NB,EM,22.0,Male,Right handed,Corrected to normal,0
sub175_NB,1,2.0,31,NB_2,NB,BB,22.0,Male,Right handed,Corrected to normal,1
sub175_NB,0,4.0,31,NB_4,NB,EM,22.0,Male,Right handed,Corrected to normal,0
sub175_NB,1,5.0,33,NB_5,NB,EM,22.0,Male,Right handed,Corrected to normal,1
sub175_NB,1,6.0,31,NB_6,NB,BB,22.0,Male,Right handed,Corrected to normal,1
sub175_NB,1,8.0,25,NB_8,NB,BB,22.0,Male,Right handed,Corrected to normal,1
sub175_NB,1,9.0,20,NB_9,NB,EM,22.0,Male,Right handed,Corrected to normal,1
sub175_NB,1,10.0,37,NB_10,NB,BB,22.0,Male,Right handed,Corrected to normal,1
sub175_NB,1,11.0,28,NB_11,NB,EM,22.0,Male,Right handed,Corrected to normal,1
sub175_NB,1,12.0,48,NB_12,NB,EM,22.0,Male,Right handed,Corrected to normal,1
sub175_NB,1,13.0,31,NB_13,NB,BB,22.0,Male,Right handed,Corrected to normal,1
sub175_NB,1,14.0,25,NB_14,NB,BB,22.0,Male,Right handed,Corrected to normal,1
sub175_NB,1,15.0,28,NB_15,NB,BB,22.0,Male,Right handed,Corrected to normal,1
sub175_NB,1,16.0,35,NB_16,NB,EM,22.0,Male,Right handed,Corrected to normal,1
sub175_NB,1,17.0,24,NB_17,NB,BB,22.0,Male,Right handed,Corrected to normal,1
sub175_NB,1,19.0,37,NB_19,NB,BB,22.0,Male,Right handed,Corrected to normal,1
sub175_NB,1,20.0,34,NB_20,NB,EM,22.0,Male,Right handed,Corrected to normal,1
sub175_NB,1,21.0,39,NB_21,NB,BB,22.0,Male,Right handed,Corrected to normal,1
sub175_NB,1,22.0,34,NB_22,NB,EM,22.0,Male,Right handed,Corrected to normal,1
sub175_NB,1,23.0,24,NB_23,NB,EM,22.0,Male,Right handed,Corrected to normal,1
sub175_NB,1,24.0,25,NB_24,NB,BB,22.0,Male,Right handed,Corrected to normal,1
sub175_NB,1,25.0,40,NB_25,NB,BB,22.0,Male,Right handed,Corrected to normal,1
sub175_NB,1,26.0,35,NB_26,NB,EM,22.0,Male,Right handed,Corrected to normal,1
sub175_NB,1,27.0,50,NB_27,NB,BB,22.0,Male,Right handed,Corrected to normal,1
sub175_NB,1,29.0,30,NB_29,NB,BB,22.0,Male,Right handed,Corrected to normal,1
sub175_NB,1,30.0,36,NB_30,NB,EM,22.0,Male,Right handed,Corrected to normal,1
sub175_NB,0,31.0,42,NB_31,NB,EM,22.0,Male,Right handed,Corrected to normal,0
sub175_NB,1,32.0,32,NB_32,NB,EM,22.0,Male,Right handed,Corrected to normal,1
sub175_NB,1,33.0,56,NB_33,NB,BB,22.0,Male,Right handed,Corrected to normal,1
sub175_NB,1,34.0,33,NB_34,NB,BB,22.0,Male,Right handed,Corrected to normal,1
sub175_NB,1,35.0,44,NB_35,NB,EM,22.0,Male,Right handed,Corrected to normal,1
sub175_NB,1,36.0,18,NB_36,NB,BB,22.0,Male,Right handed,Corrected to normal,1
sub175_NB,1,38.0,20,NB_38,NB,EM,22.0,Male,Right handed,Corrected to normal,1
sub175_NB,0,39.0,48,NB_39,NB,BB,22.0,Male,Right handed,Corrected to normal,0
sub175_NB,1,40.0,49,NB_40,NB,EM,22.0,Male,Right handed,Corrected to normal,1
sub176_NB,1,1.0,19,NB_1,NB,EM,22.0,Male,Right handed,Corrected to normal,1
sub176_NB,1,2.0,31,NB_2,NB,BB,22.0,Male,Right handed,Corrected to normal,1
sub176_NB,0,4.0,31,NB_4,NB,EM,22.0,Male,Right handed,Corrected to normal,0
sub176_NB,1,5.0,33,NB_5,NB,EM,22.0,Male,Right handed,Corrected to normal,1
sub176_NB,1,6.0,31,NB_6,NB,BB,22.0,Male,Right handed,Corrected to normal,1
sub176_NB,0,8.0,25,NB_8,NB,BB,22.0,Male,Right handed,Corrected to normal,0
sub176_NB,1,9.0,20,NB_9,NB,EM,22.0,Male,Right handed,Corrected to normal,1
sub176_NB,1,10.0,37,NB_10,NB,BB,22.0,Male,Right handed,Corrected to normal,1
sub176_NB,1,11.0,28,NB_11,NB,EM,22.0,Male,Right handed,Corrected to normal,1
sub176_NB,1,12.0,48,NB_12,NB,EM,22.0,Male,Right handed,Corrected to normal,1
sub176_NB,1,13.0,31,NB_13,NB,BB,22.0,Male,Right handed,Corrected to normal,1
sub176_NB,1,14.0,25,NB_14,NB,BB,22.0,Male,Right handed,Corrected to normal,1
sub176_NB,1,15.0,28,NB_15,NB,BB,22.0,Male,Right handed,Corrected to normal,1
sub176_NB,1,16.0,35,NB_16,NB,EM,22.0,Male,Right handed,Corrected to normal,1
sub176_NB,1,17.0,24,NB_17,NB,BB,22.0,Male,Right handed,Corrected to normal,1
sub176_NB,0,19.0,37,NB_19,NB,BB,22.0,Male,Right handed,Corrected to normal,0
sub176_NB,0,20.0,34,NB_20,NB,EM,22.0,Male,Right handed,Corrected to normal,0
sub176_NB,0,21.0,39,NB_21,NB,BB,22.0,Male,Right handed,Corrected to normal,0
sub176_NB,0,22.0,34,NB_22,NB,EM,22.0,Male,Right handed,Corrected to normal,0
sub176_NB,0,23.0,24,NB_23,NB,EM,22.0,Male,Right handed,Corrected to normal,0
sub176_NB,0,24.0,25,NB_24,NB,BB,22.0,Male,Right handed,Corrected to normal,0
sub176_NB,0,25.0,40,NB_25,NB,BB,22.0,Male,Right handed,Corrected to normal,0
sub176_NB,1,26.0,35,NB_26,NB,EM,22.0,Male,Right handed,Corrected to normal,1
sub176_NB,1,27.0,50,NB_27,NB,BB,22.0,Male,Right handed,Corrected to normal,1
sub176_NB,1,29.0,30,NB_29,NB,BB,22.0,Male,Right handed,Corrected to normal,1
sub176_NB,0,30.0,36,NB_30,NB,EM,22.0,Male,Right handed,Corrected to normal,0
sub176_NB,1,31.0,42,NB_31,NB,EM,22.0,Male,Right handed,Corrected to normal,1
sub176_NB,1,32.0,32,NB_32,NB,EM,22.0,Male,Right handed,Corrected to normal,1
sub176_NB,0,33.0,56,NB_33,NB,BB,22.0,Male,Right handed,Corrected to normal,0
sub176_NB,0,34.0,33,NB_34,NB,BB,22.0,Male,Right handed,Corrected to normal,0
sub176_NB,1,35.0,44,NB_35,NB,EM,22.0,Male,Right handed,Corrected to normal,1
sub176_NB,0,36.0,18,NB_36,NB,BB,22.0,Male,Right handed,Corrected to normal,0
sub176_NB,1,38.0,20,NB_38,NB,EM,22.0,Male,Right handed,Corrected to normal,1
sub176_NB,1,39.0,48,NB_39,NB,BB,22.0,Male,Right handed,Corrected to normal,1
sub176_NB,1,40.0,49,NB_40,NB,EM,22.0,Male,Right handed,Corrected to normal,1
sub177_NB,1,1.0,19,NB_1,NB,EM,26.0,Male,Right handed,Normal,1
sub177_NB,1,2.0,31,NB_2,NB,BB,26.0,Male,Right handed,Normal,1
sub177_NB,1,4.0,31,NB_4,NB,EM,26.0,Male,Right handed,Normal,1
sub177_NB,1,5.0,33,NB_5,NB,EM,26.0,Male,Right handed,Normal,1
sub177_NB,1,6.0,31,NB_6,NB,BB,26.0,Male,Right handed,Normal,1
sub177_NB,1,8.0,25,NB_8,NB,BB,26.0,Male,Right handed,Normal,1
sub177_NB,1,9.0,20,NB_9,NB,EM,26.0,Male,Right handed,Normal,1
sub177_NB,1,10.0,37,NB_10,NB,BB,26.0,Male,Right handed,Normal,1
sub177_NB,1,11.0,28,NB_11,NB,EM,26.0,Male,Right handed,Normal,1
sub177_NB,1,12.0,48,NB_12,NB,EM,26.0,Male,Right handed,Normal,1
sub177_NB,1,13.0,31,NB_13,NB,BB,26.0,Male,Right handed,Normal,1
sub177_NB,1,14.0,25,NB_14,NB,BB,26.0,Male,Right handed,Normal,1
sub177_NB,1,15.0,28,NB_15,NB,BB,26.0,Male,Right handed,Normal,1
sub177_NB,0,16.0,35,NB_16,NB,EM,26.0,Male,Right handed,Normal,0
sub177_NB,1,17.0,24,NB_17,NB,BB,26.0,Male,Right handed,Normal,1
sub177_NB,1,19.0,37,NB_19,NB,BB,26.0,Male,Right handed,Normal,1
sub177_NB,1,20.0,34,NB_20,NB,EM,26.0,Male,Right handed,Normal,1
sub177_NB,1,21.0,39,NB_21,NB,BB,26.0,Male,Right handed,Normal,1
sub177_NB,1,22.0,34,NB_22,NB,EM,26.0,Male,Right handed,Normal,1
sub177_NB,1,23.0,24,NB_23,NB,EM,26.0,Male,Right handed,Normal,1
sub177_NB,1,24.0,25,NB_24,NB,BB,26.0,Male,Right handed,Normal,1
sub177_NB,1,25.0,40,NB_25,NB,BB,26.0,Male,Right handed,Normal,1
sub177_NB,1,26.0,35,NB_26,NB,EM,26.0,Male,Right handed,Normal,1
sub177_NB,1,27.0,50,NB_27,NB,BB,26.0,Male,Right handed,Normal,1
sub177_NB,1,29.0,30,NB_29,NB,BB,26.0,Male,Right handed,Normal,1
sub177_NB,1,30.0,36,NB_30,NB,EM,26.0,Male,Right handed,Normal,1
sub177_NB,1,31.0,42,NB_31,NB,EM,26.0,Male,Right handed,Normal,1
sub177_NB,1,32.0,32,NB_32,NB,EM,26.0,Male,Right handed,Normal,1
sub177_NB,1,33.0,56,NB_33,NB,BB,26.0,Male,Right handed,Normal,1
sub177_NB,1,34.0,33,NB_34,NB,BB,26.0,Male,Right handed,Normal,1
sub177_NB,1,35.0,44,NB_35,NB,EM,26.0,Male,Right handed,Normal,1
sub177_NB,1,36.0,18,NB_36,NB,BB,26.0,Male,Right handed,Normal,1
sub177_NB,1,38.0,20,NB_38,NB,EM,26.0,Male,Right handed,Normal,1
sub177_NB,0,39.0,48,NB_39,NB,BB,26.0,Male,Right handed,Normal,0
sub177_NB,1,40.0,49,NB_40,NB,EM,26.0,Male,Right handed,Normal,1
sub178_NB,1,1.0,19,NB_1,NB,EM,22.0,Male,Right handed,Corrected to normal,1
sub178_NB,1,2.0,31,NB_2,NB,BB,22.0,Male,Right handed,Corrected to normal,1
sub178_NB,0,4.0,31,NB_4,NB,EM,22.0,Male,Right handed,Corrected to normal,0
sub178_NB,1,5.0,33,NB_5,NB,EM,22.0,Male,Right handed,Corrected to normal,1
sub178_NB,1,6.0,31,NB_6,NB,BB,22.0,Male,Right handed,Corrected to normal,1
sub178_NB,1,8.0,25,NB_8,NB,BB,22.0,Male,Right handed,Corrected to normal,1
sub178_NB,1,9.0,20,NB_9,NB,EM,22.0,Male,Right handed,Corrected to normal,1
sub178_NB,1,10.0,37,NB_10,NB,BB,22.0,Male,Right handed,Corrected to normal,1
sub178_NB,1,11.0,28,NB_11,NB,EM,22.0,Male,Right handed,Corrected to normal,1
sub178_NB,1,12.0,48,NB_12,NB,EM,22.0,Male,Right handed,Corrected to normal,1
sub178_NB,0,13.0,31,NB_13,NB,BB,22.0,Male,Right handed,Corrected to normal,0
sub178_NB,1,14.0,25,NB_14,NB,BB,22.0,Male,Right handed,Corrected to normal,1
sub178_NB,1,15.0,28,NB_15,NB,BB,22.0,Male,Right handed,Corrected to normal,1
sub178_NB,1,16.0,35,NB_16,NB,EM,22.0,Male,Right handed,Corrected to normal,1
sub178_NB,1,17.0,24,NB_17,NB,BB,22.0,Male,Right handed,Corrected to normal,1
sub178_NB,0,19.0,37,NB_19,NB,BB,22.0,Male,Right handed,Corrected to normal,0
sub178_NB,1,20.0,34,NB_20,NB,EM,22.0,Male,Right handed,Corrected to normal,1
sub178_NB,1,21.0,39,NB_21,NB,BB,22.0,Male,Right handed,Corrected to normal,1
sub178_NB,1,22.0,34,NB_22,NB,EM,22.0,Male,Right handed,Corrected to normal,1
sub178_NB,1,23.0,24,NB_23,NB,EM,22.0,Male,Right handed,Corrected to normal,1
sub178_NB,1,24.0,25,NB_24,NB,BB,22.0,Male,Right handed,Corrected to normal,1
sub178_NB,1,25.0,40,NB_25,NB,BB,22.0,Male,Right handed,Corrected to normal,1
sub178_NB,0,26.0,35,NB_26,NB,EM,22.0,Male,Right handed,Corrected to normal,0
sub178_NB,1,27.0,50,NB_27,NB,BB,22.0,Male,Right handed,Corrected to normal,1
sub178_NB,1,29.0,30,NB_29,NB,BB,22.0,Male,Right handed,Corrected to normal,1
sub178_NB,1,30.0,36,NB_30,NB,EM,22.0,Male,Right handed,Corrected to normal,1
sub178_NB,1,31.0,42,NB_31,NB,EM,22.0,Male,Right handed,Corrected to normal,1
sub178_NB,1,32.0,32,NB_32,NB,EM,22.0,Male,Right handed,Corrected to normal,1
sub178_NB,1,33.0,56,NB_33,NB,BB,22.0,Male,Right handed,Corrected to normal,1
sub178_NB,1,34.0,33,NB_34,NB,BB,22.0,Male,Right handed,Corrected to normal,1
sub178_NB,1,35.0,44,NB_35,NB,EM,22.0,Male,Right handed,Corrected to normal,1
sub178_NB,0,36.0,18,NB_36,NB,BB,22.0,Male,Right handed,Corrected to normal,0
sub178_NB,1,38.0,20,NB_38,NB,EM,22.0,Male,Right handed,Corrected to normal,1
sub178_NB,0,39.0,48,NB_39,NB,BB,22.0,Male,Right handed,Corrected to normal,0
sub178_NB,1,40.0,49,NB_40,NB,EM,22.0,Male,Right handed,Corrected to normal,1
sub179_NB,1,1.0,19,NB_1,NB,EM,23.0,Female,Right handed,Corrected to normal,1
sub179_NB,1,2.0,31,NB_2,NB,BB,23.0,Female,Right handed,Corrected to normal,1
sub179_NB,0,4.0,31,NB_4,NB,EM,23.0,Female,Right handed,Corrected to normal,0
sub179_NB,1,5.0,33,NB_5,NB,EM,23.0,Female,Right handed,Corrected to normal,1
sub179_NB,1,6.0,31,NB_6,NB,BB,23.0,Female,Right handed,Corrected to normal,1
sub179_NB,1,8.0,25,NB_8,NB,BB,23.0,Female,Right handed,Corrected to normal,1
sub179_NB,1,9.0,20,NB_9,NB,EM,23.0,Female,Right handed,Corrected to normal,1
sub179_NB,1,10.0,37,NB_10,NB,BB,23.0,Female,Right handed,Corrected to normal,1
sub179_NB,1,11.0,28,NB_11,NB,EM,23.0,Female,Right handed,Corrected to normal,1
sub179_NB,1,12.0,48,NB_12,NB,EM,23.0,Female,Right handed,Corrected to normal,1
sub179_NB,0,13.0,31,NB_13,NB,BB,23.0,Female,Right handed,Corrected to normal,0
sub179_NB,1,14.0,25,NB_14,NB,BB,23.0,Female,Right handed,Corrected to normal,1
sub179_NB,1,15.0,28,NB_15,NB,BB,23.0,Female,Right handed,Corrected to normal,1
sub179_NB,1,16.0,35,NB_16,NB,EM,23.0,Female,Right handed,Corrected to normal,1
sub179_NB,1,17.0,24,NB_17,NB,BB,23.0,Female,Right handed,Corrected to normal,1
sub179_NB,1,19.0,37,NB_19,NB,BB,23.0,Female,Right handed,Corrected to normal,1
sub179_NB,1,20.0,34,NB_20,NB,EM,23.0,Female,Right handed,Corrected to normal,1
sub179_NB,1,21.0,39,NB_21,NB,BB,23.0,Female,Right handed,Corrected to normal,1
sub179_NB,1,22.0,34,NB_22,NB,EM,23.0,Female,Right handed,Corrected to normal,1
sub179_NB,1,23.0,24,NB_23,NB,EM,23.0,Female,Right handed,Corrected to normal,1
sub179_NB,1,24.0,25,NB_24,NB,BB,23.0,Female,Right handed,Corrected to normal,1
sub179_NB,1,25.0,40,NB_25,NB,BB,23.0,Female,Right handed,Corrected to normal,1
sub179_NB,1,26.0,35,NB_26,NB,EM,23.0,Female,Right handed,Corrected to normal,1
sub179_NB,1,27.0,50,NB_27,NB,BB,23.0,Female,Right handed,Corrected to normal,1
sub179_NB,0,29.0,30,NB_29,NB,BB,23.0,Female,Right handed,Corrected to normal,0
sub179_NB,1,30.0,36,NB_30,NB,EM,23.0,Female,Right handed,Corrected to normal,1
sub179_NB,1,31.0,42,NB_31,NB,EM,23.0,Female,Right handed,Corrected to normal,1
sub179_NB,1,32.0,32,NB_32,NB,EM,23.0,Female,Right handed,Corrected to normal,1
sub179_NB,1,33.0,56,NB_33,NB,BB,23.0,Female,Right handed,Corrected to normal,1
sub179_NB,1,34.0,33,NB_34,NB,BB,23.0,Female,Right handed,Corrected to normal,1
sub179_NB,1,35.0,44,NB_35,NB,EM,23.0,Female,Right handed,Corrected to normal,1
sub179_NB,1,36.0,18,NB_36,NB,BB,23.0,Female,Right handed,Corrected to normal,1
sub179_NB,0,38.0,20,NB_38,NB,EM,23.0,Female,Right handed,Corrected to normal,0
sub179_NB,0,39.0,48,NB_39,NB,BB,23.0,Female,Right handed,Corrected to normal,0
sub179_NB,1,40.0,49,NB_40,NB,EM,23.0,Female,Right handed,Corrected to normal,1
sub17_NB,1,1.0,19,NB_1,NB,EM,22.0,Male,Right handed,Corrected to normal,1
sub17_NB,1,2.0,31,NB_2,NB,BB,22.0,Male,Right handed,Corrected to normal,1
sub17_NB,1,4.0,31,NB_4,NB,EM,22.0,Male,Right handed,Corrected to normal,1
sub17_NB,1,5.0,33,NB_5,NB,EM,22.0,Male,Right handed,Corrected to normal,1
sub17_NB,1,6.0,31,NB_6,NB,BB,22.0,Male,Right handed,Corrected to normal,1
sub17_NB,1,8.0,25,NB_8,NB,BB,22.0,Male,Right handed,Corrected to normal,1
sub17_NB,1,9.0,20,NB_9,NB,EM,22.0,Male,Right handed,Corrected to normal,1
sub17_NB,1,10.0,37,NB_10,NB,BB,22.0,Male,Right handed,Corrected to normal,1
sub17_NB,1,11.0,28,NB_11,NB,EM,22.0,Male,Right handed,Corrected to normal,1
sub17_NB,1,12.0,48,NB_12,NB,EM,22.0,Male,Right handed,Corrected to normal,1
sub17_NB,0,13.0,31,NB_13,NB,BB,22.0,Male,Right handed,Corrected to normal,0
sub17_NB,1,14.0,25,NB_14,NB,BB,22.0,Male,Right handed,Corrected to normal,1
sub17_NB,1,15.0,28,NB_15,NB,BB,22.0,Male,Right handed,Corrected to normal,1
sub17_NB,1,16.0,35,NB_16,NB,EM,22.0,Male,Right handed,Corrected to normal,1
sub17_NB,1,17.0,24,NB_17,NB,BB,22.0,Male,Right handed,Corrected to normal,1
sub17_NB,1,19.0,37,NB_19,NB,BB,22.0,Male,Right handed,Corrected to normal,1
sub17_NB,1,20.0,34,NB_20,NB,EM,22.0,Male,Right handed,Corrected to normal,1
sub17_NB,1,21.0,39,NB_21,NB,BB,22.0,Male,Right handed,Corrected to normal,1
sub17_NB,1,22.0,34,NB_22,NB,EM,22.0,Male,Right handed,Corrected to normal,1
sub17_NB,1,23.0,24,NB_23,NB,EM,22.0,Male,Right handed,Corrected to normal,1
sub17_NB,1,24.0,25,NB_24,NB,BB,22.0,Male,Right handed,Corrected to normal,1
sub17_NB,1,25.0,40,NB_25,NB,BB,22.0,Male,Right handed,Corrected to normal,1
sub17_NB,1,26.0,35,NB_26,NB,EM,22.0,Male,Right handed,Corrected to normal,1
sub17_NB,1,27.0,50,NB_27,NB,BB,22.0,Male,Right handed,Corrected to normal,1
sub17_NB,1,29.0,30,NB_29,NB,BB,22.0,Male,Right handed,Corrected to normal,1
sub17_NB,1,30.0,36,NB_30,NB,EM,22.0,Male,Right handed,Corrected to normal,1
sub17_NB,1,31.0,42,NB_31,NB,EM,22.0,Male,Right handed,Corrected to normal,1
sub17_NB,1,32.0,32,NB_32,NB,EM,22.0,Male,Right handed,Corrected to normal,1
sub17_NB,1,33.0,56,NB_33,NB,BB,22.0,Male,Right handed,Corrected to normal,1
sub17_NB,1,34.0,33,NB_34,NB,BB,22.0,Male,Right handed,Corrected to normal,1
sub17_NB,1,35.0,44,NB_35,NB,EM,22.0,Male,Right handed,Corrected to normal,1
sub17_NB,1,36.0,18,NB_36,NB,BB,22.0,Male,Right handed,Corrected to normal,1
sub17_NB,1,38.0,20,NB_38,NB,EM,22.0,Male,Right handed,Corrected to normal,1
sub17_NB,1,39.0,48,NB_39,NB,BB,22.0,Male,Right handed,Corrected to normal,1
sub17_NB,1,40.0,49,NB_40,NB,EM,22.0,Male,Right handed,Corrected to normal,1
sub180_NB,1,1.0,19,NB_1,NB,EM,20.0,Male,Right handed,Corrected to normal,1
sub180_NB,1,2.0,31,NB_2,NB,BB,20.0,Male,Right handed,Corrected to normal,1
sub180_NB,1,4.0,31,NB_4,NB,EM,20.0,Male,Right handed,Corrected to normal,1
sub180_NB,1,5.0,33,NB_5,NB,EM,20.0,Male,Right handed,Corrected to normal,1
sub180_NB,1,6.0,31,NB_6,NB,BB,20.0,Male,Right handed,Corrected to normal,1
sub180_NB,1,8.0,25,NB_8,NB,BB,20.0,Male,Right handed,Corrected to normal,1
sub180_NB,1,9.0,20,NB_9,NB,EM,20.0,Male,Right handed,Corrected to normal,1
sub180_NB,1,10.0,37,NB_10,NB,BB,20.0,Male,Right handed,Corrected to normal,1
sub180_NB,1,11.0,28,NB_11,NB,EM,20.0,Male,Right handed,Corrected to normal,1
sub180_NB,1,12.0,48,NB_12,NB,EM,20.0,Male,Right handed,Corrected to normal,1
sub180_NB,1,13.0,31,NB_13,NB,BB,20.0,Male,Right handed,Corrected to normal,1
sub180_NB,1,14.0,25,NB_14,NB,BB,20.0,Male,Right handed,Corrected to normal,1
sub180_NB,1,15.0,28,NB_15,NB,BB,20.0,Male,Right handed,Corrected to normal,1
sub180_NB,0,16.0,35,NB_16,NB,EM,20.0,Male,Right handed,Corrected to normal,0
sub180_NB,1,17.0,24,NB_17,NB,BB,20.0,Male,Right handed,Corrected to normal,1
sub180_NB,0,19.0,37,NB_19,NB,BB,20.0,Male,Right handed,Corrected to normal,0
sub180_NB,1,20.0,34,NB_20,NB,EM,20.0,Male,Right handed,Corrected to normal,1
sub180_NB,1,21.0,39,NB_21,NB,BB,20.0,Male,Right handed,Corrected to normal,1
sub180_NB,1,22.0,34,NB_22,NB,EM,20.0,Male,Right handed,Corrected to normal,1
sub180_NB,1,23.0,24,NB_23,NB,EM,20.0,Male,Right handed,Corrected to normal,1
sub180_NB,1,24.0,25,NB_24,NB,BB,20.0,Male,Right handed,Corrected to normal,1
sub180_NB,0,25.0,40,NB_25,NB,BB,20.0,Male,Right handed,Corrected to normal,0
sub180_NB,1,26.0,35,NB_26,NB,EM,20.0,Male,Right handed,Corrected to normal,1
sub180_NB,1,27.0,50,NB_27,NB,BB,20.0,Male,Right handed,Corrected to normal,1
sub180_NB,1,29.0,30,NB_29,NB,BB,20.0,Male,Right handed,Corrected to normal,1
sub180_NB,1,30.0,36,NB_30,NB,EM,20.0,Male,Right handed,Corrected to normal,1
sub180_NB,1,31.0,42,NB_31,NB,EM,20.0,Male,Right handed,Corrected to normal,1
sub180_NB,1,32.0,32,NB_32,NB,EM,20.0,Male,Right handed,Corrected to normal,1
sub180_NB,1,33.0,56,NB_33,NB,BB,20.0,Male,Right handed,Corrected to normal,1
sub180_NB,1,34.0,33,NB_34,NB,BB,20.0,Male,Right handed,Corrected to normal,1
sub180_NB,1,35.0,44,NB_35,NB,EM,20.0,Male,Right handed,Corrected to normal,1
sub180_NB,1,36.0,18,NB_36,NB,BB,20.0,Male,Right handed,Corrected to normal,1
sub180_NB,1,38.0,20,NB_38,NB,EM,20.0,Male,Right handed,Corrected to normal,1
sub180_NB,1,39.0,48,NB_39,NB,BB,20.0,Male,Right handed,Corrected to normal,1
sub180_NB,1,40.0,49,NB_40,NB,EM,20.0,Male,Right handed,Corrected to normal,1
sub181_NB,1,1.0,19,NB_1,NB,EM,22.0,Male,Right handed,Corrected to normal,1
sub181_NB,1,2.0,31,NB_2,NB,BB,22.0,Male,Right handed,Corrected to normal,1
sub181_NB,1,4.0,31,NB_4,NB,EM,22.0,Male,Right handed,Corrected to normal,1
sub181_NB,1,5.0,33,NB_5,NB,EM,22.0,Male,Right handed,Corrected to normal,1
sub181_NB,1,6.0,31,NB_6,NB,BB,22.0,Male,Right handed,Corrected to normal,1
sub181_NB,0,8.0,25,NB_8,NB,BB,22.0,Male,Right handed,Corrected to normal,0
sub181_NB,0,9.0,20,NB_9,NB,EM,22.0,Male,Right handed,Corrected to normal,0
sub181_NB,1,10.0,37,NB_10,NB,BB,22.0,Male,Right handed,Corrected to normal,1
sub181_NB,1,11.0,28,NB_11,NB,EM,22.0,Male,Right handed,Corrected to normal,1
sub181_NB,1,12.0,48,NB_12,NB,EM,22.0,Male,Right handed,Corrected to normal,1
sub181_NB,0,13.0,31,NB_13,NB,BB,22.0,Male,Right handed,Corrected to normal,0
sub181_NB,1,14.0,25,NB_14,NB,BB,22.0,Male,Right handed,Corrected to normal,1
sub181_NB,1,15.0,28,NB_15,NB,BB,22.0,Male,Right handed,Corrected to normal,1
sub181_NB,1,16.0,35,NB_16,NB,EM,22.0,Male,Right handed,Corrected to normal,1
sub181_NB,1,17.0,24,NB_17,NB,BB,22.0,Male,Right handed,Corrected to normal,1
sub181_NB,1,19.0,37,NB_19,NB,BB,22.0,Male,Right handed,Corrected to normal,1
sub181_NB,1,20.0,34,NB_20,NB,EM,22.0,Male,Right handed,Corrected to normal,1
sub181_NB,1,21.0,39,NB_21,NB,BB,22.0,Male,Right handed,Corrected to normal,1
sub181_NB,1,22.0,34,NB_22,NB,EM,22.0,Male,Right handed,Corrected to normal,1
sub181_NB,1,23.0,24,NB_23,NB,EM,22.0,Male,Right handed,Corrected to normal,1
sub181_NB,1,24.0,25,NB_24,NB,BB,22.0,Male,Right handed,Corrected to normal,1
sub181_NB,1,25.0,40,NB_25,NB,BB,22.0,Male,Right handed,Corrected to normal,1
sub181_NB,1,26.0,35,NB_26,NB,EM,22.0,Male,Right handed,Corrected to normal,1
sub181_NB,1,27.0,50,NB_27,NB,BB,22.0,Male,Right handed,Corrected to normal,1
sub181_NB,1,29.0,30,NB_29,NB,BB,22.0,Male,Right handed,Corrected to normal,1
sub181_NB,1,30.0,36,NB_30,NB,EM,22.0,Male,Right handed,Corrected to normal,1
sub181_NB,1,31.0,42,NB_31,NB,EM,22.0,Male,Right handed,Corrected to normal,1
sub181_NB,1,32.0,32,NB_32,NB,EM,22.0,Male,Right handed,Corrected to normal,1
sub181_NB,1,33.0,56,NB_33,NB,BB,22.0,Male,Right handed,Corrected to normal,1
sub181_NB,1,34.0,33,NB_34,NB,BB,22.0,Male,Right handed,Corrected to normal,1
sub181_NB,1,35.0,44,NB_35,NB,EM,22.0,Male,Right handed,Corrected to normal,1
sub181_NB,1,36.0,18,NB_36,NB,BB,22.0,Male,Right handed,Corrected to normal,1
sub181_NB,1,38.0,20,NB_38,NB,EM,22.0,Male,Right handed,Corrected to normal,1
sub181_NB,1,39.0,48,NB_39,NB,BB,22.0,Male,Right handed,Corrected to normal,1
sub181_NB,1,40.0,49,NB_40,NB,EM,22.0,Male,Right handed,Corrected to normal,1
sub182_NB,1,1.0,19,NB_1,NB,EM,20.0,Male,Right handed,Normal,1
sub182_NB,1,2.0,31,NB_2,NB,BB,20.0,Male,Right handed,Normal,1
sub182_NB,1,4.0,31,NB_4,NB,EM,20.0,Male,Right handed,Normal,1
sub182_NB,1,5.0,33,NB_5,NB,EM,20.0,Male,Right handed,Normal,1
sub182_NB,1,6.0,31,NB_6,NB,BB,20.0,Male,Right handed,Normal,1
sub182_NB,0,8.0,25,NB_8,NB,BB,20.0,Male,Right handed,Normal,0
sub182_NB,1,9.0,20,NB_9,NB,EM,20.0,Male,Right handed,Normal,1
sub182_NB,1,10.0,37,NB_10,NB,BB,20.0,Male,Right handed,Normal,1
sub182_NB,1,11.0,28,NB_11,NB,EM,20.0,Male,Right handed,Normal,1
sub182_NB,1,12.0,48,NB_12,NB,EM,20.0,Male,Right handed,Normal,1
sub182_NB,1,13.0,31,NB_13,NB,BB,20.0,Male,Right handed,Normal,1
sub182_NB,0,14.0,25,NB_14,NB,BB,20.0,Male,Right handed,Normal,0
sub182_NB,1,15.0,28,NB_15,NB,BB,20.0,Male,Right handed,Normal,1
sub182_NB,1,16.0,35,NB_16,NB,EM,20.0,Male,Right handed,Normal,1
sub182_NB,0,17.0,24,NB_17,NB,BB,20.0,Male,Right handed,Normal,0
sub182_NB,0,19.0,37,NB_19,NB,BB,20.0,Male,Right handed,Normal,0
sub182_NB,1,20.0,34,NB_20,NB,EM,20.0,Male,Right handed,Normal,1
sub182_NB,1,21.0,39,NB_21,NB,BB,20.0,Male,Right handed,Normal,1
sub182_NB,1,22.0,34,NB_22,NB,EM,20.0,Male,Right handed,Normal,1
sub182_NB,0,23.0,24,NB_23,NB,EM,20.0,Male,Right handed,Normal,0
sub182_NB,1,24.0,25,NB_24,NB,BB,20.0,Male,Right handed,Normal,1
sub182_NB,1,25.0,40,NB_25,NB,BB,20.0,Male,Right handed,Normal,1
sub182_NB,1,26.0,35,NB_26,NB,EM,20.0,Male,Right handed,Normal,1
sub182_NB,1,27.0,50,NB_27,NB,BB,20.0,Male,Right handed,Normal,1
sub182_NB,1,29.0,30,NB_29,NB,BB,20.0,Male,Right handed,Normal,1
sub182_NB,1,30.0,36,NB_30,NB,EM,20.0,Male,Right handed,Normal,1
sub182_NB,1,31.0,42,NB_31,NB,EM,20.0,Male,Right handed,Normal,1
sub182_NB,1,32.0,32,NB_32,NB,EM,20.0,Male,Right handed,Normal,1
sub182_NB,1,33.0,56,NB_33,NB,BB,20.0,Male,Right handed,Normal,1
sub182_NB,1,34.0,33,NB_34,NB,BB,20.0,Male,Right handed,Normal,1
sub182_NB,1,35.0,44,NB_35,NB,EM,20.0,Male,Right handed,Normal,1
sub182_NB,1,36.0,18,NB_36,NB,BB,20.0,Male,Right handed,Normal,1
sub182_NB,1,38.0,20,NB_38,NB,EM,20.0,Male,Right handed,Normal,1
sub182_NB,1,39.0,48,NB_39,NB,BB,20.0,Male,Right handed,Normal,1
sub182_NB,0,40.0,49,NB_40,NB,EM,20.0,Male,Right handed,Normal,0
sub183_NB,1,1.0,19,NB_1,NB,EM,20.0,Male,Right handed,Corrected to normal,1
sub183_NB,1,2.0,31,NB_2,NB,BB,20.0,Male,Right handed,Corrected to normal,1
sub183_NB,1,4.0,31,NB_4,NB,EM,20.0,Male,Right handed,Corrected to normal,1
sub183_NB,1,5.0,33,NB_5,NB,EM,20.0,Male,Right handed,Corrected to normal,1
sub183_NB,1,6.0,31,NB_6,NB,BB,20.0,Male,Right handed,Corrected to normal,1
sub183_NB,0,8.0,25,NB_8,NB,BB,20.0,Male,Right handed,Corrected to normal,0
sub183_NB,1,9.0,20,NB_9,NB,EM,20.0,Male,Right handed,Corrected to normal,1
sub183_NB,1,10.0,37,NB_10,NB,BB,20.0,Male,Right handed,Corrected to normal,1
sub183_NB,1,11.0,28,NB_11,NB,EM,20.0,Male,Right handed,Corrected to normal,1
sub183_NB,1,12.0,48,NB_12,NB,EM,20.0,Male,Right handed,Corrected to normal,1
sub183_NB,0,13.0,31,NB_13,NB,BB,20.0,Male,Right handed,Corrected to normal,0
sub183_NB,1,14.0,25,NB_14,NB,BB,20.0,Male,Right handed,Corrected to normal,1
sub183_NB,1,15.0,28,NB_15,NB,BB,20.0,Male,Right handed,Corrected to normal,1
sub183_NB,0,16.0,35,NB_16,NB,EM,20.0,Male,Right handed,Corrected to normal,0
sub183_NB,1,17.0,24,NB_17,NB,BB,20.0,Male,Right handed,Corrected to normal,1
sub183_NB,0,19.0,37,NB_19,NB,BB,20.0,Male,Right handed,Corrected to normal,0
sub183_NB,1,20.0,34,NB_20,NB,EM,20.0,Male,Right handed,Corrected to normal,1
sub183_NB,1,21.0,39,NB_21,NB,BB,20.0,Male,Right handed,Corrected to normal,1
sub183_NB,1,22.0,34,NB_22,NB,EM,20.0,Male,Right handed,Corrected to normal,1
sub183_NB,1,23.0,24,NB_23,NB,EM,20.0,Male,Right handed,Corrected to normal,1
sub183_NB,1,24.0,25,NB_24,NB,BB,20.0,Male,Right handed,Corrected to normal,1
sub183_NB,1,25.0,40,NB_25,NB,BB,20.0,Male,Right handed,Corrected to normal,1
sub183_NB,1,26.0,35,NB_26,NB,EM,20.0,Male,Right handed,Corrected to normal,1
sub183_NB,1,27.0,50,NB_27,NB,BB,20.0,Male,Right handed,Corrected to normal,1
sub183_NB,1,29.0,30,NB_29,NB,BB,20.0,Male,Right handed,Corrected to normal,1
sub183_NB,1,30.0,36,NB_30,NB,EM,20.0,Male,Right handed,Corrected to normal,1
sub183_NB,1,31.0,42,NB_31,NB,EM,20.0,Male,Right handed,Corrected to normal,1
sub183_NB,1,32.0,32,NB_32,NB,EM,20.0,Male,Right handed,Corrected to normal,1
sub183_NB,1,33.0,56,NB_33,NB,BB,20.0,Male,Right handed,Corrected to normal,1
sub183_NB,1,34.0,33,NB_34,NB,BB,20.0,Male,Right handed,Corrected to normal,1
sub183_NB,1,35.0,44,NB_35,NB,EM,20.0,Male,Right handed,Corrected to normal,1
sub183_NB,1,36.0,18,NB_36,NB,BB,20.0,Male,Right handed,Corrected to normal,1
sub183_NB,1,38.0,20,NB_38,NB,EM,20.0,Male,Right handed,Corrected to normal,1
sub183_NB,1,39.0,48,NB_39,NB,BB,20.0,Male,Right handed,Corrected to normal,1
sub183_NB,1,40.0,49,NB_40,NB,EM,20.0,Male,Right handed,Corrected to normal,1
sub184_NB,1,1.0,19,NB_1,NB,EM,26.0,Male,Right handed,Normal,1
sub184_NB,1,2.0,31,NB_2,NB,BB,26.0,Male,Right handed,Normal,1
sub184_NB,0,4.0,31,NB_4,NB,EM,26.0,Male,Right handed,Normal,0
sub184_NB,1,5.0,33,NB_5,NB,EM,26.0,Male,Right handed,Normal,1
sub184_NB,1,6.0,31,NB_6,NB,BB,26.0,Male,Right handed,Normal,1
sub184_NB,0,8.0,25,NB_8,NB,BB,26.0,Male,Right handed,Normal,0
sub184_NB,1,9.0,20,NB_9,NB,EM,26.0,Male,Right handed,Normal,1
sub184_NB,0,10.0,37,NB_10,NB,BB,26.0,Male,Right handed,Normal,0
sub184_NB,0,11.0,28,NB_11,NB,EM,26.0,Male,Right handed,Normal,0
sub184_NB,1,12.0,48,NB_12,NB,EM,26.0,Male,Right handed,Normal,1
sub184_NB,0,13.0,31,NB_13,NB,BB,26.0,Male,Right handed,Normal,0
sub184_NB,1,14.0,25,NB_14,NB,BB,26.0,Male,Right handed,Normal,1
sub184_NB,0,15.0,28,NB_15,NB,BB,26.0,Male,Right handed,Normal,0
sub184_NB,0,16.0,35,NB_16,NB,EM,26.0,Male,Right handed,Normal,0
sub184_NB,1,17.0,24,NB_17,NB,BB,26.0,Male,Right handed,Normal,1
sub184_NB,1,19.0,37,NB_19,NB,BB,26.0,Male,Right handed,Normal,1
sub184_NB,1,20.0,34,NB_20,NB,EM,26.0,Male,Right handed,Normal,1
sub184_NB,1,21.0,39,NB_21,NB,BB,26.0,Male,Right handed,Normal,1
sub184_NB,1,22.0,34,NB_22,NB,EM,26.0,Male,Right handed,Normal,1
sub184_NB,1,23.0,24,NB_23,NB,EM,26.0,Male,Right handed,Normal,1
sub184_NB,1,24.0,25,NB_24,NB,BB,26.0,Male,Right handed,Normal,1
sub184_NB,1,25.0,40,NB_25,NB,BB,26.0,Male,Right handed,Normal,1
sub184_NB,0,26.0,35,NB_26,NB,EM,26.0,Male,Right handed,Normal,0
sub184_NB,1,27.0,50,NB_27,NB,BB,26.0,Male,Right handed,Normal,1
sub184_NB,1,29.0,30,NB_29,NB,BB,26.0,Male,Right handed,Normal,1
sub184_NB,1,30.0,36,NB_30,NB,EM,26.0,Male,Right handed,Normal,1
sub184_NB,1,31.0,42,NB_31,NB,EM,26.0,Male,Right handed,Normal,1
sub184_NB,1,32.0,32,NB_32,NB,EM,26.0,Male,Right handed,Normal,1
sub184_NB,1,33.0,56,NB_33,NB,BB,26.0,Male,Right handed,Normal,1
sub184_NB,1,34.0,33,NB_34,NB,BB,26.0,Male,Right handed,Normal,1
sub184_NB,1,35.0,44,NB_35,NB,EM,26.0,Male,Right handed,Normal,1
sub184_NB,1,36.0,18,NB_36,NB,BB,26.0,Male,Right handed,Normal,1
sub184_NB,1,38.0,20,NB_38,NB,EM,26.0,Male,Right handed,Normal,1
sub184_NB,1,39.0,48,NB_39,NB,BB,26.0,Male,Right handed,Normal,1
sub184_NB,1,40.0,49,NB_40,NB,EM,26.0,Male,Right handed,Normal,1
sub185_NB,1,1.0,19,NB_1,NB,EM,21.0,Male,Right handed,Normal,1
sub185_NB,1,2.0,31,NB_2,NB,BB,21.0,Male,Right handed,Normal,1
sub185_NB,1,4.0,31,NB_4,NB,EM,21.0,Male,Right handed,Normal,1
sub185_NB,1,5.0,33,NB_5,NB,EM,21.0,Male,Right handed,Normal,1
sub185_NB,1,6.0,31,NB_6,NB,BB,21.0,Male,Right handed,Normal,1
sub185_NB,1,8.0,25,NB_8,NB,BB,21.0,Male,Right handed,Normal,1
sub185_NB,1,9.0,20,NB_9,NB,EM,21.0,Male,Right handed,Normal,1
sub185_NB,1,10.0,37,NB_10,NB,BB,21.0,Male,Right handed,Normal,1
sub185_NB,1,11.0,28,NB_11,NB,EM,21.0,Male,Right handed,Normal,1
sub185_NB,1,12.0,48,NB_12,NB,EM,21.0,Male,Right handed,Normal,1
sub185_NB,1,13.0,31,NB_13,NB,BB,21.0,Male,Right handed,Normal,1
sub185_NB,1,14.0,25,NB_14,NB,BB,21.0,Male,Right handed,Normal,1
sub185_NB,1,15.0,28,NB_15,NB,BB,21.0,Male,Right handed,Normal,1
sub185_NB,1,16.0,35,NB_16,NB,EM,21.0,Male,Right handed,Normal,1
sub185_NB,1,17.0,24,NB_17,NB,BB,21.0,Male,Right handed,Normal,1
sub185_NB,0,19.0,37,NB_19,NB,BB,21.0,Male,Right handed,Normal,0
sub185_NB,1,20.0,34,NB_20,NB,EM,21.0,Male,Right handed,Normal,1
sub185_NB,1,21.0,39,NB_21,NB,BB,21.0,Male,Right handed,Normal,1
sub185_NB,0,22.0,34,NB_22,NB,EM,21.0,Male,Right handed,Normal,0
sub185_NB,1,23.0,24,NB_23,NB,EM,21.0,Male,Right handed,Normal,1
sub185_NB,0,24.0,25,NB_24,NB,BB,21.0,Male,Right handed,Normal,0
sub185_NB,1,25.0,40,NB_25,NB,BB,21.0,Male,Right handed,Normal,1
sub185_NB,1,26.0,35,NB_26,NB,EM,21.0,Male,Right handed,Normal,1
sub185_NB,1,27.0,50,NB_27,NB,BB,21.0,Male,Right handed,Normal,1
sub185_NB,1,29.0,30,NB_29,NB,BB,21.0,Male,Right handed,Normal,1
sub185_NB,1,30.0,36,NB_30,NB,EM,21.0,Male,Right handed,Normal,1
sub185_NB,1,31.0,42,NB_31,NB,EM,21.0,Male,Right handed,Normal,1
sub185_NB,1,32.0,32,NB_32,NB,EM,21.0,Male,Right handed,Normal,1
sub185_NB,1,33.0,56,NB_33,NB,BB,21.0,Male,Right handed,Normal,1
sub185_NB,1,34.0,33,NB_34,NB,BB,21.0,Male,Right handed,Normal,1
sub185_NB,1,35.0,44,NB_35,NB,EM,21.0,Male,Right handed,Normal,1
sub185_NB,1,36.0,18,NB_36,NB,BB,21.0,Male,Right handed,Normal,1
sub185_NB,0,38.0,20,NB_38,NB,EM,21.0,Male,Right handed,Normal,0
sub185_NB,1,39.0,48,NB_39,NB,BB,21.0,Male,Right handed,Normal,1
sub185_NB,1,40.0,49,NB_40,NB,EM,21.0,Male,Right handed,Normal,1
sub18_NB,1,1.0,19,NB_1,NB,EM,20.0,Female,Right handed,Normal,1
sub18_NB,1,2.0,31,NB_2,NB,BB,20.0,Female,Right handed,Normal,1
sub18_NB,1,4.0,31,NB_4,NB,EM,20.0,Female,Right handed,Normal,1
sub18_NB,1,5.0,33,NB_5,NB,EM,20.0,Female,Right handed,Normal,1
sub18_NB,1,6.0,31,NB_6,NB,BB,20.0,Female,Right handed,Normal,1
sub18_NB,1,8.0,25,NB_8,NB,BB,20.0,Female,Right handed,Normal,1
sub18_NB,1,9.0,20,NB_9,NB,EM,20.0,Female,Right handed,Normal,1
sub18_NB,1,10.0,37,NB_10,NB,BB,20.0,Female,Right handed,Normal,1
sub18_NB,1,11.0,28,NB_11,NB,EM,20.0,Female,Right handed,Normal,1
sub18_NB,1,12.0,48,NB_12,NB,EM,20.0,Female,Right handed,Normal,1
sub18_NB,1,13.0,31,NB_13,NB,BB,20.0,Female,Right handed,Normal,1
sub18_NB,1,14.0,25,NB_14,NB,BB,20.0,Female,Right handed,Normal,1
sub18_NB,1,15.0,28,NB_15,NB,BB,20.0,Female,Right handed,Normal,1
sub18_NB,1,16.0,35,NB_16,NB,EM,20.0,Female,Right handed,Normal,1
sub18_NB,1,17.0,24,NB_17,NB,BB,20.0,Female,Right handed,Normal,1
sub18_NB,1,19.0,37,NB_19,NB,BB,20.0,Female,Right handed,Normal,1
sub18_NB,1,20.0,34,NB_20,NB,EM,20.0,Female,Right handed,Normal,1
sub18_NB,1,21.0,39,NB_21,NB,BB,20.0,Female,Right handed,Normal,1
sub18_NB,1,22.0,34,NB_22,NB,EM,20.0,Female,Right handed,Normal,1
sub18_NB,1,23.0,24,NB_23,NB,EM,20.0,Female,Right handed,Normal,1
sub18_NB,1,24.0,25,NB_24,NB,BB,20.0,Female,Right handed,Normal,1
sub18_NB,1,25.0,40,NB_25,NB,BB,20.0,Female,Right handed,Normal,1
sub18_NB,1,26.0,35,NB_26,NB,EM,20.0,Female,Right handed,Normal,1
sub18_NB,1,27.0,50,NB_27,NB,BB,20.0,Female,Right handed,Normal,1
sub18_NB,1,29.0,30,NB_29,NB,BB,20.0,Female,Right handed,Normal,1
sub18_NB,1,30.0,36,NB_30,NB,EM,20.0,Female,Right handed,Normal,1
sub18_NB,1,31.0,42,NB_31,NB,EM,20.0,Female,Right handed,Normal,1
sub18_NB,1,32.0,32,NB_32,NB,EM,20.0,Female,Right handed,Normal,1
sub18_NB,1,33.0,56,NB_33,NB,BB,20.0,Female,Right handed,Normal,1
sub18_NB,1,34.0,33,NB_34,NB,BB,20.0,Female,Right handed,Normal,1
sub18_NB,1,35.0,44,NB_35,NB,EM,20.0,Female,Right handed,Normal,1
sub18_NB,0,36.0,18,NB_36,NB,BB,20.0,Female,Right handed,Normal,0
sub18_NB,1,38.0,20,NB_38,NB,EM,20.0,Female,Right handed,Normal,1
sub18_NB,0,39.0,48,NB_39,NB,BB,20.0,Female,Right handed,Normal,0
sub18_NB,1,40.0,49,NB_40,NB,EM,20.0,Female,Right handed,Normal,1
sub19_NB,0,1.0,19,NB_1,NB,EM,22.0,Male,Right handed,Corrected to normal,0
sub19_NB,1,2.0,31,NB_2,NB,BB,22.0,Male,Right handed,Corrected to normal,1
sub19_NB,0,4.0,31,NB_4,NB,EM,22.0,Male,Right handed,Corrected to normal,0
sub19_NB,0,5.0,33,NB_5,NB,EM,22.0,Male,Right handed,Corrected to normal,0
sub19_NB,1,6.0,31,NB_6,NB,BB,22.0,Male,Right handed,Corrected to normal,1
sub19_NB,1,8.0,25,NB_8,NB,BB,22.0,Male,Right handed,Corrected to normal,1
sub19_NB,1,9.0,20,NB_9,NB,EM,22.0,Male,Right handed,Corrected to normal,1
sub19_NB,1,10.0,37,NB_10,NB,BB,22.0,Male,Right handed,Corrected to normal,1
sub19_NB,1,11.0,28,NB_11,NB,EM,22.0,Male,Right handed,Corrected to normal,1
sub19_NB,1,12.0,48,NB_12,NB,EM,22.0,Male,Right handed,Corrected to normal,1
sub19_NB,1,13.0,31,NB_13,NB,BB,22.0,Male,Right handed,Corrected to normal,1
sub19_NB,1,14.0,25,NB_14,NB,BB,22.0,Male,Right handed,Corrected to normal,1
sub19_NB,1,15.0,28,NB_15,NB,BB,22.0,Male,Right handed,Corrected to normal,1
sub19_NB,1,16.0,35,NB_16,NB,EM,22.0,Male,Right handed,Corrected to normal,1
sub19_NB,1,17.0,24,NB_17,NB,BB,22.0,Male,Right handed,Corrected to normal,1
sub19_NB,1,19.0,37,NB_19,NB,BB,22.0,Male,Right handed,Corrected to normal,1
sub19_NB,1,20.0,34,NB_20,NB,EM,22.0,Male,Right handed,Corrected to normal,1
sub19_NB,1,21.0,39,NB_21,NB,BB,22.0,Male,Right handed,Corrected to normal,1
sub19_NB,1,22.0,34,NB_22,NB,EM,22.0,Male,Right handed,Corrected to normal,1
sub19_NB,1,23.0,24,NB_23,NB,EM,22.0,Male,Right handed,Corrected to normal,1
sub19_NB,1,24.0,25,NB_24,NB,BB,22.0,Male,Right handed,Corrected to normal,1
sub19_NB,1,25.0,40,NB_25,NB,BB,22.0,Male,Right handed,Corrected to normal,1
sub19_NB,1,26.0,35,NB_26,NB,EM,22.0,Male,Right handed,Corrected to normal,1
sub19_NB,1,27.0,50,NB_27,NB,BB,22.0,Male,Right handed,Corrected to normal,1
sub19_NB,1,29.0,30,NB_29,NB,BB,22.0,Male,Right handed,Corrected to normal,1
sub19_NB,1,30.0,36,NB_30,NB,EM,22.0,Male,Right handed,Corrected to normal,1
sub19_NB,1,31.0,42,NB_31,NB,EM,22.0,Male,Right handed,Corrected to normal,1
sub19_NB,1,32.0,32,NB_32,NB,EM,22.0,Male,Right handed,Corrected to normal,1
sub19_NB,1,33.0,56,NB_33,NB,BB,22.0,Male,Right handed,Corrected to normal,1
sub19_NB,1,34.0,33,NB_34,NB,BB,22.0,Male,Right handed,Corrected to normal,1
sub19_NB,1,35.0,44,NB_35,NB,EM,22.0,Male,Right handed,Corrected to normal,1
sub19_NB,1,36.0,18,NB_36,NB,BB,22.0,Male,Right handed,Corrected to normal,1
sub19_NB,1,38.0,20,NB_38,NB,EM,22.0,Male,Right handed,Corrected to normal,1
sub19_NB,1,39.0,48,NB_39,NB,BB,22.0,Male,Right handed,Corrected to normal,1
sub19_NB,1,40.0,49,NB_40,NB,EM,22.0,Male,Right handed,Corrected to normal,1
sub21_NB,1,1.0,19,NB_1,NB,EM,22.0,Male,Right handed,Corrected to normal,1
sub21_NB,1,2.0,31,NB_2,NB,BB,22.0,Male,Right handed,Corrected to normal,1
sub21_NB,1,4.0,31,NB_4,NB,EM,22.0,Male,Right handed,Corrected to normal,1
sub21_NB,1,5.0,33,NB_5,NB,EM,22.0,Male,Right handed,Corrected to normal,1
sub21_NB,1,6.0,31,NB_6,NB,BB,22.0,Male,Right handed,Corrected to normal,1
sub21_NB,1,8.0,25,NB_8,NB,BB,22.0,Male,Right handed,Corrected to normal,1
sub21_NB,1,9.0,20,NB_9,NB,EM,22.0,Male,Right handed,Corrected to normal,1
sub21_NB,0,10.0,37,NB_10,NB,BB,22.0,Male,Right handed,Corrected to normal,0
sub21_NB,1,11.0,28,NB_11,NB,EM,22.0,Male,Right handed,Corrected to normal,1
sub21_NB,1,12.0,48,NB_12,NB,EM,22.0,Male,Right handed,Corrected to normal,1
sub21_NB,1,13.0,31,NB_13,NB,BB,22.0,Male,Right handed,Corrected to normal,1
sub21_NB,1,14.0,25,NB_14,NB,BB,22.0,Male,Right handed,Corrected to normal,1
sub21_NB,1,15.0,28,NB_15,NB,BB,22.0,Male,Right handed,Corrected to normal,1
sub21_NB,1,16.0,35,NB_16,NB,EM,22.0,Male,Right handed,Corrected to normal,1
sub21_NB,1,17.0,24,NB_17,NB,BB,22.0,Male,Right handed,Corrected to normal,1
sub21_NB,1,19.0,37,NB_19,NB,BB,22.0,Male,Right handed,Corrected to normal,1
sub21_NB,1,20.0,34,NB_20,NB,EM,22.0,Male,Right handed,Corrected to normal,1
sub21_NB,1,21.0,39,NB_21,NB,BB,22.0,Male,Right handed,Corrected to normal,1
sub21_NB,1,22.0,34,NB_22,NB,EM,22.0,Male,Right handed,Corrected to normal,1
sub21_NB,1,23.0,24,NB_23,NB,EM,22.0,Male,Right handed,Corrected to normal,1
sub21_NB,1,24.0,25,NB_24,NB,BB,22.0,Male,Right handed,Corrected to normal,1
sub21_NB,1,25.0,40,NB_25,NB,BB,22.0,Male,Right handed,Corrected to normal,1
sub21_NB,0,26.0,35,NB_26,NB,EM,22.0,Male,Right handed,Corrected to normal,0
sub21_NB,0,27.0,50,NB_27,NB,BB,22.0,Male,Right handed,Corrected to normal,0
sub21_NB,1,29.0,30,NB_29,NB,BB,22.0,Male,Right handed,Corrected to normal,1
sub21_NB,0,30.0,36,NB_30,NB,EM,22.0,Male,Right handed,Corrected to normal,0
sub21_NB,1,31.0,42,NB_31,NB,EM,22.0,Male,Right handed,Corrected to normal,1
sub21_NB,1,32.0,32,NB_32,NB,EM,22.0,Male,Right handed,Corrected to normal,1
sub21_NB,1,33.0,56,NB_33,NB,BB,22.0,Male,Right handed,Corrected to normal,1
sub21_NB,1,34.0,33,NB_34,NB,BB,22.0,Male,Right handed,Corrected to normal,1
sub21_NB,1,35.0,44,NB_35,NB,EM,22.0,Male,Right handed,Corrected to normal,1
sub21_NB,1,36.0,18,NB_36,NB,BB,22.0,Male,Right handed,Corrected to normal,1
sub21_NB,1,38.0,20,NB_38,NB,EM,22.0,Male,Right handed,Corrected to normal,1
sub21_NB,1,39.0,48,NB_39,NB,BB,22.0,Male,Right handed,Corrected to normal,1
sub21_NB,0,40.0,49,NB_40,NB,EM,22.0,Male,Right handed,Corrected to normal,0
sub22_NB,1,1.0,19,NB_1,NB,EM,25.0,Female,Right handed,Normal,1
sub22_NB,1,2.0,31,NB_2,NB,BB,25.0,Female,Right handed,Normal,1
sub22_NB,1,4.0,31,NB_4,NB,EM,25.0,Female,Right handed,Normal,1
sub22_NB,0,5.0,33,NB_5,NB,EM,25.0,Female,Right handed,Normal,0
sub22_NB,1,6.0,31,NB_6,NB,BB,25.0,Female,Right handed,Normal,1
sub22_NB,1,8.0,25,NB_8,NB,BB,25.0,Female,Right handed,Normal,1
sub22_NB,1,9.0,20,NB_9,NB,EM,25.0,Female,Right handed,Normal,1
sub22_NB,1,10.0,37,NB_10,NB,BB,25.0,Female,Right handed,Normal,1
sub22_NB,1,11.0,28,NB_11,NB,EM,25.0,Female,Right handed,Normal,1
sub22_NB,1,12.0,48,NB_12,NB,EM,25.0,Female,Right handed,Normal,1
sub22_NB,1,13.0,31,NB_13,NB,BB,25.0,Female,Right handed,Normal,1
sub22_NB,1,14.0,25,NB_14,NB,BB,25.0,Female,Right handed,Normal,1
sub22_NB,1,15.0,28,NB_15,NB,BB,25.0,Female,Right handed,Normal,1
sub22_NB,1,16.0,35,NB_16,NB,EM,25.0,Female,Right handed,Normal,1
sub22_NB,1,17.0,24,NB_17,NB,BB,25.0,Female,Right handed,Normal,1
sub22_NB,0,19.0,37,NB_19,NB,BB,25.0,Female,Right handed,Normal,0
sub22_NB,1,20.0,34,NB_20,NB,EM,25.0,Female,Right handed,Normal,1
sub22_NB,1,21.0,39,NB_21,NB,BB,25.0,Female,Right handed,Normal,1
sub22_NB,1,22.0,34,NB_22,NB,EM,25.0,Female,Right handed,Normal,1
sub22_NB,1,23.0,24,NB_23,NB,EM,25.0,Female,Right handed,Normal,1
sub22_NB,1,24.0,25,NB_24,NB,BB,25.0,Female,Right handed,Normal,1
sub22_NB,1,25.0,40,NB_25,NB,BB,25.0,Female,Right handed,Normal,1
sub22_NB,1,26.0,35,NB_26,NB,EM,25.0,Female,Right handed,Normal,1
sub22_NB,1,27.0,50,NB_27,NB,BB,25.0,Female,Right handed,Normal,1
sub22_NB,1,29.0,30,NB_29,NB,BB,25.0,Female,Right handed,Normal,1
sub22_NB,1,30.0,36,NB_30,NB,EM,25.0,Female,Right handed,Normal,1
sub22_NB,1,31.0,42,NB_31,NB,EM,25.0,Female,Right handed,Normal,1
sub22_NB,1,32.0,32,NB_32,NB,EM,25.0,Female,Right handed,Normal,1
sub22_NB,1,33.0,56,NB_33,NB,BB,25.0,Female,Right handed,Normal,1
sub22_NB,1,34.0,33,NB_34,NB,BB,25.0,Female,Right handed,Normal,1
sub22_NB,1,35.0,44,NB_35,NB,EM,25.0,Female,Right handed,Normal,1
sub22_NB,1,36.0,18,NB_36,NB,BB,25.0,Female,Right handed,Normal,1
sub22_NB,1,38.0,20,NB_38,NB,EM,25.0,Female,Right handed,Normal,1
sub22_NB,1,39.0,48,NB_39,NB,BB,25.0,Female,Right handed,Normal,1
sub22_NB,1,40.0,49,NB_40,NB,EM,25.0,Female,Right handed,Normal,1
sub23_AB,1,1.0,17,AB_1,AB,EM,21.0,Female,Right handed,Normal,1
sub23_AB,1,2.0,31,AB_2,AB,BB,21.0,Female,Right handed,Normal,1
sub23_AB,1,4.0,32,AB_4,AB,EM,21.0,Female,Right handed,Normal,1
sub23_AB,1,5.0,33,AB_5,AB,EM,21.0,Female,Right handed,Normal,1
sub23_AB,1,6.0,31,AB_6,AB,BB,21.0,Female,Right handed,Normal,1
sub23_AB,0,8.0,24,AB_8,AB,BB,21.0,Female,Right handed,Normal,0
sub23_AB,1,9.0,19,AB_9,AB,EM,21.0,Female,Right handed,Normal,1
sub23_AB,0,10.0,39,AB_10,AB,BB,21.0,Female,Right handed,Normal,0
sub23_AB,1,11.0,29,AB_11,AB,EM,21.0,Female,Right handed,Normal,1
sub23_AB,1,12.0,47,AB_12,AB,EM,21.0,Female,Right handed,Normal,1
sub23_AB,0,13.0,33,AB_13,AB,BB,21.0,Female,Right handed,Normal,0
sub23_AB,1,14.0,22,AB_14,AB,BB,21.0,Female,Right handed,Normal,1
sub23_AB,1,15.0,29,AB_15,AB,BB,21.0,Female,Right handed,Normal,1
sub23_AB,0,16.0,34,AB_16,AB,EM,21.0,Female,Right handed,Normal,0
sub23_AB,0,17.0,27,AB_17,AB,BB,21.0,Female,Right handed,Normal,0
sub23_AB,1,19.0,36,AB_19,AB,BB,21.0,Female,Right handed,Normal,1
sub23_AB,1,20.0,35,AB_20,AB,EM,21.0,Female,Right handed,Normal,1
sub23_AB,1,21.0,39,AB_21,AB,BB,21.0,Female,Right handed,Normal,1
sub23_AB,1,22.0,34,AB_22,AB,EM,21.0,Female,Right handed,Normal,1
sub23_AB,1,23.0,24,AB_23,AB,EM,21.0,Female,Right handed,Normal,1
sub23_AB,1,24.0,24,AB_24,AB,BB,21.0,Female,Right handed,Normal,1
sub23_AB,0,25.0,41,AB_25,AB,BB,21.0,Female,Right handed,Normal,0
sub23_AB,1,26.0,35,AB_26,AB,EM,21.0,Female,Right handed,Normal,1
sub23_AB,1,27.0,50,AB_27,AB,BB,21.0,Female,Right handed,Normal,1
sub23_AB,1,29.0,29,AB_29,AB,BB,21.0,Female,Right handed,Normal,1
sub23_AB,1,30.0,36,AB_30,AB,EM,21.0,Female,Right handed,Normal,1
sub23_AB,1,31.0,41,AB_31,AB,EM,21.0,Female,Right handed,Normal,1
sub23_AB,1,32.0,31,AB_32,AB,EM,21.0,Female,Right handed,Normal,1
sub23_AB,1,33.0,57,AB_33,AB,BB,21.0,Female,Right handed,Normal,1
sub23_AB,0,34.0,32,AB_34,AB,BB,21.0,Female,Right handed,Normal,0
sub23_AB,1,35.0,42,AB_35,AB,EM,21.0,Female,Right handed,Normal,1
sub23_AB,1,36.0,19,AB_36,AB,BB,21.0,Female,Right handed,Normal,1
sub23_AB,1,38.0,20,AB_38,AB,EM,21.0,Female,Right handed,Normal,1
sub23_AB,1,39.0,44,AB_39,AB,BB,21.0,Female,Right handed,Normal,1
sub23_AB,1,40.0,49,AB_40,AB,EM,21.0,Female,Right handed,Normal,1
sub24_NB,1,1.0,19,NB_1,NB,EM,22.0,Male,Right handed,Normal,1
sub24_NB,1,2.0,31,NB_2,NB,BB,22.0,Male,Right handed,Normal,1
sub24_NB,0,4.0,31,NB_4,NB,EM,22.0,Male,Right handed,Normal,0
sub24_NB,1,5.0,33,NB_5,NB,EM,22.0,Male,Right handed,Normal,1
sub24_NB,1,6.0,31,NB_6,NB,BB,22.0,Male,Right handed,Normal,1
sub24_NB,0,8.0,25,NB_8,NB,BB,22.0,Male,Right handed,Normal,0
sub24_NB,1,9.0,20,NB_9,NB,EM,22.0,Male,Right handed,Normal,1
sub24_NB,1,10.0,37,NB_10,NB,BB,22.0,Male,Right handed,Normal,1
sub24_NB,1,11.0,28,NB_11,NB,EM,22.0,Male,Right handed,Normal,1
sub24_NB,1,12.0,48,NB_12,NB,EM,22.0,Male,Right handed,Normal,1
sub24_NB,0,13.0,31,NB_13,NB,BB,22.0,Male,Right handed,Normal,0
sub24_NB,1,14.0,25,NB_14,NB,BB,22.0,Male,Right handed,Normal,1
sub24_NB,1,15.0,28,NB_15,NB,BB,22.0,Male,Right handed,Normal,1
sub24_NB,1,16.0,35,NB_16,NB,EM,22.0,Male,Right handed,Normal,1
sub24_NB,1,17.0,24,NB_17,NB,BB,22.0,Male,Right handed,Normal,1
sub24_NB,1,19.0,37,NB_19,NB,BB,22.0,Male,Right handed,Normal,1
sub24_NB,1,20.0,34,NB_20,NB,EM,22.0,Male,Right handed,Normal,1
sub24_NB,1,21.0,39,NB_21,NB,BB,22.0,Male,Right handed,Normal,1
sub24_NB,1,22.0,34,NB_22,NB,EM,22.0,Male,Right handed,Normal,1
sub24_NB,1,23.0,24,NB_23,NB,EM,22.0,Male,Right handed,Normal,1
sub24_NB,1,24.0,25,NB_24,NB,BB,22.0,Male,Right handed,Normal,1
sub24_NB,1,25.0,40,NB_25,NB,BB,22.0,Male,Right handed,Normal,1
sub24_NB,1,26.0,35,NB_26,NB,EM,22.0,Male,Right handed,Normal,1
sub24_NB,1,27.0,50,NB_27,NB,BB,22.0,Male,Right handed,Normal,1
sub24_NB,1,29.0,30,NB_29,NB,BB,22.0,Male,Right handed,Normal,1
sub24_NB,1,30.0,36,NB_30,NB,EM,22.0,Male,Right handed,Normal,1
sub24_NB,1,31.0,42,NB_31,NB,EM,22.0,Male,Right handed,Normal,1
sub24_NB,1,32.0,32,NB_32,NB,EM,22.0,Male,Right handed,Normal,1
sub24_NB,1,33.0,56,NB_33,NB,BB,22.0,Male,Right handed,Normal,1
sub24_NB,1,34.0,33,NB_34,NB,BB,22.0,Male,Right handed,Normal,1
sub24_NB,1,35.0,44,NB_35,NB,EM,22.0,Male,Right handed,Normal,1
sub24_NB,0,36.0,18,NB_36,NB,BB,22.0,Male,Right handed,Normal,0
sub24_NB,1,38.0,20,NB_38,NB,EM,22.0,Male,Right handed,Normal,1
sub24_NB,1,39.0,48,NB_39,NB,BB,22.0,Male,Right handed,Normal,1
sub24_NB,1,40.0,49,NB_40,NB,EM,22.0,Male,Right handed,Normal,1
sub25_AB,1,1.0,17,AB_1,AB,EM,20.0,Male,Right handed,Corrected to normal,1
sub25_AB,1,2.0,31,AB_2,AB,BB,20.0,Male,Right handed,Corrected to normal,1
sub25_AB,1,4.0,32,AB_4,AB,EM,20.0,Male,Right handed,Corrected to normal,1
sub25_AB,1,5.0,33,AB_5,AB,EM,20.0,Male,Right handed,Corrected to normal,1
sub25_AB,1,6.0,31,AB_6,AB,BB,20.0,Male,Right handed,Corrected to normal,1
sub25_AB,1,8.0,24,AB_8,AB,BB,20.0,Male,Right handed,Corrected to normal,1
sub25_AB,1,9.0,19,AB_9,AB,EM,20.0,Male,Right handed,Corrected to normal,1
sub25_AB,1,10.0,39,AB_10,AB,BB,20.0,Male,Right handed,Corrected to normal,1
sub25_AB,1,11.0,29,AB_11,AB,EM,20.0,Male,Right handed,Corrected to normal,1
sub25_AB,1,12.0,47,AB_12,AB,EM,20.0,Male,Right handed,Corrected to normal,1
sub25_AB,0,13.0,33,AB_13,AB,BB,20.0,Male,Right handed,Corrected to normal,0
sub25_AB,1,14.0,22,AB_14,AB,BB,20.0,Male,Right handed,Corrected to normal,1
sub25_AB,1,15.0,29,AB_15,AB,BB,20.0,Male,Right handed,Corrected to normal,1
sub25_AB,1,16.0,34,AB_16,AB,EM,20.0,Male,Right handed,Corrected to normal,1
sub25_AB,1,17.0,27,AB_17,AB,BB,20.0,Male,Right handed,Corrected to normal,1
sub25_AB,0,19.0,36,AB_19,AB,BB,20.0,Male,Right handed,Corrected to normal,0
sub25_AB,1,20.0,35,AB_20,AB,EM,20.0,Male,Right handed,Corrected to normal,1
sub25_AB,1,21.0,39,AB_21,AB,BB,20.0,Male,Right handed,Corrected to normal,1
sub25_AB,0,22.0,34,AB_22,AB,EM,20.0,Male,Right handed,Corrected to normal,0
sub25_AB,1,23.0,24,AB_23,AB,EM,20.0,Male,Right handed,Corrected to normal,1
sub25_AB,1,24.0,24,AB_24,AB,BB,20.0,Male,Right handed,Corrected to normal,1
sub25_AB,1,25.0,41,AB_25,AB,BB,20.0,Male,Right handed,Corrected to normal,1
sub25_AB,1,26.0,35,AB_26,AB,EM,20.0,Male,Right handed,Corrected to normal,1
sub25_AB,1,27.0,50,AB_27,AB,BB,20.0,Male,Right handed,Corrected to normal,1
sub25_AB,1,29.0,29,AB_29,AB,BB,20.0,Male,Right handed,Corrected to normal,1
sub25_AB,1,30.0,36,AB_30,AB,EM,20.0,Male,Right handed,Corrected to normal,1
sub25_AB,1,31.0,41,AB_31,AB,EM,20.0,Male,Right handed,Corrected to normal,1
sub25_AB,1,32.0,31,AB_32,AB,EM,20.0,Male,Right handed,Corrected to normal,1
sub25_AB,1,33.0,57,AB_33,AB,BB,20.0,Male,Right handed,Corrected to normal,1
sub25_AB,1,34.0,32,AB_34,AB,BB,20.0,Male,Right handed,Corrected to normal,1
sub25_AB,1,35.0,42,AB_35,AB,EM,20.0,Male,Right handed,Corrected to normal,1
sub25_AB,1,36.0,19,AB_36,AB,BB,20.0,Male,Right handed,Corrected to normal,1
sub25_AB,0,38.0,20,AB_38,AB,EM,20.0,Male,Right handed,Corrected to normal,0
sub25_AB,1,39.0,44,AB_39,AB,BB,20.0,Male,Right handed,Corrected to normal,1
sub25_AB,1,40.0,49,AB_40,AB,EM,20.0,Male,Right handed,Corrected to normal,1
sub26_AB,1,1.0,17,AB_1,AB,EM,23.0,Female,Right handed,Normal,1
sub26_AB,1,2.0,31,AB_2,AB,BB,23.0,Female,Right handed,Normal,1
sub26_AB,1,4.0,32,AB_4,AB,EM,23.0,Female,Right handed,Normal,1
sub26_AB,1,5.0,33,AB_5,AB,EM,23.0,Female,Right handed,Normal,1
sub26_AB,1,6.0,31,AB_6,AB,BB,23.0,Female,Right handed,Normal,1
sub26_AB,0,8.0,24,AB_8,AB,BB,23.0,Female,Right handed,Normal,0
sub26_AB,1,9.0,19,AB_9,AB,EM,23.0,Female,Right handed,Normal,1
sub26_AB,1,10.0,39,AB_10,AB,BB,23.0,Female,Right handed,Normal,1
sub26_AB,1,11.0,29,AB_11,AB,EM,23.0,Female,Right handed,Normal,1
sub26_AB,1,12.0,47,AB_12,AB,EM,23.0,Female,Right handed,Normal,1
sub26_AB,0,13.0,33,AB_13,AB,BB,23.0,Female,Right handed,Normal,0
sub26_AB,1,14.0,22,AB_14,AB,BB,23.0,Female,Right handed,Normal,1
sub26_AB,1,15.0,29,AB_15,AB,BB,23.0,Female,Right handed,Normal,1
sub26_AB,0,16.0,34,AB_16,AB,EM,23.0,Female,Right handed,Normal,0
sub26_AB,1,17.0,27,AB_17,AB,BB,23.0,Female,Right handed,Normal,1
sub26_AB,1,19.0,36,AB_19,AB,BB,23.0,Female,Right handed,Normal,1
sub26_AB,1,20.0,35,AB_20,AB,EM,23.0,Female,Right handed,Normal,1
sub26_AB,1,21.0,39,AB_21,AB,BB,23.0,Female,Right handed,Normal,1
sub26_AB,1,22.0,34,AB_22,AB,EM,23.0,Female,Right handed,Normal,1
sub26_AB,1,23.0,24,AB_23,AB,EM,23.0,Female,Right handed,Normal,1
sub26_AB,1,24.0,24,AB_24,AB,BB,23.0,Female,Right handed,Normal,1
sub26_AB,1,25.0,41,AB_25,AB,BB,23.0,Female,Right handed,Normal,1
sub26_AB,1,26.0,35,AB_26,AB,EM,23.0,Female,Right handed,Normal,1
sub26_AB,1,27.0,50,AB_27,AB,BB,23.0,Female,Right handed,Normal,1
sub26_AB,1,29.0,29,AB_29,AB,BB,23.0,Female,Right handed,Normal,1
sub26_AB,1,30.0,36,AB_30,AB,EM,23.0,Female,Right handed,Normal,1
sub26_AB,1,31.0,41,AB_31,AB,EM,23.0,Female,Right handed,Normal,1
sub26_AB,1,32.0,31,AB_32,AB,EM,23.0,Female,Right handed,Normal,1
sub26_AB,1,33.0,57,AB_33,AB,BB,23.0,Female,Right handed,Normal,1
sub26_AB,1,34.0,32,AB_34,AB,BB,23.0,Female,Right handed,Normal,1
sub26_AB,1,35.0,42,AB_35,AB,EM,23.0,Female,Right handed,Normal,1
sub26_AB,1,36.0,19,AB_36,AB,BB,23.0,Female,Right handed,Normal,1
sub26_AB,1,38.0,20,AB_38,AB,EM,23.0,Female,Right handed,Normal,1
sub26_AB,1,39.0,44,AB_39,AB,BB,23.0,Female,Right handed,Normal,1
sub26_AB,1,40.0,49,AB_40,AB,EM,23.0,Female,Right handed,Normal,1
sub27_AB,1,1.0,17,AB_1,AB,EM,21.0,Female,Right handed,Normal,1
sub27_AB,1,2.0,31,AB_2,AB,BB,21.0,Female,Right handed,Normal,1
sub27_AB,0,4.0,32,AB_4,AB,EM,21.0,Female,Right handed,Normal,0
sub27_AB,1,5.0,33,AB_5,AB,EM,21.0,Female,Right handed,Normal,1
sub27_AB,1,6.0,31,AB_6,AB,BB,21.0,Female,Right handed,Normal,1
sub27_AB,1,8.0,24,AB_8,AB,BB,21.0,Female,Right handed,Normal,1
sub27_AB,1,9.0,19,AB_9,AB,EM,21.0,Female,Right handed,Normal,1
sub27_AB,1,10.0,39,AB_10,AB,BB,21.0,Female,Right handed,Normal,1
sub27_AB,1,11.0,29,AB_11,AB,EM,21.0,Female,Right handed,Normal,1
sub27_AB,1,12.0,47,AB_12,AB,EM,21.0,Female,Right handed,Normal,1
sub27_AB,1,13.0,33,AB_13,AB,BB,21.0,Female,Right handed,Normal,1
sub27_AB,1,14.0,22,AB_14,AB,BB,21.0,Female,Right handed,Normal,1
sub27_AB,1,15.0,29,AB_15,AB,BB,21.0,Female,Right handed,Normal,1
sub27_AB,1,16.0,34,AB_16,AB,EM,21.0,Female,Right handed,Normal,1
sub27_AB,1,17.0,27,AB_17,AB,BB,21.0,Female,Right handed,Normal,1
sub27_AB,0,19.0,36,AB_19,AB,BB,21.0,Female,Right handed,Normal,0
sub27_AB,1,20.0,35,AB_20,AB,EM,21.0,Female,Right handed,Normal,1
sub27_AB,1,21.0,39,AB_21,AB,BB,21.0,Female,Right handed,Normal,1
sub27_AB,1,22.0,34,AB_22,AB,EM,21.0,Female,Right handed,Normal,1
sub27_AB,1,23.0,24,AB_23,AB,EM,21.0,Female,Right handed,Normal,1
sub27_AB,1,24.0,24,AB_24,AB,BB,21.0,Female,Right handed,Normal,1
sub27_AB,1,25.0,41,AB_25,AB,BB,21.0,Female,Right handed,Normal,1
sub27_AB,1,26.0,35,AB_26,AB,EM,21.0,Female,Right handed,Normal,1
sub27_AB,1,27.0,50,AB_27,AB,BB,21.0,Female,Right handed,Normal,1
sub27_AB,1,29.0,29,AB_29,AB,BB,21.0,Female,Right handed,Normal,1
sub27_AB,1,30.0,36,AB_30,AB,EM,21.0,Female,Right handed,Normal,1
sub27_AB,1,31.0,41,AB_31,AB,EM,21.0,Female,Right handed,Normal,1
sub27_AB,1,32.0,31,AB_32,AB,EM,21.0,Female,Right handed,Normal,1
sub27_AB,1,33.0,57,AB_33,AB,BB,21.0,Female,Right handed,Normal,1
sub27_AB,1,34.0,32,AB_34,AB,BB,21.0,Female,Right handed,Normal,1
sub27_AB,1,35.0,42,AB_35,AB,EM,21.0,Female,Right handed,Normal,1
sub27_AB,1,36.0,19,AB_36,AB,BB,21.0,Female,Right handed,Normal,1
sub27_AB,1,38.0,20,AB_38,AB,EM,21.0,Female,Right handed,Normal,1
sub27_AB,0,39.0,44,AB_39,AB,BB,21.0,Female,Right handed,Normal,0
sub27_AB,1,40.0,49,AB_40,AB,EM,21.0,Female,Right handed,Normal,1
sub28_AB,1,1.0,17,AB_1,AB,EM,20.0,Female,Right handed,Corrected to normal,1
sub28_AB,1,2.0,31,AB_2,AB,BB,20.0,Female,Right handed,Corrected to normal,1
sub28_AB,0,4.0,32,AB_4,AB,EM,20.0,Female,Right handed,Corrected to normal,0
sub28_AB,1,5.0,33,AB_5,AB,EM,20.0,Female,Right handed,Corrected to normal,1
sub28_AB,1,6.0,31,AB_6,AB,BB,20.0,Female,Right handed,Corrected to normal,1
sub28_AB,0,8.0,24,AB_8,AB,BB,20.0,Female,Right handed,Corrected to normal,0
sub28_AB,1,9.0,19,AB_9,AB,EM,20.0,Female,Right handed,Corrected to normal,1
sub28_AB,1,10.0,39,AB_10,AB,BB,20.0,Female,Right handed,Corrected to normal,1
sub28_AB,1,11.0,29,AB_11,AB,EM,20.0,Female,Right handed,Corrected to normal,1
sub28_AB,1,12.0,47,AB_12,AB,EM,20.0,Female,Right handed,Corrected to normal,1
sub28_AB,1,13.0,33,AB_13,AB,BB,20.0,Female,Right handed,Corrected to normal,1
sub28_AB,1,14.0,22,AB_14,AB,BB,20.0,Female,Right handed,Corrected to normal,1
sub28_AB,1,15.0,29,AB_15,AB,BB,20.0,Female,Right handed,Corrected to normal,1
sub28_AB,1,16.0,34,AB_16,AB,EM,20.0,Female,Right handed,Corrected to normal,1
sub28_AB,1,17.0,27,AB_17,AB,BB,20.0,Female,Right handed,Corrected to normal,1
sub28_AB,1,19.0,36,AB_19,AB,BB,20.0,Female,Right handed,Corrected to normal,1
sub28_AB,1,20.0,35,AB_20,AB,EM,20.0,Female,Right handed,Corrected to normal,1
sub28_AB,1,21.0,39,AB_21,AB,BB,20.0,Female,Right handed,Corrected to normal,1
sub28_AB,1,22.0,34,AB_22,AB,EM,20.0,Female,Right handed,Corrected to normal,1
sub28_AB,1,23.0,24,AB_23,AB,EM,20.0,Female,Right handed,Corrected to normal,1
sub28_AB,1,24.0,24,AB_24,AB,BB,20.0,Female,Right handed,Corrected to normal,1
sub28_AB,1,25.0,41,AB_25,AB,BB,20.0,Female,Right handed,Corrected to normal,1
sub28_AB,1,26.0,35,AB_26,AB,EM,20.0,Female,Right handed,Corrected to normal,1
sub28_AB,1,27.0,50,AB_27,AB,BB,20.0,Female,Right handed,Corrected to normal,1
sub28_AB,1,29.0,29,AB_29,AB,BB,20.0,Female,Right handed,Corrected to normal,1
sub28_AB,1,30.0,36,AB_30,AB,EM,20.0,Female,Right handed,Corrected to normal,1
sub28_AB,1,31.0,41,AB_31,AB,EM,20.0,Female,Right handed,Corrected to normal,1
sub28_AB,1,32.0,31,AB_32,AB,EM,20.0,Female,Right handed,Corrected to normal,1
sub28_AB,1,33.0,57,AB_33,AB,BB,20.0,Female,Right handed,Corrected to normal,1
sub28_AB,1,34.0,32,AB_34,AB,BB,20.0,Female,Right handed,Corrected to normal,1
sub28_AB,1,35.0,42,AB_35,AB,EM,20.0,Female,Right handed,Corrected to normal,1
sub28_AB,1,36.0,19,AB_36,AB,BB,20.0,Female,Right handed,Corrected to normal,1
sub28_AB,1,38.0,20,AB_38,AB,EM,20.0,Female,Right handed,Corrected to normal,1
sub28_AB,1,39.0,44,AB_39,AB,BB,20.0,Female,Right handed,Corrected to normal,1
sub28_AB,1,40.0,49,AB_40,AB,EM,20.0,Female,Right handed,Corrected to normal,1
sub29_AB,1,1.0,17,AB_1,AB,EM,22.0,Male,Right handed,Normal,1
sub29_AB,1,2.0,31,AB_2,AB,BB,22.0,Male,Right handed,Normal,1
sub29_AB,1,4.0,32,AB_4,AB,EM,22.0,Male,Right handed,Normal,1
sub29_AB,0,5.0,33,AB_5,AB,EM,22.0,Male,Right handed,Normal,0
sub29_AB,1,6.0,31,AB_6,AB,BB,22.0,Male,Right handed,Normal,1
sub29_AB,1,8.0,24,AB_8,AB,BB,22.0,Male,Right handed,Normal,1
sub29_AB,1,9.0,19,AB_9,AB,EM,22.0,Male,Right handed,Normal,1
sub29_AB,1,10.0,39,AB_10,AB,BB,22.0,Male,Right handed,Normal,1
sub29_AB,1,11.0,29,AB_11,AB,EM,22.0,Male,Right handed,Normal,1
sub29_AB,1,12.0,47,AB_12,AB,EM,22.0,Male,Right handed,Normal,1
sub29_AB,0,13.0,33,AB_13,AB,BB,22.0,Male,Right handed,Normal,0
sub29_AB,1,14.0,22,AB_14,AB,BB,22.0,Male,Right handed,Normal,1
sub29_AB,0,15.0,29,AB_15,AB,BB,22.0,Male,Right handed,Normal,0
sub29_AB,1,16.0,34,AB_16,AB,EM,22.0,Male,Right handed,Normal,1
sub29_AB,0,17.0,27,AB_17,AB,BB,22.0,Male,Right handed,Normal,0
sub29_AB,1,19.0,36,AB_19,AB,BB,22.0,Male,Right handed,Normal,1
sub29_AB,1,20.0,35,AB_20,AB,EM,22.0,Male,Right handed,Normal,1
sub29_AB,1,21.0,39,AB_21,AB,BB,22.0,Male,Right handed,Normal,1
sub29_AB,1,22.0,34,AB_22,AB,EM,22.0,Male,Right handed,Normal,1
sub29_AB,1,23.0,24,AB_23,AB,EM,22.0,Male,Right handed,Normal,1
sub29_AB,1,24.0,24,AB_24,AB,BB,22.0,Male,Right handed,Normal,1
sub29_AB,1,25.0,41,AB_25,AB,BB,22.0,Male,Right handed,Normal,1
sub29_AB,1,26.0,35,AB_26,AB,EM,22.0,Male,Right handed,Normal,1
sub29_AB,1,27.0,50,AB_27,AB,BB,22.0,Male,Right handed,Normal,1
sub29_AB,1,29.0,29,AB_29,AB,BB,22.0,Male,Right handed,Normal,1
sub29_AB,1,30.0,36,AB_30,AB,EM,22.0,Male,Right handed,Normal,1
sub29_AB,1,31.0,41,AB_31,AB,EM,22.0,Male,Right handed,Normal,1
sub29_AB,1,32.0,31,AB_32,AB,EM,22.0,Male,Right handed,Normal,1
sub29_AB,1,33.0,57,AB_33,AB,BB,22.0,Male,Right handed,Normal,1
sub29_AB,1,34.0,32,AB_34,AB,BB,22.0,Male,Right handed,Normal,1
sub29_AB,1,35.0,42,AB_35,AB,EM,22.0,Male,Right handed,Normal,1
sub29_AB,0,36.0,19,AB_36,AB,BB,22.0,Male,Right handed,Normal,0
sub29_AB,1,38.0,20,AB_38,AB,EM,22.0,Male,Right handed,Normal,1
sub29_AB,0,39.0,44,AB_39,AB,BB,22.0,Male,Right handed,Normal,0
sub29_AB,1,40.0,49,AB_40,AB,EM,22.0,Male,Right handed,Normal,1
sub30_AB,1,1.0,17,AB_1,AB,EM,20.0,Male,Right handed,Normal,1
sub30_AB,1,2.0,31,AB_2,AB,BB,20.0,Male,Right handed,Normal,1
sub30_AB,1,4.0,32,AB_4,AB,EM,20.0,Male,Right handed,Normal,1
sub30_AB,1,5.0,33,AB_5,AB,EM,20.0,Male,Right handed,Normal,1
sub30_AB,1,6.0,31,AB_6,AB,BB,20.0,Male,Right handed,Normal,1
sub30_AB,0,8.0,24,AB_8,AB,BB,20.0,Male,Right handed,Normal,0
sub30_AB,1,9.0,19,AB_9,AB,EM,20.0,Male,Right handed,Normal,1
sub30_AB,0,10.0,39,AB_10,AB,BB,20.0,Male,Right handed,Normal,0
sub30_AB,1,11.0,29,AB_11,AB,EM,20.0,Male,Right handed,Normal,1
sub30_AB,1,12.0,47,AB_12,AB,EM,20.0,Male,Right handed,Normal,1
sub30_AB,1,13.0,33,AB_13,AB,BB,20.0,Male,Right handed,Normal,1
sub30_AB,1,14.0,22,AB_14,AB,BB,20.0,Male,Right handed,Normal,1
sub30_AB,1,15.0,29,AB_15,AB,BB,20.0,Male,Right handed,Normal,1
sub30_AB,0,16.0,34,AB_16,AB,EM,20.0,Male,Right handed,Normal,0
sub30_AB,1,17.0,27,AB_17,AB,BB,20.0,Male,Right handed,Normal,1
sub30_AB,0,19.0,36,AB_19,AB,BB,20.0,Male,Right handed,Normal,0
sub30_AB,0,20.0,35,AB_20,AB,EM,20.0,Male,Right handed,Normal,0
sub30_AB,1,21.0,39,AB_21,AB,BB,20.0,Male,Right handed,Normal,1
sub30_AB,1,22.0,34,AB_22,AB,EM,20.0,Male,Right handed,Normal,1
sub30_AB,1,23.0,24,AB_23,AB,EM,20.0,Male,Right handed,Normal,1
sub30_AB,1,24.0,24,AB_24,AB,BB,20.0,Male,Right handed,Normal,1
sub30_AB,1,25.0,41,AB_25,AB,BB,20.0,Male,Right handed,Normal,1
sub30_AB,1,26.0,35,AB_26,AB,EM,20.0,Male,Right handed,Normal,1
sub30_AB,1,27.0,50,AB_27,AB,BB,20.0,Male,Right handed,Normal,1
sub30_AB,1,29.0,29,AB_29,AB,BB,20.0,Male,Right handed,Normal,1
sub30_AB,0,30.0,36,AB_30,AB,EM,20.0,Male,Right handed,Normal,0
sub30_AB,1,31.0,41,AB_31,AB,EM,20.0,Male,Right handed,Normal,1
sub30_AB,1,32.0,31,AB_32,AB,EM,20.0,Male,Right handed,Normal,1
sub30_AB,1,33.0,57,AB_33,AB,BB,20.0,Male,Right handed,Normal,1
sub30_AB,0,34.0,32,AB_34,AB,BB,20.0,Male,Right handed,Normal,0
sub30_AB,1,35.0,42,AB_35,AB,EM,20.0,Male,Right handed,Normal,1
sub30_AB,1,36.0,19,AB_36,AB,BB,20.0,Male,Right handed,Normal,1
sub30_AB,1,38.0,20,AB_38,AB,EM,20.0,Male,Right handed,Normal,1
sub30_AB,0,39.0,44,AB_39,AB,BB,20.0,Male,Right handed,Normal,0
sub30_AB,1,40.0,49,AB_40,AB,EM,20.0,Male,Right handed,Normal,1
sub31_AB,1,1.0,17,AB_1,AB,EM,24.0,Male,Right handed,Normal,1
sub31_AB,1,2.0,31,AB_2,AB,BB,24.0,Male,Right handed,Normal,1
sub31_AB,1,4.0,32,AB_4,AB,EM,24.0,Male,Right handed,Normal,1
sub31_AB,1,5.0,33,AB_5,AB,EM,24.0,Male,Right handed,Normal,1
sub31_AB,1,6.0,31,AB_6,AB,BB,24.0,Male,Right handed,Normal,1
sub31_AB,0,8.0,24,AB_8,AB,BB,24.0,Male,Right handed,Normal,0
sub31_AB,1,9.0,19,AB_9,AB,EM,24.0,Male,Right handed,Normal,1
sub31_AB,1,10.0,39,AB_10,AB,BB,24.0,Male,Right handed,Normal,1
sub31_AB,1,11.0,29,AB_11,AB,EM,24.0,Male,Right handed,Normal,1
sub31_AB,0,12.0,47,AB_12,AB,EM,24.0,Male,Right handed,Normal,0
sub31_AB,1,13.0,33,AB_13,AB,BB,24.0,Male,Right handed,Normal,1
sub31_AB,1,14.0,22,AB_14,AB,BB,24.0,Male,Right handed,Normal,1
sub31_AB,1,15.0,29,AB_15,AB,BB,24.0,Male,Right handed,Normal,1
sub31_AB,0,16.0,34,AB_16,AB,EM,24.0,Male,Right handed,Normal,0
sub31_AB,1,17.0,27,AB_17,AB,BB,24.0,Male,Right handed,Normal,1
sub31_AB,0,19.0,36,AB_19,AB,BB,24.0,Male,Right handed,Normal,0
sub31_AB,1,20.0,35,AB_20,AB,EM,24.0,Male,Right handed,Normal,1
sub31_AB,1,21.0,39,AB_21,AB,BB,24.0,Male,Right handed,Normal,1
sub31_AB,1,22.0,34,AB_22,AB,EM,24.0,Male,Right handed,Normal,1
sub31_AB,1,23.0,24,AB_23,AB,EM,24.0,Male,Right handed,Normal,1
sub31_AB,1,24.0,24,AB_24,AB,BB,24.0,Male,Right handed,Normal,1
sub31_AB,0,25.0,41,AB_25,AB,BB,24.0,Male,Right handed,Normal,0
sub31_AB,1,26.0,35,AB_26,AB,EM,24.0,Male,Right handed,Normal,1
sub31_AB,1,27.0,50,AB_27,AB,BB,24.0,Male,Right handed,Normal,1
sub31_AB,1,29.0,29,AB_29,AB,BB,24.0,Male,Right handed,Normal,1
sub31_AB,1,30.0,36,AB_30,AB,EM,24.0,Male,Right handed,Normal,1
sub31_AB,1,31.0,41,AB_31,AB,EM,24.0,Male,Right handed,Normal,1
sub31_AB,1,32.0,31,AB_32,AB,EM,24.0,Male,Right handed,Normal,1
sub31_AB,1,33.0,57,AB_33,AB,BB,24.0,Male,Right handed,Normal,1
sub31_AB,1,34.0,32,AB_34,AB,BB,24.0,Male,Right handed,Normal,1
sub31_AB,1,35.0,42,AB_35,AB,EM,24.0,Male,Right handed,Normal,1
sub31_AB,1,36.0,19,AB_36,AB,BB,24.0,Male,Right handed,Normal,1
sub31_AB,1,38.0,20,AB_38,AB,EM,24.0,Male,Right handed,Normal,1
sub31_AB,1,39.0,44,AB_39,AB,BB,24.0,Male,Right handed,Normal,1
sub31_AB,1,40.0,49,AB_40,AB,EM,24.0,Male,Right handed,Normal,1
sub32_AB,1,1.0,17,AB_1,AB,EM,19.0,Female,Right handed,Corrected to normal,1
sub32_AB,1,2.0,31,AB_2,AB,BB,19.0,Female,Right handed,Corrected to normal,1
sub32_AB,0,4.0,32,AB_4,AB,EM,19.0,Female,Right handed,Corrected to normal,0
sub32_AB,0,5.0,33,AB_5,AB,EM,19.0,Female,Right handed,Corrected to normal,0
sub32_AB,1,6.0,31,AB_6,AB,BB,19.0,Female,Right handed,Corrected to normal,1
sub32_AB,1,8.0,24,AB_8,AB,BB,19.0,Female,Right handed,Corrected to normal,1
sub32_AB,1,9.0,19,AB_9,AB,EM,19.0,Female,Right handed,Corrected to normal,1
sub32_AB,1,10.0,39,AB_10,AB,BB,19.0,Female,Right handed,Corrected to normal,1
sub32_AB,1,11.0,29,AB_11,AB,EM,19.0,Female,Right handed,Corrected to normal,1
sub32_AB,1,12.0,47,AB_12,AB,EM,19.0,Female,Right handed,Corrected to normal,1
sub32_AB,1,13.0,33,AB_13,AB,BB,19.0,Female,Right handed,Corrected to normal,1
sub32_AB,1,14.0,22,AB_14,AB,BB,19.0,Female,Right handed,Corrected to normal,1
sub32_AB,1,15.0,29,AB_15,AB,BB,19.0,Female,Right handed,Corrected to normal,1
sub32_AB,1,16.0,34,AB_16,AB,EM,19.0,Female,Right handed,Corrected to normal,1
sub32_AB,1,17.0,27,AB_17,AB,BB,19.0,Female,Right handed,Corrected to normal,1
sub32_AB,0,19.0,36,AB_19,AB,BB,19.0,Female,Right handed,Corrected to normal,0
sub32_AB,1,20.0,35,AB_20,AB,EM,19.0,Female,Right handed,Corrected to normal,1
sub32_AB,1,21.0,39,AB_21,AB,BB,19.0,Female,Right handed,Corrected to normal,1
sub32_AB,1,22.0,34,AB_22,AB,EM,19.0,Female,Right handed,Corrected to normal,1
sub32_AB,1,23.0,24,AB_23,AB,EM,19.0,Female,Right handed,Corrected to normal,1
sub32_AB,1,24.0,24,AB_24,AB,BB,19.0,Female,Right handed,Corrected to normal,1
sub32_AB,1,25.0,41,AB_25,AB,BB,19.0,Female,Right handed,Corrected to normal,1
sub32_AB,1,26.0,35,AB_26,AB,EM,19.0,Female,Right handed,Corrected to normal,1
sub32_AB,1,27.0,50,AB_27,AB,BB,19.0,Female,Right handed,Corrected to normal,1
sub32_AB,1,29.0,29,AB_29,AB,BB,19.0,Female,Right handed,Corrected to normal,1
sub32_AB,1,30.0,36,AB_30,AB,EM,19.0,Female,Right handed,Corrected to normal,1
sub32_AB,1,31.0,41,AB_31,AB,EM,19.0,Female,Right handed,Corrected to normal,1
sub32_AB,1,32.0,31,AB_32,AB,EM,19.0,Female,Right handed,Corrected to normal,1
sub32_AB,1,33.0,57,AB_33,AB,BB,19.0,Female,Right handed,Corrected to normal,1
sub32_AB,1,34.0,32,AB_34,AB,BB,19.0,Female,Right handed,Corrected to normal,1
sub32_AB,1,35.0,42,AB_35,AB,EM,19.0,Female,Right handed,Corrected to normal,1
sub32_AB,1,36.0,19,AB_36,AB,BB,19.0,Female,Right handed,Corrected to normal,1
sub32_AB,1,38.0,20,AB_38,AB,EM,19.0,Female,Right handed,Corrected to normal,1
sub32_AB,1,39.0,44,AB_39,AB,BB,19.0,Female,Right handed,Corrected to normal,1
sub32_AB,1,40.0,49,AB_40,AB,EM,19.0,Female,Right handed,Corrected to normal,1
sub33_AB,1,1.0,17,AB_1,AB,EM,23.0,Male,Right handed,Normal,1
sub33_AB,1,2.0,31,AB_2,AB,BB,23.0,Male,Right handed,Normal,1
sub33_AB,0,4.0,32,AB_4,AB,EM,23.0,Male,Right handed,Normal,0
sub33_AB,1,5.0,33,AB_5,AB,EM,23.0,Male,Right handed,Normal,1
sub33_AB,1,6.0,31,AB_6,AB,BB,23.0,Male,Right handed,Normal,1
sub33_AB,1,8.0,24,AB_8,AB,BB,23.0,Male,Right handed,Normal,1
sub33_AB,1,9.0,19,AB_9,AB,EM,23.0,Male,Right handed,Normal,1
sub33_AB,1,10.0,39,AB_10,AB,BB,23.0,Male,Right handed,Normal,1
sub33_AB,1,11.0,29,AB_11,AB,EM,23.0,Male,Right handed,Normal,1
sub33_AB,1,12.0,47,AB_12,AB,EM,23.0,Male,Right handed,Normal,1
sub33_AB,1,13.0,33,AB_13,AB,BB,23.0,Male,Right handed,Normal,1
sub33_AB,1,14.0,22,AB_14,AB,BB,23.0,Male,Right handed,Normal,1
sub33_AB,0,15.0,29,AB_15,AB,BB,23.0,Male,Right handed,Normal,0
sub33_AB,0,16.0,34,AB_16,AB,EM,23.0,Male,Right handed,Normal,0
sub33_AB,1,17.0,27,AB_17,AB,BB,23.0,Male,Right handed,Normal,1
sub33_AB,0,19.0,36,AB_19,AB,BB,23.0,Male,Right handed,Normal,0
sub33_AB,1,20.0,35,AB_20,AB,EM,23.0,Male,Right handed,Normal,1
sub33_AB,1,21.0,39,AB_21,AB,BB,23.0,Male,Right handed,Normal,1
sub33_AB,1,22.0,34,AB_22,AB,EM,23.0,Male,Right handed,Normal,1
sub33_AB,1,23.0,24,AB_23,AB,EM,23.0,Male,Right handed,Normal,1
sub33_AB,1,24.0,24,AB_24,AB,BB,23.0,Male,Right handed,Normal,1
sub33_AB,1,25.0,41,AB_25,AB,BB,23.0,Male,Right handed,Normal,1
sub33_AB,1,26.0,35,AB_26,AB,EM,23.0,Male,Right handed,Normal,1
sub33_AB,1,27.0,50,AB_27,AB,BB,23.0,Male,Right handed,Normal,1
sub33_AB,1,29.0,29,AB_29,AB,BB,23.0,Male,Right handed,Normal,1
sub33_AB,1,30.0,36,AB_30,AB,EM,23.0,Male,Right handed,Normal,1
sub33_AB,1,31.0,41,AB_31,AB,EM,23.0,Male,Right handed,Normal,1
sub33_AB,1,32.0,31,AB_32,AB,EM,23.0,Male,Right handed,Normal,1
sub33_AB,1,33.0,57,AB_33,AB,BB,23.0,Male,Right handed,Normal,1
sub33_AB,1,34.0,32,AB_34,AB,BB,23.0,Male,Right handed,Normal,1
sub33_AB,1,35.0,42,AB_35,AB,EM,23.0,Male,Right handed,Normal,1
sub33_AB,0,36.0,19,AB_36,AB,BB,23.0,Male,Right handed,Normal,0
sub33_AB,0,38.0,20,AB_38,AB,EM,23.0,Male,Right handed,Normal,0
sub33_AB,1,39.0,44,AB_39,AB,BB,23.0,Male,Right handed,Normal,1
sub33_AB,1,40.0,49,AB_40,AB,EM,23.0,Male,Right handed,Normal,1
sub34_AB,1,1.0,17,AB_1,AB,EM,22.0,Female,Right handed,Corrected to normal,1
sub34_AB,1,2.0,31,AB_2,AB,BB,22.0,Female,Right handed,Corrected to normal,1
sub34_AB,0,4.0,32,AB_4,AB,EM,22.0,Female,Right handed,Corrected to normal,0
sub34_AB,1,5.0,33,AB_5,AB,EM,22.0,Female,Right handed,Corrected to normal,1
sub34_AB,0,6.0,31,AB_6,AB,BB,22.0,Female,Right handed,Corrected to normal,0
sub34_AB,1,8.0,24,AB_8,AB,BB,22.0,Female,Right handed,Corrected to normal,1
sub34_AB,1,9.0,19,AB_9,AB,EM,22.0,Female,Right handed,Corrected to normal,1
sub34_AB,1,10.0,39,AB_10,AB,BB,22.0,Female,Right handed,Corrected to normal,1
sub34_AB,1,11.0,29,AB_11,AB,EM,22.0,Female,Right handed,Corrected to normal,1
sub34_AB,1,12.0,47,AB_12,AB,EM,22.0,Female,Right handed,Corrected to normal,1
sub34_AB,1,13.0,33,AB_13,AB,BB,22.0,Female,Right handed,Corrected to normal,1
sub34_AB,1,14.0,22,AB_14,AB,BB,22.0,Female,Right handed,Corrected to normal,1
sub34_AB,1,15.0,29,AB_15,AB,BB,22.0,Female,Right handed,Corrected to normal,1
sub34_AB,0,16.0,34,AB_16,AB,EM,22.0,Female,Right handed,Corrected to normal,0
sub34_AB,1,17.0,27,AB_17,AB,BB,22.0,Female,Right handed,Corrected to normal,1
sub34_AB,1,19.0,36,AB_19,AB,BB,22.0,Female,Right handed,Corrected to normal,1
sub34_AB,1,20.0,35,AB_20,AB,EM,22.0,Female,Right handed,Corrected to normal,1
sub34_AB,1,21.0,39,AB_21,AB,BB,22.0,Female,Right handed,Corrected to normal,1
sub34_AB,1,22.0,34,AB_22,AB,EM,22.0,Female,Right handed,Corrected to normal,1
sub34_AB,0,23.0,24,AB_23,AB,EM,22.0,Female,Right handed,Corrected to normal,0
sub34_AB,1,24.0,24,AB_24,AB,BB,22.0,Female,Right handed,Corrected to normal,1
sub34_AB,1,25.0,41,AB_25,AB,BB,22.0,Female,Right handed,Corrected to normal,1
sub34_AB,0,26.0,35,AB_26,AB,EM,22.0,Female,Right handed,Corrected to normal,0
sub34_AB,1,27.0,50,AB_27,AB,BB,22.0,Female,Right handed,Corrected to normal,1
sub34_AB,0,29.0,29,AB_29,AB,BB,22.0,Female,Right handed,Corrected to normal,0
sub34_AB,1,30.0,36,AB_30,AB,EM,22.0,Female,Right handed,Corrected to normal,1
sub34_AB,1,31.0,41,AB_31,AB,EM,22.0,Female,Right handed,Corrected to normal,1
sub34_AB,1,32.0,31,AB_32,AB,EM,22.0,Female,Right handed,Corrected to normal,1
sub34_AB,1,33.0,57,AB_33,AB,BB,22.0,Female,Right handed,Corrected to normal,1
sub34_AB,1,34.0,32,AB_34,AB,BB,22.0,Female,Right handed,Corrected to normal,1
sub34_AB,1,35.0,42,AB_35,AB,EM,22.0,Female,Right handed,Corrected to normal,1
sub34_AB,1,36.0,19,AB_36,AB,BB,22.0,Female,Right handed,Corrected to normal,1
sub34_AB,1,38.0,20,AB_38,AB,EM,22.0,Female,Right handed,Corrected to normal,1
sub34_AB,1,39.0,44,AB_39,AB,BB,22.0,Female,Right handed,Corrected to normal,1
sub34_AB,1,40.0,49,AB_40,AB,EM,22.0,Female,Right handed,Corrected to normal,1
sub35_AB,1,1.0,17,AB_1,AB,EM,26.0,Male,Right handed,Normal,1
sub35_AB,1,2.0,31,AB_2,AB,BB,26.0,Male,Right handed,Normal,1
sub35_AB,1,4.0,32,AB_4,AB,EM,26.0,Male,Right handed,Normal,1
sub35_AB,1,5.0,33,AB_5,AB,EM,26.0,Male,Right handed,Normal,1
sub35_AB,1,6.0,31,AB_6,AB,BB,26.0,Male,Right handed,Normal,1
sub35_AB,1,8.0,24,AB_8,AB,BB,26.0,Male,Right handed,Normal,1
sub35_AB,1,9.0,19,AB_9,AB,EM,26.0,Male,Right handed,Normal,1
sub35_AB,1,10.0,39,AB_10,AB,BB,26.0,Male,Right handed,Normal,1
sub35_AB,1,11.0,29,AB_11,AB,EM,26.0,Male,Right handed,Normal,1
sub35_AB,1,12.0,47,AB_12,AB,EM,26.0,Male,Right handed,Normal,1
sub35_AB,1,13.0,33,AB_13,AB,BB,26.0,Male,Right handed,Normal,1
sub35_AB,1,14.0,22,AB_14,AB,BB,26.0,Male,Right handed,Normal,1
sub35_AB,1,15.0,29,AB_15,AB,BB,26.0,Male,Right handed,Normal,1
sub35_AB,1,16.0,34,AB_16,AB,EM,26.0,Male,Right handed,Normal,1
sub35_AB,1,17.0,27,AB_17,AB,BB,26.0,Male,Right handed,Normal,1
sub35_AB,0,19.0,36,AB_19,AB,BB,26.0,Male,Right handed,Normal,0
sub35_AB,1,20.0,35,AB_20,AB,EM,26.0,Male,Right handed,Normal,1
sub35_AB,1,21.0,39,AB_21,AB,BB,26.0,Male,Right handed,Normal,1
sub35_AB,1,22.0,34,AB_22,AB,EM,26.0,Male,Right handed,Normal,1
sub35_AB,1,23.0,24,AB_23,AB,EM,26.0,Male,Right handed,Normal,1
sub35_AB,1,24.0,24,AB_24,AB,BB,26.0,Male,Right handed,Normal,1
sub35_AB,1,25.0,41,AB_25,AB,BB,26.0,Male,Right handed,Normal,1
sub35_AB,0,26.0,35,AB_26,AB,EM,26.0,Male,Right handed,Normal,0
sub35_AB,1,27.0,50,AB_27,AB,BB,26.0,Male,Right handed,Normal,1
sub35_AB,1,29.0,29,AB_29,AB,BB,26.0,Male,Right handed,Normal,1
sub35_AB,1,30.0,36,AB_30,AB,EM,26.0,Male,Right handed,Normal,1
sub35_AB,1,31.0,41,AB_31,AB,EM,26.0,Male,Right handed,Normal,1
sub35_AB,1,32.0,31,AB_32,AB,EM,26.0,Male,Right handed,Normal,1
sub35_AB,1,33.0,57,AB_33,AB,BB,26.0,Male,Right handed,Normal,1
sub35_AB,1,34.0,32,AB_34,AB,BB,26.0,Male,Right handed,Normal,1
sub35_AB,1,35.0,42,AB_35,AB,EM,26.0,Male,Right handed,Normal,1
sub35_AB,1,36.0,19,AB_36,AB,BB,26.0,Male,Right handed,Normal,1
sub35_AB,0,38.0,20,AB_38,AB,EM,26.0,Male,Right handed,Normal,0
sub35_AB,0,39.0,44,AB_39,AB,BB,26.0,Male,Right handed,Normal,0
sub35_AB,1,40.0,49,AB_40,AB,EM,26.0,Male,Right handed,Normal,1
sub36_AB,1,1.0,17,AB_1,AB,EM,23.0,Male,Right handed,Corrected to normal,1
sub36_AB,1,2.0,31,AB_2,AB,BB,23.0,Male,Right handed,Corrected to normal,1
sub36_AB,0,4.0,32,AB_4,AB,EM,23.0,Male,Right handed,Corrected to normal,0
sub36_AB,1,5.0,33,AB_5,AB,EM,23.0,Male,Right handed,Corrected to normal,1
sub36_AB,1,6.0,31,AB_6,AB,BB,23.0,Male,Right handed,Corrected to normal,1
sub36_AB,1,8.0,24,AB_8,AB,BB,23.0,Male,Right handed,Corrected to normal,1
sub36_AB,1,9.0,19,AB_9,AB,EM,23.0,Male,Right handed,Corrected to normal,1
sub36_AB,1,10.0,39,AB_10,AB,BB,23.0,Male,Right handed,Corrected to normal,1
sub36_AB,1,11.0,29,AB_11,AB,EM,23.0,Male,Right handed,Corrected to normal,1
sub36_AB,1,12.0,47,AB_12,AB,EM,23.0,Male,Right handed,Corrected to normal,1
sub36_AB,1,13.0,33,AB_13,AB,BB,23.0,Male,Right handed,Corrected to normal,1
sub36_AB,1,14.0,22,AB_14,AB,BB,23.0,Male,Right handed,Corrected to normal,1
sub36_AB,1,15.0,29,AB_15,AB,BB,23.0,Male,Right handed,Corrected to normal,1
sub36_AB,1,16.0,34,AB_16,AB,EM,23.0,Male,Right handed,Corrected to normal,1
sub36_AB,1,17.0,27,AB_17,AB,BB,23.0,Male,Right handed,Corrected to normal,1
sub36_AB,0,19.0,36,AB_19,AB,BB,23.0,Male,Right handed,Corrected to normal,0
sub36_AB,1,20.0,35,AB_20,AB,EM,23.0,Male,Right handed,Corrected to normal,1
sub36_AB,1,21.0,39,AB_21,AB,BB,23.0,Male,Right handed,Corrected to normal,1
sub36_AB,1,22.0,34,AB_22,AB,EM,23.0,Male,Right handed,Corrected to normal,1
sub36_AB,0,23.0,24,AB_23,AB,EM,23.0,Male,Right handed,Corrected to normal,0
sub36_AB,1,24.0,24,AB_24,AB,BB,23.0,Male,Right handed,Corrected to normal,1
sub36_AB,1,25.0,41,AB_25,AB,BB,23.0,Male,Right handed,Corrected to normal,1
sub36_AB,1,26.0,35,AB_26,AB,EM,23.0,Male,Right handed,Corrected to normal,1
sub36_AB,1,27.0,50,AB_27,AB,BB,23.0,Male,Right handed,Corrected to normal,1
sub36_AB,1,29.0,29,AB_29,AB,BB,23.0,Male,Right handed,Corrected to normal,1
sub36_AB,1,30.0,36,AB_30,AB,EM,23.0,Male,Right handed,Corrected to normal,1
sub36_AB,1,31.0,41,AB_31,AB,EM,23.0,Male,Right handed,Corrected to normal,1
sub36_AB,1,32.0,31,AB_32,AB,EM,23.0,Male,Right handed,Corrected to normal,1
sub36_AB,1,33.0,57,AB_33,AB,BB,23.0,Male,Right handed,Corrected to normal,1
sub36_AB,1,34.0,32,AB_34,AB,BB,23.0,Male,Right handed,Corrected to normal,1
sub36_AB,1,35.0,42,AB_35,AB,EM,23.0,Male,Right handed,Corrected to normal,1
sub36_AB,0,36.0,19,AB_36,AB,BB,23.0,Male,Right handed,Corrected to normal,0
sub36_AB,1,38.0,20,AB_38,AB,EM,23.0,Male,Right handed,Corrected to normal,1
sub36_AB,1,39.0,44,AB_39,AB,BB,23.0,Male,Right handed,Corrected to normal,1
sub36_AB,1,40.0,49,AB_40,AB,EM,23.0,Male,Right handed,Corrected to normal,1
sub37_AB,1,1.0,17,AB_1,AB,EM,21.0,Female,Right handed,Normal,1
sub37_AB,1,2.0,31,AB_2,AB,BB,21.0,Female,Right handed,Normal,1
sub37_AB,0,4.0,32,AB_4,AB,EM,21.0,Female,Right handed,Normal,0
sub37_AB,1,5.0,33,AB_5,AB,EM,21.0,Female,Right handed,Normal,1
sub37_AB,1,6.0,31,AB_6,AB,BB,21.0,Female,Right handed,Normal,1
sub37_AB,1,8.0,24,AB_8,AB,BB,21.0,Female,Right handed,Normal,1
sub37_AB,1,9.0,19,AB_9,AB,EM,21.0,Female,Right handed,Normal,1
sub37_AB,1,10.0,39,AB_10,AB,BB,21.0,Female,Right handed,Normal,1
sub37_AB,1,11.0,29,AB_11,AB,EM,21.0,Female,Right handed,Normal,1
sub37_AB,1,12.0,47,AB_12,AB,EM,21.0,Female,Right handed,Normal,1
sub37_AB,0,13.0,33,AB_13,AB,BB,21.0,Female,Right handed,Normal,0
sub37_AB,1,14.0,22,AB_14,AB,BB,21.0,Female,Right handed,Normal,1
sub37_AB,1,15.0,29,AB_15,AB,BB,21.0,Female,Right handed,Normal,1
sub37_AB,0,16.0,34,AB_16,AB,EM,21.0,Female,Right handed,Normal,0
sub37_AB,1,17.0,27,AB_17,AB,BB,21.0,Female,Right handed,Normal,1
sub37_AB,1,19.0,36,AB_19,AB,BB,21.0,Female,Right handed,Normal,1
sub37_AB,1,20.0,35,AB_20,AB,EM,21.0,Female,Right handed,Normal,1
sub37_AB,1,21.0,39,AB_21,AB,BB,21.0,Female,Right handed,Normal,1
sub37_AB,1,22.0,34,AB_22,AB,EM,21.0,Female,Right handed,Normal,1
sub37_AB,1,23.0,24,AB_23,AB,EM,21.0,Female,Right handed,Normal,1
sub37_AB,1,24.0,24,AB_24,AB,BB,21.0,Female,Right handed,Normal,1
sub37_AB,1,25.0,41,AB_25,AB,BB,21.0,Female,Right handed,Normal,1
sub37_AB,0,26.0,35,AB_26,AB,EM,21.0,Female,Right handed,Normal,0
sub37_AB,1,27.0,50,AB_27,AB,BB,21.0,Female,Right handed,Normal,1
sub37_AB,1,29.0,29,AB_29,AB,BB,21.0,Female,Right handed,Normal,1
sub37_AB,1,30.0,36,AB_30,AB,EM,21.0,Female,Right handed,Normal,1
sub37_AB,1,31.0,41,AB_31,AB,EM,21.0,Female,Right handed,Normal,1
sub37_AB,1,32.0,31,AB_32,AB,EM,21.0,Female,Right handed,Normal,1
sub37_AB,1,33.0,57,AB_33,AB,BB,21.0,Female,Right handed,Normal,1
sub37_AB,1,34.0,32,AB_34,AB,BB,21.0,Female,Right handed,Normal,1
sub37_AB,1,35.0,42,AB_35,AB,EM,21.0,Female,Right handed,Normal,1
sub37_AB,1,36.0,19,AB_36,AB,BB,21.0,Female,Right handed,Normal,1
sub37_AB,0,38.0,20,AB_38,AB,EM,21.0,Female,Right handed,Normal,0
sub37_AB,0,39.0,44,AB_39,AB,BB,21.0,Female,Right handed,Normal,0
sub37_AB,1,40.0,49,AB_40,AB,EM,21.0,Female,Right handed,Normal,1
sub38_AB,1,1.0,17,AB_1,AB,EM,20.0,Female,Right handed,Normal,1
sub38_AB,1,2.0,31,AB_2,AB,BB,20.0,Female,Right handed,Normal,1
sub38_AB,1,4.0,32,AB_4,AB,EM,20.0,Female,Right handed,Normal,1
sub38_AB,1,5.0,33,AB_5,AB,EM,20.0,Female,Right handed,Normal,1
sub38_AB,1,6.0,31,AB_6,AB,BB,20.0,Female,Right handed,Normal,1
sub38_AB,0,8.0,24,AB_8,AB,BB,20.0,Female,Right handed,Normal,0
sub38_AB,1,9.0,19,AB_9,AB,EM,20.0,Female,Right handed,Normal,1
sub38_AB,1,10.0,39,AB_10,AB,BB,20.0,Female,Right handed,Normal,1
sub38_AB,1,11.0,29,AB_11,AB,EM,20.0,Female,Right handed,Normal,1
sub38_AB,0,12.0,47,AB_12,AB,EM,20.0,Female,Right handed,Normal,0
sub38_AB,0,13.0,33,AB_13,AB,BB,20.0,Female,Right handed,Normal,0
sub38_AB,1,14.0,22,AB_14,AB,BB,20.0,Female,Right handed,Normal,1
sub38_AB,1,15.0,29,AB_15,AB,BB,20.0,Female,Right handed,Normal,1
sub38_AB,1,16.0,34,AB_16,AB,EM,20.0,Female,Right handed,Normal,1
sub38_AB,0,17.0,27,AB_17,AB,BB,20.0,Female,Right handed,Normal,0
sub38_AB,1,19.0,36,AB_19,AB,BB,20.0,Female,Right handed,Normal,1
sub38_AB,0,20.0,35,AB_20,AB,EM,20.0,Female,Right handed,Normal,0
sub38_AB,1,21.0,39,AB_21,AB,BB,20.0,Female,Right handed,Normal,1
sub38_AB,1,22.0,34,AB_22,AB,EM,20.0,Female,Right handed,Normal,1
sub38_AB,1,23.0,24,AB_23,AB,EM,20.0,Female,Right handed,Normal,1
sub38_AB,1,24.0,24,AB_24,AB,BB,20.0,Female,Right handed,Normal,1
sub38_AB,1,25.0,41,AB_25,AB,BB,20.0,Female,Right handed,Normal,1
sub38_AB,1,26.0,35,AB_26,AB,EM,20.0,Female,Right handed,Normal,1
sub38_AB,1,27.0,50,AB_27,AB,BB,20.0,Female,Right handed,Normal,1
sub38_AB,1,29.0,29,AB_29,AB,BB,20.0,Female,Right handed,Normal,1
sub38_AB,1,30.0,36,AB_30,AB,EM,20.0,Female,Right handed,Normal,1
sub38_AB,1,31.0,41,AB_31,AB,EM,20.0,Female,Right handed,Normal,1
sub38_AB,1,32.0,31,AB_32,AB,EM,20.0,Female,Right handed,Normal,1
sub38_AB,1,33.0,57,AB_33,AB,BB,20.0,Female,Right handed,Normal,1
sub38_AB,1,34.0,32,AB_34,AB,BB,20.0,Female,Right handed,Normal,1
sub38_AB,1,35.0,42,AB_35,AB,EM,20.0,Female,Right handed,Normal,1
sub38_AB,0,36.0,19,AB_36,AB,BB,20.0,Female,Right handed,Normal,0
sub38_AB,1,38.0,20,AB_38,AB,EM,20.0,Female,Right handed,Normal,1
sub38_AB,1,39.0,44,AB_39,AB,BB,20.0,Female,Right handed,Normal,1
sub38_AB,1,40.0,49,AB_40,AB,EM,20.0,Female,Right handed,Normal,1
sub39_AB,1,1.0,17,AB_1,AB,EM,22.0,Male,Right handed,Normal,1
sub39_AB,1,2.0,31,AB_2,AB,BB,22.0,Male,Right handed,Normal,1
sub39_AB,1,4.0,32,AB_4,AB,EM,22.0,Male,Right handed,Normal,1
sub39_AB,1,5.0,33,AB_5,AB,EM,22.0,Male,Right handed,Normal,1
sub39_AB,1,6.0,31,AB_6,AB,BB,22.0,Male,Right handed,Normal,1
sub39_AB,0,8.0,24,AB_8,AB,BB,22.0,Male,Right handed,Normal,0
sub39_AB,1,9.0,19,AB_9,AB,EM,22.0,Male,Right handed,Normal,1
sub39_AB,1,10.0,39,AB_10,AB,BB,22.0,Male,Right handed,Normal,1
sub39_AB,1,11.0,29,AB_11,AB,EM,22.0,Male,Right handed,Normal,1
sub39_AB,1,12.0,47,AB_12,AB,EM,22.0,Male,Right handed,Normal,1
sub39_AB,1,13.0,33,AB_13,AB,BB,22.0,Male,Right handed,Normal,1
sub39_AB,1,14.0,22,AB_14,AB,BB,22.0,Male,Right handed,Normal,1
sub39_AB,1,15.0,29,AB_15,AB,BB,22.0,Male,Right handed,Normal,1
sub39_AB,0,16.0,34,AB_16,AB,EM,22.0,Male,Right handed,Normal,0
sub39_AB,1,17.0,27,AB_17,AB,BB,22.0,Male,Right handed,Normal,1
sub39_AB,1,19.0,36,AB_19,AB,BB,22.0,Male,Right handed,Normal,1
sub39_AB,1,20.0,35,AB_20,AB,EM,22.0,Male,Right handed,Normal,1
sub39_AB,1,21.0,39,AB_21,AB,BB,22.0,Male,Right handed,Normal,1
sub39_AB,1,22.0,34,AB_22,AB,EM,22.0,Male,Right handed,Normal,1
sub39_AB,1,23.0,24,AB_23,AB,EM,22.0,Male,Right handed,Normal,1
sub39_AB,1,24.0,24,AB_24,AB,BB,22.0,Male,Right handed,Normal,1
sub39_AB,1,25.0,41,AB_25,AB,BB,22.0,Male,Right handed,Normal,1
sub39_AB,1,26.0,35,AB_26,AB,EM,22.0,Male,Right handed,Normal,1
sub39_AB,1,27.0,50,AB_27,AB,BB,22.0,Male,Right handed,Normal,1
sub39_AB,0,29.0,29,AB_29,AB,BB,22.0,Male,Right handed,Normal,0
sub39_AB,1,30.0,36,AB_30,AB,EM,22.0,Male,Right handed,Normal,1
sub39_AB,1,31.0,41,AB_31,AB,EM,22.0,Male,Right handed,Normal,1
sub39_AB,1,32.0,31,AB_32,AB,EM,22.0,Male,Right handed,Normal,1
sub39_AB,1,33.0,57,AB_33,AB,BB,22.0,Male,Right handed,Normal,1
sub39_AB,1,34.0,32,AB_34,AB,BB,22.0,Male,Right handed,Normal,1
sub39_AB,1,35.0,42,AB_35,AB,EM,22.0,Male,Right handed,Normal,1
sub39_AB,1,36.0,19,AB_36,AB,BB,22.0,Male,Right handed,Normal,1
sub39_AB,1,38.0,20,AB_38,AB,EM,22.0,Male,Right handed,Normal,1
sub39_AB,0,39.0,44,AB_39,AB,BB,22.0,Male,Right handed,Normal,0
sub39_AB,1,40.0,49,AB_40,AB,EM,22.0,Male,Right handed,Normal,1
sub40_AB,0,1.0,17,AB_1,AB,EM,25.0,Male,Right handed,Corrected to normal,0
sub40_AB,1,2.0,31,AB_2,AB,BB,25.0,Male,Right handed,Corrected to normal,1
sub40_AB,1,4.0,32,AB_4,AB,EM,25.0,Male,Right handed,Corrected to normal,1
sub40_AB,1,5.0,33,AB_5,AB,EM,25.0,Male,Right handed,Corrected to normal,1
sub40_AB,1,6.0,31,AB_6,AB,BB,25.0,Male,Right handed,Corrected to normal,1
sub40_AB,1,8.0,24,AB_8,AB,BB,25.0,Male,Right handed,Corrected to normal,1
sub40_AB,0,9.0,19,AB_9,AB,EM,25.0,Male,Right handed,Corrected to normal,0
sub40_AB,1,10.0,39,AB_10,AB,BB,25.0,Male,Right handed,Corrected to normal,1
sub40_AB,1,11.0,29,AB_11,AB,EM,25.0,Male,Right handed,Corrected to normal,1
sub40_AB,1,12.0,47,AB_12,AB,EM,25.0,Male,Right handed,Corrected to normal,1
sub40_AB,1,13.0,33,AB_13,AB,BB,25.0,Male,Right handed,Corrected to normal,1
sub40_AB,0,14.0,22,AB_14,AB,BB,25.0,Male,Right handed,Corrected to normal,0
sub40_AB,1,15.0,29,AB_15,AB,BB,25.0,Male,Right handed,Corrected to normal,1
sub40_AB,0,16.0,34,AB_16,AB,EM,25.0,Male,Right handed,Corrected to normal,0
sub40_AB,1,17.0,27,AB_17,AB,BB,25.0,Male,Right handed,Corrected to normal,1
sub40_AB,1,19.0,36,AB_19,AB,BB,25.0,Male,Right handed,Corrected to normal,1
sub40_AB,1,20.0,35,AB_20,AB,EM,25.0,Male,Right handed,Corrected to normal,1
sub40_AB,1,21.0,39,AB_21,AB,BB,25.0,Male,Right handed,Corrected to normal,1
sub40_AB,1,22.0,34,AB_22,AB,EM,25.0,Male,Right handed,Corrected to normal,1
sub40_AB,1,23.0,24,AB_23,AB,EM,25.0,Male,Right handed,Corrected to normal,1
sub40_AB,0,24.0,24,AB_24,AB,BB,25.0,Male,Right handed,Corrected to normal,0
sub40_AB,0,25.0,41,AB_25,AB,BB,25.0,Male,Right handed,Corrected to normal,0
sub40_AB,1,26.0,35,AB_26,AB,EM,25.0,Male,Right handed,Corrected to normal,1
sub40_AB,1,27.0,50,AB_27,AB,BB,25.0,Male,Right handed,Corrected to normal,1
sub40_AB,1,29.0,29,AB_29,AB,BB,25.0,Male,Right handed,Corrected to normal,1
sub40_AB,1,30.0,36,AB_30,AB,EM,25.0,Male,Right handed,Corrected to normal,1
sub40_AB,1,31.0,41,AB_31,AB,EM,25.0,Male,Right handed,Corrected to normal,1
sub40_AB,1,32.0,31,AB_32,AB,EM,25.0,Male,Right handed,Corrected to normal,1
sub40_AB,1,33.0,57,AB_33,AB,BB,25.0,Male,Right handed,Corrected to normal,1
sub40_AB,0,34.0,32,AB_34,AB,BB,25.0,Male,Right handed,Corrected to normal,0
sub40_AB,1,35.0,42,AB_35,AB,EM,25.0,Male,Right handed,Corrected to normal,1
sub40_AB,1,36.0,19,AB_36,AB,BB,25.0,Male,Right handed,Corrected to normal,1
sub40_AB,1,38.0,20,AB_38,AB,EM,25.0,Male,Right handed,Corrected to normal,1
sub40_AB,1,39.0,44,AB_39,AB,BB,25.0,Male,Right handed,Corrected to normal,1
sub40_AB,0,40.0,49,AB_40,AB,EM,25.0,Male,Right handed,Corrected to normal,0
sub41_AB,1,1.0,17,AB_1,AB,EM,22.0,Male,Left Handed,Normal,1
sub41_AB,1,2.0,31,AB_2,AB,BB,22.0,Male,Left Handed,Normal,1
sub41_AB,0,4.0,32,AB_4,AB,EM,22.0,Male,Left Handed,Normal,0
sub41_AB,1,5.0,33,AB_5,AB,EM,22.0,Male,Left Handed,Normal,1
sub41_AB,1,6.0,31,AB_6,AB,BB,22.0,Male,Left Handed,Normal,1
sub41_AB,1,8.0,24,AB_8,AB,BB,22.0,Male,Left Handed,Normal,1
sub41_AB,0,9.0,19,AB_9,AB,EM,22.0,Male,Left Handed,Normal,0
sub41_AB,1,10.0,39,AB_10,AB,BB,22.0,Male,Left Handed,Normal,1
sub41_AB,1,11.0,29,AB_11,AB,EM,22.0,Male,Left Handed,Normal,1
sub41_AB,1,12.0,47,AB_12,AB,EM,22.0,Male,Left Handed,Normal,1
sub41_AB,0,13.0,33,AB_13,AB,BB,22.0,Male,Left Handed,Normal,0
sub41_AB,1,14.0,22,AB_14,AB,BB,22.0,Male,Left Handed,Normal,1
sub41_AB,1,15.0,29,AB_15,AB,BB,22.0,Male,Left Handed,Normal,1
sub41_AB,1,16.0,34,AB_16,AB,EM,22.0,Male,Left Handed,Normal,1
sub41_AB,1,17.0,27,AB_17,AB,BB,22.0,Male,Left Handed,Normal,1
sub41_AB,0,19.0,36,AB_19,AB,BB,22.0,Male,Left Handed,Normal,0
sub41_AB,1,20.0,35,AB_20,AB,EM,22.0,Male,Left Handed,Normal,1
sub41_AB,0,21.0,39,AB_21,AB,BB,22.0,Male,Left Handed,Normal,0
sub41_AB,1,22.0,34,AB_22,AB,EM,22.0,Male,Left Handed,Normal,1
sub41_AB,1,23.0,24,AB_23,AB,EM,22.0,Male,Left Handed,Normal,1
sub41_AB,1,24.0,24,AB_24,AB,BB,22.0,Male,Left Handed,Normal,1
sub41_AB,1,25.0,41,AB_25,AB,BB,22.0,Male,Left Handed,Normal,1
sub41_AB,1,26.0,35,AB_26,AB,EM,22.0,Male,Left Handed,Normal,1
sub41_AB,1,27.0,50,AB_27,AB,BB,22.0,Male,Left Handed,Normal,1
sub41_AB,1,29.0,29,AB_29,AB,BB,22.0,Male,Left Handed,Normal,1
sub41_AB,1,30.0,36,AB_30,AB,EM,22.0,Male,Left Handed,Normal,1
sub41_AB,1,31.0,41,AB_31,AB,EM,22.0,Male,Left Handed,Normal,1
sub41_AB,1,32.0,31,AB_32,AB,EM,22.0,Male,Left Handed,Normal,1
sub41_AB,1,33.0,57,AB_33,AB,BB,22.0,Male,Left Handed,Normal,1
sub41_AB,1,34.0,32,AB_34,AB,BB,22.0,Male,Left Handed,Normal,1
sub41_AB,1,35.0,42,AB_35,AB,EM,22.0,Male,Left Handed,Normal,1
sub41_AB,1,36.0,19,AB_36,AB,BB,22.0,Male,Left Handed,Normal,1
sub41_AB,1,38.0,20,AB_38,AB,EM,22.0,Male,Left Handed,Normal,1
sub41_AB,0,39.0,44,AB_39,AB,BB,22.0,Male,Left Handed,Normal,0
sub41_AB,1,40.0,49,AB_40,AB,EM,22.0,Male,Left Handed,Normal,1
sub43_NB,1,1.0,19,NB_1,NB,EM,22.0,Male,Right handed,Normal,1
sub43_NB,1,2.0,31,NB_2,NB,BB,22.0,Male,Right handed,Normal,1
sub43_NB,0,4.0,31,NB_4,NB,EM,22.0,Male,Right handed,Normal,0
sub43_NB,0,5.0,33,NB_5,NB,EM,22.0,Male,Right handed,Normal,0
sub43_NB,1,6.0,31,NB_6,NB,BB,22.0,Male,Right handed,Normal,1
sub43_NB,1,8.0,25,NB_8,NB,BB,22.0,Male,Right handed,Normal,1
sub43_NB,1,9.0,20,NB_9,NB,EM,22.0,Male,Right handed,Normal,1
sub43_NB,1,10.0,37,NB_10,NB,BB,22.0,Male,Right handed,Normal,1
sub43_NB,1,11.0,28,NB_11,NB,EM,22.0,Male,Right handed,Normal,1
sub43_NB,1,12.0,48,NB_12,NB,EM,22.0,Male,Right handed,Normal,1
sub43_NB,1,13.0,31,NB_13,NB,BB,22.0,Male,Right handed,Normal,1
sub43_NB,1,14.0,25,NB_14,NB,BB,22.0,Male,Right handed,Normal,1
sub43_NB,1,15.0,28,NB_15,NB,BB,22.0,Male,Right handed,Normal,1
sub43_NB,1,16.0,35,NB_16,NB,EM,22.0,Male,Right handed,Normal,1
sub43_NB,1,17.0,24,NB_17,NB,BB,22.0,Male,Right handed,Normal,1
sub43_NB,1,19.0,37,NB_19,NB,BB,22.0,Male,Right handed,Normal,1
sub43_NB,1,20.0,34,NB_20,NB,EM,22.0,Male,Right handed,Normal,1
sub43_NB,1,21.0,39,NB_21,NB,BB,22.0,Male,Right handed,Normal,1
sub43_NB,1,22.0,34,NB_22,NB,EM,22.0,Male,Right handed,Normal,1
sub43_NB,1,23.0,24,NB_23,NB,EM,22.0,Male,Right handed,Normal,1
sub43_NB,1,24.0,25,NB_24,NB,BB,22.0,Male,Right handed,Normal,1
sub43_NB,1,25.0,40,NB_25,NB,BB,22.0,Male,Right handed,Normal,1
sub43_NB,1,26.0,35,NB_26,NB,EM,22.0,Male,Right handed,Normal,1
sub43_NB,1,27.0,50,NB_27,NB,BB,22.0,Male,Right handed,Normal,1
sub43_NB,1,29.0,30,NB_29,NB,BB,22.0,Male,Right handed,Normal,1
sub43_NB,1,30.0,36,NB_30,NB,EM,22.0,Male,Right handed,Normal,1
sub43_NB,1,31.0,42,NB_31,NB,EM,22.0,Male,Right handed,Normal,1
sub43_NB,1,32.0,32,NB_32,NB,EM,22.0,Male,Right handed,Normal,1
sub43_NB,1,33.0,56,NB_33,NB,BB,22.0,Male,Right handed,Normal,1
sub43_NB,1,34.0,33,NB_34,NB,BB,22.0,Male,Right handed,Normal,1
sub43_NB,1,35.0,44,NB_35,NB,EM,22.0,Male,Right handed,Normal,1
sub43_NB,1,36.0,18,NB_36,NB,BB,22.0,Male,Right handed,Normal,1
sub43_NB,1,38.0,20,NB_38,NB,EM,22.0,Male,Right handed,Normal,1
sub43_NB,1,39.0,48,NB_39,NB,BB,22.0,Male,Right handed,Normal,1
sub43_NB,1,40.0,49,NB_40,NB,EM,22.0,Male,Right handed,Normal,1
sub44_NB,1,1.0,19,NB_1,NB,EM,20.0,Male,Right handed,Corrected to normal,1
sub44_NB,1,2.0,31,NB_2,NB,BB,20.0,Male,Right handed,Corrected to normal,1
sub44_NB,0,4.0,31,NB_4,NB,EM,20.0,Male,Right handed,Corrected to normal,0
sub44_NB,1,5.0,33,NB_5,NB,EM,20.0,Male,Right handed,Corrected to normal,1
sub44_NB,1,6.0,31,NB_6,NB,BB,20.0,Male,Right handed,Corrected to normal,1
sub44_NB,0,8.0,25,NB_8,NB,BB,20.0,Male,Right handed,Corrected to normal,0
sub44_NB,0,9.0,20,NB_9,NB,EM,20.0,Male,Right handed,Corrected to normal,0
sub44_NB,1,10.0,37,NB_10,NB,BB,20.0,Male,Right handed,Corrected to normal,1
sub44_NB,1,11.0,28,NB_11,NB,EM,20.0,Male,Right handed,Corrected to normal,1
sub44_NB,1,12.0,48,NB_12,NB,EM,20.0,Male,Right handed,Corrected to normal,1
sub44_NB,1,13.0,31,NB_13,NB,BB,20.0,Male,Right handed,Corrected to normal,1
sub44_NB,1,14.0,25,NB_14,NB,BB,20.0,Male,Right handed,Corrected to normal,1
sub44_NB,1,15.0,28,NB_15,NB,BB,20.0,Male,Right handed,Corrected to normal,1
sub44_NB,1,16.0,35,NB_16,NB,EM,20.0,Male,Right handed,Corrected to normal,1
sub44_NB,1,17.0,24,NB_17,NB,BB,20.0,Male,Right handed,Corrected to normal,1
sub44_NB,0,19.0,37,NB_19,NB,BB,20.0,Male,Right handed,Corrected to normal,0
sub44_NB,1,20.0,34,NB_20,NB,EM,20.0,Male,Right handed,Corrected to normal,1
sub44_NB,1,21.0,39,NB_21,NB,BB,20.0,Male,Right handed,Corrected to normal,1
sub44_NB,1,22.0,34,NB_22,NB,EM,20.0,Male,Right handed,Corrected to normal,1
sub44_NB,1,23.0,24,NB_23,NB,EM,20.0,Male,Right handed,Corrected to normal,1
sub44_NB,1,24.0,25,NB_24,NB,BB,20.0,Male,Right handed,Corrected to normal,1
sub44_NB,1,25.0,40,NB_25,NB,BB,20.0,Male,Right handed,Corrected to normal,1
sub44_NB,1,26.0,35,NB_26,NB,EM,20.0,Male,Right handed,Corrected to normal,1
sub44_NB,1,27.0,50,NB_27,NB,BB,20.0,Male,Right handed,Corrected to normal,1
sub44_NB,1,29.0,30,NB_29,NB,BB,20.0,Male,Right handed,Corrected to normal,1
sub44_NB,1,30.0,36,NB_30,NB,EM,20.0,Male,Right handed,Corrected to normal,1
sub44_NB,1,31.0,42,NB_31,NB,EM,20.0,Male,Right handed,Corrected to normal,1
sub44_NB,1,32.0,32,NB_32,NB,EM,20.0,Male,Right handed,Corrected to normal,1
sub44_NB,1,33.0,56,NB_33,NB,BB,20.0,Male,Right handed,Corrected to normal,1
sub44_NB,1,34.0,33,NB_34,NB,BB,20.0,Male,Right handed,Corrected to normal,1
sub44_NB,1,35.0,44,NB_35,NB,EM,20.0,Male,Right handed,Corrected to normal,1
sub44_NB,1,36.0,18,NB_36,NB,BB,20.0,Male,Right handed,Corrected to normal,1
sub44_NB,1,38.0,20,NB_38,NB,EM,20.0,Male,Right handed,Corrected to normal,1
sub44_NB,1,39.0,48,NB_39,NB,BB,20.0,Male,Right handed,Corrected to normal,1
sub44_NB,1,40.0,49,NB_40,NB,EM,20.0,Male,Right handed,Corrected to normal,1
sub45_NB,1,1.0,19,NB_1,NB,EM,19.0,Male,Right handed,Normal,1
sub45_NB,1,2.0,31,NB_2,NB,BB,19.0,Male,Right handed,Normal,1
sub45_NB,1,4.0,31,NB_4,NB,EM,19.0,Male,Right handed,Normal,1
sub45_NB,1,5.0,33,NB_5,NB,EM,19.0,Male,Right handed,Normal,1
sub45_NB,1,6.0,31,NB_6,NB,BB,19.0,Male,Right handed,Normal,1
sub45_NB,1,8.0,25,NB_8,NB,BB,19.0,Male,Right handed,Normal,1
sub45_NB,1,9.0,20,NB_9,NB,EM,19.0,Male,Right handed,Normal,1
sub45_NB,1,10.0,37,NB_10,NB,BB,19.0,Male,Right handed,Normal,1
sub45_NB,1,11.0,28,NB_11,NB,EM,19.0,Male,Right handed,Normal,1
sub45_NB,1,12.0,48,NB_12,NB,EM,19.0,Male,Right handed,Normal,1
sub45_NB,1,13.0,31,NB_13,NB,BB,19.0,Male,Right handed,Normal,1
sub45_NB,1,14.0,25,NB_14,NB,BB,19.0,Male,Right handed,Normal,1
sub45_NB,1,15.0,28,NB_15,NB,BB,19.0,Male,Right handed,Normal,1
sub45_NB,1,16.0,35,NB_16,NB,EM,19.0,Male,Right handed,Normal,1
sub45_NB,1,17.0,24,NB_17,NB,BB,19.0,Male,Right handed,Normal,1
sub45_NB,1,19.0,37,NB_19,NB,BB,19.0,Male,Right handed,Normal,1
sub45_NB,1,20.0,34,NB_20,NB,EM,19.0,Male,Right handed,Normal,1
sub45_NB,1,21.0,39,NB_21,NB,BB,19.0,Male,Right handed,Normal,1
sub45_NB,1,22.0,34,NB_22,NB,EM,19.0,Male,Right handed,Normal,1
sub45_NB,1,23.0,24,NB_23,NB,EM,19.0,Male,Right handed,Normal,1
sub45_NB,1,24.0,25,NB_24,NB,BB,19.0,Male,Right handed,Normal,1
sub45_NB,1,25.0,40,NB_25,NB,BB,19.0,Male,Right handed,Normal,1
sub45_NB,1,26.0,35,NB_26,NB,EM,19.0,Male,Right handed,Normal,1
sub45_NB,1,27.0,50,NB_27,NB,BB,19.0,Male,Right handed,Normal,1
sub45_NB,1,29.0,30,NB_29,NB,BB,19.0,Male,Right handed,Normal,1
sub45_NB,1,30.0,36,NB_30,NB,EM,19.0,Male,Right handed,Normal,1
sub45_NB,1,31.0,42,NB_31,NB,EM,19.0,Male,Right handed,Normal,1
sub45_NB,1,32.0,32,NB_32,NB,EM,19.0,Male,Right handed,Normal,1
sub45_NB,1,33.0,56,NB_33,NB,BB,19.0,Male,Right handed,Normal,1
sub45_NB,1,34.0,33,NB_34,NB,BB,19.0,Male,Right handed,Normal,1
sub45_NB,1,35.0,44,NB_35,NB,EM,19.0,Male,Right handed,Normal,1
sub45_NB,1,36.0,18,NB_36,NB,BB,19.0,Male,Right handed,Normal,1
sub45_NB,1,38.0,20,NB_38,NB,EM,19.0,Male,Right handed,Normal,1
sub45_NB,1,39.0,48,NB_39,NB,BB,19.0,Male,Right handed,Normal,1
sub45_NB,1,40.0,49,NB_40,NB,EM,19.0,Male,Right handed,Normal,1
sub46_NB,1,1.0,19,NB_1,NB,EM,20.0,Female,Right handed,Corrected to normal,1
sub46_NB,1,2.0,31,NB_2,NB,BB,20.0,Female,Right handed,Corrected to normal,1
sub46_NB,1,4.0,31,NB_4,NB,EM,20.0,Female,Right handed,Corrected to normal,1
sub46_NB,1,5.0,33,NB_5,NB,EM,20.0,Female,Right handed,Corrected to normal,1
sub46_NB,1,6.0,31,NB_6,NB,BB,20.0,Female,Right handed,Corrected to normal,1
sub46_NB,0,8.0,25,NB_8,NB,BB,20.0,Female,Right handed,Corrected to normal,0
sub46_NB,1,9.0,20,NB_9,NB,EM,20.0,Female,Right handed,Corrected to normal,1
sub46_NB,1,10.0,37,NB_10,NB,BB,20.0,Female,Right handed,Corrected to normal,1
sub46_NB,1,11.0,28,NB_11,NB,EM,20.0,Female,Right handed,Corrected to normal,1
sub46_NB,1,12.0,48,NB_12,NB,EM,20.0,Female,Right handed,Corrected to normal,1
sub46_NB,1,13.0,31,NB_13,NB,BB,20.0,Female,Right handed,Corrected to normal,1
sub46_NB,1,14.0,25,NB_14,NB,BB,20.0,Female,Right handed,Corrected to normal,1
sub46_NB,1,15.0,28,NB_15,NB,BB,20.0,Female,Right handed,Corrected to normal,1
sub46_NB,1,16.0,35,NB_16,NB,EM,20.0,Female,Right handed,Corrected to normal,1
sub46_NB,1,17.0,24,NB_17,NB,BB,20.0,Female,Right handed,Corrected to normal,1
sub46_NB,1,19.0,37,NB_19,NB,BB,20.0,Female,Right handed,Corrected to normal,1
sub46_NB,1,20.0,34,NB_20,NB,EM,20.0,Female,Right handed,Corrected to normal,1
sub46_NB,1,21.0,39,NB_21,NB,BB,20.0,Female,Right handed,Corrected to normal,1
sub46_NB,1,22.0,34,NB_22,NB,EM,20.0,Female,Right handed,Corrected to normal,1
sub46_NB,1,23.0,24,NB_23,NB,EM,20.0,Female,Right handed,Corrected to normal,1
sub46_NB,1,24.0,25,NB_24,NB,BB,20.0,Female,Right handed,Corrected to normal,1
sub46_NB,1,25.0,40,NB_25,NB,BB,20.0,Female,Right handed,Corrected to normal,1
sub46_NB,1,26.0,35,NB_26,NB,EM,20.0,Female,Right handed,Corrected to normal,1
sub46_NB,1,27.0,50,NB_27,NB,BB,20.0,Female,Right handed,Corrected to normal,1
sub46_NB,1,29.0,30,NB_29,NB,BB,20.0,Female,Right handed,Corrected to normal,1
sub46_NB,1,30.0,36,NB_30,NB,EM,20.0,Female,Right handed,Corrected to normal,1
sub46_NB,1,31.0,42,NB_31,NB,EM,20.0,Female,Right handed,Corrected to normal,1
sub46_NB,1,32.0,32,NB_32,NB,EM,20.0,Female,Right handed,Corrected to normal,1
sub46_NB,1,33.0,56,NB_33,NB,BB,20.0,Female,Right handed,Corrected to normal,1
sub46_NB,1,34.0,33,NB_34,NB,BB,20.0,Female,Right handed,Corrected to normal,1
sub46_NB,1,35.0,44,NB_35,NB,EM,20.0,Female,Right handed,Corrected to normal,1
sub46_NB,1,36.0,18,NB_36,NB,BB,20.0,Female,Right handed,Corrected to normal,1
sub46_NB,1,38.0,20,NB_38,NB,EM,20.0,Female,Right handed,Corrected to normal,1
sub46_NB,1,39.0,48,NB_39,NB,BB,20.0,Female,Right handed,Corrected to normal,1
sub46_NB,1,40.0,49,NB_40,NB,EM,20.0,Female,Right handed,Corrected to normal,1
sub47_NB,1,1.0,19,NB_1,NB,EM,21.0,Male,Right handed,Corrected to normal,1
sub47_NB,1,2.0,31,NB_2,NB,BB,21.0,Male,Right handed,Corrected to normal,1
sub47_NB,0,4.0,31,NB_4,NB,EM,21.0,Male,Right handed,Corrected to normal,0
sub47_NB,1,5.0,33,NB_5,NB,EM,21.0,Male,Right handed,Corrected to normal,1
sub47_NB,1,6.0,31,NB_6,NB,BB,21.0,Male,Right handed,Corrected to normal,1
sub47_NB,0,8.0,25,NB_8,NB,BB,21.0,Male,Right handed,Corrected to normal,0
sub47_NB,1,9.0,20,NB_9,NB,EM,21.0,Male,Right handed,Corrected to normal,1
sub47_NB,1,10.0,37,NB_10,NB,BB,21.0,Male,Right handed,Corrected to normal,1
sub47_NB,1,11.0,28,NB_11,NB,EM,21.0,Male,Right handed,Corrected to normal,1
sub47_NB,1,12.0,48,NB_12,NB,EM,21.0,Male,Right handed,Corrected to normal,1
sub47_NB,0,13.0,31,NB_13,NB,BB,21.0,Male,Right handed,Corrected to normal,0
sub47_NB,1,14.0,25,NB_14,NB,BB,21.0,Male,Right handed,Corrected to normal,1
sub47_NB,1,15.0,28,NB_15,NB,BB,21.0,Male,Right handed,Corrected to normal,1
sub47_NB,1,16.0,35,NB_16,NB,EM,21.0,Male,Right handed,Corrected to normal,1
sub47_NB,1,17.0,24,NB_17,NB,BB,21.0,Male,Right handed,Corrected to normal,1
sub47_NB,0,19.0,37,NB_19,NB,BB,21.0,Male,Right handed,Corrected to normal,0
sub47_NB,1,20.0,34,NB_20,NB,EM,21.0,Male,Right handed,Corrected to normal,1
sub47_NB,1,21.0,39,NB_21,NB,BB,21.0,Male,Right handed,Corrected to normal,1
sub47_NB,1,22.0,34,NB_22,NB,EM,21.0,Male,Right handed,Corrected to normal,1
sub47_NB,1,23.0,24,NB_23,NB,EM,21.0,Male,Right handed,Corrected to normal,1
sub47_NB,1,24.0,25,NB_24,NB,BB,21.0,Male,Right handed,Corrected to normal,1
sub47_NB,1,25.0,40,NB_25,NB,BB,21.0,Male,Right handed,Corrected to normal,1
sub47_NB,0,26.0,35,NB_26,NB,EM,21.0,Male,Right handed,Corrected to normal,0
sub47_NB,1,27.0,50,NB_27,NB,BB,21.0,Male,Right handed,Corrected to normal,1
sub47_NB,1,29.0,30,NB_29,NB,BB,21.0,Male,Right handed,Corrected to normal,1
sub47_NB,1,30.0,36,NB_30,NB,EM,21.0,Male,Right handed,Corrected to normal,1
sub47_NB,1,31.0,42,NB_31,NB,EM,21.0,Male,Right handed,Corrected to normal,1
sub47_NB,1,32.0,32,NB_32,NB,EM,21.0,Male,Right handed,Corrected to normal,1
sub47_NB,0,33.0,56,NB_33,NB,BB,21.0,Male,Right handed,Corrected to normal,0
sub47_NB,1,34.0,33,NB_34,NB,BB,21.0,Male,Right handed,Corrected to normal,1
sub47_NB,1,35.0,44,NB_35,NB,EM,21.0,Male,Right handed,Corrected to normal,1
sub47_NB,1,36.0,18,NB_36,NB,BB,21.0,Male,Right handed,Corrected to normal,1
sub47_NB,1,38.0,20,NB_38,NB,EM,21.0,Male,Right handed,Corrected to normal,1
sub47_NB,1,39.0,48,NB_39,NB,BB,21.0,Male,Right handed,Corrected to normal,1
sub47_NB,0,40.0,49,NB_40,NB,EM,21.0,Male,Right handed,Corrected to normal,0
sub48_NB,0,1.0,19,NB_1,NB,EM,20.0,Female,Right handed,Corrected to normal,0
sub48_NB,1,2.0,31,NB_2,NB,BB,20.0,Female,Right handed,Corrected to normal,1
sub48_NB,1,4.0,31,NB_4,NB,EM,20.0,Female,Right handed,Corrected to normal,1
sub48_NB,0,5.0,33,NB_5,NB,EM,20.0,Female,Right handed,Corrected to normal,0
sub48_NB,1,6.0,31,NB_6,NB,BB,20.0,Female,Right handed,Corrected to normal,1
sub48_NB,1,8.0,25,NB_8,NB,BB,20.0,Female,Right handed,Corrected to normal,1
sub48_NB,1,9.0,20,NB_9,NB,EM,20.0,Female,Right handed,Corrected to normal,1
sub48_NB,1,10.0,37,NB_10,NB,BB,20.0,Female,Right handed,Corrected to normal,1
sub48_NB,1,11.0,28,NB_11,NB,EM,20.0,Female,Right handed,Corrected to normal,1
sub48_NB,1,12.0,48,NB_12,NB,EM,20.0,Female,Right handed,Corrected to normal,1
sub48_NB,0,13.0,31,NB_13,NB,BB,20.0,Female,Right handed,Corrected to normal,0
sub48_NB,1,14.0,25,NB_14,NB,BB,20.0,Female,Right handed,Corrected to normal,1
sub48_NB,1,15.0,28,NB_15,NB,BB,20.0,Female,Right handed,Corrected to normal,1
sub48_NB,1,16.0,35,NB_16,NB,EM,20.0,Female,Right handed,Corrected to normal,1
sub48_NB,1,17.0,24,NB_17,NB,BB,20.0,Female,Right handed,Corrected to normal,1
sub48_NB,1,19.0,37,NB_19,NB,BB,20.0,Female,Right handed,Corrected to normal,1
sub48_NB,1,20.0,34,NB_20,NB,EM,20.0,Female,Right handed,Corrected to normal,1
sub48_NB,1,21.0,39,NB_21,NB,BB,20.0,Female,Right handed,Corrected to normal,1
sub48_NB,1,22.0,34,NB_22,NB,EM,20.0,Female,Right handed,Corrected to normal,1
sub48_NB,1,23.0,24,NB_23,NB,EM,20.0,Female,Right handed,Corrected to normal,1
sub48_NB,1,24.0,25,NB_24,NB,BB,20.0,Female,Right handed,Corrected to normal,1
sub48_NB,0,25.0,40,NB_25,NB,BB,20.0,Female,Right handed,Corrected to normal,0
sub48_NB,1,26.0,35,NB_26,NB,EM,20.0,Female,Right handed,Corrected to normal,1
sub48_NB,1,27.0,50,NB_27,NB,BB,20.0,Female,Right handed,Corrected to normal,1
sub48_NB,1,29.0,30,NB_29,NB,BB,20.0,Female,Right handed,Corrected to normal,1
sub48_NB,1,30.0,36,NB_30,NB,EM,20.0,Female,Right handed,Corrected to normal,1
sub48_NB,1,31.0,42,NB_31,NB,EM,20.0,Female,Right handed,Corrected to normal,1
sub48_NB,1,32.0,32,NB_32,NB,EM,20.0,Female,Right handed,Corrected to normal,1
sub48_NB,1,33.0,56,NB_33,NB,BB,20.0,Female,Right handed,Corrected to normal,1
sub48_NB,1,34.0,33,NB_34,NB,BB,20.0,Female,Right handed,Corrected to normal,1
sub48_NB,1,35.0,44,NB_35,NB,EM,20.0,Female,Right handed,Corrected to normal,1
sub48_NB,1,36.0,18,NB_36,NB,BB,20.0,Female,Right handed,Corrected to normal,1
sub48_NB,1,38.0,20,NB_38,NB,EM,20.0,Female,Right handed,Corrected to normal,1
sub48_NB,0,39.0,48,NB_39,NB,BB,20.0,Female,Right handed,Corrected to normal,0
sub48_NB,1,40.0,49,NB_40,NB,EM,20.0,Female,Right handed,Corrected to normal,1
sub49_NB,1,1.0,19,NB_1,NB,EM,22.0,Male,Right handed,Corrected to normal,1
sub49_NB,1,2.0,31,NB_2,NB,BB,22.0,Male,Right handed,Corrected to normal,1
sub49_NB,1,4.0,31,NB_4,NB,EM,22.0,Male,Right handed,Corrected to normal,1
sub49_NB,1,5.0,33,NB_5,NB,EM,22.0,Male,Right handed,Corrected to normal,1
sub49_NB,1,6.0,31,NB_6,NB,BB,22.0,Male,Right handed,Corrected to normal,1
sub49_NB,1,8.0,25,NB_8,NB,BB,22.0,Male,Right handed,Corrected to normal,1
sub49_NB,1,9.0,20,NB_9,NB,EM,22.0,Male,Right handed,Corrected to normal,1
sub49_NB,1,10.0,37,NB_10,NB,BB,22.0,Male,Right handed,Corrected to normal,1
sub49_NB,1,11.0,28,NB_11,NB,EM,22.0,Male,Right handed,Corrected to normal,1
sub49_NB,1,12.0,48,NB_12,NB,EM,22.0,Male,Right handed,Corrected to normal,1
sub49_NB,0,13.0,31,NB_13,NB,BB,22.0,Male,Right handed,Corrected to normal,0
sub49_NB,1,14.0,25,NB_14,NB,BB,22.0,Male,Right handed,Corrected to normal,1
sub49_NB,1,15.0,28,NB_15,NB,BB,22.0,Male,Right handed,Corrected to normal,1
sub49_NB,1,16.0,35,NB_16,NB,EM,22.0,Male,Right handed,Corrected to normal,1
sub49_NB,1,17.0,24,NB_17,NB,BB,22.0,Male,Right handed,Corrected to normal,1
sub49_NB,1,19.0,37,NB_19,NB,BB,22.0,Male,Right handed,Corrected to normal,1
sub49_NB,0,20.0,34,NB_20,NB,EM,22.0,Male,Right handed,Corrected to normal,0
sub49_NB,0,21.0,39,NB_21,NB,BB,22.0,Male,Right handed,Corrected to normal,0
sub49_NB,1,22.0,34,NB_22,NB,EM,22.0,Male,Right handed,Corrected to normal,1
sub49_NB,1,23.0,24,NB_23,NB,EM,22.0,Male,Right handed,Corrected to normal,1
sub49_NB,1,24.0,25,NB_24,NB,BB,22.0,Male,Right handed,Corrected to normal,1
sub49_NB,1,25.0,40,NB_25,NB,BB,22.0,Male,Right handed,Corrected to normal,1
sub49_NB,1,26.0,35,NB_26,NB,EM,22.0,Male,Right handed,Corrected to normal,1
sub49_NB,1,27.0,50,NB_27,NB,BB,22.0,Male,Right handed,Corrected to normal,1
sub49_NB,1,29.0,30,NB_29,NB,BB,22.0,Male,Right handed,Corrected to normal,1
sub49_NB,1,30.0,36,NB_30,NB,EM,22.0,Male,Right handed,Corrected to normal,1
sub49_NB,1,31.0,42,NB_31,NB,EM,22.0,Male,Right handed,Corrected to normal,1
sub49_NB,1,32.0,32,NB_32,NB,EM,22.0,Male,Right handed,Corrected to normal,1
sub49_NB,1,33.0,56,NB_33,NB,BB,22.0,Male,Right handed,Corrected to normal,1
sub49_NB,1,34.0,33,NB_34,NB,BB,22.0,Male,Right handed,Corrected to normal,1
sub49_NB,1,35.0,44,NB_35,NB,EM,22.0,Male,Right handed,Corrected to normal,1
sub49_NB,1,36.0,18,NB_36,NB,BB,22.0,Male,Right handed,Corrected to normal,1
sub49_NB,1,38.0,20,NB_38,NB,EM,22.0,Male,Right handed,Corrected to normal,1
sub49_NB,1,39.0,48,NB_39,NB,BB,22.0,Male,Right handed,Corrected to normal,1
sub49_NB,1,40.0,49,NB_40,NB,EM,22.0,Male,Right handed,Corrected to normal,1
sub50_NB,1,1.0,19,NB_1,NB,EM,20.0,Male,Right handed,Normal,1
sub50_NB,1,2.0,31,NB_2,NB,BB,20.0,Male,Right handed,Normal,1
sub50_NB,0,4.0,31,NB_4,NB,EM,20.0,Male,Right handed,Normal,0
sub50_NB,1,5.0,33,NB_5,NB,EM,20.0,Male,Right handed,Normal,1
sub50_NB,1,6.0,31,NB_6,NB,BB,20.0,Male,Right handed,Normal,1
sub50_NB,1,8.0,25,NB_8,NB,BB,20.0,Male,Right handed,Normal,1
sub50_NB,0,9.0,20,NB_9,NB,EM,20.0,Male,Right handed,Normal,0
sub50_NB,1,10.0,37,NB_10,NB,BB,20.0,Male,Right handed,Normal,1
sub50_NB,1,11.0,28,NB_11,NB,EM,20.0,Male,Right handed,Normal,1
sub50_NB,1,12.0,48,NB_12,NB,EM,20.0,Male,Right handed,Normal,1
sub50_NB,1,13.0,31,NB_13,NB,BB,20.0,Male,Right handed,Normal,1
sub50_NB,1,14.0,25,NB_14,NB,BB,20.0,Male,Right handed,Normal,1
sub50_NB,1,15.0,28,NB_15,NB,BB,20.0,Male,Right handed,Normal,1
sub50_NB,1,16.0,35,NB_16,NB,EM,20.0,Male,Right handed,Normal,1
sub50_NB,1,17.0,24,NB_17,NB,BB,20.0,Male,Right handed,Normal,1
sub50_NB,1,19.0,37,NB_19,NB,BB,20.0,Male,Right handed,Normal,1
sub50_NB,1,20.0,34,NB_20,NB,EM,20.0,Male,Right handed,Normal,1
sub50_NB,1,21.0,39,NB_21,NB,BB,20.0,Male,Right handed,Normal,1
sub50_NB,0,22.0,34,NB_22,NB,EM,20.0,Male,Right handed,Normal,0
sub50_NB,1,23.0,24,NB_23,NB,EM,20.0,Male,Right handed,Normal,1
sub50_NB,1,24.0,25,NB_24,NB,BB,20.0,Male,Right handed,Normal,1
sub50_NB,1,25.0,40,NB_25,NB,BB,20.0,Male,Right handed,Normal,1
sub50_NB,0,26.0,35,NB_26,NB,EM,20.0,Male,Right handed,Normal,0
sub50_NB,1,27.0,50,NB_27,NB,BB,20.0,Male,Right handed,Normal,1
sub50_NB,1,29.0,30,NB_29,NB,BB,20.0,Male,Right handed,Normal,1
sub50_NB,1,30.0,36,NB_30,NB,EM,20.0,Male,Right handed,Normal,1
sub50_NB,1,31.0,42,NB_31,NB,EM,20.0,Male,Right handed,Normal,1
sub50_NB,1,32.0,32,NB_32,NB,EM,20.0,Male,Right handed,Normal,1
sub50_NB,1,33.0,56,NB_33,NB,BB,20.0,Male,Right handed,Normal,1
sub50_NB,1,34.0,33,NB_34,NB,BB,20.0,Male,Right handed,Normal,1
sub50_NB,1,35.0,44,NB_35,NB,EM,20.0,Male,Right handed,Normal,1
sub50_NB,1,36.0,18,NB_36,NB,BB,20.0,Male,Right handed,Normal,1
sub50_NB,0,38.0,20,NB_38,NB,EM,20.0,Male,Right handed,Normal,0
sub50_NB,1,39.0,48,NB_39,NB,BB,20.0,Male,Right handed,Normal,1
sub50_NB,1,40.0,49,NB_40,NB,EM,20.0,Male,Right handed,Normal,1
sub51_NB,0,1.0,19,NB_1,NB,EM,20.0,Female,Right handed,Corrected to normal,0
sub51_NB,1,2.0,31,NB_2,NB,BB,20.0,Female,Right handed,Corrected to normal,1
sub51_NB,0,4.0,31,NB_4,NB,EM,20.0,Female,Right handed,Corrected to normal,0
sub51_NB,1,5.0,33,NB_5,NB,EM,20.0,Female,Right handed,Corrected to normal,1
sub51_NB,1,6.0,31,NB_6,NB,BB,20.0,Female,Right handed,Corrected to normal,1
sub51_NB,1,8.0,25,NB_8,NB,BB,20.0,Female,Right handed,Corrected to normal,1
sub51_NB,1,9.0,20,NB_9,NB,EM,20.0,Female,Right handed,Corrected to normal,1
sub51_NB,1,10.0,37,NB_10,NB,BB,20.0,Female,Right handed,Corrected to normal,1
sub51_NB,1,11.0,28,NB_11,NB,EM,20.0,Female,Right handed,Corrected to normal,1
sub51_NB,1,12.0,48,NB_12,NB,EM,20.0,Female,Right handed,Corrected to normal,1
sub51_NB,0,13.0,31,NB_13,NB,BB,20.0,Female,Right handed,Corrected to normal,0
sub51_NB,1,14.0,25,NB_14,NB,BB,20.0,Female,Right handed,Corrected to normal,1
sub51_NB,1,15.0,28,NB_15,NB,BB,20.0,Female,Right handed,Corrected to normal,1
sub51_NB,1,16.0,35,NB_16,NB,EM,20.0,Female,Right handed,Corrected to normal,1
sub51_NB,1,17.0,24,NB_17,NB,BB,20.0,Female,Right handed,Corrected to normal,1
sub51_NB,1,19.0,37,NB_19,NB,BB,20.0,Female,Right handed,Corrected to normal,1
sub51_NB,1,20.0,34,NB_20,NB,EM,20.0,Female,Right handed,Corrected to normal,1
sub51_NB,1,21.0,39,NB_21,NB,BB,20.0,Female,Right handed,Corrected to normal,1
sub51_NB,1,22.0,34,NB_22,NB,EM,20.0,Female,Right handed,Corrected to normal,1
sub51_NB,1,23.0,24,NB_23,NB,EM,20.0,Female,Right handed,Corrected to normal,1
sub51_NB,0,24.0,25,NB_24,NB,BB,20.0,Female,Right handed,Corrected to normal,0
sub51_NB,1,25.0,40,NB_25,NB,BB,20.0,Female,Right handed,Corrected to normal,1
sub51_NB,1,26.0,35,NB_26,NB,EM,20.0,Female,Right handed,Corrected to normal,1
sub51_NB,1,27.0,50,NB_27,NB,BB,20.0,Female,Right handed,Corrected to normal,1
sub51_NB,1,29.0,30,NB_29,NB,BB,20.0,Female,Right handed,Corrected to normal,1
sub51_NB,1,30.0,36,NB_30,NB,EM,20.0,Female,Right handed,Corrected to normal,1
sub51_NB,1,31.0,42,NB_31,NB,EM,20.0,Female,Right handed,Corrected to normal,1
sub51_NB,1,32.0,32,NB_32,NB,EM,20.0,Female,Right handed,Corrected to normal,1
sub51_NB,1,33.0,56,NB_33,NB,BB,20.0,Female,Right handed,Corrected to normal,1
sub51_NB,1,34.0,33,NB_34,NB,BB,20.0,Female,Right handed,Corrected to normal,1
sub51_NB,1,35.0,44,NB_35,NB,EM,20.0,Female,Right handed,Corrected to normal,1
sub51_NB,1,36.0,18,NB_36,NB,BB,20.0,Female,Right handed,Corrected to normal,1
sub51_NB,1,38.0,20,NB_38,NB,EM,20.0,Female,Right handed,Corrected to normal,1
sub51_NB,1,39.0,48,NB_39,NB,BB,20.0,Female,Right handed,Corrected to normal,1
sub51_NB,1,40.0,49,NB_40,NB,EM,20.0,Female,Right handed,Corrected to normal,1
sub52_NB,1,1.0,19,NB_1,NB,EM,19.0,Female,Left Handed,Corrected to normal,1
sub52_NB,1,2.0,31,NB_2,NB,BB,19.0,Female,Left Handed,Corrected to normal,1
sub52_NB,1,4.0,31,NB_4,NB,EM,19.0,Female,Left Handed,Corrected to normal,1
sub52_NB,1,5.0,33,NB_5,NB,EM,19.0,Female,Left Handed,Corrected to normal,1
sub52_NB,1,6.0,31,NB_6,NB,BB,19.0,Female,Left Handed,Corrected to normal,1
sub52_NB,1,8.0,25,NB_8,NB,BB,19.0,Female,Left Handed,Corrected to normal,1
sub52_NB,1,9.0,20,NB_9,NB,EM,19.0,Female,Left Handed,Corrected to normal,1
sub52_NB,1,10.0,37,NB_10,NB,BB,19.0,Female,Left Handed,Corrected to normal,1
sub52_NB,1,11.0,28,NB_11,NB,EM,19.0,Female,Left Handed,Corrected to normal,1
sub52_NB,1,12.0,48,NB_12,NB,EM,19.0,Female,Left Handed,Corrected to normal,1
sub52_NB,0,13.0,31,NB_13,NB,BB,19.0,Female,Left Handed,Corrected to normal,0
sub52_NB,1,14.0,25,NB_14,NB,BB,19.0,Female,Left Handed,Corrected to normal,1
sub52_NB,1,15.0,28,NB_15,NB,BB,19.0,Female,Left Handed,Corrected to normal,1
sub52_NB,1,16.0,35,NB_16,NB,EM,19.0,Female,Left Handed,Corrected to normal,1
sub52_NB,1,17.0,24,NB_17,NB,BB,19.0,Female,Left Handed,Corrected to normal,1
sub52_NB,1,19.0,37,NB_19,NB,BB,19.0,Female,Left Handed,Corrected to normal,1
sub52_NB,1,20.0,34,NB_20,NB,EM,19.0,Female,Left Handed,Corrected to normal,1
sub52_NB,1,21.0,39,NB_21,NB,BB,19.0,Female,Left Handed,Corrected to normal,1
sub52_NB,1,22.0,34,NB_22,NB,EM,19.0,Female,Left Handed,Corrected to normal,1
sub52_NB,1,23.0,24,NB_23,NB,EM,19.0,Female,Left Handed,Corrected to normal,1
sub52_NB,1,24.0,25,NB_24,NB,BB,19.0,Female,Left Handed,Corrected to normal,1
sub52_NB,1,25.0,40,NB_25,NB,BB,19.0,Female,Left Handed,Corrected to normal,1
sub52_NB,1,26.0,35,NB_26,NB,EM,19.0,Female,Left Handed,Corrected to normal,1
sub52_NB,1,27.0,50,NB_27,NB,BB,19.0,Female,Left Handed,Corrected to normal,1
sub52_NB,1,29.0,30,NB_29,NB,BB,19.0,Female,Left Handed,Corrected to normal,1
sub52_NB,1,30.0,36,NB_30,NB,EM,19.0,Female,Left Handed,Corrected to normal,1
sub52_NB,1,31.0,42,NB_31,NB,EM,19.0,Female,Left Handed,Corrected to normal,1
sub52_NB,1,32.0,32,NB_32,NB,EM,19.0,Female,Left Handed,Corrected to normal,1
sub52_NB,1,33.0,56,NB_33,NB,BB,19.0,Female,Left Handed,Corrected to normal,1
sub52_NB,0,34.0,33,NB_34,NB,BB,19.0,Female,Left Handed,Corrected to normal,0
sub52_NB,1,35.0,44,NB_35,NB,EM,19.0,Female,Left Handed,Corrected to normal,1
sub52_NB,1,36.0,18,NB_36,NB,BB,19.0,Female,Left Handed,Corrected to normal,1
sub52_NB,1,38.0,20,NB_38,NB,EM,19.0,Female,Left Handed,Corrected to normal,1
sub52_NB,1,39.0,48,NB_39,NB,BB,19.0,Female,Left Handed,Corrected to normal,1
sub52_NB,1,40.0,49,NB_40,NB,EM,19.0,Female,Left Handed,Corrected to normal,1
sub53_NB,0,1.0,19,NB_1,NB,EM,19.0,Female,Right handed,Normal,0
sub53_NB,1,2.0,31,NB_2,NB,BB,19.0,Female,Right handed,Normal,1
sub53_NB,1,4.0,31,NB_4,NB,EM,19.0,Female,Right handed,Normal,1
sub53_NB,1,5.0,33,NB_5,NB,EM,19.0,Female,Right handed,Normal,1
sub53_NB,1,6.0,31,NB_6,NB,BB,19.0,Female,Right handed,Normal,1
sub53_NB,1,8.0,25,NB_8,NB,BB,19.0,Female,Right handed,Normal,1
sub53_NB,1,9.0,20,NB_9,NB,EM,19.0,Female,Right handed,Normal,1
sub53_NB,1,10.0,37,NB_10,NB,BB,19.0,Female,Right handed,Normal,1
sub53_NB,1,11.0,28,NB_11,NB,EM,19.0,Female,Right handed,Normal,1
sub53_NB,1,12.0,48,NB_12,NB,EM,19.0,Female,Right handed,Normal,1
sub53_NB,0,13.0,31,NB_13,NB,BB,19.0,Female,Right handed,Normal,0
sub53_NB,1,14.0,25,NB_14,NB,BB,19.0,Female,Right handed,Normal,1
sub53_NB,1,15.0,28,NB_15,NB,BB,19.0,Female,Right handed,Normal,1
sub53_NB,1,16.0,35,NB_16,NB,EM,19.0,Female,Right handed,Normal,1
sub53_NB,1,17.0,24,NB_17,NB,BB,19.0,Female,Right handed,Normal,1
sub53_NB,1,19.0,37,NB_19,NB,BB,19.0,Female,Right handed,Normal,1
sub53_NB,1,20.0,34,NB_20,NB,EM,19.0,Female,Right handed,Normal,1
sub53_NB,1,21.0,39,NB_21,NB,BB,19.0,Female,Right handed,Normal,1
sub53_NB,1,22.0,34,NB_22,NB,EM,19.0,Female,Right handed,Normal,1
sub53_NB,1,23.0,24,NB_23,NB,EM,19.0,Female,Right handed,Normal,1
sub53_NB,1,24.0,25,NB_24,NB,BB,19.0,Female,Right handed,Normal,1
sub53_NB,1,25.0,40,NB_25,NB,BB,19.0,Female,Right handed,Normal,1
sub53_NB,1,26.0,35,NB_26,NB,EM,19.0,Female,Right handed,Normal,1
sub53_NB,1,27.0,50,NB_27,NB,BB,19.0,Female,Right handed,Normal,1
sub53_NB,1,29.0,30,NB_29,NB,BB,19.0,Female,Right handed,Normal,1
sub53_NB,1,30.0,36,NB_30,NB,EM,19.0,Female,Right handed,Normal,1
sub53_NB,1,31.0,42,NB_31,NB,EM,19.0,Female,Right handed,Normal,1
sub53_NB,1,32.0,32,NB_32,NB,EM,19.0,Female,Right handed,Normal,1
sub53_NB,1,33.0,56,NB_33,NB,BB,19.0,Female,Right handed,Normal,1
sub53_NB,1,34.0,33,NB_34,NB,BB,19.0,Female,Right handed,Normal,1
sub53_NB,1,35.0,44,NB_35,NB,EM,19.0,Female,Right handed,Normal,1
sub53_NB,1,36.0,18,NB_36,NB,BB,19.0,Female,Right handed,Normal,1
sub53_NB,1,38.0,20,NB_38,NB,EM,19.0,Female,Right handed,Normal,1
sub53_NB,1,39.0,48,NB_39,NB,BB,19.0,Female,Right handed,Normal,1
sub53_NB,1,40.0,49,NB_40,NB,EM,19.0,Female,Right handed,Normal,1
sub54_NB,1,1.0,19,NB_1,NB,EM,25.0,Male,Right handed,Corrected to normal,1
sub54_NB,1,2.0,31,NB_2,NB,BB,25.0,Male,Right handed,Corrected to normal,1
sub54_NB,0,4.0,31,NB_4,NB,EM,25.0,Male,Right handed,Corrected to normal,0
sub54_NB,1,5.0,33,NB_5,NB,EM,25.0,Male,Right handed,Corrected to normal,1
sub54_NB,1,6.0,31,NB_6,NB,BB,25.0,Male,Right handed,Corrected to normal,1
sub54_NB,0,8.0,25,NB_8,NB,BB,25.0,Male,Right handed,Corrected to normal,0
sub54_NB,0,9.0,20,NB_9,NB,EM,25.0,Male,Right handed,Corrected to normal,0
sub54_NB,1,10.0,37,NB_10,NB,BB,25.0,Male,Right handed,Corrected to normal,1
sub54_NB,1,11.0,28,NB_11,NB,EM,25.0,Male,Right handed,Corrected to normal,1
sub54_NB,1,12.0,48,NB_12,NB,EM,25.0,Male,Right handed,Corrected to normal,1
sub54_NB,0,13.0,31,NB_13,NB,BB,25.0,Male,Right handed,Corrected to normal,0
sub54_NB,1,14.0,25,NB_14,NB,BB,25.0,Male,Right handed,Corrected to normal,1
sub54_NB,1,15.0,28,NB_15,NB,BB,25.0,Male,Right handed,Corrected to normal,1
sub54_NB,1,16.0,35,NB_16,NB,EM,25.0,Male,Right handed,Corrected to normal,1
sub54_NB,1,17.0,24,NB_17,NB,BB,25.0,Male,Right handed,Corrected to normal,1
sub54_NB,0,19.0,37,NB_19,NB,BB,25.0,Male,Right handed,Corrected to normal,0
sub54_NB,1,20.0,34,NB_20,NB,EM,25.0,Male,Right handed,Corrected to normal,1
sub54_NB,1,21.0,39,NB_21,NB,BB,25.0,Male,Right handed,Corrected to normal,1
sub54_NB,1,22.0,34,NB_22,NB,EM,25.0,Male,Right handed,Corrected to normal,1
sub54_NB,1,23.0,24,NB_23,NB,EM,25.0,Male,Right handed,Corrected to normal,1
sub54_NB,1,24.0,25,NB_24,NB,BB,25.0,Male,Right handed,Corrected to normal,1
sub54_NB,1,25.0,40,NB_25,NB,BB,25.0,Male,Right handed,Corrected to normal,1
sub54_NB,1,26.0,35,NB_26,NB,EM,25.0,Male,Right handed,Corrected to normal,1
sub54_NB,1,27.0,50,NB_27,NB,BB,25.0,Male,Right handed,Corrected to normal,1
sub54_NB,1,29.0,30,NB_29,NB,BB,25.0,Male,Right handed,Corrected to normal,1
sub54_NB,1,30.0,36,NB_30,NB,EM,25.0,Male,Right handed,Corrected to normal,1
sub54_NB,1,31.0,42,NB_31,NB,EM,25.0,Male,Right handed,Corrected to normal,1
sub54_NB,1,32.0,32,NB_32,NB,EM,25.0,Male,Right handed,Corrected to normal,1
sub54_NB,1,33.0,56,NB_33,NB,BB,25.0,Male,Right handed,Corrected to normal,1
sub54_NB,1,34.0,33,NB_34,NB,BB,25.0,Male,Right handed,Corrected to normal,1
sub54_NB,1,35.0,44,NB_35,NB,EM,25.0,Male,Right handed,Corrected to normal,1
sub54_NB,1,36.0,18,NB_36,NB,BB,25.0,Male,Right handed,Corrected to normal,1
sub54_NB,1,38.0,20,NB_38,NB,EM,25.0,Male,Right handed,Corrected to normal,1
sub54_NB,1,39.0,48,NB_39,NB,BB,25.0,Male,Right handed,Corrected to normal,1
sub54_NB,1,40.0,49,NB_40,NB,EM,25.0,Male,Right handed,Corrected to normal,1
sub55_NB,1,1.0,19,NB_1,NB,EM,25.0,Female,Right handed,Corrected to normal,1
sub55_NB,1,2.0,31,NB_2,NB,BB,25.0,Female,Right handed,Corrected to normal,1
sub55_NB,0,4.0,31,NB_4,NB,EM,25.0,Female,Right handed,Corrected to normal,0
sub55_NB,1,5.0,33,NB_5,NB,EM,25.0,Female,Right handed,Corrected to normal,1
sub55_NB,1,6.0,31,NB_6,NB,BB,25.0,Female,Right handed,Corrected to normal,1
sub55_NB,0,8.0,25,NB_8,NB,BB,25.0,Female,Right handed,Corrected to normal,0
sub55_NB,1,9.0,20,NB_9,NB,EM,25.0,Female,Right handed,Corrected to normal,1
sub55_NB,1,10.0,37,NB_10,NB,BB,25.0,Female,Right handed,Corrected to normal,1
sub55_NB,1,11.0,28,NB_11,NB,EM,25.0,Female,Right handed,Corrected to normal,1
sub55_NB,1,12.0,48,NB_12,NB,EM,25.0,Female,Right handed,Corrected to normal,1
sub55_NB,0,13.0,31,NB_13,NB,BB,25.0,Female,Right handed,Corrected to normal,0
sub55_NB,1,14.0,25,NB_14,NB,BB,25.0,Female,Right handed,Corrected to normal,1
sub55_NB,1,15.0,28,NB_15,NB,BB,25.0,Female,Right handed,Corrected to normal,1
sub55_NB,1,16.0,35,NB_16,NB,EM,25.0,Female,Right handed,Corrected to normal,1
sub55_NB,1,17.0,24,NB_17,NB,BB,25.0,Female,Right handed,Corrected to normal,1
sub55_NB,1,19.0,37,NB_19,NB,BB,25.0,Female,Right handed,Corrected to normal,1
sub55_NB,1,20.0,34,NB_20,NB,EM,25.0,Female,Right handed,Corrected to normal,1
sub55_NB,1,21.0,39,NB_21,NB,BB,25.0,Female,Right handed,Corrected to normal,1
sub55_NB,1,22.0,34,NB_22,NB,EM,25.0,Female,Right handed,Corrected to normal,1
sub55_NB,1,23.0,24,NB_23,NB,EM,25.0,Female,Right handed,Corrected to normal,1
sub55_NB,1,24.0,25,NB_24,NB,BB,25.0,Female,Right handed,Corrected to normal,1
sub55_NB,0,25.0,40,NB_25,NB,BB,25.0,Female,Right handed,Corrected to normal,0
sub55_NB,1,26.0,35,NB_26,NB,EM,25.0,Female,Right handed,Corrected to normal,1
sub55_NB,1,27.0,50,NB_27,NB,BB,25.0,Female,Right handed,Corrected to normal,1
sub55_NB,1,29.0,30,NB_29,NB,BB,25.0,Female,Right handed,Corrected to normal,1
sub55_NB,1,30.0,36,NB_30,NB,EM,25.0,Female,Right handed,Corrected to normal,1
sub55_NB,1,31.0,42,NB_31,NB,EM,25.0,Female,Right handed,Corrected to normal,1
sub55_NB,1,32.0,32,NB_32,NB,EM,25.0,Female,Right handed,Corrected to normal,1
sub55_NB,1,33.0,56,NB_33,NB,BB,25.0,Female,Right handed,Corrected to normal,1
sub55_NB,1,34.0,33,NB_34,NB,BB,25.0,Female,Right handed,Corrected to normal,1
sub55_NB,1,35.0,44,NB_35,NB,EM,25.0,Female,Right handed,Corrected to normal,1
sub55_NB,1,36.0,18,NB_36,NB,BB,25.0,Female,Right handed,Corrected to normal,1
sub55_NB,1,38.0,20,NB_38,NB,EM,25.0,Female,Right handed,Corrected to normal,1
sub55_NB,1,39.0,48,NB_39,NB,BB,25.0,Female,Right handed,Corrected to normal,1
sub55_NB,1,40.0,49,NB_40,NB,EM,25.0,Female,Right handed,Corrected to normal,1
sub56_NB,0,1.0,19,NB_1,NB,EM,23.0,Male,Left Handed,Normal,0
sub56_NB,1,2.0,31,NB_2,NB,BB,23.0,Male,Left Handed,Normal,1
sub56_NB,1,4.0,31,NB_4,NB,EM,23.0,Male,Left Handed,Normal,1
sub56_NB,0,5.0,33,NB_5,NB,EM,23.0,Male,Left Handed,Normal,0
sub56_NB,1,6.0,31,NB_6,NB,BB,23.0,Male,Left Handed,Normal,1
sub56_NB,1,8.0,25,NB_8,NB,BB,23.0,Male,Left Handed,Normal,1
sub56_NB,1,9.0,20,NB_9,NB,EM,23.0,Male,Left Handed,Normal,1
sub56_NB,0,10.0,37,NB_10,NB,BB,23.0,Male,Left Handed,Normal,0
sub56_NB,1,11.0,28,NB_11,NB,EM,23.0,Male,Left Handed,Normal,1
sub56_NB,1,12.0,48,NB_12,NB,EM,23.0,Male,Left Handed,Normal,1
sub56_NB,1,13.0,31,NB_13,NB,BB,23.0,Male,Left Handed,Normal,1
sub56_NB,1,14.0,25,NB_14,NB,BB,23.0,Male,Left Handed,Normal,1
sub56_NB,0,15.0,28,NB_15,NB,BB,23.0,Male,Left Handed,Normal,0
sub56_NB,0,16.0,35,NB_16,NB,EM,23.0,Male,Left Handed,Normal,0
sub56_NB,1,17.0,24,NB_17,NB,BB,23.0,Male,Left Handed,Normal,1
sub56_NB,1,19.0,37,NB_19,NB,BB,23.0,Male,Left Handed,Normal,1
sub56_NB,1,20.0,34,NB_20,NB,EM,23.0,Male,Left Handed,Normal,1
sub56_NB,1,21.0,39,NB_21,NB,BB,23.0,Male,Left Handed,Normal,1
sub56_NB,1,22.0,34,NB_22,NB,EM,23.0,Male,Left Handed,Normal,1
sub56_NB,0,23.0,24,NB_23,NB,EM,23.0,Male,Left Handed,Normal,0
sub56_NB,1,24.0,25,NB_24,NB,BB,23.0,Male,Left Handed,Normal,1
sub56_NB,1,25.0,40,NB_25,NB,BB,23.0,Male,Left Handed,Normal,1
sub56_NB,1,26.0,35,NB_26,NB,EM,23.0,Male,Left Handed,Normal,1
sub56_NB,1,27.0,50,NB_27,NB,BB,23.0,Male,Left Handed,Normal,1
sub56_NB,1,29.0,30,NB_29,NB,BB,23.0,Male,Left Handed,Normal,1
sub56_NB,1,30.0,36,NB_30,NB,EM,23.0,Male,Left Handed,Normal,1
sub56_NB,1,31.0,42,NB_31,NB,EM,23.0,Male,Left Handed,Normal,1
sub56_NB,1,32.0,32,NB_32,NB,EM,23.0,Male,Left Handed,Normal,1
sub56_NB,1,33.0,56,NB_33,NB,BB,23.0,Male,Left Handed,Normal,1
sub56_NB,1,34.0,33,NB_34,NB,BB,23.0,Male,Left Handed,Normal,1
sub56_NB,1,35.0,44,NB_35,NB,EM,23.0,Male,Left Handed,Normal,1
sub56_NB,1,36.0,18,NB_36,NB,BB,23.0,Male,Left Handed,Normal,1
sub56_NB,1,38.0,20,NB_38,NB,EM,23.0,Male,Left Handed,Normal,1
sub56_NB,1,39.0,48,NB_39,NB,BB,23.0,Male,Left Handed,Normal,1
sub56_NB,1,40.0,49,NB_40,NB,EM,23.0,Male,Left Handed,Normal,1
sub57_NB,1,1.0,19,NB_1,NB,EM,21.0,Female,Right handed,Normal,1
sub57_NB,1,2.0,31,NB_2,NB,BB,21.0,Female,Right handed,Normal,1
sub57_NB,1,4.0,31,NB_4,NB,EM,21.0,Female,Right handed,Normal,1
sub57_NB,1,5.0,33,NB_5,NB,EM,21.0,Female,Right handed,Normal,1
sub57_NB,1,6.0,31,NB_6,NB,BB,21.0,Female,Right handed,Normal,1
sub57_NB,0,8.0,25,NB_8,NB,BB,21.0,Female,Right handed,Normal,0
sub57_NB,1,9.0,20,NB_9,NB,EM,21.0,Female,Right handed,Normal,1
sub57_NB,1,10.0,37,NB_10,NB,BB,21.0,Female,Right handed,Normal,1
sub57_NB,1,11.0,28,NB_11,NB,EM,21.0,Female,Right handed,Normal,1
sub57_NB,1,12.0,48,NB_12,NB,EM,21.0,Female,Right handed,Normal,1
sub57_NB,1,13.0,31,NB_13,NB,BB,21.0,Female,Right handed,Normal,1
sub57_NB,1,14.0,25,NB_14,NB,BB,21.0,Female,Right handed,Normal,1
sub57_NB,0,15.0,28,NB_15,NB,BB,21.0,Female,Right handed,Normal,0
sub57_NB,1,16.0,35,NB_16,NB,EM,21.0,Female,Right handed,Normal,1
sub57_NB,1,17.0,24,NB_17,NB,BB,21.0,Female,Right handed,Normal,1
sub57_NB,1,19.0,37,NB_19,NB,BB,21.0,Female,Right handed,Normal,1
sub57_NB,1,20.0,34,NB_20,NB,EM,21.0,Female,Right handed,Normal,1
sub57_NB,1,21.0,39,NB_21,NB,BB,21.0,Female,Right handed,Normal,1
sub57_NB,1,22.0,34,NB_22,NB,EM,21.0,Female,Right handed,Normal,1
sub57_NB,1,23.0,24,NB_23,NB,EM,21.0,Female,Right handed,Normal,1
sub57_NB,1,24.0,25,NB_24,NB,BB,21.0,Female,Right handed,Normal,1
sub57_NB,1,25.0,40,NB_25,NB,BB,21.0,Female,Right handed,Normal,1
sub57_NB,1,26.0,35,NB_26,NB,EM,21.0,Female,Right handed,Normal,1
sub57_NB,1,27.0,50,NB_27,NB,BB,21.0,Female,Right handed,Normal,1
sub57_NB,1,29.0,30,NB_29,NB,BB,21.0,Female,Right handed,Normal,1
sub57_NB,1,30.0,36,NB_30,NB,EM,21.0,Female,Right handed,Normal,1
sub57_NB,1,31.0,42,NB_31,NB,EM,21.0,Female,Right handed,Normal,1
sub57_NB,1,32.0,32,NB_32,NB,EM,21.0,Female,Right handed,Normal,1
sub57_NB,1,33.0,56,NB_33,NB,BB,21.0,Female,Right handed,Normal,1
sub57_NB,0,34.0,33,NB_34,NB,BB,21.0,Female,Right handed,Normal,0
sub57_NB,1,35.0,44,NB_35,NB,EM,21.0,Female,Right handed,Normal,1
sub57_NB,0,36.0,18,NB_36,NB,BB,21.0,Female,Right handed,Normal,0
sub57_NB,0,38.0,20,NB_38,NB,EM,21.0,Female,Right handed,Normal,0
sub57_NB,1,39.0,48,NB_39,NB,BB,21.0,Female,Right handed,Normal,1
sub57_NB,0,40.0,49,NB_40,NB,EM,21.0,Female,Right handed,Normal,0
sub58_NB,1,1.0,19,NB_1,NB,EM,22.0,Male,Right handed,Corrected to normal,1
sub58_NB,1,2.0,31,NB_2,NB,BB,22.0,Male,Right handed,Corrected to normal,1
sub58_NB,1,4.0,31,NB_4,NB,EM,22.0,Male,Right handed,Corrected to normal,1
sub58_NB,0,5.0,33,NB_5,NB,EM,22.0,Male,Right handed,Corrected to normal,0
sub58_NB,1,6.0,31,NB_6,NB,BB,22.0,Male,Right handed,Corrected to normal,1
sub58_NB,0,8.0,25,NB_8,NB,BB,22.0,Male,Right handed,Corrected to normal,0
sub58_NB,1,9.0,20,NB_9,NB,EM,22.0,Male,Right handed,Corrected to normal,1
sub58_NB,1,10.0,37,NB_10,NB,BB,22.0,Male,Right handed,Corrected to normal,1
sub58_NB,1,11.0,28,NB_11,NB,EM,22.0,Male,Right handed,Corrected to normal,1
sub58_NB,0,12.0,48,NB_12,NB,EM,22.0,Male,Right handed,Corrected to normal,0
sub58_NB,1,13.0,31,NB_13,NB,BB,22.0,Male,Right handed,Corrected to normal,1
sub58_NB,1,14.0,25,NB_14,NB,BB,22.0,Male,Right handed,Corrected to normal,1
sub58_NB,1,15.0,28,NB_15,NB,BB,22.0,Male,Right handed,Corrected to normal,1
sub58_NB,0,16.0,35,NB_16,NB,EM,22.0,Male,Right handed,Corrected to normal,0
sub58_NB,1,17.0,24,NB_17,NB,BB,22.0,Male,Right handed,Corrected to normal,1
sub58_NB,1,19.0,37,NB_19,NB,BB,22.0,Male,Right handed,Corrected to normal,1
sub58_NB,1,20.0,34,NB_20,NB,EM,22.0,Male,Right handed,Corrected to normal,1
sub58_NB,1,21.0,39,NB_21,NB,BB,22.0,Male,Right handed,Corrected to normal,1
sub58_NB,1,22.0,34,NB_22,NB,EM,22.0,Male,Right handed,Corrected to normal,1
sub58_NB,1,23.0,24,NB_23,NB,EM,22.0,Male,Right handed,Corrected to normal,1
sub58_NB,1,24.0,25,NB_24,NB,BB,22.0,Male,Right handed,Corrected to normal,1
sub58_NB,1,25.0,40,NB_25,NB,BB,22.0,Male,Right handed,Corrected to normal,1
sub58_NB,0,26.0,35,NB_26,NB,EM,22.0,Male,Right handed,Corrected to normal,0
sub58_NB,1,27.0,50,NB_27,NB,BB,22.0,Male,Right handed,Corrected to normal,1
sub58_NB,1,29.0,30,NB_29,NB,BB,22.0,Male,Right handed,Corrected to normal,1
sub58_NB,1,30.0,36,NB_30,NB,EM,22.0,Male,Right handed,Corrected to normal,1
sub58_NB,1,31.0,42,NB_31,NB,EM,22.0,Male,Right handed,Corrected to normal,1
sub58_NB,1,32.0,32,NB_32,NB,EM,22.0,Male,Right handed,Corrected to normal,1
sub58_NB,1,33.0,56,NB_33,NB,BB,22.0,Male,Right handed,Corrected to normal,1
sub58_NB,1,34.0,33,NB_34,NB,BB,22.0,Male,Right handed,Corrected to normal,1
sub58_NB,1,35.0,44,NB_35,NB,EM,22.0,Male,Right handed,Corrected to normal,1
sub58_NB,0,36.0,18,NB_36,NB,BB,22.0,Male,Right handed,Corrected to normal,0
sub58_NB,1,38.0,20,NB_38,NB,EM,22.0,Male,Right handed,Corrected to normal,1
sub58_NB,1,39.0,48,NB_39,NB,BB,22.0,Male,Right handed,Corrected to normal,1
sub58_NB,1,40.0,49,NB_40,NB,EM,22.0,Male,Right handed,Corrected to normal,1
sub59_NB,0,1.0,19,NB_1,NB,EM,21.0,Male,Right handed,Corrected to normal,0
sub59_NB,1,2.0,31,NB_2,NB,BB,21.0,Male,Right handed,Corrected to normal,1
sub59_NB,0,4.0,31,NB_4,NB,EM,21.0,Male,Right handed,Corrected to normal,0
sub59_NB,1,5.0,33,NB_5,NB,EM,21.0,Male,Right handed,Corrected to normal,1
sub59_NB,1,6.0,31,NB_6,NB,BB,21.0,Male,Right handed,Corrected to normal,1
sub59_NB,1,8.0,25,NB_8,NB,BB,21.0,Male,Right handed,Corrected to normal,1
sub59_NB,1,9.0,20,NB_9,NB,EM,21.0,Male,Right handed,Corrected to normal,1
sub59_NB,1,10.0,37,NB_10,NB,BB,21.0,Male,Right handed,Corrected to normal,1
sub59_NB,1,11.0,28,NB_11,NB,EM,21.0,Male,Right handed,Corrected to normal,1
sub59_NB,1,12.0,48,NB_12,NB,EM,21.0,Male,Right handed,Corrected to normal,1
sub59_NB,0,13.0,31,NB_13,NB,BB,21.0,Male,Right handed,Corrected to normal,0
sub59_NB,0,14.0,25,NB_14,NB,BB,21.0,Male,Right handed,Corrected to normal,0
sub59_NB,1,15.0,28,NB_15,NB,BB,21.0,Male,Right handed,Corrected to normal,1
sub59_NB,1,16.0,35,NB_16,NB,EM,21.0,Male,Right handed,Corrected to normal,1
sub59_NB,0,17.0,24,NB_17,NB,BB,21.0,Male,Right handed,Corrected to normal,0
sub59_NB,1,19.0,37,NB_19,NB,BB,21.0,Male,Right handed,Corrected to normal,1
sub59_NB,1,20.0,34,NB_20,NB,EM,21.0,Male,Right handed,Corrected to normal,1
sub59_NB,1,21.0,39,NB_21,NB,BB,21.0,Male,Right handed,Corrected to normal,1
sub59_NB,1,22.0,34,NB_22,NB,EM,21.0,Male,Right handed,Corrected to normal,1
sub59_NB,1,23.0,24,NB_23,NB,EM,21.0,Male,Right handed,Corrected to normal,1
sub59_NB,0,24.0,25,NB_24,NB,BB,21.0,Male,Right handed,Corrected to normal,0
sub59_NB,1,25.0,40,NB_25,NB,BB,21.0,Male,Right handed,Corrected to normal,1
sub59_NB,1,26.0,35,NB_26,NB,EM,21.0,Male,Right handed,Corrected to normal,1
sub59_NB,1,27.0,50,NB_27,NB,BB,21.0,Male,Right handed,Corrected to normal,1
sub59_NB,1,29.0,30,NB_29,NB,BB,21.0,Male,Right handed,Corrected to normal,1
sub59_NB,1,30.0,36,NB_30,NB,EM,21.0,Male,Right handed,Corrected to normal,1
sub59_NB,1,31.0,42,NB_31,NB,EM,21.0,Male,Right handed,Corrected to normal,1
sub59_NB,1,32.0,32,NB_32,NB,EM,21.0,Male,Right handed,Corrected to normal,1
sub59_NB,1,33.0,56,NB_33,NB,BB,21.0,Male,Right handed,Corrected to normal,1
sub59_NB,1,34.0,33,NB_34,NB,BB,21.0,Male,Right handed,Corrected to normal,1
sub59_NB,1,35.0,44,NB_35,NB,EM,21.0,Male,Right handed,Corrected to normal,1
sub59_NB,1,36.0,18,NB_36,NB,BB,21.0,Male,Right handed,Corrected to normal,1
sub59_NB,1,38.0,20,NB_38,NB,EM,21.0,Male,Right handed,Corrected to normal,1
sub59_NB,1,39.0,48,NB_39,NB,BB,21.0,Male,Right handed,Corrected to normal,1
sub59_NB,0,40.0,49,NB_40,NB,EM,21.0,Male,Right handed,Corrected to normal,0
sub60_NB,1,1.0,19,NB_1,NB,EM,22.0,Female,Right handed,Corrected to normal,1
sub60_NB,1,2.0,31,NB_2,NB,BB,22.0,Female,Right handed,Corrected to normal,1
sub60_NB,1,4.0,31,NB_4,NB,EM,22.0,Female,Right handed,Corrected to normal,1
sub60_NB,1,5.0,33,NB_5,NB,EM,22.0,Female,Right handed,Corrected to normal,1
sub60_NB,1,6.0,31,NB_6,NB,BB,22.0,Female,Right handed,Corrected to normal,1
sub60_NB,1,8.0,25,NB_8,NB,BB,22.0,Female,Right handed,Corrected to normal,1
sub60_NB,1,9.0,20,NB_9,NB,EM,22.0,Female,Right handed,Corrected to normal,1
sub60_NB,1,10.0,37,NB_10,NB,BB,22.0,Female,Right handed,Corrected to normal,1
sub60_NB,1,11.0,28,NB_11,NB,EM,22.0,Female,Right handed,Corrected to normal,1
sub60_NB,1,12.0,48,NB_12,NB,EM,22.0,Female,Right handed,Corrected to normal,1
sub60_NB,1,13.0,31,NB_13,NB,BB,22.0,Female,Right handed,Corrected to normal,1
sub60_NB,1,14.0,25,NB_14,NB,BB,22.0,Female,Right handed,Corrected to normal,1
sub60_NB,0,15.0,28,NB_15,NB,BB,22.0,Female,Right handed,Corrected to normal,0
sub60_NB,0,16.0,35,NB_16,NB,EM,22.0,Female,Right handed,Corrected to normal,0
sub60_NB,1,17.0,24,NB_17,NB,BB,22.0,Female,Right handed,Corrected to normal,1
sub60_NB,0,19.0,37,NB_19,NB,BB,22.0,Female,Right handed,Corrected to normal,0
sub60_NB,0,20.0,34,NB_20,NB,EM,22.0,Female,Right handed,Corrected to normal,0
sub60_NB,1,21.0,39,NB_21,NB,BB,22.0,Female,Right handed,Corrected to normal,1
sub60_NB,1,22.0,34,NB_22,NB,EM,22.0,Female,Right handed,Corrected to normal,1
sub60_NB,1,23.0,24,NB_23,NB,EM,22.0,Female,Right handed,Corrected to normal,1
sub60_NB,1,24.0,25,NB_24,NB,BB,22.0,Female,Right handed,Corrected to normal,1
sub60_NB,1,25.0,40,NB_25,NB,BB,22.0,Female,Right handed,Corrected to normal,1
sub60_NB,1,26.0,35,NB_26,NB,EM,22.0,Female,Right handed,Corrected to normal,1
sub60_NB,1,27.0,50,NB_27,NB,BB,22.0,Female,Right handed,Corrected to normal,1
sub60_NB,1,29.0,30,NB_29,NB,BB,22.0,Female,Right handed,Corrected to normal,1
sub60_NB,1,30.0,36,NB_30,NB,EM,22.0,Female,Right handed,Corrected to normal,1
sub60_NB,1,31.0,42,NB_31,NB,EM,22.0,Female,Right handed,Corrected to normal,1
sub60_NB,1,32.0,32,NB_32,NB,EM,22.0,Female,Right handed,Corrected to normal,1
sub60_NB,1,33.0,56,NB_33,NB,BB,22.0,Female,Right handed,Corrected to normal,1
sub60_NB,1,34.0,33,NB_34,NB,BB,22.0,Female,Right handed,Corrected to normal,1
sub60_NB,1,35.0,44,NB_35,NB,EM,22.0,Female,Right handed,Corrected to normal,1
sub60_NB,1,36.0,18,NB_36,NB,BB,22.0,Female,Right handed,Corrected to normal,1
sub60_NB,1,38.0,20,NB_38,NB,EM,22.0,Female,Right handed,Corrected to normal,1
sub60_NB,1,39.0,48,NB_39,NB,BB,22.0,Female,Right handed,Corrected to normal,1
sub60_NB,1,40.0,49,NB_40,NB,EM,22.0,Female,Right handed,Corrected to normal,1
sub61_NB,1,1.0,19,NB_1,NB,EM,21.0,Male,Right handed,Normal,1
sub61_NB,1,2.0,31,NB_2,NB,BB,21.0,Male,Right handed,Normal,1
sub61_NB,1,4.0,31,NB_4,NB,EM,21.0,Male,Right handed,Normal,1
sub61_NB,1,5.0,33,NB_5,NB,EM,21.0,Male,Right handed,Normal,1
sub61_NB,1,6.0,31,NB_6,NB,BB,21.0,Male,Right handed,Normal,1
sub61_NB,0,8.0,25,NB_8,NB,BB,21.0,Male,Right handed,Normal,0
sub61_NB,1,9.0,20,NB_9,NB,EM,21.0,Male,Right handed,Normal,1
sub61_NB,1,10.0,37,NB_10,NB,BB,21.0,Male,Right handed,Normal,1
sub61_NB,1,11.0,28,NB_11,NB,EM,21.0,Male,Right handed,Normal,1
sub61_NB,1,12.0,48,NB_12,NB,EM,21.0,Male,Right handed,Normal,1
sub61_NB,1,13.0,31,NB_13,NB,BB,21.0,Male,Right handed,Normal,1
sub61_NB,1,14.0,25,NB_14,NB,BB,21.0,Male,Right handed,Normal,1
sub61_NB,1,15.0,28,NB_15,NB,BB,21.0,Male,Right handed,Normal,1
sub61_NB,0,16.0,35,NB_16,NB,EM,21.0,Male,Right handed,Normal,0
sub61_NB,0,17.0,24,NB_17,NB,BB,21.0,Male,Right handed,Normal,0
sub61_NB,1,19.0,37,NB_19,NB,BB,21.0,Male,Right handed,Normal,1
sub61_NB,1,20.0,34,NB_20,NB,EM,21.0,Male,Right handed,Normal,1
sub61_NB,1,21.0,39,NB_21,NB,BB,21.0,Male,Right handed,Normal,1
sub61_NB,1,22.0,34,NB_22,NB,EM,21.0,Male,Right handed,Normal,1
sub61_NB,1,23.0,24,NB_23,NB,EM,21.0,Male,Right handed,Normal,1
sub61_NB,1,24.0,25,NB_24,NB,BB,21.0,Male,Right handed,Normal,1
sub61_NB,0,25.0,40,NB_25,NB,BB,21.0,Male,Right handed,Normal,0
sub61_NB,1,26.0,35,NB_26,NB,EM,21.0,Male,Right handed,Normal,1
sub61_NB,1,27.0,50,NB_27,NB,BB,21.0,Male,Right handed,Normal,1
sub61_NB,1,29.0,30,NB_29,NB,BB,21.0,Male,Right handed,Normal,1
sub61_NB,1,30.0,36,NB_30,NB,EM,21.0,Male,Right handed,Normal,1
sub61_NB,0,31.0,42,NB_31,NB,EM,21.0,Male,Right handed,Normal,0
sub61_NB,1,32.0,32,NB_32,NB,EM,21.0,Male,Right handed,Normal,1
sub61_NB,1,33.0,56,NB_33,NB,BB,21.0,Male,Right handed,Normal,1
sub61_NB,0,34.0,33,NB_34,NB,BB,21.0,Male,Right handed,Normal,0
sub61_NB,1,35.0,44,NB_35,NB,EM,21.0,Male,Right handed,Normal,1
sub61_NB,1,36.0,18,NB_36,NB,BB,21.0,Male,Right handed,Normal,1
sub61_NB,0,38.0,20,NB_38,NB,EM,21.0,Male,Right handed,Normal,0
sub61_NB,1,39.0,48,NB_39,NB,BB,21.0,Male,Right handed,Normal,1
sub61_NB,1,40.0,49,NB_40,NB,EM,21.0,Male,Right handed,Normal,1
sub62_NB,1,1.0,19,NB_1,NB,EM,23.0,Female,Right handed,Normal,1
sub62_NB,1,2.0,31,NB_2,NB,BB,23.0,Female,Right handed,Normal,1
sub62_NB,1,4.0,31,NB_4,NB,EM,23.0,Female,Right handed,Normal,1
sub62_NB,1,5.0,33,NB_5,NB,EM,23.0,Female,Right handed,Normal,1
sub62_NB,1,6.0,31,NB_6,NB,BB,23.0,Female,Right handed,Normal,1
sub62_NB,1,8.0,25,NB_8,NB,BB,23.0,Female,Right handed,Normal,1
sub62_NB,1,9.0,20,NB_9,NB,EM,23.0,Female,Right handed,Normal,1
sub62_NB,1,10.0,37,NB_10,NB,BB,23.0,Female,Right handed,Normal,1
sub62_NB,1,11.0,28,NB_11,NB,EM,23.0,Female,Right handed,Normal,1
sub62_NB,1,12.0,48,NB_12,NB,EM,23.0,Female,Right handed,Normal,1
sub62_NB,1,13.0,31,NB_13,NB,BB,23.0,Female,Right handed,Normal,1
sub62_NB,1,14.0,25,NB_14,NB,BB,23.0,Female,Right handed,Normal,1
sub62_NB,1,15.0,28,NB_15,NB,BB,23.0,Female,Right handed,Normal,1
sub62_NB,1,16.0,35,NB_16,NB,EM,23.0,Female,Right handed,Normal,1
sub62_NB,1,17.0,24,NB_17,NB,BB,23.0,Female,Right handed,Normal,1
sub62_NB,0,19.0,37,NB_19,NB,BB,23.0,Female,Right handed,Normal,0
sub62_NB,1,20.0,34,NB_20,NB,EM,23.0,Female,Right handed,Normal,1
sub62_NB,1,21.0,39,NB_21,NB,BB,23.0,Female,Right handed,Normal,1
sub62_NB,1,22.0,34,NB_22,NB,EM,23.0,Female,Right handed,Normal,1
sub62_NB,1,23.0,24,NB_23,NB,EM,23.0,Female,Right handed,Normal,1
sub62_NB,1,24.0,25,NB_24,NB,BB,23.0,Female,Right handed,Normal,1
sub62_NB,1,25.0,40,NB_25,NB,BB,23.0,Female,Right handed,Normal,1
sub62_NB,1,26.0,35,NB_26,NB,EM,23.0,Female,Right handed,Normal,1
sub62_NB,1,27.0,50,NB_27,NB,BB,23.0,Female,Right handed,Normal,1
sub62_NB,1,29.0,30,NB_29,NB,BB,23.0,Female,Right handed,Normal,1
sub62_NB,1,30.0,36,NB_30,NB,EM,23.0,Female,Right handed,Normal,1
sub62_NB,1,31.0,42,NB_31,NB,EM,23.0,Female,Right handed,Normal,1
sub62_NB,1,32.0,32,NB_32,NB,EM,23.0,Female,Right handed,Normal,1
sub62_NB,1,33.0,56,NB_33,NB,BB,23.0,Female,Right handed,Normal,1
sub62_NB,1,34.0,33,NB_34,NB,BB,23.0,Female,Right handed,Normal,1
sub62_NB,1,35.0,44,NB_35,NB,EM,23.0,Female,Right handed,Normal,1
sub62_NB,1,36.0,18,NB_36,NB,BB,23.0,Female,Right handed,Normal,1
sub62_NB,1,38.0,20,NB_38,NB,EM,23.0,Female,Right handed,Normal,1
sub62_NB,1,39.0,48,NB_39,NB,BB,23.0,Female,Right handed,Normal,1
sub62_NB,1,40.0,49,NB_40,NB,EM,23.0,Female,Right handed,Normal,1
sub63_NB,1,1.0,19,NB_1,NB,EM,27.0,Male,Right handed,Normal,1
sub63_NB,1,2.0,31,NB_2,NB,BB,27.0,Male,Right handed,Normal,1
sub63_NB,0,4.0,31,NB_4,NB,EM,27.0,Male,Right handed,Normal,0
sub63_NB,1,5.0,33,NB_5,NB,EM,27.0,Male,Right handed,Normal,1
sub63_NB,1,6.0,31,NB_6,NB,BB,27.0,Male,Right handed,Normal,1
sub63_NB,0,8.0,25,NB_8,NB,BB,27.0,Male,Right handed,Normal,0
sub63_NB,1,9.0,20,NB_9,NB,EM,27.0,Male,Right handed,Normal,1
sub63_NB,1,10.0,37,NB_10,NB,BB,27.0,Male,Right handed,Normal,1
sub63_NB,1,11.0,28,NB_11,NB,EM,27.0,Male,Right handed,Normal,1
sub63_NB,1,12.0,48,NB_12,NB,EM,27.0,Male,Right handed,Normal,1
sub63_NB,0,13.0,31,NB_13,NB,BB,27.0,Male,Right handed,Normal,0
sub63_NB,1,14.0,25,NB_14,NB,BB,27.0,Male,Right handed,Normal,1
sub63_NB,1,15.0,28,NB_15,NB,BB,27.0,Male,Right handed,Normal,1
sub63_NB,1,16.0,35,NB_16,NB,EM,27.0,Male,Right handed,Normal,1
sub63_NB,0,17.0,24,NB_17,NB,BB,27.0,Male,Right handed,Normal,0
sub63_NB,0,19.0,37,NB_19,NB,BB,27.0,Male,Right handed,Normal,0
sub63_NB,1,20.0,34,NB_20,NB,EM,27.0,Male,Right handed,Normal,1
sub63_NB,1,21.0,39,NB_21,NB,BB,27.0,Male,Right handed,Normal,1
sub63_NB,1,22.0,34,NB_22,NB,EM,27.0,Male,Right handed,Normal,1
sub63_NB,1,23.0,24,NB_23,NB,EM,27.0,Male,Right handed,Normal,1
sub63_NB,1,24.0,25,NB_24,NB,BB,27.0,Male,Right handed,Normal,1
sub63_NB,1,25.0,40,NB_25,NB,BB,27.0,Male,Right handed,Normal,1
sub63_NB,1,26.0,35,NB_26,NB,EM,27.0,Male,Right handed,Normal,1
sub63_NB,1,27.0,50,NB_27,NB,BB,27.0,Male,Right handed,Normal,1
sub63_NB,1,29.0,30,NB_29,NB,BB,27.0,Male,Right handed,Normal,1
sub63_NB,1,30.0,36,NB_30,NB,EM,27.0,Male,Right handed,Normal,1
sub63_NB,1,31.0,42,NB_31,NB,EM,27.0,Male,Right handed,Normal,1
sub63_NB,1,32.0,32,NB_32,NB,EM,27.0,Male,Right handed,Normal,1
sub63_NB,1,33.0,56,NB_33,NB,BB,27.0,Male,Right handed,Normal,1
sub63_NB,1,34.0,33,NB_34,NB,BB,27.0,Male,Right handed,Normal,1
sub63_NB,1,35.0,44,NB_35,NB,EM,27.0,Male,Right handed,Normal,1
sub63_NB,1,36.0,18,NB_36,NB,BB,27.0,Male,Right handed,Normal,1
sub63_NB,1,38.0,20,NB_38,NB,EM,27.0,Male,Right handed,Normal,1
sub63_NB,1,39.0,48,NB_39,NB,BB,27.0,Male,Right handed,Normal,1
sub63_NB,1,40.0,49,NB_40,NB,EM,27.0,Male,Right handed,Normal,1
sub64_NB,1,1.0,19,NB_1,NB,EM,22.0,Male,Right handed,Normal,1
sub64_NB,1,2.0,31,NB_2,NB,BB,22.0,Male,Right handed,Normal,1
sub64_NB,1,4.0,31,NB_4,NB,EM,22.0,Male,Right handed,Normal,1
sub64_NB,1,5.0,33,NB_5,NB,EM,22.0,Male,Right handed,Normal,1
sub64_NB,1,6.0,31,NB_6,NB,BB,22.0,Male,Right handed,Normal,1
sub64_NB,1,8.0,25,NB_8,NB,BB,22.0,Male,Right handed,Normal,1
sub64_NB,0,9.0,20,NB_9,NB,EM,22.0,Male,Right handed,Normal,0
sub64_NB,1,10.0,37,NB_10,NB,BB,22.0,Male,Right handed,Normal,1
sub64_NB,1,11.0,28,NB_11,NB,EM,22.0,Male,Right handed,Normal,1
sub64_NB,1,12.0,48,NB_12,NB,EM,22.0,Male,Right handed,Normal,1
sub64_NB,1,13.0,31,NB_13,NB,BB,22.0,Male,Right handed,Normal,1
sub64_NB,1,14.0,25,NB_14,NB,BB,22.0,Male,Right handed,Normal,1
sub64_NB,1,15.0,28,NB_15,NB,BB,22.0,Male,Right handed,Normal,1
sub64_NB,1,16.0,35,NB_16,NB,EM,22.0,Male,Right handed,Normal,1
sub64_NB,1,17.0,24,NB_17,NB,BB,22.0,Male,Right handed,Normal,1
sub64_NB,1,19.0,37,NB_19,NB,BB,22.0,Male,Right handed,Normal,1
sub64_NB,1,20.0,34,NB_20,NB,EM,22.0,Male,Right handed,Normal,1
sub64_NB,1,21.0,39,NB_21,NB,BB,22.0,Male,Right handed,Normal,1
sub64_NB,1,22.0,34,NB_22,NB,EM,22.0,Male,Right handed,Normal,1
sub64_NB,1,23.0,24,NB_23,NB,EM,22.0,Male,Right handed,Normal,1
sub64_NB,1,24.0,25,NB_24,NB,BB,22.0,Male,Right handed,Normal,1
sub64_NB,1,25.0,40,NB_25,NB,BB,22.0,Male,Right handed,Normal,1
sub64_NB,1,26.0,35,NB_26,NB,EM,22.0,Male,Right handed,Normal,1
sub64_NB,1,27.0,50,NB_27,NB,BB,22.0,Male,Right handed,Normal,1
sub64_NB,1,29.0,30,NB_29,NB,BB,22.0,Male,Right handed,Normal,1
sub64_NB,1,30.0,36,NB_30,NB,EM,22.0,Male,Right handed,Normal,1
sub64_NB,1,31.0,42,NB_31,NB,EM,22.0,Male,Right handed,Normal,1
sub64_NB,1,32.0,32,NB_32,NB,EM,22.0,Male,Right handed,Normal,1
sub64_NB,1,33.0,56,NB_33,NB,BB,22.0,Male,Right handed,Normal,1
sub64_NB,1,34.0,33,NB_34,NB,BB,22.0,Male,Right handed,Normal,1
sub64_NB,1,35.0,44,NB_35,NB,EM,22.0,Male,Right handed,Normal,1
sub64_NB,1,36.0,18,NB_36,NB,BB,22.0,Male,Right handed,Normal,1
sub64_NB,1,38.0,20,NB_38,NB,EM,22.0,Male,Right handed,Normal,1
sub64_NB,1,39.0,48,NB_39,NB,BB,22.0,Male,Right handed,Normal,1
sub64_NB,1,40.0,49,NB_40,NB,EM,22.0,Male,Right handed,Normal,1
sub65_NB,0,1.0,19,NB_1,NB,EM,20.0,Male,Right handed,Normal,0
sub65_NB,1,2.0,31,NB_2,NB,BB,20.0,Male,Right handed,Normal,1
sub65_NB,0,4.0,31,NB_4,NB,EM,20.0,Male,Right handed,Normal,0
sub65_NB,1,5.0,33,NB_5,NB,EM,20.0,Male,Right handed,Normal,1
sub65_NB,1,6.0,31,NB_6,NB,BB,20.0,Male,Right handed,Normal,1
sub65_NB,1,8.0,25,NB_8,NB,BB,20.0,Male,Right handed,Normal,1
sub65_NB,1,9.0,20,NB_9,NB,EM,20.0,Male,Right handed,Normal,1
sub65_NB,1,10.0,37,NB_10,NB,BB,20.0,Male,Right handed,Normal,1
sub65_NB,1,11.0,28,NB_11,NB,EM,20.0,Male,Right handed,Normal,1
sub65_NB,1,12.0,48,NB_12,NB,EM,20.0,Male,Right handed,Normal,1
sub65_NB,1,13.0,31,NB_13,NB,BB,20.0,Male,Right handed,Normal,1
sub65_NB,1,14.0,25,NB_14,NB,BB,20.0,Male,Right handed,Normal,1
sub65_NB,1,15.0,28,NB_15,NB,BB,20.0,Male,Right handed,Normal,1
sub65_NB,1,16.0,35,NB_16,NB,EM,20.0,Male,Right handed,Normal,1
sub65_NB,1,17.0,24,NB_17,NB,BB,20.0,Male,Right handed,Normal,1
sub65_NB,1,19.0,37,NB_19,NB,BB,20.0,Male,Right handed,Normal,1
sub65_NB,1,20.0,34,NB_20,NB,EM,20.0,Male,Right handed,Normal,1
sub65_NB,1,21.0,39,NB_21,NB,BB,20.0,Male,Right handed,Normal,1
sub65_NB,1,22.0,34,NB_22,NB,EM,20.0,Male,Right handed,Normal,1
sub65_NB,1,23.0,24,NB_23,NB,EM,20.0,Male,Right handed,Normal,1
sub65_NB,1,24.0,25,NB_24,NB,BB,20.0,Male,Right handed,Normal,1
sub65_NB,0,25.0,40,NB_25,NB,BB,20.0,Male,Right handed,Normal,0
sub65_NB,1,26.0,35,NB_26,NB,EM,20.0,Male,Right handed,Normal,1
sub65_NB,1,27.0,50,NB_27,NB,BB,20.0,Male,Right handed,Normal,1
sub65_NB,0,29.0,30,NB_29,NB,BB,20.0,Male,Right handed,Normal,0
sub65_NB,1,30.0,36,NB_30,NB,EM,20.0,Male,Right handed,Normal,1
sub65_NB,1,31.0,42,NB_31,NB,EM,20.0,Male,Right handed,Normal,1
sub65_NB,1,32.0,32,NB_32,NB,EM,20.0,Male,Right handed,Normal,1
sub65_NB,1,33.0,56,NB_33,NB,BB,20.0,Male,Right handed,Normal,1
sub65_NB,1,34.0,33,NB_34,NB,BB,20.0,Male,Right handed,Normal,1
sub65_NB,1,35.0,44,NB_35,NB,EM,20.0,Male,Right handed,Normal,1
sub65_NB,1,36.0,18,NB_36,NB,BB,20.0,Male,Right handed,Normal,1
sub65_NB,1,38.0,20,NB_38,NB,EM,20.0,Male,Right handed,Normal,1
sub65_NB,1,39.0,48,NB_39,NB,BB,20.0,Male,Right handed,Normal,1
sub65_NB,1,40.0,49,NB_40,NB,EM,20.0,Male,Right handed,Normal,1
sub66_NB,0,1.0,19,NB_1,NB,EM,22.0,Male,Right handed,Corrected to normal,0
sub66_NB,0,2.0,31,NB_2,NB,BB,22.0,Male,Right handed,Corrected to normal,0
sub66_NB,0,4.0,31,NB_4,NB,EM,22.0,Male,Right handed,Corrected to normal,0
sub66_NB,0,5.0,33,NB_5,NB,EM,22.0,Male,Right handed,Corrected to normal,0
sub66_NB,1,6.0,31,NB_6,NB,BB,22.0,Male,Right handed,Corrected to normal,1
sub66_NB,1,8.0,25,NB_8,NB,BB,22.0,Male,Right handed,Corrected to normal,1
sub66_NB,1,9.0,20,NB_9,NB,EM,22.0,Male,Right handed,Corrected to normal,1
sub66_NB,1,10.0,37,NB_10,NB,BB,22.0,Male,Right handed,Corrected to normal,1
sub66_NB,1,11.0,28,NB_11,NB,EM,22.0,Male,Right handed,Corrected to normal,1
sub66_NB,0,12.0,48,NB_12,NB,EM,22.0,Male,Right handed,Corrected to normal,0
sub66_NB,0,13.0,31,NB_13,NB,BB,22.0,Male,Right handed,Corrected to normal,0
sub66_NB,1,14.0,25,NB_14,NB,BB,22.0,Male,Right handed,Corrected to normal,1
sub66_NB,0,15.0,28,NB_15,NB,BB,22.0,Male,Right handed,Corrected to normal,0
sub66_NB,1,16.0,35,NB_16,NB,EM,22.0,Male,Right handed,Corrected to normal,1
sub66_NB,1,17.0,24,NB_17,NB,BB,22.0,Male,Right handed,Corrected to normal,1
sub66_NB,1,19.0,37,NB_19,NB,BB,22.0,Male,Right handed,Corrected to normal,1
sub66_NB,1,20.0,34,NB_20,NB,EM,22.0,Male,Right handed,Corrected to normal,1
sub66_NB,1,21.0,39,NB_21,NB,BB,22.0,Male,Right handed,Corrected to normal,1
sub66_NB,0,22.0,34,NB_22,NB,EM,22.0,Male,Right handed,Corrected to normal,0
sub66_NB,1,23.0,24,NB_23,NB,EM,22.0,Male,Right handed,Corrected to normal,1
sub66_NB,0,24.0,25,NB_24,NB,BB,22.0,Male,Right handed,Corrected to normal,0
sub66_NB,1,25.0,40,NB_25,NB,BB,22.0,Male,Right handed,Corrected to normal,1
sub66_NB,1,26.0,35,NB_26,NB,EM,22.0,Male,Right handed,Corrected to normal,1
sub66_NB,1,27.0,50,NB_27,NB,BB,22.0,Male,Right handed,Corrected to normal,1
sub66_NB,1,29.0,30,NB_29,NB,BB,22.0,Male,Right handed,Corrected to normal,1
sub66_NB,1,30.0,36,NB_30,NB,EM,22.0,Male,Right handed,Corrected to normal,1
sub66_NB,1,31.0,42,NB_31,NB,EM,22.0,Male,Right handed,Corrected to normal,1
sub66_NB,1,32.0,32,NB_32,NB,EM,22.0,Male,Right handed,Corrected to normal,1
sub66_NB,1,33.0,56,NB_33,NB,BB,22.0,Male,Right handed,Corrected to normal,1
sub66_NB,1,34.0,33,NB_34,NB,BB,22.0,Male,Right handed,Corrected to normal,1
sub66_NB,1,35.0,44,NB_35,NB,EM,22.0,Male,Right handed,Corrected to normal,1
sub66_NB,0,36.0,18,NB_36,NB,BB,22.0,Male,Right handed,Corrected to normal,0
sub66_NB,0,38.0,20,NB_38,NB,EM,22.0,Male,Right handed,Corrected to normal,0
sub66_NB,1,39.0,48,NB_39,NB,BB,22.0,Male,Right handed,Corrected to normal,1
sub66_NB,1,40.0,49,NB_40,NB,EM,22.0,Male,Right handed,Corrected to normal,1
sub67_NB,1,1.0,19,NB_1,NB,EM,22.0,Male,Right handed,Corrected to normal,1
sub67_NB,1,2.0,31,NB_2,NB,BB,22.0,Male,Right handed,Corrected to normal,1
sub67_NB,1,4.0,31,NB_4,NB,EM,22.0,Male,Right handed,Corrected to normal,1
sub67_NB,1,5.0,33,NB_5,NB,EM,22.0,Male,Right handed,Corrected to normal,1
sub67_NB,1,6.0,31,NB_6,NB,BB,22.0,Male,Right handed,Corrected to normal,1
sub67_NB,0,8.0,25,NB_8,NB,BB,22.0,Male,Right handed,Corrected to normal,0
sub67_NB,1,9.0,20,NB_9,NB,EM,22.0,Male,Right handed,Corrected to normal,1
sub67_NB,0,10.0,37,NB_10,NB,BB,22.0,Male,Right handed,Corrected to normal,0
sub67_NB,1,11.0,28,NB_11,NB,EM,22.0,Male,Right handed,Corrected to normal,1
sub67_NB,1,12.0,48,NB_12,NB,EM,22.0,Male,Right handed,Corrected to normal,1
sub67_NB,0,13.0,31,NB_13,NB,BB,22.0,Male,Right handed,Corrected to normal,0
sub67_NB,0,14.0,25,NB_14,NB,BB,22.0,Male,Right handed,Corrected to normal,0
sub67_NB,1,15.0,28,NB_15,NB,BB,22.0,Male,Right handed,Corrected to normal,1
sub67_NB,1,16.0,35,NB_16,NB,EM,22.0,Male,Right handed,Corrected to normal,1
sub67_NB,1,17.0,24,NB_17,NB,BB,22.0,Male,Right handed,Corrected to normal,1
sub67_NB,1,19.0,37,NB_19,NB,BB,22.0,Male,Right handed,Corrected to normal,1
sub67_NB,1,20.0,34,NB_20,NB,EM,22.0,Male,Right handed,Corrected to normal,1
sub67_NB,1,21.0,39,NB_21,NB,BB,22.0,Male,Right handed,Corrected to normal,1
sub67_NB,1,22.0,34,NB_22,NB,EM,22.0,Male,Right handed,Corrected to normal,1
sub67_NB,1,23.0,24,NB_23,NB,EM,22.0,Male,Right handed,Corrected to normal,1
sub67_NB,1,24.0,25,NB_24,NB,BB,22.0,Male,Right handed,Corrected to normal,1
sub67_NB,1,25.0,40,NB_25,NB,BB,22.0,Male,Right handed,Corrected to normal,1
sub67_NB,1,26.0,35,NB_26,NB,EM,22.0,Male,Right handed,Corrected to normal,1
sub67_NB,1,27.0,50,NB_27,NB,BB,22.0,Male,Right handed,Corrected to normal,1
sub67_NB,1,29.0,30,NB_29,NB,BB,22.0,Male,Right handed,Corrected to normal,1
sub67_NB,1,30.0,36,NB_30,NB,EM,22.0,Male,Right handed,Corrected to normal,1
sub67_NB,1,31.0,42,NB_31,NB,EM,22.0,Male,Right handed,Corrected to normal,1
sub67_NB,1,32.0,32,NB_32,NB,EM,22.0,Male,Right handed,Corrected to normal,1
sub67_NB,1,33.0,56,NB_33,NB,BB,22.0,Male,Right handed,Corrected to normal,1
sub67_NB,1,34.0,33,NB_34,NB,BB,22.0,Male,Right handed,Corrected to normal,1
sub67_NB,1,35.0,44,NB_35,NB,EM,22.0,Male,Right handed,Corrected to normal,1
sub67_NB,0,36.0,18,NB_36,NB,BB,22.0,Male,Right handed,Corrected to normal,0
sub67_NB,1,38.0,20,NB_38,NB,EM,22.0,Male,Right handed,Corrected to normal,1
sub67_NB,1,39.0,48,NB_39,NB,BB,22.0,Male,Right handed,Corrected to normal,1
sub67_NB,1,40.0,49,NB_40,NB,EM,22.0,Male,Right handed,Corrected to normal,1
sub68_NB,1,1.0,19,NB_1,NB,EM,20.0,Male,Right handed,Corrected to normal,1
sub68_NB,1,2.0,31,NB_2,NB,BB,20.0,Male,Right handed,Corrected to normal,1
sub68_NB,1,4.0,31,NB_4,NB,EM,20.0,Male,Right handed,Corrected to normal,1
sub68_NB,1,5.0,33,NB_5,NB,EM,20.0,Male,Right handed,Corrected to normal,1
sub68_NB,1,6.0,31,NB_6,NB,BB,20.0,Male,Right handed,Corrected to normal,1
sub68_NB,1,8.0,25,NB_8,NB,BB,20.0,Male,Right handed,Corrected to normal,1
sub68_NB,1,9.0,20,NB_9,NB,EM,20.0,Male,Right handed,Corrected to normal,1
sub68_NB,1,10.0,37,NB_10,NB,BB,20.0,Male,Right handed,Corrected to normal,1
sub68_NB,1,11.0,28,NB_11,NB,EM,20.0,Male,Right handed,Corrected to normal,1
sub68_NB,1,12.0,48,NB_12,NB,EM,20.0,Male,Right handed,Corrected to normal,1
sub68_NB,1,13.0,31,NB_13,NB,BB,20.0,Male,Right handed,Corrected to normal,1
sub68_NB,1,14.0,25,NB_14,NB,BB,20.0,Male,Right handed,Corrected to normal,1
sub68_NB,1,15.0,28,NB_15,NB,BB,20.0,Male,Right handed,Corrected to normal,1
sub68_NB,0,16.0,35,NB_16,NB,EM,20.0,Male,Right handed,Corrected to normal,0
sub68_NB,1,17.0,24,NB_17,NB,BB,20.0,Male,Right handed,Corrected to normal,1
sub68_NB,1,19.0,37,NB_19,NB,BB,20.0,Male,Right handed,Corrected to normal,1
sub68_NB,1,20.0,34,NB_20,NB,EM,20.0,Male,Right handed,Corrected to normal,1
sub68_NB,1,21.0,39,NB_21,NB,BB,20.0,Male,Right handed,Corrected to normal,1
sub68_NB,1,22.0,34,NB_22,NB,EM,20.0,Male,Right handed,Corrected to normal,1
sub68_NB,1,23.0,24,NB_23,NB,EM,20.0,Male,Right handed,Corrected to normal,1
sub68_NB,1,24.0,25,NB_24,NB,BB,20.0,Male,Right handed,Corrected to normal,1
sub68_NB,1,25.0,40,NB_25,NB,BB,20.0,Male,Right handed,Corrected to normal,1
sub68_NB,1,26.0,35,NB_26,NB,EM,20.0,Male,Right handed,Corrected to normal,1
sub68_NB,1,27.0,50,NB_27,NB,BB,20.0,Male,Right handed,Corrected to normal,1
sub68_NB,1,29.0,30,NB_29,NB,BB,20.0,Male,Right handed,Corrected to normal,1
sub68_NB,1,30.0,36,NB_30,NB,EM,20.0,Male,Right handed,Corrected to normal,1
sub68_NB,1,31.0,42,NB_31,NB,EM,20.0,Male,Right handed,Corrected to normal,1
sub68_NB,1,32.0,32,NB_32,NB,EM,20.0,Male,Right handed,Corrected to normal,1
sub68_NB,1,33.0,56,NB_33,NB,BB,20.0,Male,Right handed,Corrected to normal,1
sub68_NB,1,34.0,33,NB_34,NB,BB,20.0,Male,Right handed,Corrected to normal,1
sub68_NB,1,35.0,44,NB_35,NB,EM,20.0,Male,Right handed,Corrected to normal,1
sub68_NB,0,36.0,18,NB_36,NB,BB,20.0,Male,Right handed,Corrected to normal,0
sub68_NB,1,38.0,20,NB_38,NB,EM,20.0,Male,Right handed,Corrected to normal,1
sub68_NB,1,39.0,48,NB_39,NB,BB,20.0,Male,Right handed,Corrected to normal,1
sub68_NB,1,40.0,49,NB_40,NB,EM,20.0,Male,Right handed,Corrected to normal,1
sub69_NB,0,1.0,19,NB_1,NB,EM,27.0,Male,Right handed,Corrected to normal,0
sub69_NB,0,2.0,31,NB_2,NB,BB,27.0,Male,Right handed,Corrected to normal,0
sub69_NB,1,4.0,31,NB_4,NB,EM,27.0,Male,Right handed,Corrected to normal,1
sub69_NB,1,5.0,33,NB_5,NB,EM,27.0,Male,Right handed,Corrected to normal,1
sub69_NB,1,6.0,31,NB_6,NB,BB,27.0,Male,Right handed,Corrected to normal,1
sub69_NB,1,8.0,25,NB_8,NB,BB,27.0,Male,Right handed,Corrected to normal,1
sub69_NB,1,9.0,20,NB_9,NB,EM,27.0,Male,Right handed,Corrected to normal,1
sub69_NB,1,10.0,37,NB_10,NB,BB,27.0,Male,Right handed,Corrected to normal,1
sub69_NB,1,11.0,28,NB_11,NB,EM,27.0,Male,Right handed,Corrected to normal,1
sub69_NB,1,12.0,48,NB_12,NB,EM,27.0,Male,Right handed,Corrected to normal,1
sub69_NB,0,13.0,31,NB_13,NB,BB,27.0,Male,Right handed,Corrected to normal,0
sub69_NB,1,14.0,25,NB_14,NB,BB,27.0,Male,Right handed,Corrected to normal,1
sub69_NB,1,15.0,28,NB_15,NB,BB,27.0,Male,Right handed,Corrected to normal,1
sub69_NB,1,16.0,35,NB_16,NB,EM,27.0,Male,Right handed,Corrected to normal,1
sub69_NB,1,17.0,24,NB_17,NB,BB,27.0,Male,Right handed,Corrected to normal,1
sub69_NB,1,19.0,37,NB_19,NB,BB,27.0,Male,Right handed,Corrected to normal,1
sub69_NB,1,20.0,34,NB_20,NB,EM,27.0,Male,Right handed,Corrected to normal,1
sub69_NB,1,21.0,39,NB_21,NB,BB,27.0,Male,Right handed,Corrected to normal,1
sub69_NB,1,22.0,34,NB_22,NB,EM,27.0,Male,Right handed,Corrected to normal,1
sub69_NB,1,23.0,24,NB_23,NB,EM,27.0,Male,Right handed,Corrected to normal,1
sub69_NB,1,24.0,25,NB_24,NB,BB,27.0,Male,Right handed,Corrected to normal,1
sub69_NB,1,25.0,40,NB_25,NB,BB,27.0,Male,Right handed,Corrected to normal,1
sub69_NB,1,26.0,35,NB_26,NB,EM,27.0,Male,Right handed,Corrected to normal,1
sub69_NB,1,27.0,50,NB_27,NB,BB,27.0,Male,Right handed,Corrected to normal,1
sub69_NB,1,29.0,30,NB_29,NB,BB,27.0,Male,Right handed,Corrected to normal,1
sub69_NB,1,30.0,36,NB_30,NB,EM,27.0,Male,Right handed,Corrected to normal,1
sub69_NB,1,31.0,42,NB_31,NB,EM,27.0,Male,Right handed,Corrected to normal,1
sub69_NB,1,32.0,32,NB_32,NB,EM,27.0,Male,Right handed,Corrected to normal,1
sub69_NB,1,33.0,56,NB_33,NB,BB,27.0,Male,Right handed,Corrected to normal,1
sub69_NB,0,34.0,33,NB_34,NB,BB,27.0,Male,Right handed,Corrected to normal,0
sub69_NB,0,35.0,44,NB_35,NB,EM,27.0,Male,Right handed,Corrected to normal,0
sub69_NB,1,36.0,18,NB_36,NB,BB,27.0,Male,Right handed,Corrected to normal,1
sub69_NB,0,38.0,20,NB_38,NB,EM,27.0,Male,Right handed,Corrected to normal,0
sub69_NB,1,39.0,48,NB_39,NB,BB,27.0,Male,Right handed,Corrected to normal,1
sub69_NB,1,40.0,49,NB_40,NB,EM,27.0,Male,Right handed,Corrected to normal,1
sub71_NB,1,1.0,19,NB_1,NB,EM,25.0,Female,Right handed,Normal,1
sub71_NB,1,2.0,31,NB_2,NB,BB,25.0,Female,Right handed,Normal,1
sub71_NB,0,4.0,31,NB_4,NB,EM,25.0,Female,Right handed,Normal,0
sub71_NB,1,5.0,33,NB_5,NB,EM,25.0,Female,Right handed,Normal,1
sub71_NB,1,6.0,31,NB_6,NB,BB,25.0,Female,Right handed,Normal,1
sub71_NB,0,8.0,25,NB_8,NB,BB,25.0,Female,Right handed,Normal,0
sub71_NB,0,9.0,20,NB_9,NB,EM,25.0,Female,Right handed,Normal,0
sub71_NB,1,10.0,37,NB_10,NB,BB,25.0,Female,Right handed,Normal,1
sub71_NB,1,11.0,28,NB_11,NB,EM,25.0,Female,Right handed,Normal,1
sub71_NB,1,12.0,48,NB_12,NB,EM,25.0,Female,Right handed,Normal,1
sub71_NB,1,13.0,31,NB_13,NB,BB,25.0,Female,Right handed,Normal,1
sub71_NB,1,14.0,25,NB_14,NB,BB,25.0,Female,Right handed,Normal,1
sub71_NB,1,15.0,28,NB_15,NB,BB,25.0,Female,Right handed,Normal,1
sub71_NB,1,16.0,35,NB_16,NB,EM,25.0,Female,Right handed,Normal,1
sub71_NB,1,17.0,24,NB_17,NB,BB,25.0,Female,Right handed,Normal,1
sub71_NB,1,19.0,37,NB_19,NB,BB,25.0,Female,Right handed,Normal,1
sub71_NB,1,20.0,34,NB_20,NB,EM,25.0,Female,Right handed,Normal,1
sub71_NB,1,21.0,39,NB_21,NB,BB,25.0,Female,Right handed,Normal,1
sub71_NB,1,22.0,34,NB_22,NB,EM,25.0,Female,Right handed,Normal,1
sub71_NB,1,23.0,24,NB_23,NB,EM,25.0,Female,Right handed,Normal,1
sub71_NB,1,24.0,25,NB_24,NB,BB,25.0,Female,Right handed,Normal,1
sub71_NB,1,25.0,40,NB_25,NB,BB,25.0,Female,Right handed,Normal,1
sub71_NB,0,26.0,35,NB_26,NB,EM,25.0,Female,Right handed,Normal,0
sub71_NB,1,27.0,50,NB_27,NB,BB,25.0,Female,Right handed,Normal,1
sub71_NB,1,29.0,30,NB_29,NB,BB,25.0,Female,Right handed,Normal,1
sub71_NB,1,30.0,36,NB_30,NB,EM,25.0,Female,Right handed,Normal,1
sub71_NB,1,31.0,42,NB_31,NB,EM,25.0,Female,Right handed,Normal,1
sub71_NB,1,32.0,32,NB_32,NB,EM,25.0,Female,Right handed,Normal,1
sub71_NB,1,33.0,56,NB_33,NB,BB,25.0,Female,Right handed,Normal,1
sub71_NB,1,34.0,33,NB_34,NB,BB,25.0,Female,Right handed,Normal,1
sub71_NB,1,35.0,44,NB_35,NB,EM,25.0,Female,Right handed,Normal,1
sub71_NB,1,36.0,18,NB_36,NB,BB,25.0,Female,Right handed,Normal,1
sub71_NB,1,38.0,20,NB_38,NB,EM,25.0,Female,Right handed,Normal,1
sub71_NB,1,39.0,48,NB_39,NB,BB,25.0,Female,Right handed,Normal,1
sub71_NB,1,40.0,49,NB_40,NB,EM,25.0,Female,Right handed,Normal,1
sub72_NB,1,1.0,19,NB_1,NB,EM,28.0,Male,Right handed,Corrected to normal,1
sub72_NB,1,2.0,31,NB_2,NB,BB,28.0,Male,Right handed,Corrected to normal,1
sub72_NB,1,4.0,31,NB_4,NB,EM,28.0,Male,Right handed,Corrected to normal,1
sub72_NB,1,5.0,33,NB_5,NB,EM,28.0,Male,Right handed,Corrected to normal,1
sub72_NB,1,6.0,31,NB_6,NB,BB,28.0,Male,Right handed,Corrected to normal,1
sub72_NB,0,8.0,25,NB_8,NB,BB,28.0,Male,Right handed,Corrected to normal,0
sub72_NB,1,9.0,20,NB_9,NB,EM,28.0,Male,Right handed,Corrected to normal,1
sub72_NB,1,10.0,37,NB_10,NB,BB,28.0,Male,Right handed,Corrected to normal,1
sub72_NB,1,11.0,28,NB_11,NB,EM,28.0,Male,Right handed,Corrected to normal,1
sub72_NB,1,12.0,48,NB_12,NB,EM,28.0,Male,Right handed,Corrected to normal,1
sub72_NB,1,13.0,31,NB_13,NB,BB,28.0,Male,Right handed,Corrected to normal,1
sub72_NB,1,14.0,25,NB_14,NB,BB,28.0,Male,Right handed,Corrected to normal,1
sub72_NB,1,15.0,28,NB_15,NB,BB,28.0,Male,Right handed,Corrected to normal,1
sub72_NB,1,16.0,35,NB_16,NB,EM,28.0,Male,Right handed,Corrected to normal,1
sub72_NB,1,17.0,24,NB_17,NB,BB,28.0,Male,Right handed,Corrected to normal,1
sub72_NB,1,19.0,37,NB_19,NB,BB,28.0,Male,Right handed,Corrected to normal,1
sub72_NB,1,20.0,34,NB_20,NB,EM,28.0,Male,Right handed,Corrected to normal,1
sub72_NB,1,21.0,39,NB_21,NB,BB,28.0,Male,Right handed,Corrected to normal,1
sub72_NB,1,22.0,34,NB_22,NB,EM,28.0,Male,Right handed,Corrected to normal,1
sub72_NB,1,23.0,24,NB_23,NB,EM,28.0,Male,Right handed,Corrected to normal,1
sub72_NB,1,24.0,25,NB_24,NB,BB,28.0,Male,Right handed,Corrected to normal,1
sub72_NB,0,25.0,40,NB_25,NB,BB,28.0,Male,Right handed,Corrected to normal,0
sub72_NB,0,26.0,35,NB_26,NB,EM,28.0,Male,Right handed,Corrected to normal,0
sub72_NB,1,27.0,50,NB_27,NB,BB,28.0,Male,Right handed,Corrected to normal,1
sub72_NB,1,29.0,30,NB_29,NB,BB,28.0,Male,Right handed,Corrected to normal,1
sub72_NB,1,30.0,36,NB_30,NB,EM,28.0,Male,Right handed,Corrected to normal,1
sub72_NB,1,31.0,42,NB_31,NB,EM,28.0,Male,Right handed,Corrected to normal,1
sub72_NB,1,32.0,32,NB_32,NB,EM,28.0,Male,Right handed,Corrected to normal,1
sub72_NB,1,33.0,56,NB_33,NB,BB,28.0,Male,Right handed,Corrected to normal,1
sub72_NB,1,34.0,33,NB_34,NB,BB,28.0,Male,Right handed,Corrected to normal,1
sub72_NB,1,35.0,44,NB_35,NB,EM,28.0,Male,Right handed,Corrected to normal,1
sub72_NB,1,36.0,18,NB_36,NB,BB,28.0,Male,Right handed,Corrected to normal,1
sub72_NB,1,38.0,20,NB_38,NB,EM,28.0,Male,Right handed,Corrected to normal,1
sub72_NB,1,39.0,48,NB_39,NB,BB,28.0,Male,Right handed,Corrected to normal,1
sub72_NB,1,40.0,49,NB_40,NB,EM,28.0,Male,Right handed,Corrected to normal,1
sub73_NB,1,1.0,19,NB_1,NB,EM,23.0,Male,Right handed,Normal,1
sub73_NB,1,2.0,31,NB_2,NB,BB,23.0,Male,Right handed,Normal,1
sub73_NB,1,4.0,31,NB_4,NB,EM,23.0,Male,Right handed,Normal,1
sub73_NB,1,5.0,33,NB_5,NB,EM,23.0,Male,Right handed,Normal,1
sub73_NB,1,6.0,31,NB_6,NB,BB,23.0,Male,Right handed,Normal,1
sub73_NB,0,8.0,25,NB_8,NB,BB,23.0,Male,Right handed,Normal,0
sub73_NB,1,9.0,20,NB_9,NB,EM,23.0,Male,Right handed,Normal,1
sub73_NB,1,10.0,37,NB_10,NB,BB,23.0,Male,Right handed,Normal,1
sub73_NB,1,11.0,28,NB_11,NB,EM,23.0,Male,Right handed,Normal,1
sub73_NB,1,12.0,48,NB_12,NB,EM,23.0,Male,Right handed,Normal,1
sub73_NB,0,13.0,31,NB_13,NB,BB,23.0,Male,Right handed,Normal,0
sub73_NB,1,14.0,25,NB_14,NB,BB,23.0,Male,Right handed,Normal,1
sub73_NB,1,15.0,28,NB_15,NB,BB,23.0,Male,Right handed,Normal,1
sub73_NB,0,16.0,35,NB_16,NB,EM,23.0,Male,Right handed,Normal,0
sub73_NB,1,17.0,24,NB_17,NB,BB,23.0,Male,Right handed,Normal,1
sub73_NB,1,19.0,37,NB_19,NB,BB,23.0,Male,Right handed,Normal,1
sub73_NB,1,20.0,34,NB_20,NB,EM,23.0,Male,Right handed,Normal,1
sub73_NB,1,21.0,39,NB_21,NB,BB,23.0,Male,Right handed,Normal,1
sub73_NB,1,22.0,34,NB_22,NB,EM,23.0,Male,Right handed,Normal,1
sub73_NB,1,23.0,24,NB_23,NB,EM,23.0,Male,Right handed,Normal,1
sub73_NB,1,24.0,25,NB_24,NB,BB,23.0,Male,Right handed,Normal,1
sub73_NB,1,25.0,40,NB_25,NB,BB,23.0,Male,Right handed,Normal,1
sub73_NB,1,26.0,35,NB_26,NB,EM,23.0,Male,Right handed,Normal,1
sub73_NB,1,27.0,50,NB_27,NB,BB,23.0,Male,Right handed,Normal,1
sub73_NB,1,29.0,30,NB_29,NB,BB,23.0,Male,Right handed,Normal,1
sub73_NB,1,30.0,36,NB_30,NB,EM,23.0,Male,Right handed,Normal,1
sub73_NB,1,31.0,42,NB_31,NB,EM,23.0,Male,Right handed,Normal,1
sub73_NB,1,32.0,32,NB_32,NB,EM,23.0,Male,Right handed,Normal,1
sub73_NB,1,33.0,56,NB_33,NB,BB,23.0,Male,Right handed,Normal,1
sub73_NB,1,34.0,33,NB_34,NB,BB,23.0,Male,Right handed,Normal,1
sub73_NB,1,35.0,44,NB_35,NB,EM,23.0,Male,Right handed,Normal,1
sub73_NB,1,36.0,18,NB_36,NB,BB,23.0,Male,Right handed,Normal,1
sub73_NB,1,38.0,20,NB_38,NB,EM,23.0,Male,Right handed,Normal,1
sub73_NB,1,39.0,48,NB_39,NB,BB,23.0,Male,Right handed,Normal,1
sub73_NB,1,40.0,49,NB_40,NB,EM,23.0,Male,Right handed,Normal,1
sub74_NB,1,1.0,19,NB_1,NB,EM,22.0,Male,Right handed,Corrected to normal,1
sub74_NB,1,2.0,31,NB_2,NB,BB,22.0,Male,Right handed,Corrected to normal,1
sub74_NB,1,4.0,31,NB_4,NB,EM,22.0,Male,Right handed,Corrected to normal,1
sub74_NB,1,5.0,33,NB_5,NB,EM,22.0,Male,Right handed,Corrected to normal,1
sub74_NB,1,6.0,31,NB_6,NB,BB,22.0,Male,Right handed,Corrected to normal,1
sub74_NB,1,8.0,25,NB_8,NB,BB,22.0,Male,Right handed,Corrected to normal,1
sub74_NB,1,9.0,20,NB_9,NB,EM,22.0,Male,Right handed,Corrected to normal,1
sub74_NB,1,10.0,37,NB_10,NB,BB,22.0,Male,Right handed,Corrected to normal,1
sub74_NB,1,11.0,28,NB_11,NB,EM,22.0,Male,Right handed,Corrected to normal,1
sub74_NB,1,12.0,48,NB_12,NB,EM,22.0,Male,Right handed,Corrected to normal,1
sub74_NB,1,13.0,31,NB_13,NB,BB,22.0,Male,Right handed,Corrected to normal,1
sub74_NB,1,14.0,25,NB_14,NB,BB,22.0,Male,Right handed,Corrected to normal,1
sub74_NB,1,15.0,28,NB_15,NB,BB,22.0,Male,Right handed,Corrected to normal,1
sub74_NB,0,16.0,35,NB_16,NB,EM,22.0,Male,Right handed,Corrected to normal,0
sub74_NB,1,17.0,24,NB_17,NB,BB,22.0,Male,Right handed,Corrected to normal,1
sub74_NB,1,19.0,37,NB_19,NB,BB,22.0,Male,Right handed,Corrected to normal,1
sub74_NB,1,20.0,34,NB_20,NB,EM,22.0,Male,Right handed,Corrected to normal,1
sub74_NB,1,21.0,39,NB_21,NB,BB,22.0,Male,Right handed,Corrected to normal,1
sub74_NB,1,22.0,34,NB_22,NB,EM,22.0,Male,Right handed,Corrected to normal,1
sub74_NB,1,23.0,24,NB_23,NB,EM,22.0,Male,Right handed,Corrected to normal,1
sub74_NB,1,24.0,25,NB_24,NB,BB,22.0,Male,Right handed,Corrected to normal,1
sub74_NB,1,25.0,40,NB_25,NB,BB,22.0,Male,Right handed,Corrected to normal,1
sub74_NB,1,26.0,35,NB_26,NB,EM,22.0,Male,Right handed,Corrected to normal,1
sub74_NB,1,27.0,50,NB_27,NB,BB,22.0,Male,Right handed,Corrected to normal,1
sub74_NB,1,29.0,30,NB_29,NB,BB,22.0,Male,Right handed,Corrected to normal,1
sub74_NB,1,30.0,36,NB_30,NB,EM,22.0,Male,Right handed,Corrected to normal,1
sub74_NB,1,31.0,42,NB_31,NB,EM,22.0,Male,Right handed,Corrected to normal,1
sub74_NB,1,32.0,32,NB_32,NB,EM,22.0,Male,Right handed,Corrected to normal,1
sub74_NB,1,33.0,56,NB_33,NB,BB,22.0,Male,Right handed,Corrected to normal,1
sub74_NB,1,34.0,33,NB_34,NB,BB,22.0,Male,Right handed,Corrected to normal,1
sub74_NB,1,35.0,44,NB_35,NB,EM,22.0,Male,Right handed,Corrected to normal,1
sub74_NB,1,36.0,18,NB_36,NB,BB,22.0,Male,Right handed,Corrected to normal,1
sub74_NB,1,38.0,20,NB_38,NB,EM,22.0,Male,Right handed,Corrected to normal,1
sub74_NB,1,39.0,48,NB_39,NB,BB,22.0,Male,Right handed,Corrected to normal,1
sub74_NB,1,40.0,49,NB_40,NB,EM,22.0,Male,Right handed,Corrected to normal,1
sub75_NB,1,1.0,19,NB_1,NB,EM,21.0,Male,Right handed,Corrected to normal,1
sub75_NB,1,2.0,31,NB_2,NB,BB,21.0,Male,Right handed,Corrected to normal,1
sub75_NB,1,4.0,31,NB_4,NB,EM,21.0,Male,Right handed,Corrected to normal,1
sub75_NB,0,5.0,33,NB_5,NB,EM,21.0,Male,Right handed,Corrected to normal,0
sub75_NB,1,6.0,31,NB_6,NB,BB,21.0,Male,Right handed,Corrected to normal,1
sub75_NB,1,8.0,25,NB_8,NB,BB,21.0,Male,Right handed,Corrected to normal,1
sub75_NB,0,9.0,20,NB_9,NB,EM,21.0,Male,Right handed,Corrected to normal,0
sub75_NB,1,10.0,37,NB_10,NB,BB,21.0,Male,Right handed,Corrected to normal,1
sub75_NB,1,11.0,28,NB_11,NB,EM,21.0,Male,Right handed,Corrected to normal,1
sub75_NB,1,12.0,48,NB_12,NB,EM,21.0,Male,Right handed,Corrected to normal,1
sub75_NB,1,13.0,31,NB_13,NB,BB,21.0,Male,Right handed,Corrected to normal,1
sub75_NB,1,14.0,25,NB_14,NB,BB,21.0,Male,Right handed,Corrected to normal,1
sub75_NB,1,15.0,28,NB_15,NB,BB,21.0,Male,Right handed,Corrected to normal,1
sub75_NB,0,16.0,35,NB_16,NB,EM,21.0,Male,Right handed,Corrected to normal,0
sub75_NB,1,17.0,24,NB_17,NB,BB,21.0,Male,Right handed,Corrected to normal,1
sub75_NB,1,19.0,37,NB_19,NB,BB,21.0,Male,Right handed,Corrected to normal,1
sub75_NB,1,20.0,34,NB_20,NB,EM,21.0,Male,Right handed,Corrected to normal,1
sub75_NB,0,21.0,39,NB_21,NB,BB,21.0,Male,Right handed,Corrected to normal,0
sub75_NB,1,22.0,34,NB_22,NB,EM,21.0,Male,Right handed,Corrected to normal,1
sub75_NB,1,23.0,24,NB_23,NB,EM,21.0,Male,Right handed,Corrected to normal,1
sub75_NB,1,24.0,25,NB_24,NB,BB,21.0,Male,Right handed,Corrected to normal,1
sub75_NB,0,25.0,40,NB_25,NB,BB,21.0,Male,Right handed,Corrected to normal,0
sub75_NB,1,26.0,35,NB_26,NB,EM,21.0,Male,Right handed,Corrected to normal,1
sub75_NB,1,27.0,50,NB_27,NB,BB,21.0,Male,Right handed,Corrected to normal,1
sub75_NB,1,29.0,30,NB_29,NB,BB,21.0,Male,Right handed,Corrected to normal,1
sub75_NB,1,30.0,36,NB_30,NB,EM,21.0,Male,Right handed,Corrected to normal,1
sub75_NB,1,31.0,42,NB_31,NB,EM,21.0,Male,Right handed,Corrected to normal,1
sub75_NB,1,32.0,32,NB_32,NB,EM,21.0,Male,Right handed,Corrected to normal,1
sub75_NB,1,33.0,56,NB_33,NB,BB,21.0,Male,Right handed,Corrected to normal,1
sub75_NB,1,34.0,33,NB_34,NB,BB,21.0,Male,Right handed,Corrected to normal,1
sub75_NB,1,35.0,44,NB_35,NB,EM,21.0,Male,Right handed,Corrected to normal,1
sub75_NB,1,36.0,18,NB_36,NB,BB,21.0,Male,Right handed,Corrected to normal,1
sub75_NB,0,38.0,20,NB_38,NB,EM,21.0,Male,Right handed,Corrected to normal,0
sub75_NB,1,39.0,48,NB_39,NB,BB,21.0,Male,Right handed,Corrected to normal,1
sub75_NB,1,40.0,49,NB_40,NB,EM,21.0,Male,Right handed,Corrected to normal,1
sub76_NB,1,1.0,19,NB_1,NB,EM,20.0,Female,Right handed,Normal,1
sub76_NB,1,2.0,31,NB_2,NB,BB,20.0,Female,Right handed,Normal,1
sub76_NB,1,4.0,31,NB_4,NB,EM,20.0,Female,Right handed,Normal,1
sub76_NB,1,5.0,33,NB_5,NB,EM,20.0,Female,Right handed,Normal,1
sub76_NB,1,6.0,31,NB_6,NB,BB,20.0,Female,Right handed,Normal,1
sub76_NB,1,8.0,25,NB_8,NB,BB,20.0,Female,Right handed,Normal,1
sub76_NB,0,9.0,20,NB_9,NB,EM,20.0,Female,Right handed,Normal,0
sub76_NB,1,10.0,37,NB_10,NB,BB,20.0,Female,Right handed,Normal,1
sub76_NB,1,11.0,28,NB_11,NB,EM,20.0,Female,Right handed,Normal,1
sub76_NB,1,12.0,48,NB_12,NB,EM,20.0,Female,Right handed,Normal,1
sub76_NB,0,13.0,31,NB_13,NB,BB,20.0,Female,Right handed,Normal,0
sub76_NB,1,14.0,25,NB_14,NB,BB,20.0,Female,Right handed,Normal,1
sub76_NB,1,15.0,28,NB_15,NB,BB,20.0,Female,Right handed,Normal,1
sub76_NB,1,16.0,35,NB_16,NB,EM,20.0,Female,Right handed,Normal,1
sub76_NB,1,17.0,24,NB_17,NB,BB,20.0,Female,Right handed,Normal,1
sub76_NB,1,19.0,37,NB_19,NB,BB,20.0,Female,Right handed,Normal,1
sub76_NB,1,20.0,34,NB_20,NB,EM,20.0,Female,Right handed,Normal,1
sub76_NB,1,21.0,39,NB_21,NB,BB,20.0,Female,Right handed,Normal,1
sub76_NB,1,22.0,34,NB_22,NB,EM,20.0,Female,Right handed,Normal,1
sub76_NB,0,23.0,24,NB_23,NB,EM,20.0,Female,Right handed,Normal,0
sub76_NB,1,24.0,25,NB_24,NB,BB,20.0,Female,Right handed,Normal,1
sub76_NB,1,25.0,40,NB_25,NB,BB,20.0,Female,Right handed,Normal,1
sub76_NB,1,26.0,35,NB_26,NB,EM,20.0,Female,Right handed,Normal,1
sub76_NB,1,27.0,50,NB_27,NB,BB,20.0,Female,Right handed,Normal,1
sub76_NB,1,29.0,30,NB_29,NB,BB,20.0,Female,Right handed,Normal,1
sub76_NB,1,30.0,36,NB_30,NB,EM,20.0,Female,Right handed,Normal,1
sub76_NB,1,31.0,42,NB_31,NB,EM,20.0,Female,Right handed,Normal,1
sub76_NB,0,32.0,32,NB_32,NB,EM,20.0,Female,Right handed,Normal,0
sub76_NB,1,33.0,56,NB_33,NB,BB,20.0,Female,Right handed,Normal,1
sub76_NB,1,34.0,33,NB_34,NB,BB,20.0,Female,Right handed,Normal,1
sub76_NB,1,35.0,44,NB_35,NB,EM,20.0,Female,Right handed,Normal,1
sub76_NB,1,36.0,18,NB_36,NB,BB,20.0,Female,Right handed,Normal,1
sub76_NB,1,38.0,20,NB_38,NB,EM,20.0,Female,Right handed,Normal,1
sub76_NB,1,39.0,48,NB_39,NB,BB,20.0,Female,Right handed,Normal,1
sub76_NB,1,40.0,49,NB_40,NB,EM,20.0,Female,Right handed,Normal,1
sub77_NB,1,1.0,19,NB_1,NB,EM,23.0,Male,Right handed,Normal,1
sub77_NB,1,2.0,31,NB_2,NB,BB,23.0,Male,Right handed,Normal,1
sub77_NB,1,4.0,31,NB_4,NB,EM,23.0,Male,Right handed,Normal,1
sub77_NB,0,5.0,33,NB_5,NB,EM,23.0,Male,Right handed,Normal,0
sub77_NB,1,6.0,31,NB_6,NB,BB,23.0,Male,Right handed,Normal,1
sub77_NB,0,8.0,25,NB_8,NB,BB,23.0,Male,Right handed,Normal,0
sub77_NB,1,9.0,20,NB_9,NB,EM,23.0,Male,Right handed,Normal,1
sub77_NB,1,10.0,37,NB_10,NB,BB,23.0,Male,Right handed,Normal,1
sub77_NB,1,11.0,28,NB_11,NB,EM,23.0,Male,Right handed,Normal,1
sub77_NB,1,12.0,48,NB_12,NB,EM,23.0,Male,Right handed,Normal,1
sub77_NB,0,13.0,31,NB_13,NB,BB,23.0,Male,Right handed,Normal,0
sub77_NB,1,14.0,25,NB_14,NB,BB,23.0,Male,Right handed,Normal,1
sub77_NB,1,15.0,28,NB_15,NB,BB,23.0,Male,Right handed,Normal,1
sub77_NB,0,16.0,35,NB_16,NB,EM,23.0,Male,Right handed,Normal,0
sub77_NB,1,17.0,24,NB_17,NB,BB,23.0,Male,Right handed,Normal,1
sub77_NB,0,19.0,37,NB_19,NB,BB,23.0,Male,Right handed,Normal,0
sub77_NB,0,20.0,34,NB_20,NB,EM,23.0,Male,Right handed,Normal,0
sub77_NB,0,21.0,39,NB_21,NB,BB,23.0,Male,Right handed,Normal,0
sub77_NB,1,22.0,34,NB_22,NB,EM,23.0,Male,Right handed,Normal,1
sub77_NB,1,23.0,24,NB_23,NB,EM,23.0,Male,Right handed,Normal,1
sub77_NB,0,24.0,25,NB_24,NB,BB,23.0,Male,Right handed,Normal,0
sub77_NB,1,25.0,40,NB_25,NB,BB,23.0,Male,Right handed,Normal,1
sub77_NB,1,26.0,35,NB_26,NB,EM,23.0,Male,Right handed,Normal,1
sub77_NB,1,27.0,50,NB_27,NB,BB,23.0,Male,Right handed,Normal,1
sub77_NB,1,29.0,30,NB_29,NB,BB,23.0,Male,Right handed,Normal,1
sub77_NB,1,30.0,36,NB_30,NB,EM,23.0,Male,Right handed,Normal,1
sub77_NB,1,31.0,42,NB_31,NB,EM,23.0,Male,Right handed,Normal,1
sub77_NB,1,32.0,32,NB_32,NB,EM,23.0,Male,Right handed,Normal,1
sub77_NB,1,33.0,56,NB_33,NB,BB,23.0,Male,Right handed,Normal,1
sub77_NB,0,34.0,33,NB_34,NB,BB,23.0,Male,Right handed,Normal,0
sub77_NB,1,35.0,44,NB_35,NB,EM,23.0,Male,Right handed,Normal,1
sub77_NB,1,36.0,18,NB_36,NB,BB,23.0,Male,Right handed,Normal,1
sub77_NB,1,38.0,20,NB_38,NB,EM,23.0,Male,Right handed,Normal,1
sub77_NB,0,39.0,48,NB_39,NB,BB,23.0,Male,Right handed,Normal,0
sub77_NB,1,40.0,49,NB_40,NB,EM,23.0,Male,Right handed,Normal,1
sub78_NB,1,1.0,19,NB_1,NB,EM,20.0,Female,Right handed,Uncorrected vision difficulty,1
sub78_NB,1,2.0,31,NB_2,NB,BB,20.0,Female,Right handed,Uncorrected vision difficulty,1
sub78_NB,0,4.0,31,NB_4,NB,EM,20.0,Female,Right handed,Uncorrected vision difficulty,0
sub78_NB,1,5.0,33,NB_5,NB,EM,20.0,Female,Right handed,Uncorrected vision difficulty,1
sub78_NB,1,6.0,31,NB_6,NB,BB,20.0,Female,Right handed,Uncorrected vision difficulty,1
sub78_NB,1,8.0,25,NB_8,NB,BB,20.0,Female,Right handed,Uncorrected vision difficulty,1
sub78_NB,1,9.0,20,NB_9,NB,EM,20.0,Female,Right handed,Uncorrected vision difficulty,1
sub78_NB,1,10.0,37,NB_10,NB,BB,20.0,Female,Right handed,Uncorrected vision difficulty,1
sub78_NB,1,11.0,28,NB_11,NB,EM,20.0,Female,Right handed,Uncorrected vision difficulty,1
sub78_NB,1,12.0,48,NB_12,NB,EM,20.0,Female,Right handed,Uncorrected vision difficulty,1
sub78_NB,1,13.0,31,NB_13,NB,BB,20.0,Female,Right handed,Uncorrected vision difficulty,1
sub78_NB,1,14.0,25,NB_14,NB,BB,20.0,Female,Right handed,Uncorrected vision difficulty,1
sub78_NB,1,15.0,28,NB_15,NB,BB,20.0,Female,Right handed,Uncorrected vision difficulty,1
sub78_NB,1,16.0,35,NB_16,NB,EM,20.0,Female,Right handed,Uncorrected vision difficulty,1
sub78_NB,1,17.0,24,NB_17,NB,BB,20.0,Female,Right handed,Uncorrected vision difficulty,1
sub78_NB,1,19.0,37,NB_19,NB,BB,20.0,Female,Right handed,Uncorrected vision difficulty,1
sub78_NB,1,20.0,34,NB_20,NB,EM,20.0,Female,Right handed,Uncorrected vision difficulty,1
sub78_NB,1,21.0,39,NB_21,NB,BB,20.0,Female,Right handed,Uncorrected vision difficulty,1
sub78_NB,1,22.0,34,NB_22,NB,EM,20.0,Female,Right handed,Uncorrected vision difficulty,1
sub78_NB,1,23.0,24,NB_23,NB,EM,20.0,Female,Right handed,Uncorrected vision difficulty,1
sub78_NB,1,24.0,25,NB_24,NB,BB,20.0,Female,Right handed,Uncorrected vision difficulty,1
sub78_NB,1,25.0,40,NB_25,NB,BB,20.0,Female,Right handed,Uncorrected vision difficulty,1
sub78_NB,1,26.0,35,NB_26,NB,EM,20.0,Female,Right handed,Uncorrected vision difficulty,1
sub78_NB,1,27.0,50,NB_27,NB,BB,20.0,Female,Right handed,Uncorrected vision difficulty,1
sub78_NB,1,29.0,30,NB_29,NB,BB,20.0,Female,Right handed,Uncorrected vision difficulty,1
sub78_NB,1,30.0,36,NB_30,NB,EM,20.0,Female,Right handed,Uncorrected vision difficulty,1
sub78_NB,1,31.0,42,NB_31,NB,EM,20.0,Female,Right handed,Uncorrected vision difficulty,1
sub78_NB,1,32.0,32,NB_32,NB,EM,20.0,Female,Right handed,Uncorrected vision difficulty,1
sub78_NB,1,33.0,56,NB_33,NB,BB,20.0,Female,Right handed,Uncorrected vision difficulty,1
sub78_NB,1,34.0,33,NB_34,NB,BB,20.0,Female,Right handed,Uncorrected vision difficulty,1
sub78_NB,1,35.0,44,NB_35,NB,EM,20.0,Female,Right handed,Uncorrected vision difficulty,1
sub78_NB,0,36.0,18,NB_36,NB,BB,20.0,Female,Right handed,Uncorrected vision difficulty,0
sub78_NB,1,38.0,20,NB_38,NB,EM,20.0,Female,Right handed,Uncorrected vision difficulty,1
sub78_NB,1,39.0,48,NB_39,NB,BB,20.0,Female,Right handed,Uncorrected vision difficulty,1
sub78_NB,1,40.0,49,NB_40,NB,EM,20.0,Female,Right handed,Uncorrected vision difficulty,1
sub79_NB,1,1.0,19,NB_1,NB,EM,23.0,Male,Right handed,Corrected to normal,1
sub79_NB,0,2.0,31,NB_2,NB,BB,23.0,Male,Right handed,Corrected to normal,0
sub79_NB,1,4.0,31,NB_4,NB,EM,23.0,Male,Right handed,Corrected to normal,1
sub79_NB,1,5.0,33,NB_5,NB,EM,23.0,Male,Right handed,Corrected to normal,1
sub79_NB,1,6.0,31,NB_6,NB,BB,23.0,Male,Right handed,Corrected to normal,1
sub79_NB,0,8.0,25,NB_8,NB,BB,23.0,Male,Right handed,Corrected to normal,0
sub79_NB,1,9.0,20,NB_9,NB,EM,23.0,Male,Right handed,Corrected to normal,1
sub79_NB,1,10.0,37,NB_10,NB,BB,23.0,Male,Right handed,Corrected to normal,1
sub79_NB,1,11.0,28,NB_11,NB,EM,23.0,Male,Right handed,Corrected to normal,1
sub79_NB,0,12.0,48,NB_12,NB,EM,23.0,Male,Right handed,Corrected to normal,0
sub79_NB,1,13.0,31,NB_13,NB,BB,23.0,Male,Right handed,Corrected to normal,1
sub79_NB,1,14.0,25,NB_14,NB,BB,23.0,Male,Right handed,Corrected to normal,1
sub79_NB,0,15.0,28,NB_15,NB,BB,23.0,Male,Right handed,Corrected to normal,0
sub79_NB,0,16.0,35,NB_16,NB,EM,23.0,Male,Right handed,Corrected to normal,0
sub79_NB,1,17.0,24,NB_17,NB,BB,23.0,Male,Right handed,Corrected to normal,1
sub79_NB,1,19.0,37,NB_19,NB,BB,23.0,Male,Right handed,Corrected to normal,1
sub79_NB,1,20.0,34,NB_20,NB,EM,23.0,Male,Right handed,Corrected to normal,1
sub79_NB,0,21.0,39,NB_21,NB,BB,23.0,Male,Right handed,Corrected to normal,0
sub79_NB,1,22.0,34,NB_22,NB,EM,23.0,Male,Right handed,Corrected to normal,1
sub79_NB,1,23.0,24,NB_23,NB,EM,23.0,Male,Right handed,Corrected to normal,1
sub79_NB,1,24.0,25,NB_24,NB,BB,23.0,Male,Right handed,Corrected to normal,1
sub79_NB,1,25.0,40,NB_25,NB,BB,23.0,Male,Right handed,Corrected to normal,1
sub79_NB,1,26.0,35,NB_26,NB,EM,23.0,Male,Right handed,Corrected to normal,1
sub79_NB,1,27.0,50,NB_27,NB,BB,23.0,Male,Right handed,Corrected to normal,1
sub79_NB,1,29.0,30,NB_29,NB,BB,23.0,Male,Right handed,Corrected to normal,1
sub79_NB,1,30.0,36,NB_30,NB,EM,23.0,Male,Right handed,Corrected to normal,1
sub79_NB,1,31.0,42,NB_31,NB,EM,23.0,Male,Right handed,Corrected to normal,1
sub79_NB,1,32.0,32,NB_32,NB,EM,23.0,Male,Right handed,Corrected to normal,1
sub79_NB,1,33.0,56,NB_33,NB,BB,23.0,Male,Right handed,Corrected to normal,1
sub79_NB,1,34.0,33,NB_34,NB,BB,23.0,Male,Right handed,Corrected to normal,1
sub79_NB,1,35.0,44,NB_35,NB,EM,23.0,Male,Right handed,Corrected to normal,1
sub79_NB,0,36.0,18,NB_36,NB,BB,23.0,Male,Right handed,Corrected to normal,0
sub79_NB,1,38.0,20,NB_38,NB,EM,23.0,Male,Right handed,Corrected to normal,1
sub79_NB,0,39.0,48,NB_39,NB,BB,23.0,Male,Right handed,Corrected to normal,0
sub79_NB,1,40.0,49,NB_40,NB,EM,23.0,Male,Right handed,Corrected to normal,1
sub80_NB,1,1.0,19,NB_1,NB,EM,22.0,Male,Right handed,Corrected to normal,1
sub80_NB,1,2.0,31,NB_2,NB,BB,22.0,Male,Right handed,Corrected to normal,1
sub80_NB,1,4.0,31,NB_4,NB,EM,22.0,Male,Right handed,Corrected to normal,1
sub80_NB,1,5.0,33,NB_5,NB,EM,22.0,Male,Right handed,Corrected to normal,1
sub80_NB,1,6.0,31,NB_6,NB,BB,22.0,Male,Right handed,Corrected to normal,1
sub80_NB,1,8.0,25,NB_8,NB,BB,22.0,Male,Right handed,Corrected to normal,1
sub80_NB,1,9.0,20,NB_9,NB,EM,22.0,Male,Right handed,Corrected to normal,1
sub80_NB,1,10.0,37,NB_10,NB,BB,22.0,Male,Right handed,Corrected to normal,1
sub80_NB,1,11.0,28,NB_11,NB,EM,22.0,Male,Right handed,Corrected to normal,1
sub80_NB,1,12.0,48,NB_12,NB,EM,22.0,Male,Right handed,Corrected to normal,1
sub80_NB,0,13.0,31,NB_13,NB,BB,22.0,Male,Right handed,Corrected to normal,0
sub80_NB,1,14.0,25,NB_14,NB,BB,22.0,Male,Right handed,Corrected to normal,1
sub80_NB,1,15.0,28,NB_15,NB,BB,22.0,Male,Right handed,Corrected to normal,1
sub80_NB,0,16.0,35,NB_16,NB,EM,22.0,Male,Right handed,Corrected to normal,0
sub80_NB,1,17.0,24,NB_17,NB,BB,22.0,Male,Right handed,Corrected to normal,1
sub80_NB,1,19.0,37,NB_19,NB,BB,22.0,Male,Right handed,Corrected to normal,1
sub80_NB,1,20.0,34,NB_20,NB,EM,22.0,Male,Right handed,Corrected to normal,1
sub80_NB,1,21.0,39,NB_21,NB,BB,22.0,Male,Right handed,Corrected to normal,1
sub80_NB,1,22.0,34,NB_22,NB,EM,22.0,Male,Right handed,Corrected to normal,1
sub80_NB,1,23.0,24,NB_23,NB,EM,22.0,Male,Right handed,Corrected to normal,1
sub80_NB,1,24.0,25,NB_24,NB,BB,22.0,Male,Right handed,Corrected to normal,1
sub80_NB,1,25.0,40,NB_25,NB,BB,22.0,Male,Right handed,Corrected to normal,1
sub80_NB,0,26.0,35,NB_26,NB,EM,22.0,Male,Right handed,Corrected to normal,0
sub80_NB,1,27.0,50,NB_27,NB,BB,22.0,Male,Right handed,Corrected to normal,1
sub80_NB,1,29.0,30,NB_29,NB,BB,22.0,Male,Right handed,Corrected to normal,1
sub80_NB,1,30.0,36,NB_30,NB,EM,22.0,Male,Right handed,Corrected to normal,1
sub80_NB,1,31.0,42,NB_31,NB,EM,22.0,Male,Right handed,Corrected to normal,1
sub80_NB,1,32.0,32,NB_32,NB,EM,22.0,Male,Right handed,Corrected to normal,1
sub80_NB,1,33.0,56,NB_33,NB,BB,22.0,Male,Right handed,Corrected to normal,1
sub80_NB,0,34.0,33,NB_34,NB,BB,22.0,Male,Right handed,Corrected to normal,0
sub80_NB,1,35.0,44,NB_35,NB,EM,22.0,Male,Right handed,Corrected to normal,1
sub80_NB,1,36.0,18,NB_36,NB,BB,22.0,Male,Right handed,Corrected to normal,1
sub80_NB,1,38.0,20,NB_38,NB,EM,22.0,Male,Right handed,Corrected to normal,1
sub80_NB,1,39.0,48,NB_39,NB,BB,22.0,Male,Right handed,Corrected to normal,1
sub80_NB,1,40.0,49,NB_40,NB,EM,22.0,Male,Right handed,Corrected to normal,1
sub81_NB,1,1.0,19,NB_1,NB,EM,23.0,Male,Right handed,Normal,1
sub81_NB,1,2.0,31,NB_2,NB,BB,23.0,Male,Right handed,Normal,1
sub81_NB,1,4.0,31,NB_4,NB,EM,23.0,Male,Right handed,Normal,1
sub81_NB,0,5.0,33,NB_5,NB,EM,23.0,Male,Right handed,Normal,0
sub81_NB,1,6.0,31,NB_6,NB,BB,23.0,Male,Right handed,Normal,1
sub81_NB,0,8.0,25,NB_8,NB,BB,23.0,Male,Right handed,Normal,0
sub81_NB,1,9.0,20,NB_9,NB,EM,23.0,Male,Right handed,Normal,1
sub81_NB,1,10.0,37,NB_10,NB,BB,23.0,Male,Right handed,Normal,1
sub81_NB,1,11.0,28,NB_11,NB,EM,23.0,Male,Right handed,Normal,1
sub81_NB,1,12.0,48,NB_12,NB,EM,23.0,Male,Right handed,Normal,1
sub81_NB,0,13.0,31,NB_13,NB,BB,23.0,Male,Right handed,Normal,0
sub81_NB,1,14.0,25,NB_14,NB,BB,23.0,Male,Right handed,Normal,1
sub81_NB,1,15.0,28,NB_15,NB,BB,23.0,Male,Right handed,Normal,1
sub81_NB,1,16.0,35,NB_16,NB,EM,23.0,Male,Right handed,Normal,1
sub81_NB,1,17.0,24,NB_17,NB,BB,23.0,Male,Right handed,Normal,1
sub81_NB,1,19.0,37,NB_19,NB,BB,23.0,Male,Right handed,Normal,1
sub81_NB,1,20.0,34,NB_20,NB,EM,23.0,Male,Right handed,Normal,1
sub81_NB,1,21.0,39,NB_21,NB,BB,23.0,Male,Right handed,Normal,1
sub81_NB,1,22.0,34,NB_22,NB,EM,23.0,Male,Right handed,Normal,1
sub81_NB,1,23.0,24,NB_23,NB,EM,23.0,Male,Right handed,Normal,1
sub81_NB,1,24.0,25,NB_24,NB,BB,23.0,Male,Right handed,Normal,1
sub81_NB,1,25.0,40,NB_25,NB,BB,23.0,Male,Right handed,Normal,1
sub81_NB,1,26.0,35,NB_26,NB,EM,23.0,Male,Right handed,Normal,1
sub81_NB,1,27.0,50,NB_27,NB,BB,23.0,Male,Right handed,Normal,1
sub81_NB,1,29.0,30,NB_29,NB,BB,23.0,Male,Right handed,Normal,1
sub81_NB,1,30.0,36,NB_30,NB,EM,23.0,Male,Right handed,Normal,1
sub81_NB,1,31.0,42,NB_31,NB,EM,23.0,Male,Right handed,Normal,1
sub81_NB,1,32.0,32,NB_32,NB,EM,23.0,Male,Right handed,Normal,1
sub81_NB,1,33.0,56,NB_33,NB,BB,23.0,Male,Right handed,Normal,1
sub81_NB,1,34.0,33,NB_34,NB,BB,23.0,Male,Right handed,Normal,1
sub81_NB,1,35.0,44,NB_35,NB,EM,23.0,Male,Right handed,Normal,1
sub81_NB,0,36.0,18,NB_36,NB,BB,23.0,Male,Right handed,Normal,0
sub81_NB,1,38.0,20,NB_38,NB,EM,23.0,Male,Right handed,Normal,1
sub81_NB,0,39.0,48,NB_39,NB,BB,23.0,Male,Right handed,Normal,0
sub81_NB,1,40.0,49,NB_40,NB,EM,23.0,Male,Right handed,Normal,1
sub82_NB,1,1.0,19,NB_1,NB,EM,19.0,Male,Right handed,Corrected to normal,1
sub82_NB,1,2.0,31,NB_2,NB,BB,19.0,Male,Right handed,Corrected to normal,1
sub82_NB,1,4.0,31,NB_4,NB,EM,19.0,Male,Right handed,Corrected to normal,1
sub82_NB,0,5.0,33,NB_5,NB,EM,19.0,Male,Right handed,Corrected to normal,0
sub82_NB,1,6.0,31,NB_6,NB,BB,19.0,Male,Right handed,Corrected to normal,1
sub82_NB,1,8.0,25,NB_8,NB,BB,19.0,Male,Right handed,Corrected to normal,1
sub82_NB,1,9.0,20,NB_9,NB,EM,19.0,Male,Right handed,Corrected to normal,1
sub82_NB,1,10.0,37,NB_10,NB,BB,19.0,Male,Right handed,Corrected to normal,1
sub82_NB,1,11.0,28,NB_11,NB,EM,19.0,Male,Right handed,Corrected to normal,1
sub82_NB,1,12.0,48,NB_12,NB,EM,19.0,Male,Right handed,Corrected to normal,1
sub82_NB,0,13.0,31,NB_13,NB,BB,19.0,Male,Right handed,Corrected to normal,0
sub82_NB,1,14.0,25,NB_14,NB,BB,19.0,Male,Right handed,Corrected to normal,1
sub82_NB,1,15.0,28,NB_15,NB,BB,19.0,Male,Right handed,Corrected to normal,1
sub82_NB,1,16.0,35,NB_16,NB,EM,19.0,Male,Right handed,Corrected to normal,1
sub82_NB,0,17.0,24,NB_17,NB,BB,19.0,Male,Right handed,Corrected to normal,0
sub82_NB,0,19.0,37,NB_19,NB,BB,19.0,Male,Right handed,Corrected to normal,0
sub82_NB,1,20.0,34,NB_20,NB,EM,19.0,Male,Right handed,Corrected to normal,1
sub82_NB,1,21.0,39,NB_21,NB,BB,19.0,Male,Right handed,Corrected to normal,1
sub82_NB,1,22.0,34,NB_22,NB,EM,19.0,Male,Right handed,Corrected to normal,1
sub82_NB,1,23.0,24,NB_23,NB,EM,19.0,Male,Right handed,Corrected to normal,1
sub82_NB,1,24.0,25,NB_24,NB,BB,19.0,Male,Right handed,Corrected to normal,1
sub82_NB,1,25.0,40,NB_25,NB,BB,19.0,Male,Right handed,Corrected to normal,1
sub82_NB,1,26.0,35,NB_26,NB,EM,19.0,Male,Right handed,Corrected to normal,1
sub82_NB,1,27.0,50,NB_27,NB,BB,19.0,Male,Right handed,Corrected to normal,1
sub82_NB,1,29.0,30,NB_29,NB,BB,19.0,Male,Right handed,Corrected to normal,1
sub82_NB,1,30.0,36,NB_30,NB,EM,19.0,Male,Right handed,Corrected to normal,1
sub82_NB,1,31.0,42,NB_31,NB,EM,19.0,Male,Right handed,Corrected to normal,1
sub82_NB,1,32.0,32,NB_32,NB,EM,19.0,Male,Right handed,Corrected to normal,1
sub82_NB,1,33.0,56,NB_33,NB,BB,19.0,Male,Right handed,Corrected to normal,1
sub82_NB,1,34.0,33,NB_34,NB,BB,19.0,Male,Right handed,Corrected to normal,1
sub82_NB,1,35.0,44,NB_35,NB,EM,19.0,Male,Right handed,Corrected to normal,1
sub82_NB,1,36.0,18,NB_36,NB,BB,19.0,Male,Right handed,Corrected to normal,1
sub82_NB,1,38.0,20,NB_38,NB,EM,19.0,Male,Right handed,Corrected to normal,1
sub82_NB,1,39.0,48,NB_39,NB,BB,19.0,Male,Right handed,Corrected to normal,1
sub82_NB,1,40.0,49,NB_40,NB,EM,19.0,Male,Right handed,Corrected to normal,1
sub83_NB,1,1.0,19,NB_1,NB,EM,22.0,Female,Right handed,Corrected to normal,1
sub83_NB,1,2.0,31,NB_2,NB,BB,22.0,Female,Right handed,Corrected to normal,1
sub83_NB,1,4.0,31,NB_4,NB,EM,22.0,Female,Right handed,Corrected to normal,1
sub83_NB,1,5.0,33,NB_5,NB,EM,22.0,Female,Right handed,Corrected to normal,1
sub83_NB,1,6.0,31,NB_6,NB,BB,22.0,Female,Right handed,Corrected to normal,1
sub83_NB,1,8.0,25,NB_8,NB,BB,22.0,Female,Right handed,Corrected to normal,1
sub83_NB,1,9.0,20,NB_9,NB,EM,22.0,Female,Right handed,Corrected to normal,1
sub83_NB,1,10.0,37,NB_10,NB,BB,22.0,Female,Right handed,Corrected to normal,1
sub83_NB,1,11.0,28,NB_11,NB,EM,22.0,Female,Right handed,Corrected to normal,1
sub83_NB,1,12.0,48,NB_12,NB,EM,22.0,Female,Right handed,Corrected to normal,1
sub83_NB,1,13.0,31,NB_13,NB,BB,22.0,Female,Right handed,Corrected to normal,1
sub83_NB,1,14.0,25,NB_14,NB,BB,22.0,Female,Right handed,Corrected to normal,1
sub83_NB,1,15.0,28,NB_15,NB,BB,22.0,Female,Right handed,Corrected to normal,1
sub83_NB,1,16.0,35,NB_16,NB,EM,22.0,Female,Right handed,Corrected to normal,1
sub83_NB,1,17.0,24,NB_17,NB,BB,22.0,Female,Right handed,Corrected to normal,1
sub83_NB,1,19.0,37,NB_19,NB,BB,22.0,Female,Right handed,Corrected to normal,1
sub83_NB,1,20.0,34,NB_20,NB,EM,22.0,Female,Right handed,Corrected to normal,1
sub83_NB,1,21.0,39,NB_21,NB,BB,22.0,Female,Right handed,Corrected to normal,1
sub83_NB,1,22.0,34,NB_22,NB,EM,22.0,Female,Right handed,Corrected to normal,1
sub83_NB,1,23.0,24,NB_23,NB,EM,22.0,Female,Right handed,Corrected to normal,1
sub83_NB,1,24.0,25,NB_24,NB,BB,22.0,Female,Right handed,Corrected to normal,1
sub83_NB,0,25.0,40,NB_25,NB,BB,22.0,Female,Right handed,Corrected to normal,0
sub83_NB,1,26.0,35,NB_26,NB,EM,22.0,Female,Right handed,Corrected to normal,1
sub83_NB,1,27.0,50,NB_27,NB,BB,22.0,Female,Right handed,Corrected to normal,1
sub83_NB,1,29.0,30,NB_29,NB,BB,22.0,Female,Right handed,Corrected to normal,1
sub83_NB,1,30.0,36,NB_30,NB,EM,22.0,Female,Right handed,Corrected to normal,1
sub83_NB,1,31.0,42,NB_31,NB,EM,22.0,Female,Right handed,Corrected to normal,1
sub83_NB,1,32.0,32,NB_32,NB,EM,22.0,Female,Right handed,Corrected to normal,1
sub83_NB,1,33.0,56,NB_33,NB,BB,22.0,Female,Right handed,Corrected to normal,1
sub83_NB,1,34.0,33,NB_34,NB,BB,22.0,Female,Right handed,Corrected to normal,1
sub83_NB,1,35.0,44,NB_35,NB,EM,22.0,Female,Right handed,Corrected to normal,1
sub83_NB,1,36.0,18,NB_36,NB,BB,22.0,Female,Right handed,Corrected to normal,1
sub83_NB,1,38.0,20,NB_38,NB,EM,22.0,Female,Right handed,Corrected to normal,1
sub83_NB,1,39.0,48,NB_39,NB,BB,22.0,Female,Right handed,Corrected to normal,1
sub83_NB,1,40.0,49,NB_40,NB,EM,22.0,Female,Right handed,Corrected to normal,1
sub84_NB,1,1.0,19,NB_1,NB,EM,24.0,Male,Right handed,Corrected to normal,1
sub84_NB,1,2.0,31,NB_2,NB,BB,24.0,Male,Right handed,Corrected to normal,1
sub84_NB,0,4.0,31,NB_4,NB,EM,24.0,Male,Right handed,Corrected to normal,0
sub84_NB,0,5.0,33,NB_5,NB,EM,24.0,Male,Right handed,Corrected to normal,0
sub84_NB,1,6.0,31,NB_6,NB,BB,24.0,Male,Right handed,Corrected to normal,1
sub84_NB,1,8.0,25,NB_8,NB,BB,24.0,Male,Right handed,Corrected to normal,1
sub84_NB,1,9.0,20,NB_9,NB,EM,24.0,Male,Right handed,Corrected to normal,1
sub84_NB,1,10.0,37,NB_10,NB,BB,24.0,Male,Right handed,Corrected to normal,1
sub84_NB,1,11.0,28,NB_11,NB,EM,24.0,Male,Right handed,Corrected to normal,1
sub84_NB,1,12.0,48,NB_12,NB,EM,24.0,Male,Right handed,Corrected to normal,1
sub84_NB,0,13.0,31,NB_13,NB,BB,24.0,Male,Right handed,Corrected to normal,0
sub84_NB,1,14.0,25,NB_14,NB,BB,24.0,Male,Right handed,Corrected to normal,1
sub84_NB,1,15.0,28,NB_15,NB,BB,24.0,Male,Right handed,Corrected to normal,1
sub84_NB,1,16.0,35,NB_16,NB,EM,24.0,Male,Right handed,Corrected to normal,1
sub84_NB,1,17.0,24,NB_17,NB,BB,24.0,Male,Right handed,Corrected to normal,1
sub84_NB,0,19.0,37,NB_19,NB,BB,24.0,Male,Right handed,Corrected to normal,0
sub84_NB,1,20.0,34,NB_20,NB,EM,24.0,Male,Right handed,Corrected to normal,1
sub84_NB,1,21.0,39,NB_21,NB,BB,24.0,Male,Right handed,Corrected to normal,1
sub84_NB,1,22.0,34,NB_22,NB,EM,24.0,Male,Right handed,Corrected to normal,1
sub84_NB,1,23.0,24,NB_23,NB,EM,24.0,Male,Right handed,Corrected to normal,1
sub84_NB,1,24.0,25,NB_24,NB,BB,24.0,Male,Right handed,Corrected to normal,1
sub84_NB,1,25.0,40,NB_25,NB,BB,24.0,Male,Right handed,Corrected to normal,1
sub84_NB,1,26.0,35,NB_26,NB,EM,24.0,Male,Right handed,Corrected to normal,1
sub84_NB,1,27.0,50,NB_27,NB,BB,24.0,Male,Right handed,Corrected to normal,1
sub84_NB,1,29.0,30,NB_29,NB,BB,24.0,Male,Right handed,Corrected to normal,1
sub84_NB,1,30.0,36,NB_30,NB,EM,24.0,Male,Right handed,Corrected to normal,1
sub84_NB,1,31.0,42,NB_31,NB,EM,24.0,Male,Right handed,Corrected to normal,1
sub84_NB,1,32.0,32,NB_32,NB,EM,24.0,Male,Right handed,Corrected to normal,1
sub84_NB,0,33.0,56,NB_33,NB,BB,24.0,Male,Right handed,Corrected to normal,0
sub84_NB,1,34.0,33,NB_34,NB,BB,24.0,Male,Right handed,Corrected to normal,1
sub84_NB,0,35.0,44,NB_35,NB,EM,24.0,Male,Right handed,Corrected to normal,0
sub84_NB,1,36.0,18,NB_36,NB,BB,24.0,Male,Right handed,Corrected to normal,1
sub84_NB,1,38.0,20,NB_38,NB,EM,24.0,Male,Right handed,Corrected to normal,1
sub84_NB,1,39.0,48,NB_39,NB,BB,24.0,Male,Right handed,Corrected to normal,1
sub84_NB,1,40.0,49,NB_40,NB,EM,24.0,Male,Right handed,Corrected to normal,1
sub85_NB,1,1.0,19,NB_1,NB,EM,24.0,Female,Right handed,Corrected to normal,1
sub85_NB,1,2.0,31,NB_2,NB,BB,24.0,Female,Right handed,Corrected to normal,1
sub85_NB,1,4.0,31,NB_4,NB,EM,24.0,Female,Right handed,Corrected to normal,1
sub85_NB,1,5.0,33,NB_5,NB,EM,24.0,Female,Right handed,Corrected to normal,1
sub85_NB,1,6.0,31,NB_6,NB,BB,24.0,Female,Right handed,Corrected to normal,1
sub85_NB,1,8.0,25,NB_8,NB,BB,24.0,Female,Right handed,Corrected to normal,1
sub85_NB,1,9.0,20,NB_9,NB,EM,24.0,Female,Right handed,Corrected to normal,1
sub85_NB,1,10.0,37,NB_10,NB,BB,24.0,Female,Right handed,Corrected to normal,1
sub85_NB,1,11.0,28,NB_11,NB,EM,24.0,Female,Right handed,Corrected to normal,1
sub85_NB,1,12.0,48,NB_12,NB,EM,24.0,Female,Right handed,Corrected to normal,1
sub85_NB,0,13.0,31,NB_13,NB,BB,24.0,Female,Right handed,Corrected to normal,0
sub85_NB,1,14.0,25,NB_14,NB,BB,24.0,Female,Right handed,Corrected to normal,1
sub85_NB,0,15.0,28,NB_15,NB,BB,24.0,Female,Right handed,Corrected to normal,0
sub85_NB,0,16.0,35,NB_16,NB,EM,24.0,Female,Right handed,Corrected to normal,0
sub85_NB,1,17.0,24,NB_17,NB,BB,24.0,Female,Right handed,Corrected to normal,1
sub85_NB,1,19.0,37,NB_19,NB,BB,24.0,Female,Right handed,Corrected to normal,1
sub85_NB,1,20.0,34,NB_20,NB,EM,24.0,Female,Right handed,Corrected to normal,1
sub85_NB,1,21.0,39,NB_21,NB,BB,24.0,Female,Right handed,Corrected to normal,1
sub85_NB,1,22.0,34,NB_22,NB,EM,24.0,Female,Right handed,Corrected to normal,1
sub85_NB,1,23.0,24,NB_23,NB,EM,24.0,Female,Right handed,Corrected to normal,1
sub85_NB,0,24.0,25,NB_24,NB,BB,24.0,Female,Right handed,Corrected to normal,0
sub85_NB,1,25.0,40,NB_25,NB,BB,24.0,Female,Right handed,Corrected to normal,1
sub85_NB,1,26.0,35,NB_26,NB,EM,24.0,Female,Right handed,Corrected to normal,1
sub85_NB,1,27.0,50,NB_27,NB,BB,24.0,Female,Right handed,Corrected to normal,1
sub85_NB,1,29.0,30,NB_29,NB,BB,24.0,Female,Right handed,Corrected to normal,1
sub85_NB,1,30.0,36,NB_30,NB,EM,24.0,Female,Right handed,Corrected to normal,1
sub85_NB,1,31.0,42,NB_31,NB,EM,24.0,Female,Right handed,Corrected to normal,1
sub85_NB,1,32.0,32,NB_32,NB,EM,24.0,Female,Right handed,Corrected to normal,1
sub85_NB,1,33.0,56,NB_33,NB,BB,24.0,Female,Right handed,Corrected to normal,1
sub85_NB,1,34.0,33,NB_34,NB,BB,24.0,Female,Right handed,Corrected to normal,1
sub85_NB,1,35.0,44,NB_35,NB,EM,24.0,Female,Right handed,Corrected to normal,1
sub85_NB,1,36.0,18,NB_36,NB,BB,24.0,Female,Right handed,Corrected to normal,1
sub85_NB,0,38.0,20,NB_38,NB,EM,24.0,Female,Right handed,Corrected to normal,0
sub85_NB,1,39.0,48,NB_39,NB,BB,24.0,Female,Right handed,Corrected to normal,1
sub85_NB,1,40.0,49,NB_40,NB,EM,24.0,Female,Right handed,Corrected to normal,1
sub86_NB,1,1.0,19,NB_1,NB,EM,22.0,Male,Right handed,Corrected to normal,1
sub86_NB,1,2.0,31,NB_2,NB,BB,22.0,Male,Right handed,Corrected to normal,1
sub86_NB,0,4.0,31,NB_4,NB,EM,22.0,Male,Right handed,Corrected to normal,0
sub86_NB,0,5.0,33,NB_5,NB,EM,22.0,Male,Right handed,Corrected to normal,0
sub86_NB,1,6.0,31,NB_6,NB,BB,22.0,Male,Right handed,Corrected to normal,1
sub86_NB,1,8.0,25,NB_8,NB,BB,22.0,Male,Right handed,Corrected to normal,1
sub86_NB,1,9.0,20,NB_9,NB,EM,22.0,Male,Right handed,Corrected to normal,1
sub86_NB,1,10.0,37,NB_10,NB,BB,22.0,Male,Right handed,Corrected to normal,1
sub86_NB,1,11.0,28,NB_11,NB,EM,22.0,Male,Right handed,Corrected to normal,1
sub86_NB,1,12.0,48,NB_12,NB,EM,22.0,Male,Right handed,Corrected to normal,1
sub86_NB,0,13.0,31,NB_13,NB,BB,22.0,Male,Right handed,Corrected to normal,0
sub86_NB,0,14.0,25,NB_14,NB,BB,22.0,Male,Right handed,Corrected to normal,0
sub86_NB,1,15.0,28,NB_15,NB,BB,22.0,Male,Right handed,Corrected to normal,1
sub86_NB,1,16.0,35,NB_16,NB,EM,22.0,Male,Right handed,Corrected to normal,1
sub86_NB,1,17.0,24,NB_17,NB,BB,22.0,Male,Right handed,Corrected to normal,1
sub86_NB,1,19.0,37,NB_19,NB,BB,22.0,Male,Right handed,Corrected to normal,1
sub86_NB,1,20.0,34,NB_20,NB,EM,22.0,Male,Right handed,Corrected to normal,1
sub86_NB,1,21.0,39,NB_21,NB,BB,22.0,Male,Right handed,Corrected to normal,1
sub86_NB,1,22.0,34,NB_22,NB,EM,22.0,Male,Right handed,Corrected to normal,1
sub86_NB,1,23.0,24,NB_23,NB,EM,22.0,Male,Right handed,Corrected to normal,1
sub86_NB,1,24.0,25,NB_24,NB,BB,22.0,Male,Right handed,Corrected to normal,1
sub86_NB,1,25.0,40,NB_25,NB,BB,22.0,Male,Right handed,Corrected to normal,1
sub86_NB,1,26.0,35,NB_26,NB,EM,22.0,Male,Right handed,Corrected to normal,1
sub86_NB,1,27.0,50,NB_27,NB,BB,22.0,Male,Right handed,Corrected to normal,1
sub86_NB,0,29.0,30,NB_29,NB,BB,22.0,Male,Right handed,Corrected to normal,0
sub86_NB,1,30.0,36,NB_30,NB,EM,22.0,Male,Right handed,Corrected to normal,1
sub86_NB,1,31.0,42,NB_31,NB,EM,22.0,Male,Right handed,Corrected to normal,1
sub86_NB,1,32.0,32,NB_32,NB,EM,22.0,Male,Right handed,Corrected to normal,1
sub86_NB,1,33.0,56,NB_33,NB,BB,22.0,Male,Right handed,Corrected to normal,1
sub86_NB,1,34.0,33,NB_34,NB,BB,22.0,Male,Right handed,Corrected to normal,1
sub86_NB,1,35.0,44,NB_35,NB,EM,22.0,Male,Right handed,Corrected to normal,1
sub86_NB,1,36.0,18,NB_36,NB,BB,22.0,Male,Right handed,Corrected to normal,1
sub86_NB,1,38.0,20,NB_38,NB,EM,22.0,Male,Right handed,Corrected to normal,1
sub86_NB,1,39.0,48,NB_39,NB,BB,22.0,Male,Right handed,Corrected to normal,1
sub86_NB,1,40.0,49,NB_40,NB,EM,22.0,Male,Right handed,Corrected to normal,1
sub87_NB,1,1.0,19,NB_1,NB,EM,22.0,Male,Right handed,Corrected to normal,1
sub87_NB,1,2.0,31,NB_2,NB,BB,22.0,Male,Right handed,Corrected to normal,1
sub87_NB,0,4.0,31,NB_4,NB,EM,22.0,Male,Right handed,Corrected to normal,0
sub87_NB,1,5.0,33,NB_5,NB,EM,22.0,Male,Right handed,Corrected to normal,1
sub87_NB,1,6.0,31,NB_6,NB,BB,22.0,Male,Right handed,Corrected to normal,1
sub87_NB,0,8.0,25,NB_8,NB,BB,22.0,Male,Right handed,Corrected to normal,0
sub87_NB,1,9.0,20,NB_9,NB,EM,22.0,Male,Right handed,Corrected to normal,1
sub87_NB,1,10.0,37,NB_10,NB,BB,22.0,Male,Right handed,Corrected to normal,1
sub87_NB,1,11.0,28,NB_11,NB,EM,22.0,Male,Right handed,Corrected to normal,1
sub87_NB,1,12.0,48,NB_12,NB,EM,22.0,Male,Right handed,Corrected to normal,1
sub87_NB,0,13.0,31,NB_13,NB,BB,22.0,Male,Right handed,Corrected to normal,0
sub87_NB,1,14.0,25,NB_14,NB,BB,22.0,Male,Right handed,Corrected to normal,1
sub87_NB,1,15.0,28,NB_15,NB,BB,22.0,Male,Right handed,Corrected to normal,1
sub87_NB,1,16.0,35,NB_16,NB,EM,22.0,Male,Right handed,Corrected to normal,1
sub87_NB,0,17.0,24,NB_17,NB,BB,22.0,Male,Right handed,Corrected to normal,0
sub87_NB,0,19.0,37,NB_19,NB,BB,22.0,Male,Right handed,Corrected to normal,0
sub87_NB,1,20.0,34,NB_20,NB,EM,22.0,Male,Right handed,Corrected to normal,1
sub87_NB,1,21.0,39,NB_21,NB,BB,22.0,Male,Right handed,Corrected to normal,1
sub87_NB,1,22.0,34,NB_22,NB,EM,22.0,Male,Right handed,Corrected to normal,1
sub87_NB,1,23.0,24,NB_23,NB,EM,22.0,Male,Right handed,Corrected to normal,1
sub87_NB,0,24.0,25,NB_24,NB,BB,22.0,Male,Right handed,Corrected to normal,0
sub87_NB,1,25.0,40,NB_25,NB,BB,22.0,Male,Right handed,Corrected to normal,1
sub87_NB,1,26.0,35,NB_26,NB,EM,22.0,Male,Right handed,Corrected to normal,1
sub87_NB,1,27.0,50,NB_27,NB,BB,22.0,Male,Right handed,Corrected to normal,1
sub87_NB,0,29.0,30,NB_29,NB,BB,22.0,Male,Right handed,Corrected to normal,0
sub87_NB,1,30.0,36,NB_30,NB,EM,22.0,Male,Right handed,Corrected to normal,1
sub87_NB,1,31.0,42,NB_31,NB,EM,22.0,Male,Right handed,Corrected to normal,1
sub87_NB,1,32.0,32,NB_32,NB,EM,22.0,Male,Right handed,Corrected to normal,1
sub87_NB,1,33.0,56,NB_33,NB,BB,22.0,Male,Right handed,Corrected to normal,1
sub87_NB,1,34.0,33,NB_34,NB,BB,22.0,Male,Right handed,Corrected to normal,1
sub87_NB,1,35.0,44,NB_35,NB,EM,22.0,Male,Right handed,Corrected to normal,1
sub87_NB,1,36.0,18,NB_36,NB,BB,22.0,Male,Right handed,Corrected to normal,1
sub87_NB,1,38.0,20,NB_38,NB,EM,22.0,Male,Right handed,Corrected to normal,1
sub87_NB,1,39.0,48,NB_39,NB,BB,22.0,Male,Right handed,Corrected to normal,1
sub87_NB,1,40.0,49,NB_40,NB,EM,22.0,Male,Right handed,Corrected to normal,1
sub88_AB,1,1.0,17,AB_1,AB,EM,20.0,Male,Right handed,Normal,1
sub88_AB,0,2.0,31,AB_2,AB,BB,20.0,Male,Right handed,Normal,0
sub88_AB,0,4.0,32,AB_4,AB,EM,20.0,Male,Right handed,Normal,0
sub88_AB,1,5.0,33,AB_5,AB,EM,20.0,Male,Right handed,Normal,1
sub88_AB,1,6.0,31,AB_6,AB,BB,20.0,Male,Right handed,Normal,1
sub88_AB,1,8.0,24,AB_8,AB,BB,20.0,Male,Right handed,Normal,1
sub88_AB,0,9.0,19,AB_9,AB,EM,20.0,Male,Right handed,Normal,0
sub88_AB,1,10.0,39,AB_10,AB,BB,20.0,Male,Right handed,Normal,1
sub88_AB,1,11.0,29,AB_11,AB,EM,20.0,Male,Right handed,Normal,1
sub88_AB,1,12.0,47,AB_12,AB,EM,20.0,Male,Right handed,Normal,1
sub88_AB,0,13.0,33,AB_13,AB,BB,20.0,Male,Right handed,Normal,0
sub88_AB,1,14.0,22,AB_14,AB,BB,20.0,Male,Right handed,Normal,1
sub88_AB,1,15.0,29,AB_15,AB,BB,20.0,Male,Right handed,Normal,1
sub88_AB,1,16.0,34,AB_16,AB,EM,20.0,Male,Right handed,Normal,1
sub88_AB,1,17.0,27,AB_17,AB,BB,20.0,Male,Right handed,Normal,1
sub88_AB,1,19.0,36,AB_19,AB,BB,20.0,Male,Right handed,Normal,1
sub88_AB,1,20.0,35,AB_20,AB,EM,20.0,Male,Right handed,Normal,1
sub88_AB,1,21.0,39,AB_21,AB,BB,20.0,Male,Right handed,Normal,1
sub88_AB,1,22.0,34,AB_22,AB,EM,20.0,Male,Right handed,Normal,1
sub88_AB,1,23.0,24,AB_23,AB,EM,20.0,Male,Right handed,Normal,1
sub88_AB,1,24.0,24,AB_24,AB,BB,20.0,Male,Right handed,Normal,1
sub88_AB,1,25.0,41,AB_25,AB,BB,20.0,Male,Right handed,Normal,1
sub88_AB,1,26.0,35,AB_26,AB,EM,20.0,Male,Right handed,Normal,1
sub88_AB,1,27.0,50,AB_27,AB,BB,20.0,Male,Right handed,Normal,1
sub88_AB,1,29.0,29,AB_29,AB,BB,20.0,Male,Right handed,Normal,1
sub88_AB,1,30.0,36,AB_30,AB,EM,20.0,Male,Right handed,Normal,1
sub88_AB,1,31.0,41,AB_31,AB,EM,20.0,Male,Right handed,Normal,1
sub88_AB,1,32.0,31,AB_32,AB,EM,20.0,Male,Right handed,Normal,1
sub88_AB,1,33.0,57,AB_33,AB,BB,20.0,Male,Right handed,Normal,1
sub88_AB,1,34.0,32,AB_34,AB,BB,20.0,Male,Right handed,Normal,1
sub88_AB,1,35.0,42,AB_35,AB,EM,20.0,Male,Right handed,Normal,1
sub88_AB,1,36.0,19,AB_36,AB,BB,20.0,Male,Right handed,Normal,1
sub88_AB,1,38.0,20,AB_38,AB,EM,20.0,Male,Right handed,Normal,1
sub88_AB,1,39.0,44,AB_39,AB,BB,20.0,Male,Right handed,Normal,1
sub88_AB,1,40.0,49,AB_40,AB,EM,20.0,Male,Right handed,Normal,1
sub89_AB,1,1.0,17,AB_1,AB,EM,20.0,Female,Right handed,Normal,1
sub89_AB,0,2.0,31,AB_2,AB,BB,20.0,Female,Right handed,Normal,0
sub89_AB,1,4.0,32,AB_4,AB,EM,20.0,Female,Right handed,Normal,1
sub89_AB,1,5.0,33,AB_5,AB,EM,20.0,Female,Right handed,Normal,1
sub89_AB,1,6.0,31,AB_6,AB,BB,20.0,Female,Right handed,Normal,1
sub89_AB,1,8.0,24,AB_8,AB,BB,20.0,Female,Right handed,Normal,1
sub89_AB,1,9.0,19,AB_9,AB,EM,20.0,Female,Right handed,Normal,1
sub89_AB,1,10.0,39,AB_10,AB,BB,20.0,Female,Right handed,Normal,1
sub89_AB,1,11.0,29,AB_11,AB,EM,20.0,Female,Right handed,Normal,1
sub89_AB,0,12.0,47,AB_12,AB,EM,20.0,Female,Right handed,Normal,0
sub89_AB,1,13.0,33,AB_13,AB,BB,20.0,Female,Right handed,Normal,1
sub89_AB,1,14.0,22,AB_14,AB,BB,20.0,Female,Right handed,Normal,1
sub89_AB,1,15.0,29,AB_15,AB,BB,20.0,Female,Right handed,Normal,1
sub89_AB,0,16.0,34,AB_16,AB,EM,20.0,Female,Right handed,Normal,0
sub89_AB,0,17.0,27,AB_17,AB,BB,20.0,Female,Right handed,Normal,0
sub89_AB,1,19.0,36,AB_19,AB,BB,20.0,Female,Right handed,Normal,1
sub89_AB,1,20.0,35,AB_20,AB,EM,20.0,Female,Right handed,Normal,1
sub89_AB,1,21.0,39,AB_21,AB,BB,20.0,Female,Right handed,Normal,1
sub89_AB,1,22.0,34,AB_22,AB,EM,20.0,Female,Right handed,Normal,1
sub89_AB,1,23.0,24,AB_23,AB,EM,20.0,Female,Right handed,Normal,1
sub89_AB,1,24.0,24,AB_24,AB,BB,20.0,Female,Right handed,Normal,1
sub89_AB,1,25.0,41,AB_25,AB,BB,20.0,Female,Right handed,Normal,1
sub89_AB,0,26.0,35,AB_26,AB,EM,20.0,Female,Right handed,Normal,0
sub89_AB,1,27.0,50,AB_27,AB,BB,20.0,Female,Right handed,Normal,1
sub89_AB,0,29.0,29,AB_29,AB,BB,20.0,Female,Right handed,Normal,0
sub89_AB,1,30.0,36,AB_30,AB,EM,20.0,Female,Right handed,Normal,1
sub89_AB,1,31.0,41,AB_31,AB,EM,20.0,Female,Right handed,Normal,1
sub89_AB,1,32.0,31,AB_32,AB,EM,20.0,Female,Right handed,Normal,1
sub89_AB,1,33.0,57,AB_33,AB,BB,20.0,Female,Right handed,Normal,1
sub89_AB,1,34.0,32,AB_34,AB,BB,20.0,Female,Right handed,Normal,1
sub89_AB,1,35.0,42,AB_35,AB,EM,20.0,Female,Right handed,Normal,1
sub89_AB,1,36.0,19,AB_36,AB,BB,20.0,Female,Right handed,Normal,1
sub89_AB,1,38.0,20,AB_38,AB,EM,20.0,Female,Right handed,Normal,1
sub89_AB,1,39.0,44,AB_39,AB,BB,20.0,Female,Right handed,Normal,1
sub89_AB,0,40.0,49,AB_40,AB,EM,20.0,Female,Right handed,Normal,0
sub90_AB,1,1.0,17,AB_1,AB,EM,20.0,Female,Right handed,Corrected to normal,1
sub90_AB,1,2.0,31,AB_2,AB,BB,20.0,Female,Right handed,Corrected to normal,1
sub90_AB,0,4.0,32,AB_4,AB,EM,20.0,Female,Right handed,Corrected to normal,0
sub90_AB,1,5.0,33,AB_5,AB,EM,20.0,Female,Right handed,Corrected to normal,1
sub90_AB,1,6.0,31,AB_6,AB,BB,20.0,Female,Right handed,Corrected to normal,1
sub90_AB,1,8.0,24,AB_8,AB,BB,20.0,Female,Right handed,Corrected to normal,1
sub90_AB,1,9.0,19,AB_9,AB,EM,20.0,Female,Right handed,Corrected to normal,1
sub90_AB,1,10.0,39,AB_10,AB,BB,20.0,Female,Right handed,Corrected to normal,1
sub90_AB,1,11.0,29,AB_11,AB,EM,20.0,Female,Right handed,Corrected to normal,1
sub90_AB,1,12.0,47,AB_12,AB,EM,20.0,Female,Right handed,Corrected to normal,1
sub90_AB,1,13.0,33,AB_13,AB,BB,20.0,Female,Right handed,Corrected to normal,1
sub90_AB,1,14.0,22,AB_14,AB,BB,20.0,Female,Right handed,Corrected to normal,1
sub90_AB,1,15.0,29,AB_15,AB,BB,20.0,Female,Right handed,Corrected to normal,1
sub90_AB,1,16.0,34,AB_16,AB,EM,20.0,Female,Right handed,Corrected to normal,1
sub90_AB,1,17.0,27,AB_17,AB,BB,20.0,Female,Right handed,Corrected to normal,1
sub90_AB,1,19.0,36,AB_19,AB,BB,20.0,Female,Right handed,Corrected to normal,1
sub90_AB,1,20.0,35,AB_20,AB,EM,20.0,Female,Right handed,Corrected to normal,1
sub90_AB,1,21.0,39,AB_21,AB,BB,20.0,Female,Right handed,Corrected to normal,1
sub90_AB,1,22.0,34,AB_22,AB,EM,20.0,Female,Right handed,Corrected to normal,1
sub90_AB,1,23.0,24,AB_23,AB,EM,20.0,Female,Right handed,Corrected to normal,1
sub90_AB,1,24.0,24,AB_24,AB,BB,20.0,Female,Right handed,Corrected to normal,1
sub90_AB,1,25.0,41,AB_25,AB,BB,20.0,Female,Right handed,Corrected to normal,1
sub90_AB,1,26.0,35,AB_26,AB,EM,20.0,Female,Right handed,Corrected to normal,1
sub90_AB,1,27.0,50,AB_27,AB,BB,20.0,Female,Right handed,Corrected to normal,1
sub90_AB,1,29.0,29,AB_29,AB,BB,20.0,Female,Right handed,Corrected to normal,1
sub90_AB,1,30.0,36,AB_30,AB,EM,20.0,Female,Right handed,Corrected to normal,1
sub90_AB,1,31.0,41,AB_31,AB,EM,20.0,Female,Right handed,Corrected to normal,1
sub90_AB,1,32.0,31,AB_32,AB,EM,20.0,Female,Right handed,Corrected to normal,1
sub90_AB,1,33.0,57,AB_33,AB,BB,20.0,Female,Right handed,Corrected to normal,1
sub90_AB,1,34.0,32,AB_34,AB,BB,20.0,Female,Right handed,Corrected to normal,1
sub90_AB,1,35.0,42,AB_35,AB,EM,20.0,Female,Right handed,Corrected to normal,1
sub90_AB,1,36.0,19,AB_36,AB,BB,20.0,Female,Right handed,Corrected to normal,1
sub90_AB,1,38.0,20,AB_38,AB,EM,20.0,Female,Right handed,Corrected to normal,1
sub90_AB,1,39.0,44,AB_39,AB,BB,20.0,Female,Right handed,Corrected to normal,1
sub90_AB,1,40.0,49,AB_40,AB,EM,20.0,Female,Right handed,Corrected to normal,1
sub91_AB,1,1.0,17,AB_1,AB,EM,22.0,Female,Right handed,Corrected to normal,1
sub91_AB,1,2.0,31,AB_2,AB,BB,22.0,Female,Right handed,Corrected to normal,1
sub91_AB,1,4.0,32,AB_4,AB,EM,22.0,Female,Right handed,Corrected to normal,1
sub91_AB,1,5.0,33,AB_5,AB,EM,22.0,Female,Right handed,Corrected to normal,1
sub91_AB,1,6.0,31,AB_6,AB,BB,22.0,Female,Right handed,Corrected to normal,1
sub91_AB,1,8.0,24,AB_8,AB,BB,22.0,Female,Right handed,Corrected to normal,1
sub91_AB,1,9.0,19,AB_9,AB,EM,22.0,Female,Right handed,Corrected to normal,1
sub91_AB,1,10.0,39,AB_10,AB,BB,22.0,Female,Right handed,Corrected to normal,1
sub91_AB,1,11.0,29,AB_11,AB,EM,22.0,Female,Right handed,Corrected to normal,1
sub91_AB,1,12.0,47,AB_12,AB,EM,22.0,Female,Right handed,Corrected to normal,1
sub91_AB,1,13.0,33,AB_13,AB,BB,22.0,Female,Right handed,Corrected to normal,1
sub91_AB,1,14.0,22,AB_14,AB,BB,22.0,Female,Right handed,Corrected to normal,1
sub91_AB,1,15.0,29,AB_15,AB,BB,22.0,Female,Right handed,Corrected to normal,1
sub91_AB,0,16.0,34,AB_16,AB,EM,22.0,Female,Right handed,Corrected to normal,0
sub91_AB,1,17.0,27,AB_17,AB,BB,22.0,Female,Right handed,Corrected to normal,1
sub91_AB,1,19.0,36,AB_19,AB,BB,22.0,Female,Right handed,Corrected to normal,1
sub91_AB,1,20.0,35,AB_20,AB,EM,22.0,Female,Right handed,Corrected to normal,1
sub91_AB,1,21.0,39,AB_21,AB,BB,22.0,Female,Right handed,Corrected to normal,1
sub91_AB,1,22.0,34,AB_22,AB,EM,22.0,Female,Right handed,Corrected to normal,1
sub91_AB,1,23.0,24,AB_23,AB,EM,22.0,Female,Right handed,Corrected to normal,1
sub91_AB,1,24.0,24,AB_24,AB,BB,22.0,Female,Right handed,Corrected to normal,1
sub91_AB,1,25.0,41,AB_25,AB,BB,22.0,Female,Right handed,Corrected to normal,1
sub91_AB,1,26.0,35,AB_26,AB,EM,22.0,Female,Right handed,Corrected to normal,1
sub91_AB,1,27.0,50,AB_27,AB,BB,22.0,Female,Right handed,Corrected to normal,1
sub91_AB,1,29.0,29,AB_29,AB,BB,22.0,Female,Right handed,Corrected to normal,1
sub91_AB,1,30.0,36,AB_30,AB,EM,22.0,Female,Right handed,Corrected to normal,1
sub91_AB,1,31.0,41,AB_31,AB,EM,22.0,Female,Right handed,Corrected to normal,1
sub91_AB,1,32.0,31,AB_32,AB,EM,22.0,Female,Right handed,Corrected to normal,1
sub91_AB,1,33.0,57,AB_33,AB,BB,22.0,Female,Right handed,Corrected to normal,1
sub91_AB,1,34.0,32,AB_34,AB,BB,22.0,Female,Right handed,Corrected to normal,1
sub91_AB,1,35.0,42,AB_35,AB,EM,22.0,Female,Right handed,Corrected to normal,1
sub91_AB,1,36.0,19,AB_36,AB,BB,22.0,Female,Right handed,Corrected to normal,1
sub91_AB,1,38.0,20,AB_38,AB,EM,22.0,Female,Right handed,Corrected to normal,1
sub91_AB,1,39.0,44,AB_39,AB,BB,22.0,Female,Right handed,Corrected to normal,1
sub91_AB,1,40.0,49,AB_40,AB,EM,22.0,Female,Right handed,Corrected to normal,1
sub92_AB,1,1.0,17,AB_1,AB,EM,26.0,Male,Right handed,Corrected to normal,1
sub92_AB,1,2.0,31,AB_2,AB,BB,26.0,Male,Right handed,Corrected to normal,1
sub92_AB,0,4.0,32,AB_4,AB,EM,26.0,Male,Right handed,Corrected to normal,0
sub92_AB,0,5.0,33,AB_5,AB,EM,26.0,Male,Right handed,Corrected to normal,0
sub92_AB,1,6.0,31,AB_6,AB,BB,26.0,Male,Right handed,Corrected to normal,1
sub92_AB,1,8.0,24,AB_8,AB,BB,26.0,Male,Right handed,Corrected to normal,1
sub92_AB,1,9.0,19,AB_9,AB,EM,26.0,Male,Right handed,Corrected to normal,1
sub92_AB,1,10.0,39,AB_10,AB,BB,26.0,Male,Right handed,Corrected to normal,1
sub92_AB,1,11.0,29,AB_11,AB,EM,26.0,Male,Right handed,Corrected to normal,1
sub92_AB,1,12.0,47,AB_12,AB,EM,26.0,Male,Right handed,Corrected to normal,1
sub92_AB,1,13.0,33,AB_13,AB,BB,26.0,Male,Right handed,Corrected to normal,1
sub92_AB,1,14.0,22,AB_14,AB,BB,26.0,Male,Right handed,Corrected to normal,1
sub92_AB,1,15.0,29,AB_15,AB,BB,26.0,Male,Right handed,Corrected to normal,1
sub92_AB,0,16.0,34,AB_16,AB,EM,26.0,Male,Right handed,Corrected to normal,0
sub92_AB,1,17.0,27,AB_17,AB,BB,26.0,Male,Right handed,Corrected to normal,1
sub92_AB,1,19.0,36,AB_19,AB,BB,26.0,Male,Right handed,Corrected to normal,1
sub92_AB,1,20.0,35,AB_20,AB,EM,26.0,Male,Right handed,Corrected to normal,1
sub92_AB,1,21.0,39,AB_21,AB,BB,26.0,Male,Right handed,Corrected to normal,1
sub92_AB,1,22.0,34,AB_22,AB,EM,26.0,Male,Right handed,Corrected to normal,1
sub92_AB,1,23.0,24,AB_23,AB,EM,26.0,Male,Right handed,Corrected to normal,1
sub92_AB,1,24.0,24,AB_24,AB,BB,26.0,Male,Right handed,Corrected to normal,1
sub92_AB,1,25.0,41,AB_25,AB,BB,26.0,Male,Right handed,Corrected to normal,1
sub92_AB,1,26.0,35,AB_26,AB,EM,26.0,Male,Right handed,Corrected to normal,1
sub92_AB,1,27.0,50,AB_27,AB,BB,26.0,Male,Right handed,Corrected to normal,1
sub92_AB,1,29.0,29,AB_29,AB,BB,26.0,Male,Right handed,Corrected to normal,1
sub92_AB,1,30.0,36,AB_30,AB,EM,26.0,Male,Right handed,Corrected to normal,1
sub92_AB,1,31.0,41,AB_31,AB,EM,26.0,Male,Right handed,Corrected to normal,1
sub92_AB,1,32.0,31,AB_32,AB,EM,26.0,Male,Right handed,Corrected to normal,1
sub92_AB,1,33.0,57,AB_33,AB,BB,26.0,Male,Right handed,Corrected to normal,1
sub92_AB,1,34.0,32,AB_34,AB,BB,26.0,Male,Right handed,Corrected to normal,1
sub92_AB,1,35.0,42,AB_35,AB,EM,26.0,Male,Right handed,Corrected to normal,1
sub92_AB,1,36.0,19,AB_36,AB,BB,26.0,Male,Right handed,Corrected to normal,1
sub92_AB,1,38.0,20,AB_38,AB,EM,26.0,Male,Right handed,Corrected to normal,1
sub92_AB,1,39.0,44,AB_39,AB,BB,26.0,Male,Right handed,Corrected to normal,1
sub92_AB,0,40.0,49,AB_40,AB,EM,26.0,Male,Right handed,Corrected to normal,0
sub93_AB,1,1.0,17,AB_1,AB,EM,22.0,Female,Right handed,Normal,1
sub93_AB,1,2.0,31,AB_2,AB,BB,22.0,Female,Right handed,Normal,1
sub93_AB,1,4.0,32,AB_4,AB,EM,22.0,Female,Right handed,Normal,1
sub93_AB,1,5.0,33,AB_5,AB,EM,22.0,Female,Right handed,Normal,1
sub93_AB,1,6.0,31,AB_6,AB,BB,22.0,Female,Right handed,Normal,1
sub93_AB,1,8.0,24,AB_8,AB,BB,22.0,Female,Right handed,Normal,1
sub93_AB,1,9.0,19,AB_9,AB,EM,22.0,Female,Right handed,Normal,1
sub93_AB,1,10.0,39,AB_10,AB,BB,22.0,Female,Right handed,Normal,1
sub93_AB,1,11.0,29,AB_11,AB,EM,22.0,Female,Right handed,Normal,1
sub93_AB,1,12.0,47,AB_12,AB,EM,22.0,Female,Right handed,Normal,1
sub93_AB,1,13.0,33,AB_13,AB,BB,22.0,Female,Right handed,Normal,1
sub93_AB,1,14.0,22,AB_14,AB,BB,22.0,Female,Right handed,Normal,1
sub93_AB,1,15.0,29,AB_15,AB,BB,22.0,Female,Right handed,Normal,1
sub93_AB,0,16.0,34,AB_16,AB,EM,22.0,Female,Right handed,Normal,0
sub93_AB,1,17.0,27,AB_17,AB,BB,22.0,Female,Right handed,Normal,1
sub93_AB,1,19.0,36,AB_19,AB,BB,22.0,Female,Right handed,Normal,1
sub93_AB,1,20.0,35,AB_20,AB,EM,22.0,Female,Right handed,Normal,1
sub93_AB,1,21.0,39,AB_21,AB,BB,22.0,Female,Right handed,Normal,1
sub93_AB,1,22.0,34,AB_22,AB,EM,22.0,Female,Right handed,Normal,1
sub93_AB,1,23.0,24,AB_23,AB,EM,22.0,Female,Right handed,Normal,1
sub93_AB,1,24.0,24,AB_24,AB,BB,22.0,Female,Right handed,Normal,1
sub93_AB,1,25.0,41,AB_25,AB,BB,22.0,Female,Right handed,Normal,1
sub93_AB,1,26.0,35,AB_26,AB,EM,22.0,Female,Right handed,Normal,1
sub93_AB,1,27.0,50,AB_27,AB,BB,22.0,Female,Right handed,Normal,1
sub93_AB,0,29.0,29,AB_29,AB,BB,22.0,Female,Right handed,Normal,0
sub93_AB,1,30.0,36,AB_30,AB,EM,22.0,Female,Right handed,Normal,1
sub93_AB,1,31.0,41,AB_31,AB,EM,22.0,Female,Right handed,Normal,1
sub93_AB,1,32.0,31,AB_32,AB,EM,22.0,Female,Right handed,Normal,1
sub93_AB,1,33.0,57,AB_33,AB,BB,22.0,Female,Right handed,Normal,1
sub93_AB,1,34.0,32,AB_34,AB,BB,22.0,Female,Right handed,Normal,1
sub93_AB,1,35.0,42,AB_35,AB,EM,22.0,Female,Right handed,Normal,1
sub93_AB,1,36.0,19,AB_36,AB,BB,22.0,Female,Right handed,Normal,1
sub93_AB,0,38.0,20,AB_38,AB,EM,22.0,Female,Right handed,Normal,0
sub93_AB,1,39.0,44,AB_39,AB,BB,22.0,Female,Right handed,Normal,1
sub93_AB,1,40.0,49,AB_40,AB,EM,22.0,Female,Right handed,Normal,1
sub94_AB,1,1.0,17,AB_1,AB,EM,22.0,Male,Right handed,Normal,1
sub94_AB,0,2.0,31,AB_2,AB,BB,22.0,Male,Right handed,Normal,0
sub94_AB,0,4.0,32,AB_4,AB,EM,22.0,Male,Right handed,Normal,0
sub94_AB,1,5.0,33,AB_5,AB,EM,22.0,Male,Right handed,Normal,1
sub94_AB,1,6.0,31,AB_6,AB,BB,22.0,Male,Right handed,Normal,1
sub94_AB,0,8.0,24,AB_8,AB,BB,22.0,Male,Right handed,Normal,0
sub94_AB,1,9.0,19,AB_9,AB,EM,22.0,Male,Right handed,Normal,1
sub94_AB,1,10.0,39,AB_10,AB,BB,22.0,Male,Right handed,Normal,1
sub94_AB,1,11.0,29,AB_11,AB,EM,22.0,Male,Right handed,Normal,1
sub94_AB,1,12.0,47,AB_12,AB,EM,22.0,Male,Right handed,Normal,1
sub94_AB,1,13.0,33,AB_13,AB,BB,22.0,Male,Right handed,Normal,1
sub94_AB,1,14.0,22,AB_14,AB,BB,22.0,Male,Right handed,Normal,1
sub94_AB,1,15.0,29,AB_15,AB,BB,22.0,Male,Right handed,Normal,1
sub94_AB,0,16.0,34,AB_16,AB,EM,22.0,Male,Right handed,Normal,0
sub94_AB,1,17.0,27,AB_17,AB,BB,22.0,Male,Right handed,Normal,1
sub94_AB,0,19.0,36,AB_19,AB,BB,22.0,Male,Right handed,Normal,0
sub94_AB,0,20.0,35,AB_20,AB,EM,22.0,Male,Right handed,Normal,0
sub94_AB,0,21.0,39,AB_21,AB,BB,22.0,Male,Right handed,Normal,0
sub94_AB,1,22.0,34,AB_22,AB,EM,22.0,Male,Right handed,Normal,1
sub94_AB,1,23.0,24,AB_23,AB,EM,22.0,Male,Right handed,Normal,1
sub94_AB,0,24.0,24,AB_24,AB,BB,22.0,Male,Right handed,Normal,0
sub94_AB,1,25.0,41,AB_25,AB,BB,22.0,Male,Right handed,Normal,1
sub94_AB,1,26.0,35,AB_26,AB,EM,22.0,Male,Right handed,Normal,1
sub94_AB,0,27.0,50,AB_27,AB,BB,22.0,Male,Right handed,Normal,0
sub94_AB,0,29.0,29,AB_29,AB,BB,22.0,Male,Right handed,Normal,0
sub94_AB,1,30.0,36,AB_30,AB,EM,22.0,Male,Right handed,Normal,1
sub94_AB,1,31.0,41,AB_31,AB,EM,22.0,Male,Right handed,Normal,1
sub94_AB,1,32.0,31,AB_32,AB,EM,22.0,Male,Right handed,Normal,1
sub94_AB,0,33.0,57,AB_33,AB,BB,22.0,Male,Right handed,Normal,0
sub94_AB,1,34.0,32,AB_34,AB,BB,22.0,Male,Right handed,Normal,1
sub94_AB,1,35.0,42,AB_35,AB,EM,22.0,Male,Right handed,Normal,1
sub94_AB,1,36.0,19,AB_36,AB,BB,22.0,Male,Right handed,Normal,1
sub94_AB,1,38.0,20,AB_38,AB,EM,22.0,Male,Right handed,Normal,1
sub94_AB,0,39.0,44,AB_39,AB,BB,22.0,Male,Right handed,Normal,0
sub94_AB,1,40.0,49,AB_40,AB,EM,22.0,Male,Right handed,Normal,1
sub95_AB,1,1.0,17,AB_1,AB,EM,23.0,Male,Right handed,Corrected to normal,1
sub95_AB,1,2.0,31,AB_2,AB,BB,23.0,Male,Right handed,Corrected to normal,1
sub95_AB,0,4.0,32,AB_4,AB,EM,23.0,Male,Right handed,Corrected to normal,0
sub95_AB,1,5.0,33,AB_5,AB,EM,23.0,Male,Right handed,Corrected to normal,1
sub95_AB,1,6.0,31,AB_6,AB,BB,23.0,Male,Right handed,Corrected to normal,1
sub95_AB,1,8.0,24,AB_8,AB,BB,23.0,Male,Right handed,Corrected to normal,1
sub95_AB,1,9.0,19,AB_9,AB,EM,23.0,Male,Right handed,Corrected to normal,1
sub95_AB,1,10.0,39,AB_10,AB,BB,23.0,Male,Right handed,Corrected to normal,1
sub95_AB,1,11.0,29,AB_11,AB,EM,23.0,Male,Right handed,Corrected to normal,1
sub95_AB,1,12.0,47,AB_12,AB,EM,23.0,Male,Right handed,Corrected to normal,1
sub95_AB,0,13.0,33,AB_13,AB,BB,23.0,Male,Right handed,Corrected to normal,0
sub95_AB,1,14.0,22,AB_14,AB,BB,23.0,Male,Right handed,Corrected to normal,1
sub95_AB,1,15.0,29,AB_15,AB,BB,23.0,Male,Right handed,Corrected to normal,1
sub95_AB,0,16.0,34,AB_16,AB,EM,23.0,Male,Right handed,Corrected to normal,0
sub95_AB,1,17.0,27,AB_17,AB,BB,23.0,Male,Right handed,Corrected to normal,1
sub95_AB,0,19.0,36,AB_19,AB,BB,23.0,Male,Right handed,Corrected to normal,0
sub95_AB,1,20.0,35,AB_20,AB,EM,23.0,Male,Right handed,Corrected to normal,1
sub95_AB,1,21.0,39,AB_21,AB,BB,23.0,Male,Right handed,Corrected to normal,1
sub95_AB,1,22.0,34,AB_22,AB,EM,23.0,Male,Right handed,Corrected to normal,1
sub95_AB,1,23.0,24,AB_23,AB,EM,23.0,Male,Right handed,Corrected to normal,1
sub95_AB,1,24.0,24,AB_24,AB,BB,23.0,Male,Right handed,Corrected to normal,1
sub95_AB,1,25.0,41,AB_25,AB,BB,23.0,Male,Right handed,Corrected to normal,1
sub95_AB,1,26.0,35,AB_26,AB,EM,23.0,Male,Right handed,Corrected to normal,1
sub95_AB,1,27.0,50,AB_27,AB,BB,23.0,Male,Right handed,Corrected to normal,1
sub95_AB,1,29.0,29,AB_29,AB,BB,23.0,Male,Right handed,Corrected to normal,1
sub95_AB,1,30.0,36,AB_30,AB,EM,23.0,Male,Right handed,Corrected to normal,1
sub95_AB,1,31.0,41,AB_31,AB,EM,23.0,Male,Right handed,Corrected to normal,1
sub95_AB,1,32.0,31,AB_32,AB,EM,23.0,Male,Right handed,Corrected to normal,1
sub95_AB,1,33.0,57,AB_33,AB,BB,23.0,Male,Right handed,Corrected to normal,1
sub95_AB,1,34.0,32,AB_34,AB,BB,23.0,Male,Right handed,Corrected to normal,1
sub95_AB,1,35.0,42,AB_35,AB,EM,23.0,Male,Right handed,Corrected to normal,1
sub95_AB,1,36.0,19,AB_36,AB,BB,23.0,Male,Right handed,Corrected to normal,1
sub95_AB,1,38.0,20,AB_38,AB,EM,23.0,Male,Right handed,Corrected to normal,1
sub95_AB,1,39.0,44,AB_39,AB,BB,23.0,Male,Right handed,Corrected to normal,1
sub95_AB,0,40.0,49,AB_40,AB,EM,23.0,Male,Right handed,Corrected to normal,0
sub96_AB,1,1.0,17,AB_1,AB,EM,23.0,Male,Right handed,Corrected to normal,1
sub96_AB,1,2.0,31,AB_2,AB,BB,23.0,Male,Right handed,Corrected to normal,1
sub96_AB,0,4.0,32,AB_4,AB,EM,23.0,Male,Right handed,Corrected to normal,0
sub96_AB,0,5.0,33,AB_5,AB,EM,23.0,Male,Right handed,Corrected to normal,0
sub96_AB,1,6.0,31,AB_6,AB,BB,23.0,Male,Right handed,Corrected to normal,1
sub96_AB,1,8.0,24,AB_8,AB,BB,23.0,Male,Right handed,Corrected to normal,1
sub96_AB,1,9.0,19,AB_9,AB,EM,23.0,Male,Right handed,Corrected to normal,1
sub96_AB,0,10.0,39,AB_10,AB,BB,23.0,Male,Right handed,Corrected to normal,0
sub96_AB,1,11.0,29,AB_11,AB,EM,23.0,Male,Right handed,Corrected to normal,1
sub96_AB,1,12.0,47,AB_12,AB,EM,23.0,Male,Right handed,Corrected to normal,1
sub96_AB,1,13.0,33,AB_13,AB,BB,23.0,Male,Right handed,Corrected to normal,1
sub96_AB,1,14.0,22,AB_14,AB,BB,23.0,Male,Right handed,Corrected to normal,1
sub96_AB,1,15.0,29,AB_15,AB,BB,23.0,Male,Right handed,Corrected to normal,1
sub96_AB,0,16.0,34,AB_16,AB,EM,23.0,Male,Right handed,Corrected to normal,0
sub96_AB,1,17.0,27,AB_17,AB,BB,23.0,Male,Right handed,Corrected to normal,1
sub96_AB,1,19.0,36,AB_19,AB,BB,23.0,Male,Right handed,Corrected to normal,1
sub96_AB,1,20.0,35,AB_20,AB,EM,23.0,Male,Right handed,Corrected to normal,1
sub96_AB,1,21.0,39,AB_21,AB,BB,23.0,Male,Right handed,Corrected to normal,1
sub96_AB,1,22.0,34,AB_22,AB,EM,23.0,Male,Right handed,Corrected to normal,1
sub96_AB,1,23.0,24,AB_23,AB,EM,23.0,Male,Right handed,Corrected to normal,1
sub96_AB,1,24.0,24,AB_24,AB,BB,23.0,Male,Right handed,Corrected to normal,1
sub96_AB,1,25.0,41,AB_25,AB,BB,23.0,Male,Right handed,Corrected to normal,1
sub96_AB,1,26.0,35,AB_26,AB,EM,23.0,Male,Right handed,Corrected to normal,1
sub96_AB,1,27.0,50,AB_27,AB,BB,23.0,Male,Right handed,Corrected to normal,1
sub96_AB,1,29.0,29,AB_29,AB,BB,23.0,Male,Right handed,Corrected to normal,1
sub96_AB,1,30.0,36,AB_30,AB,EM,23.0,Male,Right handed,Corrected to normal,1
sub96_AB,1,31.0,41,AB_31,AB,EM,23.0,Male,Right handed,Corrected to normal,1
sub96_AB,1,32.0,31,AB_32,AB,EM,23.0,Male,Right handed,Corrected to normal,1
sub96_AB,1,33.0,57,AB_33,AB,BB,23.0,Male,Right handed,Corrected to normal,1
sub96_AB,0,34.0,32,AB_34,AB,BB,23.0,Male,Right handed,Corrected to normal,0
sub96_AB,1,35.0,42,AB_35,AB,EM,23.0,Male,Right handed,Corrected to normal,1
sub96_AB,1,36.0,19,AB_36,AB,BB,23.0,Male,Right handed,Corrected to normal,1
sub96_AB,0,38.0,20,AB_38,AB,EM,23.0,Male,Right handed,Corrected to normal,0
sub96_AB,0,39.0,44,AB_39,AB,BB,23.0,Male,Right handed,Corrected to normal,0
sub96_AB,0,40.0,49,AB_40,AB,EM,23.0,Male,Right handed,Corrected to normal,0
sub97_AB,1,1.0,17,AB_1,AB,EM,21.0,Male,Right handed,Normal,1
sub97_AB,1,2.0,31,AB_2,AB,BB,21.0,Male,Right handed,Normal,1
sub97_AB,0,4.0,32,AB_4,AB,EM,21.0,Male,Right handed,Normal,0
sub97_AB,1,5.0,33,AB_5,AB,EM,21.0,Male,Right handed,Normal,1
sub97_AB,1,6.0,31,AB_6,AB,BB,21.0,Male,Right handed,Normal,1
sub97_AB,1,8.0,24,AB_8,AB,BB,21.0,Male,Right handed,Normal,1
sub97_AB,1,9.0,19,AB_9,AB,EM,21.0,Male,Right handed,Normal,1
sub97_AB,1,10.0,39,AB_10,AB,BB,21.0,Male,Right handed,Normal,1
sub97_AB,1,11.0,29,AB_11,AB,EM,21.0,Male,Right handed,Normal,1
sub97_AB,1,12.0,47,AB_12,AB,EM,21.0,Male,Right handed,Normal,1
sub97_AB,0,13.0,33,AB_13,AB,BB,21.0,Male,Right handed,Normal,0
sub97_AB,1,14.0,22,AB_14,AB,BB,21.0,Male,Right handed,Normal,1
sub97_AB,1,15.0,29,AB_15,AB,BB,21.0,Male,Right handed,Normal,1
sub97_AB,0,16.0,34,AB_16,AB,EM,21.0,Male,Right handed,Normal,0
sub97_AB,1,17.0,27,AB_17,AB,BB,21.0,Male,Right handed,Normal,1
sub97_AB,0,19.0,36,AB_19,AB,BB,21.0,Male,Right handed,Normal,0
sub97_AB,1,20.0,35,AB_20,AB,EM,21.0,Male,Right handed,Normal,1
sub97_AB,1,21.0,39,AB_21,AB,BB,21.0,Male,Right handed,Normal,1
sub97_AB,1,22.0,34,AB_22,AB,EM,21.0,Male,Right handed,Normal,1
sub97_AB,1,23.0,24,AB_23,AB,EM,21.0,Male,Right handed,Normal,1
sub97_AB,1,24.0,24,AB_24,AB,BB,21.0,Male,Right handed,Normal,1
sub97_AB,1,25.0,41,AB_25,AB,BB,21.0,Male,Right handed,Normal,1
sub97_AB,1,26.0,35,AB_26,AB,EM,21.0,Male,Right handed,Normal,1
sub97_AB,1,27.0,50,AB_27,AB,BB,21.0,Male,Right handed,Normal,1
sub97_AB,1,29.0,29,AB_29,AB,BB,21.0,Male,Right handed,Normal,1
sub97_AB,1,30.0,36,AB_30,AB,EM,21.0,Male,Right handed,Normal,1
sub97_AB,1,31.0,41,AB_31,AB,EM,21.0,Male,Right handed,Normal,1
sub97_AB,1,32.0,31,AB_32,AB,EM,21.0,Male,Right handed,Normal,1
sub97_AB,1,33.0,57,AB_33,AB,BB,21.0,Male,Right handed,Normal,1
sub97_AB,1,34.0,32,AB_34,AB,BB,21.0,Male,Right handed,Normal,1
sub97_AB,1,35.0,42,AB_35,AB,EM,21.0,Male,Right handed,Normal,1
sub97_AB,1,36.0,19,AB_36,AB,BB,21.0,Male,Right handed,Normal,1
sub97_AB,1,38.0,20,AB_38,AB,EM,21.0,Male,Right handed,Normal,1
sub97_AB,0,39.0,44,AB_39,AB,BB,21.0,Male,Right handed,Normal,0
sub97_AB,1,40.0,49,AB_40,AB,EM,21.0,Male,Right handed,Normal,1
sub98_AB,1,1.0,17,AB_1,AB,EM,26.0,Male,Right handed,Normal,1
sub98_AB,0,2.0,31,AB_2,AB,BB,26.0,Male,Right handed,Normal,0
sub98_AB,0,4.0,32,AB_4,AB,EM,26.0,Male,Right handed,Normal,0
sub98_AB,1,5.0,33,AB_5,AB,EM,26.0,Male,Right handed,Normal,1
sub98_AB,0,6.0,31,AB_6,AB,BB,26.0,Male,Right handed,Normal,0
sub98_AB,1,8.0,24,AB_8,AB,BB,26.0,Male,Right handed,Normal,1
sub98_AB,0,9.0,19,AB_9,AB,EM,26.0,Male,Right handed,Normal,0
sub98_AB,1,10.0,39,AB_10,AB,BB,26.0,Male,Right handed,Normal,1
sub98_AB,1,11.0,29,AB_11,AB,EM,26.0,Male,Right handed,Normal,1
sub98_AB,1,12.0,47,AB_12,AB,EM,26.0,Male,Right handed,Normal,1
sub98_AB,1,13.0,33,AB_13,AB,BB,26.0,Male,Right handed,Normal,1
sub98_AB,1,14.0,22,AB_14,AB,BB,26.0,Male,Right handed,Normal,1
sub98_AB,0,15.0,29,AB_15,AB,BB,26.0,Male,Right handed,Normal,0
sub98_AB,1,16.0,34,AB_16,AB,EM,26.0,Male,Right handed,Normal,1
sub98_AB,1,17.0,27,AB_17,AB,BB,26.0,Male,Right handed,Normal,1
sub98_AB,1,19.0,36,AB_19,AB,BB,26.0,Male,Right handed,Normal,1
sub98_AB,1,20.0,35,AB_20,AB,EM,26.0,Male,Right handed,Normal,1
sub98_AB,1,21.0,39,AB_21,AB,BB,26.0,Male,Right handed,Normal,1
sub98_AB,1,22.0,34,AB_22,AB,EM,26.0,Male,Right handed,Normal,1
sub98_AB,1,23.0,24,AB_23,AB,EM,26.0,Male,Right handed,Normal,1
sub98_AB,1,24.0,24,AB_24,AB,BB,26.0,Male,Right handed,Normal,1
sub98_AB,0,25.0,41,AB_25,AB,BB,26.0,Male,Right handed,Normal,0
sub98_AB,1,26.0,35,AB_26,AB,EM,26.0,Male,Right handed,Normal,1
sub98_AB,1,27.0,50,AB_27,AB,BB,26.0,Male,Right handed,Normal,1
sub98_AB,1,29.0,29,AB_29,AB,BB,26.0,Male,Right handed,Normal,1
sub98_AB,1,30.0,36,AB_30,AB,EM,26.0,Male,Right handed,Normal,1
sub98_AB,1,31.0,41,AB_31,AB,EM,26.0,Male,Right handed,Normal,1
sub98_AB,1,32.0,31,AB_32,AB,EM,26.0,Male,Right handed,Normal,1
sub98_AB,1,33.0,57,AB_33,AB,BB,26.0,Male,Right handed,Normal,1
sub98_AB,1,34.0,32,AB_34,AB,BB,26.0,Male,Right handed,Normal,1
sub98_AB,1,35.0,42,AB_35,AB,EM,26.0,Male,Right handed,Normal,1
sub98_AB,0,36.0,19,AB_36,AB,BB,26.0,Male,Right handed,Normal,0
sub98_AB,0,38.0,20,AB_38,AB,EM,26.0,Male,Right handed,Normal,0
sub98_AB,1,39.0,44,AB_39,AB,BB,26.0,Male,Right handed,Normal,1
sub98_AB,1,40.0,49,AB_40,AB,EM,26.0,Male,Right handed,Normal,1
sub99_AB,1,1.0,17,AB_1,AB,EM,23.0,Male,Right handed,Normal,1
sub99_AB,1,2.0,31,AB_2,AB,BB,23.0,Male,Right handed,Normal,1
sub99_AB,0,4.0,32,AB_4,AB,EM,23.0,Male,Right handed,Normal,0
sub99_AB,1,5.0,33,AB_5,AB,EM,23.0,Male,Right handed,Normal,1
sub99_AB,1,6.0,31,AB_6,AB,BB,23.0,Male,Right handed,Normal,1
sub99_AB,1,8.0,24,AB_8,AB,BB,23.0,Male,Right handed,Normal,1
sub99_AB,1,9.0,19,AB_9,AB,EM,23.0,Male,Right handed,Normal,1
sub99_AB,0,10.0,39,AB_10,AB,BB,23.0,Male,Right handed,Normal,0
sub99_AB,1,11.0,29,AB_11,AB,EM,23.0,Male,Right handed,Normal,1
sub99_AB,1,12.0,47,AB_12,AB,EM,23.0,Male,Right handed,Normal,1
sub99_AB,0,13.0,33,AB_13,AB,BB,23.0,Male,Right handed,Normal,0
sub99_AB,1,14.0,22,AB_14,AB,BB,23.0,Male,Right handed,Normal,1
sub99_AB,1,15.0,29,AB_15,AB,BB,23.0,Male,Right handed,Normal,1
sub99_AB,1,16.0,34,AB_16,AB,EM,23.0,Male,Right handed,Normal,1
sub99_AB,0,17.0,27,AB_17,AB,BB,23.0,Male,Right handed,Normal,0
sub99_AB,1,19.0,36,AB_19,AB,BB,23.0,Male,Right handed,Normal,1
sub99_AB,1,20.0,35,AB_20,AB,EM,23.0,Male,Right handed,Normal,1
sub99_AB,1,21.0,39,AB_21,AB,BB,23.0,Male,Right handed,Normal,1
sub99_AB,1,22.0,34,AB_22,AB,EM,23.0,Male,Right handed,Normal,1
sub99_AB,1,23.0,24,AB_23,AB,EM,23.0,Male,Right handed,Normal,1
sub99_AB,1,24.0,24,AB_24,AB,BB,23.0,Male,Right handed,Normal,1
sub99_AB,1,25.0,41,AB_25,AB,BB,23.0,Male,Right handed,Normal,1
sub99_AB,1,26.0,35,AB_26,AB,EM,23.0,Male,Right handed,Normal,1
sub99_AB,1,27.0,50,AB_27,AB,BB,23.0,Male,Right handed,Normal,1
sub99_AB,1,29.0,29,AB_29,AB,BB,23.0,Male,Right handed,Normal,1
sub99_AB,1,30.0,36,AB_30,AB,EM,23.0,Male,Right handed,Normal,1
sub99_AB,1,31.0,41,AB_31,AB,EM,23.0,Male,Right handed,Normal,1
sub99_AB,1,32.0,31,AB_32,AB,EM,23.0,Male,Right handed,Normal,1
sub99_AB,1,33.0,57,AB_33,AB,BB,23.0,Male,Right handed,Normal,1
sub99_AB,1,34.0,32,AB_34,AB,BB,23.0,Male,Right handed,Normal,1
sub99_AB,1,35.0,42,AB_35,AB,EM,23.0,Male,Right handed,Normal,1
sub99_AB,0,36.0,19,AB_36,AB,BB,23.0,Male,Right handed,Normal,0
sub99_AB,1,38.0,20,AB_38,AB,EM,23.0,Male,Right handed,Normal,1
sub99_AB,1,39.0,44,AB_39,AB,BB,23.0,Male,Right handed,Normal,1
sub99_AB,0,40.0,49,AB_40,AB,EM,23.0,Male,Right handed,Normal,0
